 
****************************************
Report : area
Design : top_pipe
Version: R-2020.09-SP5
Date   : Wed Sep 13 21:28:13 2023
****************************************

Library(s) Used:

    slow_vdd1v2 (File: /usr/cadtool/GPDK45/gsclib045_svt_v4.4/gsclib045/db/slow_vdd1v2_basicCells_wl.db)

Number of ports:                         8078
Number of nets:                         47225
Number of cells:                        41361
Number of combinational cells:          19206
Number of sequential cells:             19955
Number of macros/black boxes:               0
Number of buf/inv:                       2219
Number of references:                       2

Combinational area:              34136.388762
Buf/Inv area:                     3383.406075
Noncombinational area:          112212.254503
Macro/Black Box area:                0.000000
Net Interconnect area:               0.000000

Total cell area:                146348.643265
Total area:                     146348.643265

Hierarchical area distribution
------------------------------

                                  Global cell area              Local cell area
                                  --------------------  ------------------------------- 
Hierarchical cell                 Absolute     Percent  Combi-      Noncombi-    Black-
                                  Total        Total    national    national     boxes   Design
--------------------------------  -----------  -------  ----------  -----------  ------  ---------------------------------------------------
top_pipe                          146348.6433    100.0      0.0000     415.8720  0.0000  top_pipe
top0                              145932.7713     99.7     82.7640       0.0000  0.0000  top
top0/EXE_stage                      2388.8701      1.6     85.1580       0.0000  0.0000  EXE_stage
top0/EXE_stage/alu                  2303.7121      1.6   2303.7121       0.0000  0.0000  alu
top0/ID_EXE                          712.3860      0.5      8.5500     703.8360  0.0000  ID_EXE
top0/ID_stage                      77385.3677     52.9    116.6220       0.0000  0.0000  ID_stage
top0/ID_stage/controller              36.5940      0.0     36.5940       0.0000  0.0000  controller
top0/ID_stage/dcache               64669.8074     44.2  12636.5583   45001.7290  0.0000  dsram_mydesign_0
top0/ID_stage/dcache/clk_gate_data_out1_reg
                                       6.8400      0.0      1.3680       5.4720  0.0000  SNPS_CLOCK_GATE_HIGH_dsram_mydesign_0_mydesign_0
top0/ID_stage/dcache/clk_gate_data_out1_reg_0
                                       6.8400      0.0      1.3680       5.4720  0.0000  SNPS_CLOCK_GATE_HIGH_dsram_mydesign_0_mydesign_1027
top0/ID_stage/dcache/clk_gate_data_out1_reg_1
                                       6.8400      0.0      1.3680       5.4720  0.0000  SNPS_CLOCK_GATE_HIGH_dsram_mydesign_0_mydesign_1026
top0/ID_stage/dcache/clk_gate_data_out1_reg_2
                                       6.8400      0.0      1.3680       5.4720  0.0000  SNPS_CLOCK_GATE_HIGH_dsram_mydesign_0_mydesign_1025
top0/ID_stage/dcache/clk_gate_memory_reg_0_
                                       6.8400      0.0      1.3680       5.4720  0.0000  SNPS_CLOCK_GATE_HIGH_dsram_mydesign_0_mydesign_4
top0/ID_stage/dcache/clk_gate_memory_reg_0__0
                                       6.8400      0.0      1.3680       5.4720  0.0000  SNPS_CLOCK_GATE_HIGH_dsram_mydesign_0_mydesign_3
top0/ID_stage/dcache/clk_gate_memory_reg_0__1
                                       6.8400      0.0      1.3680       5.4720  0.0000  SNPS_CLOCK_GATE_HIGH_dsram_mydesign_0_mydesign_2
top0/ID_stage/dcache/clk_gate_memory_reg_0__2
                                       6.8400      0.0      1.3680       5.4720  0.0000  SNPS_CLOCK_GATE_HIGH_dsram_mydesign_0_mydesign_1
top0/ID_stage/dcache/clk_gate_memory_reg_100_
                                       6.8400      0.0      1.3680       5.4720  0.0000  SNPS_CLOCK_GATE_HIGH_dsram_mydesign_0_mydesign_404
top0/ID_stage/dcache/clk_gate_memory_reg_100__0
                                       6.8400      0.0      1.3680       5.4720  0.0000  SNPS_CLOCK_GATE_HIGH_dsram_mydesign_0_mydesign_403
top0/ID_stage/dcache/clk_gate_memory_reg_100__1
                                       6.8400      0.0      1.3680       5.4720  0.0000  SNPS_CLOCK_GATE_HIGH_dsram_mydesign_0_mydesign_402
top0/ID_stage/dcache/clk_gate_memory_reg_100__2
                                       6.8400      0.0      1.3680       5.4720  0.0000  SNPS_CLOCK_GATE_HIGH_dsram_mydesign_0_mydesign_401
top0/ID_stage/dcache/clk_gate_memory_reg_101_
                                       6.8400      0.0      1.3680       5.4720  0.0000  SNPS_CLOCK_GATE_HIGH_dsram_mydesign_0_mydesign_408
top0/ID_stage/dcache/clk_gate_memory_reg_101__0
                                       6.8400      0.0      1.3680       5.4720  0.0000  SNPS_CLOCK_GATE_HIGH_dsram_mydesign_0_mydesign_407
top0/ID_stage/dcache/clk_gate_memory_reg_101__1
                                       6.8400      0.0      1.3680       5.4720  0.0000  SNPS_CLOCK_GATE_HIGH_dsram_mydesign_0_mydesign_406
top0/ID_stage/dcache/clk_gate_memory_reg_101__2
                                       6.8400      0.0      1.3680       5.4720  0.0000  SNPS_CLOCK_GATE_HIGH_dsram_mydesign_0_mydesign_405
top0/ID_stage/dcache/clk_gate_memory_reg_102_
                                       6.8400      0.0      1.3680       5.4720  0.0000  SNPS_CLOCK_GATE_HIGH_dsram_mydesign_0_mydesign_412
top0/ID_stage/dcache/clk_gate_memory_reg_102__0
                                       6.8400      0.0      1.3680       5.4720  0.0000  SNPS_CLOCK_GATE_HIGH_dsram_mydesign_0_mydesign_411
top0/ID_stage/dcache/clk_gate_memory_reg_102__1
                                       6.8400      0.0      1.3680       5.4720  0.0000  SNPS_CLOCK_GATE_HIGH_dsram_mydesign_0_mydesign_410
top0/ID_stage/dcache/clk_gate_memory_reg_102__2
                                       6.8400      0.0      1.3680       5.4720  0.0000  SNPS_CLOCK_GATE_HIGH_dsram_mydesign_0_mydesign_409
top0/ID_stage/dcache/clk_gate_memory_reg_103_
                                       6.8400      0.0      1.3680       5.4720  0.0000  SNPS_CLOCK_GATE_HIGH_dsram_mydesign_0_mydesign_416
top0/ID_stage/dcache/clk_gate_memory_reg_103__0
                                       6.8400      0.0      1.3680       5.4720  0.0000  SNPS_CLOCK_GATE_HIGH_dsram_mydesign_0_mydesign_415
top0/ID_stage/dcache/clk_gate_memory_reg_103__1
                                       6.8400      0.0      1.3680       5.4720  0.0000  SNPS_CLOCK_GATE_HIGH_dsram_mydesign_0_mydesign_414
top0/ID_stage/dcache/clk_gate_memory_reg_103__2
                                       6.8400      0.0      1.3680       5.4720  0.0000  SNPS_CLOCK_GATE_HIGH_dsram_mydesign_0_mydesign_413
top0/ID_stage/dcache/clk_gate_memory_reg_104_
                                       6.8400      0.0      1.3680       5.4720  0.0000  SNPS_CLOCK_GATE_HIGH_dsram_mydesign_0_mydesign_420
top0/ID_stage/dcache/clk_gate_memory_reg_104__0
                                       6.8400      0.0      1.3680       5.4720  0.0000  SNPS_CLOCK_GATE_HIGH_dsram_mydesign_0_mydesign_419
top0/ID_stage/dcache/clk_gate_memory_reg_104__1
                                       6.8400      0.0      1.3680       5.4720  0.0000  SNPS_CLOCK_GATE_HIGH_dsram_mydesign_0_mydesign_418
top0/ID_stage/dcache/clk_gate_memory_reg_104__2
                                       6.8400      0.0      1.3680       5.4720  0.0000  SNPS_CLOCK_GATE_HIGH_dsram_mydesign_0_mydesign_417
top0/ID_stage/dcache/clk_gate_memory_reg_105_
                                       6.8400      0.0      1.3680       5.4720  0.0000  SNPS_CLOCK_GATE_HIGH_dsram_mydesign_0_mydesign_424
top0/ID_stage/dcache/clk_gate_memory_reg_105__0
                                       6.8400      0.0      1.3680       5.4720  0.0000  SNPS_CLOCK_GATE_HIGH_dsram_mydesign_0_mydesign_423
top0/ID_stage/dcache/clk_gate_memory_reg_105__1
                                       6.8400      0.0      1.3680       5.4720  0.0000  SNPS_CLOCK_GATE_HIGH_dsram_mydesign_0_mydesign_422
top0/ID_stage/dcache/clk_gate_memory_reg_105__2
                                       6.8400      0.0      1.3680       5.4720  0.0000  SNPS_CLOCK_GATE_HIGH_dsram_mydesign_0_mydesign_421
top0/ID_stage/dcache/clk_gate_memory_reg_106_
                                       6.8400      0.0      1.3680       5.4720  0.0000  SNPS_CLOCK_GATE_HIGH_dsram_mydesign_0_mydesign_428
top0/ID_stage/dcache/clk_gate_memory_reg_106__0
                                       6.8400      0.0      1.3680       5.4720  0.0000  SNPS_CLOCK_GATE_HIGH_dsram_mydesign_0_mydesign_427
top0/ID_stage/dcache/clk_gate_memory_reg_106__1
                                       6.8400      0.0      1.3680       5.4720  0.0000  SNPS_CLOCK_GATE_HIGH_dsram_mydesign_0_mydesign_426
top0/ID_stage/dcache/clk_gate_memory_reg_106__2
                                       6.8400      0.0      1.3680       5.4720  0.0000  SNPS_CLOCK_GATE_HIGH_dsram_mydesign_0_mydesign_425
top0/ID_stage/dcache/clk_gate_memory_reg_107_
                                       6.8400      0.0      1.3680       5.4720  0.0000  SNPS_CLOCK_GATE_HIGH_dsram_mydesign_0_mydesign_432
top0/ID_stage/dcache/clk_gate_memory_reg_107__0
                                       6.8400      0.0      1.3680       5.4720  0.0000  SNPS_CLOCK_GATE_HIGH_dsram_mydesign_0_mydesign_431
top0/ID_stage/dcache/clk_gate_memory_reg_107__1
                                       6.8400      0.0      1.3680       5.4720  0.0000  SNPS_CLOCK_GATE_HIGH_dsram_mydesign_0_mydesign_430
top0/ID_stage/dcache/clk_gate_memory_reg_107__2
                                       6.8400      0.0      1.3680       5.4720  0.0000  SNPS_CLOCK_GATE_HIGH_dsram_mydesign_0_mydesign_429
top0/ID_stage/dcache/clk_gate_memory_reg_108_
                                       6.8400      0.0      1.3680       5.4720  0.0000  SNPS_CLOCK_GATE_HIGH_dsram_mydesign_0_mydesign_436
top0/ID_stage/dcache/clk_gate_memory_reg_108__0
                                       6.8400      0.0      1.3680       5.4720  0.0000  SNPS_CLOCK_GATE_HIGH_dsram_mydesign_0_mydesign_435
top0/ID_stage/dcache/clk_gate_memory_reg_108__1
                                       6.8400      0.0      1.3680       5.4720  0.0000  SNPS_CLOCK_GATE_HIGH_dsram_mydesign_0_mydesign_434
top0/ID_stage/dcache/clk_gate_memory_reg_108__2
                                       6.8400      0.0      1.3680       5.4720  0.0000  SNPS_CLOCK_GATE_HIGH_dsram_mydesign_0_mydesign_433
top0/ID_stage/dcache/clk_gate_memory_reg_109_
                                       6.8400      0.0      1.3680       5.4720  0.0000  SNPS_CLOCK_GATE_HIGH_dsram_mydesign_0_mydesign_440
top0/ID_stage/dcache/clk_gate_memory_reg_109__0
                                       6.8400      0.0      1.3680       5.4720  0.0000  SNPS_CLOCK_GATE_HIGH_dsram_mydesign_0_mydesign_439
top0/ID_stage/dcache/clk_gate_memory_reg_109__1
                                       6.8400      0.0      1.3680       5.4720  0.0000  SNPS_CLOCK_GATE_HIGH_dsram_mydesign_0_mydesign_438
top0/ID_stage/dcache/clk_gate_memory_reg_109__2
                                       6.8400      0.0      1.3680       5.4720  0.0000  SNPS_CLOCK_GATE_HIGH_dsram_mydesign_0_mydesign_437
top0/ID_stage/dcache/clk_gate_memory_reg_10_
                                       6.8400      0.0      1.3680       5.4720  0.0000  SNPS_CLOCK_GATE_HIGH_dsram_mydesign_0_mydesign_44
top0/ID_stage/dcache/clk_gate_memory_reg_10__0
                                       6.8400      0.0      1.3680       5.4720  0.0000  SNPS_CLOCK_GATE_HIGH_dsram_mydesign_0_mydesign_43
top0/ID_stage/dcache/clk_gate_memory_reg_10__1
                                       6.8400      0.0      1.3680       5.4720  0.0000  SNPS_CLOCK_GATE_HIGH_dsram_mydesign_0_mydesign_42
top0/ID_stage/dcache/clk_gate_memory_reg_10__2
                                       6.8400      0.0      1.3680       5.4720  0.0000  SNPS_CLOCK_GATE_HIGH_dsram_mydesign_0_mydesign_41
top0/ID_stage/dcache/clk_gate_memory_reg_110_
                                       6.8400      0.0      1.3680       5.4720  0.0000  SNPS_CLOCK_GATE_HIGH_dsram_mydesign_0_mydesign_444
top0/ID_stage/dcache/clk_gate_memory_reg_110__0
                                       6.8400      0.0      1.3680       5.4720  0.0000  SNPS_CLOCK_GATE_HIGH_dsram_mydesign_0_mydesign_443
top0/ID_stage/dcache/clk_gate_memory_reg_110__1
                                       6.8400      0.0      1.3680       5.4720  0.0000  SNPS_CLOCK_GATE_HIGH_dsram_mydesign_0_mydesign_442
top0/ID_stage/dcache/clk_gate_memory_reg_110__2
                                       6.8400      0.0      1.3680       5.4720  0.0000  SNPS_CLOCK_GATE_HIGH_dsram_mydesign_0_mydesign_441
top0/ID_stage/dcache/clk_gate_memory_reg_111_
                                       6.8400      0.0      1.3680       5.4720  0.0000  SNPS_CLOCK_GATE_HIGH_dsram_mydesign_0_mydesign_448
top0/ID_stage/dcache/clk_gate_memory_reg_111__0
                                       6.8400      0.0      1.3680       5.4720  0.0000  SNPS_CLOCK_GATE_HIGH_dsram_mydesign_0_mydesign_447
top0/ID_stage/dcache/clk_gate_memory_reg_111__1
                                       6.8400      0.0      1.3680       5.4720  0.0000  SNPS_CLOCK_GATE_HIGH_dsram_mydesign_0_mydesign_446
top0/ID_stage/dcache/clk_gate_memory_reg_111__2
                                       6.8400      0.0      1.3680       5.4720  0.0000  SNPS_CLOCK_GATE_HIGH_dsram_mydesign_0_mydesign_445
top0/ID_stage/dcache/clk_gate_memory_reg_112_
                                       6.8400      0.0      1.3680       5.4720  0.0000  SNPS_CLOCK_GATE_HIGH_dsram_mydesign_0_mydesign_452
top0/ID_stage/dcache/clk_gate_memory_reg_112__0
                                       6.8400      0.0      1.3680       5.4720  0.0000  SNPS_CLOCK_GATE_HIGH_dsram_mydesign_0_mydesign_451
top0/ID_stage/dcache/clk_gate_memory_reg_112__1
                                       6.8400      0.0      1.3680       5.4720  0.0000  SNPS_CLOCK_GATE_HIGH_dsram_mydesign_0_mydesign_450
top0/ID_stage/dcache/clk_gate_memory_reg_112__2
                                       6.8400      0.0      1.3680       5.4720  0.0000  SNPS_CLOCK_GATE_HIGH_dsram_mydesign_0_mydesign_449
top0/ID_stage/dcache/clk_gate_memory_reg_113_
                                       6.8400      0.0      1.3680       5.4720  0.0000  SNPS_CLOCK_GATE_HIGH_dsram_mydesign_0_mydesign_456
top0/ID_stage/dcache/clk_gate_memory_reg_113__0
                                       6.8400      0.0      1.3680       5.4720  0.0000  SNPS_CLOCK_GATE_HIGH_dsram_mydesign_0_mydesign_455
top0/ID_stage/dcache/clk_gate_memory_reg_113__1
                                       6.8400      0.0      1.3680       5.4720  0.0000  SNPS_CLOCK_GATE_HIGH_dsram_mydesign_0_mydesign_454
top0/ID_stage/dcache/clk_gate_memory_reg_113__2
                                       6.8400      0.0      1.3680       5.4720  0.0000  SNPS_CLOCK_GATE_HIGH_dsram_mydesign_0_mydesign_453
top0/ID_stage/dcache/clk_gate_memory_reg_114_
                                       6.8400      0.0      1.3680       5.4720  0.0000  SNPS_CLOCK_GATE_HIGH_dsram_mydesign_0_mydesign_460
top0/ID_stage/dcache/clk_gate_memory_reg_114__0
                                       6.8400      0.0      1.3680       5.4720  0.0000  SNPS_CLOCK_GATE_HIGH_dsram_mydesign_0_mydesign_459
top0/ID_stage/dcache/clk_gate_memory_reg_114__1
                                       6.8400      0.0      1.3680       5.4720  0.0000  SNPS_CLOCK_GATE_HIGH_dsram_mydesign_0_mydesign_458
top0/ID_stage/dcache/clk_gate_memory_reg_114__2
                                       6.8400      0.0      1.3680       5.4720  0.0000  SNPS_CLOCK_GATE_HIGH_dsram_mydesign_0_mydesign_457
top0/ID_stage/dcache/clk_gate_memory_reg_115_
                                       6.8400      0.0      1.3680       5.4720  0.0000  SNPS_CLOCK_GATE_HIGH_dsram_mydesign_0_mydesign_464
top0/ID_stage/dcache/clk_gate_memory_reg_115__0
                                       6.8400      0.0      1.3680       5.4720  0.0000  SNPS_CLOCK_GATE_HIGH_dsram_mydesign_0_mydesign_463
top0/ID_stage/dcache/clk_gate_memory_reg_115__1
                                       6.8400      0.0      1.3680       5.4720  0.0000  SNPS_CLOCK_GATE_HIGH_dsram_mydesign_0_mydesign_462
top0/ID_stage/dcache/clk_gate_memory_reg_115__2
                                       6.8400      0.0      1.3680       5.4720  0.0000  SNPS_CLOCK_GATE_HIGH_dsram_mydesign_0_mydesign_461
top0/ID_stage/dcache/clk_gate_memory_reg_116_
                                       6.8400      0.0      1.3680       5.4720  0.0000  SNPS_CLOCK_GATE_HIGH_dsram_mydesign_0_mydesign_468
top0/ID_stage/dcache/clk_gate_memory_reg_116__0
                                       6.8400      0.0      1.3680       5.4720  0.0000  SNPS_CLOCK_GATE_HIGH_dsram_mydesign_0_mydesign_467
top0/ID_stage/dcache/clk_gate_memory_reg_116__1
                                       6.8400      0.0      1.3680       5.4720  0.0000  SNPS_CLOCK_GATE_HIGH_dsram_mydesign_0_mydesign_466
top0/ID_stage/dcache/clk_gate_memory_reg_116__2
                                       6.8400      0.0      1.3680       5.4720  0.0000  SNPS_CLOCK_GATE_HIGH_dsram_mydesign_0_mydesign_465
top0/ID_stage/dcache/clk_gate_memory_reg_117_
                                       6.8400      0.0      1.3680       5.4720  0.0000  SNPS_CLOCK_GATE_HIGH_dsram_mydesign_0_mydesign_472
top0/ID_stage/dcache/clk_gate_memory_reg_117__0
                                       6.8400      0.0      1.3680       5.4720  0.0000  SNPS_CLOCK_GATE_HIGH_dsram_mydesign_0_mydesign_471
top0/ID_stage/dcache/clk_gate_memory_reg_117__1
                                       6.8400      0.0      1.3680       5.4720  0.0000  SNPS_CLOCK_GATE_HIGH_dsram_mydesign_0_mydesign_470
top0/ID_stage/dcache/clk_gate_memory_reg_117__2
                                       6.8400      0.0      1.3680       5.4720  0.0000  SNPS_CLOCK_GATE_HIGH_dsram_mydesign_0_mydesign_469
top0/ID_stage/dcache/clk_gate_memory_reg_118_
                                       6.8400      0.0      1.3680       5.4720  0.0000  SNPS_CLOCK_GATE_HIGH_dsram_mydesign_0_mydesign_476
top0/ID_stage/dcache/clk_gate_memory_reg_118__0
                                       6.8400      0.0      1.3680       5.4720  0.0000  SNPS_CLOCK_GATE_HIGH_dsram_mydesign_0_mydesign_475
top0/ID_stage/dcache/clk_gate_memory_reg_118__1
                                       6.8400      0.0      1.3680       5.4720  0.0000  SNPS_CLOCK_GATE_HIGH_dsram_mydesign_0_mydesign_474
top0/ID_stage/dcache/clk_gate_memory_reg_118__2
                                       6.8400      0.0      1.3680       5.4720  0.0000  SNPS_CLOCK_GATE_HIGH_dsram_mydesign_0_mydesign_473
top0/ID_stage/dcache/clk_gate_memory_reg_119_
                                       6.8400      0.0      1.3680       5.4720  0.0000  SNPS_CLOCK_GATE_HIGH_dsram_mydesign_0_mydesign_480
top0/ID_stage/dcache/clk_gate_memory_reg_119__0
                                       6.8400      0.0      1.3680       5.4720  0.0000  SNPS_CLOCK_GATE_HIGH_dsram_mydesign_0_mydesign_479
top0/ID_stage/dcache/clk_gate_memory_reg_119__1
                                       6.8400      0.0      1.3680       5.4720  0.0000  SNPS_CLOCK_GATE_HIGH_dsram_mydesign_0_mydesign_478
top0/ID_stage/dcache/clk_gate_memory_reg_119__2
                                       6.8400      0.0      1.3680       5.4720  0.0000  SNPS_CLOCK_GATE_HIGH_dsram_mydesign_0_mydesign_477
top0/ID_stage/dcache/clk_gate_memory_reg_11_
                                       6.8400      0.0      1.3680       5.4720  0.0000  SNPS_CLOCK_GATE_HIGH_dsram_mydesign_0_mydesign_48
top0/ID_stage/dcache/clk_gate_memory_reg_11__0
                                       6.8400      0.0      1.3680       5.4720  0.0000  SNPS_CLOCK_GATE_HIGH_dsram_mydesign_0_mydesign_47
top0/ID_stage/dcache/clk_gate_memory_reg_11__1
                                       6.8400      0.0      1.3680       5.4720  0.0000  SNPS_CLOCK_GATE_HIGH_dsram_mydesign_0_mydesign_46
top0/ID_stage/dcache/clk_gate_memory_reg_11__2
                                       6.8400      0.0      1.3680       5.4720  0.0000  SNPS_CLOCK_GATE_HIGH_dsram_mydesign_0_mydesign_45
top0/ID_stage/dcache/clk_gate_memory_reg_120_
                                       6.8400      0.0      1.3680       5.4720  0.0000  SNPS_CLOCK_GATE_HIGH_dsram_mydesign_0_mydesign_484
top0/ID_stage/dcache/clk_gate_memory_reg_120__0
                                       6.8400      0.0      1.3680       5.4720  0.0000  SNPS_CLOCK_GATE_HIGH_dsram_mydesign_0_mydesign_483
top0/ID_stage/dcache/clk_gate_memory_reg_120__1
                                       6.8400      0.0      1.3680       5.4720  0.0000  SNPS_CLOCK_GATE_HIGH_dsram_mydesign_0_mydesign_482
top0/ID_stage/dcache/clk_gate_memory_reg_120__2
                                       6.8400      0.0      1.3680       5.4720  0.0000  SNPS_CLOCK_GATE_HIGH_dsram_mydesign_0_mydesign_481
top0/ID_stage/dcache/clk_gate_memory_reg_121_
                                       6.8400      0.0      1.3680       5.4720  0.0000  SNPS_CLOCK_GATE_HIGH_dsram_mydesign_0_mydesign_488
top0/ID_stage/dcache/clk_gate_memory_reg_121__0
                                       6.8400      0.0      1.3680       5.4720  0.0000  SNPS_CLOCK_GATE_HIGH_dsram_mydesign_0_mydesign_487
top0/ID_stage/dcache/clk_gate_memory_reg_121__1
                                       6.8400      0.0      1.3680       5.4720  0.0000  SNPS_CLOCK_GATE_HIGH_dsram_mydesign_0_mydesign_486
top0/ID_stage/dcache/clk_gate_memory_reg_121__2
                                       6.8400      0.0      1.3680       5.4720  0.0000  SNPS_CLOCK_GATE_HIGH_dsram_mydesign_0_mydesign_485
top0/ID_stage/dcache/clk_gate_memory_reg_122_
                                       6.8400      0.0      1.3680       5.4720  0.0000  SNPS_CLOCK_GATE_HIGH_dsram_mydesign_0_mydesign_492
top0/ID_stage/dcache/clk_gate_memory_reg_122__0
                                       6.8400      0.0      1.3680       5.4720  0.0000  SNPS_CLOCK_GATE_HIGH_dsram_mydesign_0_mydesign_491
top0/ID_stage/dcache/clk_gate_memory_reg_122__1
                                       6.8400      0.0      1.3680       5.4720  0.0000  SNPS_CLOCK_GATE_HIGH_dsram_mydesign_0_mydesign_490
top0/ID_stage/dcache/clk_gate_memory_reg_122__2
                                       6.8400      0.0      1.3680       5.4720  0.0000  SNPS_CLOCK_GATE_HIGH_dsram_mydesign_0_mydesign_489
top0/ID_stage/dcache/clk_gate_memory_reg_123_
                                       6.8400      0.0      1.3680       5.4720  0.0000  SNPS_CLOCK_GATE_HIGH_dsram_mydesign_0_mydesign_496
top0/ID_stage/dcache/clk_gate_memory_reg_123__0
                                       6.8400      0.0      1.3680       5.4720  0.0000  SNPS_CLOCK_GATE_HIGH_dsram_mydesign_0_mydesign_495
top0/ID_stage/dcache/clk_gate_memory_reg_123__1
                                       6.8400      0.0      1.3680       5.4720  0.0000  SNPS_CLOCK_GATE_HIGH_dsram_mydesign_0_mydesign_494
top0/ID_stage/dcache/clk_gate_memory_reg_123__2
                                       6.8400      0.0      1.3680       5.4720  0.0000  SNPS_CLOCK_GATE_HIGH_dsram_mydesign_0_mydesign_493
top0/ID_stage/dcache/clk_gate_memory_reg_124_
                                       6.8400      0.0      1.3680       5.4720  0.0000  SNPS_CLOCK_GATE_HIGH_dsram_mydesign_0_mydesign_500
top0/ID_stage/dcache/clk_gate_memory_reg_124__0
                                       6.8400      0.0      1.3680       5.4720  0.0000  SNPS_CLOCK_GATE_HIGH_dsram_mydesign_0_mydesign_499
top0/ID_stage/dcache/clk_gate_memory_reg_124__1
                                       6.8400      0.0      1.3680       5.4720  0.0000  SNPS_CLOCK_GATE_HIGH_dsram_mydesign_0_mydesign_498
top0/ID_stage/dcache/clk_gate_memory_reg_124__2
                                       6.8400      0.0      1.3680       5.4720  0.0000  SNPS_CLOCK_GATE_HIGH_dsram_mydesign_0_mydesign_497
top0/ID_stage/dcache/clk_gate_memory_reg_125_
                                       6.8400      0.0      1.3680       5.4720  0.0000  SNPS_CLOCK_GATE_HIGH_dsram_mydesign_0_mydesign_504
top0/ID_stage/dcache/clk_gate_memory_reg_125__0
                                       6.8400      0.0      1.3680       5.4720  0.0000  SNPS_CLOCK_GATE_HIGH_dsram_mydesign_0_mydesign_503
top0/ID_stage/dcache/clk_gate_memory_reg_125__1
                                       6.8400      0.0      1.3680       5.4720  0.0000  SNPS_CLOCK_GATE_HIGH_dsram_mydesign_0_mydesign_502
top0/ID_stage/dcache/clk_gate_memory_reg_125__2
                                       6.8400      0.0      1.3680       5.4720  0.0000  SNPS_CLOCK_GATE_HIGH_dsram_mydesign_0_mydesign_501
top0/ID_stage/dcache/clk_gate_memory_reg_126_
                                       6.8400      0.0      1.3680       5.4720  0.0000  SNPS_CLOCK_GATE_HIGH_dsram_mydesign_0_mydesign_508
top0/ID_stage/dcache/clk_gate_memory_reg_126__0
                                       6.8400      0.0      1.3680       5.4720  0.0000  SNPS_CLOCK_GATE_HIGH_dsram_mydesign_0_mydesign_507
top0/ID_stage/dcache/clk_gate_memory_reg_126__1
                                       6.8400      0.0      1.3680       5.4720  0.0000  SNPS_CLOCK_GATE_HIGH_dsram_mydesign_0_mydesign_506
top0/ID_stage/dcache/clk_gate_memory_reg_126__2
                                       6.8400      0.0      1.3680       5.4720  0.0000  SNPS_CLOCK_GATE_HIGH_dsram_mydesign_0_mydesign_505
top0/ID_stage/dcache/clk_gate_memory_reg_127_
                                       6.8400      0.0      1.3680       5.4720  0.0000  SNPS_CLOCK_GATE_HIGH_dsram_mydesign_0_mydesign_512
top0/ID_stage/dcache/clk_gate_memory_reg_127__0
                                       6.8400      0.0      1.3680       5.4720  0.0000  SNPS_CLOCK_GATE_HIGH_dsram_mydesign_0_mydesign_511
top0/ID_stage/dcache/clk_gate_memory_reg_127__1
                                       6.8400      0.0      1.3680       5.4720  0.0000  SNPS_CLOCK_GATE_HIGH_dsram_mydesign_0_mydesign_510
top0/ID_stage/dcache/clk_gate_memory_reg_127__2
                                       6.8400      0.0      1.3680       5.4720  0.0000  SNPS_CLOCK_GATE_HIGH_dsram_mydesign_0_mydesign_509
top0/ID_stage/dcache/clk_gate_memory_reg_128_
                                       6.8400      0.0      1.3680       5.4720  0.0000  SNPS_CLOCK_GATE_HIGH_dsram_mydesign_0_mydesign_516
top0/ID_stage/dcache/clk_gate_memory_reg_128__0
                                       6.8400      0.0      1.3680       5.4720  0.0000  SNPS_CLOCK_GATE_HIGH_dsram_mydesign_0_mydesign_515
top0/ID_stage/dcache/clk_gate_memory_reg_128__1
                                       6.8400      0.0      1.3680       5.4720  0.0000  SNPS_CLOCK_GATE_HIGH_dsram_mydesign_0_mydesign_514
top0/ID_stage/dcache/clk_gate_memory_reg_128__2
                                       6.8400      0.0      1.3680       5.4720  0.0000  SNPS_CLOCK_GATE_HIGH_dsram_mydesign_0_mydesign_513
top0/ID_stage/dcache/clk_gate_memory_reg_129_
                                       6.8400      0.0      1.3680       5.4720  0.0000  SNPS_CLOCK_GATE_HIGH_dsram_mydesign_0_mydesign_520
top0/ID_stage/dcache/clk_gate_memory_reg_129__0
                                       6.8400      0.0      1.3680       5.4720  0.0000  SNPS_CLOCK_GATE_HIGH_dsram_mydesign_0_mydesign_519
top0/ID_stage/dcache/clk_gate_memory_reg_129__1
                                       6.8400      0.0      1.3680       5.4720  0.0000  SNPS_CLOCK_GATE_HIGH_dsram_mydesign_0_mydesign_518
top0/ID_stage/dcache/clk_gate_memory_reg_129__2
                                       6.8400      0.0      1.3680       5.4720  0.0000  SNPS_CLOCK_GATE_HIGH_dsram_mydesign_0_mydesign_517
top0/ID_stage/dcache/clk_gate_memory_reg_12_
                                       6.8400      0.0      1.3680       5.4720  0.0000  SNPS_CLOCK_GATE_HIGH_dsram_mydesign_0_mydesign_52
top0/ID_stage/dcache/clk_gate_memory_reg_12__0
                                       6.8400      0.0      1.3680       5.4720  0.0000  SNPS_CLOCK_GATE_HIGH_dsram_mydesign_0_mydesign_51
top0/ID_stage/dcache/clk_gate_memory_reg_12__1
                                       6.8400      0.0      1.3680       5.4720  0.0000  SNPS_CLOCK_GATE_HIGH_dsram_mydesign_0_mydesign_50
top0/ID_stage/dcache/clk_gate_memory_reg_12__2
                                       6.8400      0.0      1.3680       5.4720  0.0000  SNPS_CLOCK_GATE_HIGH_dsram_mydesign_0_mydesign_49
top0/ID_stage/dcache/clk_gate_memory_reg_130_
                                       6.8400      0.0      1.3680       5.4720  0.0000  SNPS_CLOCK_GATE_HIGH_dsram_mydesign_0_mydesign_524
top0/ID_stage/dcache/clk_gate_memory_reg_130__0
                                       6.8400      0.0      1.3680       5.4720  0.0000  SNPS_CLOCK_GATE_HIGH_dsram_mydesign_0_mydesign_523
top0/ID_stage/dcache/clk_gate_memory_reg_130__1
                                       6.8400      0.0      1.3680       5.4720  0.0000  SNPS_CLOCK_GATE_HIGH_dsram_mydesign_0_mydesign_522
top0/ID_stage/dcache/clk_gate_memory_reg_130__2
                                       6.8400      0.0      1.3680       5.4720  0.0000  SNPS_CLOCK_GATE_HIGH_dsram_mydesign_0_mydesign_521
top0/ID_stage/dcache/clk_gate_memory_reg_131_
                                       6.8400      0.0      1.3680       5.4720  0.0000  SNPS_CLOCK_GATE_HIGH_dsram_mydesign_0_mydesign_528
top0/ID_stage/dcache/clk_gate_memory_reg_131__0
                                       6.8400      0.0      1.3680       5.4720  0.0000  SNPS_CLOCK_GATE_HIGH_dsram_mydesign_0_mydesign_527
top0/ID_stage/dcache/clk_gate_memory_reg_131__1
                                       6.8400      0.0      1.3680       5.4720  0.0000  SNPS_CLOCK_GATE_HIGH_dsram_mydesign_0_mydesign_526
top0/ID_stage/dcache/clk_gate_memory_reg_131__2
                                       6.8400      0.0      1.3680       5.4720  0.0000  SNPS_CLOCK_GATE_HIGH_dsram_mydesign_0_mydesign_525
top0/ID_stage/dcache/clk_gate_memory_reg_132_
                                       6.8400      0.0      1.3680       5.4720  0.0000  SNPS_CLOCK_GATE_HIGH_dsram_mydesign_0_mydesign_532
top0/ID_stage/dcache/clk_gate_memory_reg_132__0
                                       6.8400      0.0      1.3680       5.4720  0.0000  SNPS_CLOCK_GATE_HIGH_dsram_mydesign_0_mydesign_531
top0/ID_stage/dcache/clk_gate_memory_reg_132__1
                                       6.8400      0.0      1.3680       5.4720  0.0000  SNPS_CLOCK_GATE_HIGH_dsram_mydesign_0_mydesign_530
top0/ID_stage/dcache/clk_gate_memory_reg_132__2
                                       6.8400      0.0      1.3680       5.4720  0.0000  SNPS_CLOCK_GATE_HIGH_dsram_mydesign_0_mydesign_529
top0/ID_stage/dcache/clk_gate_memory_reg_133_
                                       6.8400      0.0      1.3680       5.4720  0.0000  SNPS_CLOCK_GATE_HIGH_dsram_mydesign_0_mydesign_536
top0/ID_stage/dcache/clk_gate_memory_reg_133__0
                                       6.8400      0.0      1.3680       5.4720  0.0000  SNPS_CLOCK_GATE_HIGH_dsram_mydesign_0_mydesign_535
top0/ID_stage/dcache/clk_gate_memory_reg_133__1
                                       6.8400      0.0      1.3680       5.4720  0.0000  SNPS_CLOCK_GATE_HIGH_dsram_mydesign_0_mydesign_534
top0/ID_stage/dcache/clk_gate_memory_reg_133__2
                                       6.8400      0.0      1.3680       5.4720  0.0000  SNPS_CLOCK_GATE_HIGH_dsram_mydesign_0_mydesign_533
top0/ID_stage/dcache/clk_gate_memory_reg_134_
                                       6.8400      0.0      1.3680       5.4720  0.0000  SNPS_CLOCK_GATE_HIGH_dsram_mydesign_0_mydesign_540
top0/ID_stage/dcache/clk_gate_memory_reg_134__0
                                       6.8400      0.0      1.3680       5.4720  0.0000  SNPS_CLOCK_GATE_HIGH_dsram_mydesign_0_mydesign_539
top0/ID_stage/dcache/clk_gate_memory_reg_134__1
                                       6.8400      0.0      1.3680       5.4720  0.0000  SNPS_CLOCK_GATE_HIGH_dsram_mydesign_0_mydesign_538
top0/ID_stage/dcache/clk_gate_memory_reg_134__2
                                       6.8400      0.0      1.3680       5.4720  0.0000  SNPS_CLOCK_GATE_HIGH_dsram_mydesign_0_mydesign_537
top0/ID_stage/dcache/clk_gate_memory_reg_135_
                                       6.8400      0.0      1.3680       5.4720  0.0000  SNPS_CLOCK_GATE_HIGH_dsram_mydesign_0_mydesign_544
top0/ID_stage/dcache/clk_gate_memory_reg_135__0
                                       6.8400      0.0      1.3680       5.4720  0.0000  SNPS_CLOCK_GATE_HIGH_dsram_mydesign_0_mydesign_543
top0/ID_stage/dcache/clk_gate_memory_reg_135__1
                                       6.8400      0.0      1.3680       5.4720  0.0000  SNPS_CLOCK_GATE_HIGH_dsram_mydesign_0_mydesign_542
top0/ID_stage/dcache/clk_gate_memory_reg_135__2
                                       6.8400      0.0      1.3680       5.4720  0.0000  SNPS_CLOCK_GATE_HIGH_dsram_mydesign_0_mydesign_541
top0/ID_stage/dcache/clk_gate_memory_reg_136_
                                       6.8400      0.0      1.3680       5.4720  0.0000  SNPS_CLOCK_GATE_HIGH_dsram_mydesign_0_mydesign_548
top0/ID_stage/dcache/clk_gate_memory_reg_136__0
                                       6.8400      0.0      1.3680       5.4720  0.0000  SNPS_CLOCK_GATE_HIGH_dsram_mydesign_0_mydesign_547
top0/ID_stage/dcache/clk_gate_memory_reg_136__1
                                       6.8400      0.0      1.3680       5.4720  0.0000  SNPS_CLOCK_GATE_HIGH_dsram_mydesign_0_mydesign_546
top0/ID_stage/dcache/clk_gate_memory_reg_136__2
                                       6.8400      0.0      1.3680       5.4720  0.0000  SNPS_CLOCK_GATE_HIGH_dsram_mydesign_0_mydesign_545
top0/ID_stage/dcache/clk_gate_memory_reg_137_
                                       6.8400      0.0      1.3680       5.4720  0.0000  SNPS_CLOCK_GATE_HIGH_dsram_mydesign_0_mydesign_552
top0/ID_stage/dcache/clk_gate_memory_reg_137__0
                                       6.8400      0.0      1.3680       5.4720  0.0000  SNPS_CLOCK_GATE_HIGH_dsram_mydesign_0_mydesign_551
top0/ID_stage/dcache/clk_gate_memory_reg_137__1
                                       6.8400      0.0      1.3680       5.4720  0.0000  SNPS_CLOCK_GATE_HIGH_dsram_mydesign_0_mydesign_550
top0/ID_stage/dcache/clk_gate_memory_reg_137__2
                                       6.8400      0.0      1.3680       5.4720  0.0000  SNPS_CLOCK_GATE_HIGH_dsram_mydesign_0_mydesign_549
top0/ID_stage/dcache/clk_gate_memory_reg_138_
                                       6.8400      0.0      1.3680       5.4720  0.0000  SNPS_CLOCK_GATE_HIGH_dsram_mydesign_0_mydesign_556
top0/ID_stage/dcache/clk_gate_memory_reg_138__0
                                       6.8400      0.0      1.3680       5.4720  0.0000  SNPS_CLOCK_GATE_HIGH_dsram_mydesign_0_mydesign_555
top0/ID_stage/dcache/clk_gate_memory_reg_138__1
                                       6.8400      0.0      1.3680       5.4720  0.0000  SNPS_CLOCK_GATE_HIGH_dsram_mydesign_0_mydesign_554
top0/ID_stage/dcache/clk_gate_memory_reg_138__2
                                       6.8400      0.0      1.3680       5.4720  0.0000  SNPS_CLOCK_GATE_HIGH_dsram_mydesign_0_mydesign_553
top0/ID_stage/dcache/clk_gate_memory_reg_139_
                                       6.8400      0.0      1.3680       5.4720  0.0000  SNPS_CLOCK_GATE_HIGH_dsram_mydesign_0_mydesign_560
top0/ID_stage/dcache/clk_gate_memory_reg_139__0
                                       6.8400      0.0      1.3680       5.4720  0.0000  SNPS_CLOCK_GATE_HIGH_dsram_mydesign_0_mydesign_559
top0/ID_stage/dcache/clk_gate_memory_reg_139__1
                                       6.8400      0.0      1.3680       5.4720  0.0000  SNPS_CLOCK_GATE_HIGH_dsram_mydesign_0_mydesign_558
top0/ID_stage/dcache/clk_gate_memory_reg_139__2
                                       6.8400      0.0      1.3680       5.4720  0.0000  SNPS_CLOCK_GATE_HIGH_dsram_mydesign_0_mydesign_557
top0/ID_stage/dcache/clk_gate_memory_reg_13_
                                       6.8400      0.0      1.3680       5.4720  0.0000  SNPS_CLOCK_GATE_HIGH_dsram_mydesign_0_mydesign_56
top0/ID_stage/dcache/clk_gate_memory_reg_13__0
                                       6.8400      0.0      1.3680       5.4720  0.0000  SNPS_CLOCK_GATE_HIGH_dsram_mydesign_0_mydesign_55
top0/ID_stage/dcache/clk_gate_memory_reg_13__1
                                       6.8400      0.0      1.3680       5.4720  0.0000  SNPS_CLOCK_GATE_HIGH_dsram_mydesign_0_mydesign_54
top0/ID_stage/dcache/clk_gate_memory_reg_13__2
                                       6.8400      0.0      1.3680       5.4720  0.0000  SNPS_CLOCK_GATE_HIGH_dsram_mydesign_0_mydesign_53
top0/ID_stage/dcache/clk_gate_memory_reg_140_
                                       6.8400      0.0      1.3680       5.4720  0.0000  SNPS_CLOCK_GATE_HIGH_dsram_mydesign_0_mydesign_564
top0/ID_stage/dcache/clk_gate_memory_reg_140__0
                                       6.8400      0.0      1.3680       5.4720  0.0000  SNPS_CLOCK_GATE_HIGH_dsram_mydesign_0_mydesign_563
top0/ID_stage/dcache/clk_gate_memory_reg_140__1
                                       6.8400      0.0      1.3680       5.4720  0.0000  SNPS_CLOCK_GATE_HIGH_dsram_mydesign_0_mydesign_562
top0/ID_stage/dcache/clk_gate_memory_reg_140__2
                                       6.8400      0.0      1.3680       5.4720  0.0000  SNPS_CLOCK_GATE_HIGH_dsram_mydesign_0_mydesign_561
top0/ID_stage/dcache/clk_gate_memory_reg_141_
                                       6.8400      0.0      1.3680       5.4720  0.0000  SNPS_CLOCK_GATE_HIGH_dsram_mydesign_0_mydesign_568
top0/ID_stage/dcache/clk_gate_memory_reg_141__0
                                       6.8400      0.0      1.3680       5.4720  0.0000  SNPS_CLOCK_GATE_HIGH_dsram_mydesign_0_mydesign_567
top0/ID_stage/dcache/clk_gate_memory_reg_141__1
                                       6.8400      0.0      1.3680       5.4720  0.0000  SNPS_CLOCK_GATE_HIGH_dsram_mydesign_0_mydesign_566
top0/ID_stage/dcache/clk_gate_memory_reg_141__2
                                       6.8400      0.0      1.3680       5.4720  0.0000  SNPS_CLOCK_GATE_HIGH_dsram_mydesign_0_mydesign_565
top0/ID_stage/dcache/clk_gate_memory_reg_142_
                                       6.8400      0.0      1.3680       5.4720  0.0000  SNPS_CLOCK_GATE_HIGH_dsram_mydesign_0_mydesign_572
top0/ID_stage/dcache/clk_gate_memory_reg_142__0
                                       6.8400      0.0      1.3680       5.4720  0.0000  SNPS_CLOCK_GATE_HIGH_dsram_mydesign_0_mydesign_571
top0/ID_stage/dcache/clk_gate_memory_reg_142__1
                                       6.8400      0.0      1.3680       5.4720  0.0000  SNPS_CLOCK_GATE_HIGH_dsram_mydesign_0_mydesign_570
top0/ID_stage/dcache/clk_gate_memory_reg_142__2
                                       6.8400      0.0      1.3680       5.4720  0.0000  SNPS_CLOCK_GATE_HIGH_dsram_mydesign_0_mydesign_569
top0/ID_stage/dcache/clk_gate_memory_reg_143_
                                       6.8400      0.0      1.3680       5.4720  0.0000  SNPS_CLOCK_GATE_HIGH_dsram_mydesign_0_mydesign_576
top0/ID_stage/dcache/clk_gate_memory_reg_143__0
                                       6.8400      0.0      1.3680       5.4720  0.0000  SNPS_CLOCK_GATE_HIGH_dsram_mydesign_0_mydesign_575
top0/ID_stage/dcache/clk_gate_memory_reg_143__1
                                       6.8400      0.0      1.3680       5.4720  0.0000  SNPS_CLOCK_GATE_HIGH_dsram_mydesign_0_mydesign_574
top0/ID_stage/dcache/clk_gate_memory_reg_143__2
                                       6.8400      0.0      1.3680       5.4720  0.0000  SNPS_CLOCK_GATE_HIGH_dsram_mydesign_0_mydesign_573
top0/ID_stage/dcache/clk_gate_memory_reg_144_
                                       6.8400      0.0      1.3680       5.4720  0.0000  SNPS_CLOCK_GATE_HIGH_dsram_mydesign_0_mydesign_580
top0/ID_stage/dcache/clk_gate_memory_reg_144__0
                                       6.8400      0.0      1.3680       5.4720  0.0000  SNPS_CLOCK_GATE_HIGH_dsram_mydesign_0_mydesign_579
top0/ID_stage/dcache/clk_gate_memory_reg_144__1
                                       6.8400      0.0      1.3680       5.4720  0.0000  SNPS_CLOCK_GATE_HIGH_dsram_mydesign_0_mydesign_578
top0/ID_stage/dcache/clk_gate_memory_reg_144__2
                                       6.8400      0.0      1.3680       5.4720  0.0000  SNPS_CLOCK_GATE_HIGH_dsram_mydesign_0_mydesign_577
top0/ID_stage/dcache/clk_gate_memory_reg_145_
                                       6.8400      0.0      1.3680       5.4720  0.0000  SNPS_CLOCK_GATE_HIGH_dsram_mydesign_0_mydesign_584
top0/ID_stage/dcache/clk_gate_memory_reg_145__0
                                       6.8400      0.0      1.3680       5.4720  0.0000  SNPS_CLOCK_GATE_HIGH_dsram_mydesign_0_mydesign_583
top0/ID_stage/dcache/clk_gate_memory_reg_145__1
                                       6.8400      0.0      1.3680       5.4720  0.0000  SNPS_CLOCK_GATE_HIGH_dsram_mydesign_0_mydesign_582
top0/ID_stage/dcache/clk_gate_memory_reg_145__2
                                       6.8400      0.0      1.3680       5.4720  0.0000  SNPS_CLOCK_GATE_HIGH_dsram_mydesign_0_mydesign_581
top0/ID_stage/dcache/clk_gate_memory_reg_146_
                                       6.8400      0.0      1.3680       5.4720  0.0000  SNPS_CLOCK_GATE_HIGH_dsram_mydesign_0_mydesign_588
top0/ID_stage/dcache/clk_gate_memory_reg_146__0
                                       6.8400      0.0      1.3680       5.4720  0.0000  SNPS_CLOCK_GATE_HIGH_dsram_mydesign_0_mydesign_587
top0/ID_stage/dcache/clk_gate_memory_reg_146__1
                                       6.8400      0.0      1.3680       5.4720  0.0000  SNPS_CLOCK_GATE_HIGH_dsram_mydesign_0_mydesign_586
top0/ID_stage/dcache/clk_gate_memory_reg_146__2
                                       6.8400      0.0      1.3680       5.4720  0.0000  SNPS_CLOCK_GATE_HIGH_dsram_mydesign_0_mydesign_585
top0/ID_stage/dcache/clk_gate_memory_reg_147_
                                       6.8400      0.0      1.3680       5.4720  0.0000  SNPS_CLOCK_GATE_HIGH_dsram_mydesign_0_mydesign_592
top0/ID_stage/dcache/clk_gate_memory_reg_147__0
                                       6.8400      0.0      1.3680       5.4720  0.0000  SNPS_CLOCK_GATE_HIGH_dsram_mydesign_0_mydesign_591
top0/ID_stage/dcache/clk_gate_memory_reg_147__1
                                       6.8400      0.0      1.3680       5.4720  0.0000  SNPS_CLOCK_GATE_HIGH_dsram_mydesign_0_mydesign_590
top0/ID_stage/dcache/clk_gate_memory_reg_147__2
                                       6.8400      0.0      1.3680       5.4720  0.0000  SNPS_CLOCK_GATE_HIGH_dsram_mydesign_0_mydesign_589
top0/ID_stage/dcache/clk_gate_memory_reg_148_
                                       6.8400      0.0      1.3680       5.4720  0.0000  SNPS_CLOCK_GATE_HIGH_dsram_mydesign_0_mydesign_596
top0/ID_stage/dcache/clk_gate_memory_reg_148__0
                                       6.8400      0.0      1.3680       5.4720  0.0000  SNPS_CLOCK_GATE_HIGH_dsram_mydesign_0_mydesign_595
top0/ID_stage/dcache/clk_gate_memory_reg_148__1
                                       6.8400      0.0      1.3680       5.4720  0.0000  SNPS_CLOCK_GATE_HIGH_dsram_mydesign_0_mydesign_594
top0/ID_stage/dcache/clk_gate_memory_reg_148__2
                                       6.8400      0.0      1.3680       5.4720  0.0000  SNPS_CLOCK_GATE_HIGH_dsram_mydesign_0_mydesign_593
top0/ID_stage/dcache/clk_gate_memory_reg_149_
                                       6.8400      0.0      1.3680       5.4720  0.0000  SNPS_CLOCK_GATE_HIGH_dsram_mydesign_0_mydesign_600
top0/ID_stage/dcache/clk_gate_memory_reg_149__0
                                       6.8400      0.0      1.3680       5.4720  0.0000  SNPS_CLOCK_GATE_HIGH_dsram_mydesign_0_mydesign_599
top0/ID_stage/dcache/clk_gate_memory_reg_149__1
                                       6.8400      0.0      1.3680       5.4720  0.0000  SNPS_CLOCK_GATE_HIGH_dsram_mydesign_0_mydesign_598
top0/ID_stage/dcache/clk_gate_memory_reg_149__2
                                       6.8400      0.0      1.3680       5.4720  0.0000  SNPS_CLOCK_GATE_HIGH_dsram_mydesign_0_mydesign_597
top0/ID_stage/dcache/clk_gate_memory_reg_14_
                                       6.8400      0.0      1.3680       5.4720  0.0000  SNPS_CLOCK_GATE_HIGH_dsram_mydesign_0_mydesign_60
top0/ID_stage/dcache/clk_gate_memory_reg_14__0
                                       6.8400      0.0      1.3680       5.4720  0.0000  SNPS_CLOCK_GATE_HIGH_dsram_mydesign_0_mydesign_59
top0/ID_stage/dcache/clk_gate_memory_reg_14__1
                                       6.8400      0.0      1.3680       5.4720  0.0000  SNPS_CLOCK_GATE_HIGH_dsram_mydesign_0_mydesign_58
top0/ID_stage/dcache/clk_gate_memory_reg_14__2
                                       6.8400      0.0      1.3680       5.4720  0.0000  SNPS_CLOCK_GATE_HIGH_dsram_mydesign_0_mydesign_57
top0/ID_stage/dcache/clk_gate_memory_reg_150_
                                       6.8400      0.0      1.3680       5.4720  0.0000  SNPS_CLOCK_GATE_HIGH_dsram_mydesign_0_mydesign_604
top0/ID_stage/dcache/clk_gate_memory_reg_150__0
                                       6.8400      0.0      1.3680       5.4720  0.0000  SNPS_CLOCK_GATE_HIGH_dsram_mydesign_0_mydesign_603
top0/ID_stage/dcache/clk_gate_memory_reg_150__1
                                       6.8400      0.0      1.3680       5.4720  0.0000  SNPS_CLOCK_GATE_HIGH_dsram_mydesign_0_mydesign_602
top0/ID_stage/dcache/clk_gate_memory_reg_150__2
                                       6.8400      0.0      1.3680       5.4720  0.0000  SNPS_CLOCK_GATE_HIGH_dsram_mydesign_0_mydesign_601
top0/ID_stage/dcache/clk_gate_memory_reg_151_
                                       6.8400      0.0      1.3680       5.4720  0.0000  SNPS_CLOCK_GATE_HIGH_dsram_mydesign_0_mydesign_608
top0/ID_stage/dcache/clk_gate_memory_reg_151__0
                                       6.8400      0.0      1.3680       5.4720  0.0000  SNPS_CLOCK_GATE_HIGH_dsram_mydesign_0_mydesign_607
top0/ID_stage/dcache/clk_gate_memory_reg_151__1
                                       6.8400      0.0      1.3680       5.4720  0.0000  SNPS_CLOCK_GATE_HIGH_dsram_mydesign_0_mydesign_606
top0/ID_stage/dcache/clk_gate_memory_reg_151__2
                                       6.8400      0.0      1.3680       5.4720  0.0000  SNPS_CLOCK_GATE_HIGH_dsram_mydesign_0_mydesign_605
top0/ID_stage/dcache/clk_gate_memory_reg_152_
                                       6.8400      0.0      1.3680       5.4720  0.0000  SNPS_CLOCK_GATE_HIGH_dsram_mydesign_0_mydesign_612
top0/ID_stage/dcache/clk_gate_memory_reg_152__0
                                       6.8400      0.0      1.3680       5.4720  0.0000  SNPS_CLOCK_GATE_HIGH_dsram_mydesign_0_mydesign_611
top0/ID_stage/dcache/clk_gate_memory_reg_152__1
                                       6.8400      0.0      1.3680       5.4720  0.0000  SNPS_CLOCK_GATE_HIGH_dsram_mydesign_0_mydesign_610
top0/ID_stage/dcache/clk_gate_memory_reg_152__2
                                       6.8400      0.0      1.3680       5.4720  0.0000  SNPS_CLOCK_GATE_HIGH_dsram_mydesign_0_mydesign_609
top0/ID_stage/dcache/clk_gate_memory_reg_153_
                                       6.8400      0.0      1.3680       5.4720  0.0000  SNPS_CLOCK_GATE_HIGH_dsram_mydesign_0_mydesign_616
top0/ID_stage/dcache/clk_gate_memory_reg_153__0
                                       6.8400      0.0      1.3680       5.4720  0.0000  SNPS_CLOCK_GATE_HIGH_dsram_mydesign_0_mydesign_615
top0/ID_stage/dcache/clk_gate_memory_reg_153__1
                                       6.8400      0.0      1.3680       5.4720  0.0000  SNPS_CLOCK_GATE_HIGH_dsram_mydesign_0_mydesign_614
top0/ID_stage/dcache/clk_gate_memory_reg_153__2
                                       6.8400      0.0      1.3680       5.4720  0.0000  SNPS_CLOCK_GATE_HIGH_dsram_mydesign_0_mydesign_613
top0/ID_stage/dcache/clk_gate_memory_reg_154_
                                       6.8400      0.0      1.3680       5.4720  0.0000  SNPS_CLOCK_GATE_HIGH_dsram_mydesign_0_mydesign_620
top0/ID_stage/dcache/clk_gate_memory_reg_154__0
                                       6.8400      0.0      1.3680       5.4720  0.0000  SNPS_CLOCK_GATE_HIGH_dsram_mydesign_0_mydesign_619
top0/ID_stage/dcache/clk_gate_memory_reg_154__1
                                       6.8400      0.0      1.3680       5.4720  0.0000  SNPS_CLOCK_GATE_HIGH_dsram_mydesign_0_mydesign_618
top0/ID_stage/dcache/clk_gate_memory_reg_154__2
                                       6.8400      0.0      1.3680       5.4720  0.0000  SNPS_CLOCK_GATE_HIGH_dsram_mydesign_0_mydesign_617
top0/ID_stage/dcache/clk_gate_memory_reg_155_
                                       6.8400      0.0      1.3680       5.4720  0.0000  SNPS_CLOCK_GATE_HIGH_dsram_mydesign_0_mydesign_624
top0/ID_stage/dcache/clk_gate_memory_reg_155__0
                                       6.8400      0.0      1.3680       5.4720  0.0000  SNPS_CLOCK_GATE_HIGH_dsram_mydesign_0_mydesign_623
top0/ID_stage/dcache/clk_gate_memory_reg_155__1
                                       6.8400      0.0      1.3680       5.4720  0.0000  SNPS_CLOCK_GATE_HIGH_dsram_mydesign_0_mydesign_622
top0/ID_stage/dcache/clk_gate_memory_reg_155__2
                                       6.8400      0.0      1.3680       5.4720  0.0000  SNPS_CLOCK_GATE_HIGH_dsram_mydesign_0_mydesign_621
top0/ID_stage/dcache/clk_gate_memory_reg_156_
                                       6.8400      0.0      1.3680       5.4720  0.0000  SNPS_CLOCK_GATE_HIGH_dsram_mydesign_0_mydesign_628
top0/ID_stage/dcache/clk_gate_memory_reg_156__0
                                       6.8400      0.0      1.3680       5.4720  0.0000  SNPS_CLOCK_GATE_HIGH_dsram_mydesign_0_mydesign_627
top0/ID_stage/dcache/clk_gate_memory_reg_156__1
                                       6.8400      0.0      1.3680       5.4720  0.0000  SNPS_CLOCK_GATE_HIGH_dsram_mydesign_0_mydesign_626
top0/ID_stage/dcache/clk_gate_memory_reg_156__2
                                       6.8400      0.0      1.3680       5.4720  0.0000  SNPS_CLOCK_GATE_HIGH_dsram_mydesign_0_mydesign_625
top0/ID_stage/dcache/clk_gate_memory_reg_157_
                                       6.8400      0.0      1.3680       5.4720  0.0000  SNPS_CLOCK_GATE_HIGH_dsram_mydesign_0_mydesign_632
top0/ID_stage/dcache/clk_gate_memory_reg_157__0
                                       6.8400      0.0      1.3680       5.4720  0.0000  SNPS_CLOCK_GATE_HIGH_dsram_mydesign_0_mydesign_631
top0/ID_stage/dcache/clk_gate_memory_reg_157__1
                                       6.8400      0.0      1.3680       5.4720  0.0000  SNPS_CLOCK_GATE_HIGH_dsram_mydesign_0_mydesign_630
top0/ID_stage/dcache/clk_gate_memory_reg_157__2
                                       6.8400      0.0      1.3680       5.4720  0.0000  SNPS_CLOCK_GATE_HIGH_dsram_mydesign_0_mydesign_629
top0/ID_stage/dcache/clk_gate_memory_reg_158_
                                       6.8400      0.0      1.3680       5.4720  0.0000  SNPS_CLOCK_GATE_HIGH_dsram_mydesign_0_mydesign_636
top0/ID_stage/dcache/clk_gate_memory_reg_158__0
                                       6.8400      0.0      1.3680       5.4720  0.0000  SNPS_CLOCK_GATE_HIGH_dsram_mydesign_0_mydesign_635
top0/ID_stage/dcache/clk_gate_memory_reg_158__1
                                       6.8400      0.0      1.3680       5.4720  0.0000  SNPS_CLOCK_GATE_HIGH_dsram_mydesign_0_mydesign_634
top0/ID_stage/dcache/clk_gate_memory_reg_158__2
                                       6.8400      0.0      1.3680       5.4720  0.0000  SNPS_CLOCK_GATE_HIGH_dsram_mydesign_0_mydesign_633
top0/ID_stage/dcache/clk_gate_memory_reg_159_
                                       6.8400      0.0      1.3680       5.4720  0.0000  SNPS_CLOCK_GATE_HIGH_dsram_mydesign_0_mydesign_640
top0/ID_stage/dcache/clk_gate_memory_reg_159__0
                                       6.8400      0.0      1.3680       5.4720  0.0000  SNPS_CLOCK_GATE_HIGH_dsram_mydesign_0_mydesign_639
top0/ID_stage/dcache/clk_gate_memory_reg_159__1
                                       6.8400      0.0      1.3680       5.4720  0.0000  SNPS_CLOCK_GATE_HIGH_dsram_mydesign_0_mydesign_638
top0/ID_stage/dcache/clk_gate_memory_reg_159__2
                                       6.8400      0.0      1.3680       5.4720  0.0000  SNPS_CLOCK_GATE_HIGH_dsram_mydesign_0_mydesign_637
top0/ID_stage/dcache/clk_gate_memory_reg_15_
                                       6.8400      0.0      1.3680       5.4720  0.0000  SNPS_CLOCK_GATE_HIGH_dsram_mydesign_0_mydesign_64
top0/ID_stage/dcache/clk_gate_memory_reg_15__0
                                       6.8400      0.0      1.3680       5.4720  0.0000  SNPS_CLOCK_GATE_HIGH_dsram_mydesign_0_mydesign_63
top0/ID_stage/dcache/clk_gate_memory_reg_15__1
                                       6.8400      0.0      1.3680       5.4720  0.0000  SNPS_CLOCK_GATE_HIGH_dsram_mydesign_0_mydesign_62
top0/ID_stage/dcache/clk_gate_memory_reg_15__2
                                       6.8400      0.0      1.3680       5.4720  0.0000  SNPS_CLOCK_GATE_HIGH_dsram_mydesign_0_mydesign_61
top0/ID_stage/dcache/clk_gate_memory_reg_160_
                                       6.8400      0.0      1.3680       5.4720  0.0000  SNPS_CLOCK_GATE_HIGH_dsram_mydesign_0_mydesign_644
top0/ID_stage/dcache/clk_gate_memory_reg_160__0
                                       6.8400      0.0      1.3680       5.4720  0.0000  SNPS_CLOCK_GATE_HIGH_dsram_mydesign_0_mydesign_643
top0/ID_stage/dcache/clk_gate_memory_reg_160__1
                                       6.8400      0.0      1.3680       5.4720  0.0000  SNPS_CLOCK_GATE_HIGH_dsram_mydesign_0_mydesign_642
top0/ID_stage/dcache/clk_gate_memory_reg_160__2
                                       6.8400      0.0      1.3680       5.4720  0.0000  SNPS_CLOCK_GATE_HIGH_dsram_mydesign_0_mydesign_641
top0/ID_stage/dcache/clk_gate_memory_reg_161_
                                       6.8400      0.0      1.3680       5.4720  0.0000  SNPS_CLOCK_GATE_HIGH_dsram_mydesign_0_mydesign_648
top0/ID_stage/dcache/clk_gate_memory_reg_161__0
                                       6.8400      0.0      1.3680       5.4720  0.0000  SNPS_CLOCK_GATE_HIGH_dsram_mydesign_0_mydesign_647
top0/ID_stage/dcache/clk_gate_memory_reg_161__1
                                       6.8400      0.0      1.3680       5.4720  0.0000  SNPS_CLOCK_GATE_HIGH_dsram_mydesign_0_mydesign_646
top0/ID_stage/dcache/clk_gate_memory_reg_161__2
                                       6.8400      0.0      1.3680       5.4720  0.0000  SNPS_CLOCK_GATE_HIGH_dsram_mydesign_0_mydesign_645
top0/ID_stage/dcache/clk_gate_memory_reg_162_
                                       6.8400      0.0      1.3680       5.4720  0.0000  SNPS_CLOCK_GATE_HIGH_dsram_mydesign_0_mydesign_652
top0/ID_stage/dcache/clk_gate_memory_reg_162__0
                                       6.8400      0.0      1.3680       5.4720  0.0000  SNPS_CLOCK_GATE_HIGH_dsram_mydesign_0_mydesign_651
top0/ID_stage/dcache/clk_gate_memory_reg_162__1
                                       6.8400      0.0      1.3680       5.4720  0.0000  SNPS_CLOCK_GATE_HIGH_dsram_mydesign_0_mydesign_650
top0/ID_stage/dcache/clk_gate_memory_reg_162__2
                                       6.8400      0.0      1.3680       5.4720  0.0000  SNPS_CLOCK_GATE_HIGH_dsram_mydesign_0_mydesign_649
top0/ID_stage/dcache/clk_gate_memory_reg_163_
                                       6.8400      0.0      1.3680       5.4720  0.0000  SNPS_CLOCK_GATE_HIGH_dsram_mydesign_0_mydesign_656
top0/ID_stage/dcache/clk_gate_memory_reg_163__0
                                       6.8400      0.0      1.3680       5.4720  0.0000  SNPS_CLOCK_GATE_HIGH_dsram_mydesign_0_mydesign_655
top0/ID_stage/dcache/clk_gate_memory_reg_163__1
                                       6.8400      0.0      1.3680       5.4720  0.0000  SNPS_CLOCK_GATE_HIGH_dsram_mydesign_0_mydesign_654
top0/ID_stage/dcache/clk_gate_memory_reg_163__2
                                       6.8400      0.0      1.3680       5.4720  0.0000  SNPS_CLOCK_GATE_HIGH_dsram_mydesign_0_mydesign_653
top0/ID_stage/dcache/clk_gate_memory_reg_164_
                                       6.8400      0.0      1.3680       5.4720  0.0000  SNPS_CLOCK_GATE_HIGH_dsram_mydesign_0_mydesign_660
top0/ID_stage/dcache/clk_gate_memory_reg_164__0
                                       6.8400      0.0      1.3680       5.4720  0.0000  SNPS_CLOCK_GATE_HIGH_dsram_mydesign_0_mydesign_659
top0/ID_stage/dcache/clk_gate_memory_reg_164__1
                                       6.8400      0.0      1.3680       5.4720  0.0000  SNPS_CLOCK_GATE_HIGH_dsram_mydesign_0_mydesign_658
top0/ID_stage/dcache/clk_gate_memory_reg_164__2
                                       6.8400      0.0      1.3680       5.4720  0.0000  SNPS_CLOCK_GATE_HIGH_dsram_mydesign_0_mydesign_657
top0/ID_stage/dcache/clk_gate_memory_reg_165_
                                       6.8400      0.0      1.3680       5.4720  0.0000  SNPS_CLOCK_GATE_HIGH_dsram_mydesign_0_mydesign_664
top0/ID_stage/dcache/clk_gate_memory_reg_165__0
                                       6.8400      0.0      1.3680       5.4720  0.0000  SNPS_CLOCK_GATE_HIGH_dsram_mydesign_0_mydesign_663
top0/ID_stage/dcache/clk_gate_memory_reg_165__1
                                       6.8400      0.0      1.3680       5.4720  0.0000  SNPS_CLOCK_GATE_HIGH_dsram_mydesign_0_mydesign_662
top0/ID_stage/dcache/clk_gate_memory_reg_165__2
                                       6.8400      0.0      1.3680       5.4720  0.0000  SNPS_CLOCK_GATE_HIGH_dsram_mydesign_0_mydesign_661
top0/ID_stage/dcache/clk_gate_memory_reg_166_
                                       6.8400      0.0      1.3680       5.4720  0.0000  SNPS_CLOCK_GATE_HIGH_dsram_mydesign_0_mydesign_668
top0/ID_stage/dcache/clk_gate_memory_reg_166__0
                                       6.8400      0.0      1.3680       5.4720  0.0000  SNPS_CLOCK_GATE_HIGH_dsram_mydesign_0_mydesign_667
top0/ID_stage/dcache/clk_gate_memory_reg_166__1
                                       6.8400      0.0      1.3680       5.4720  0.0000  SNPS_CLOCK_GATE_HIGH_dsram_mydesign_0_mydesign_666
top0/ID_stage/dcache/clk_gate_memory_reg_166__2
                                       6.8400      0.0      1.3680       5.4720  0.0000  SNPS_CLOCK_GATE_HIGH_dsram_mydesign_0_mydesign_665
top0/ID_stage/dcache/clk_gate_memory_reg_167_
                                       6.8400      0.0      1.3680       5.4720  0.0000  SNPS_CLOCK_GATE_HIGH_dsram_mydesign_0_mydesign_672
top0/ID_stage/dcache/clk_gate_memory_reg_167__0
                                       6.8400      0.0      1.3680       5.4720  0.0000  SNPS_CLOCK_GATE_HIGH_dsram_mydesign_0_mydesign_671
top0/ID_stage/dcache/clk_gate_memory_reg_167__1
                                       6.8400      0.0      1.3680       5.4720  0.0000  SNPS_CLOCK_GATE_HIGH_dsram_mydesign_0_mydesign_670
top0/ID_stage/dcache/clk_gate_memory_reg_167__2
                                       6.8400      0.0      1.3680       5.4720  0.0000  SNPS_CLOCK_GATE_HIGH_dsram_mydesign_0_mydesign_669
top0/ID_stage/dcache/clk_gate_memory_reg_168_
                                       6.8400      0.0      1.3680       5.4720  0.0000  SNPS_CLOCK_GATE_HIGH_dsram_mydesign_0_mydesign_676
top0/ID_stage/dcache/clk_gate_memory_reg_168__0
                                       6.8400      0.0      1.3680       5.4720  0.0000  SNPS_CLOCK_GATE_HIGH_dsram_mydesign_0_mydesign_675
top0/ID_stage/dcache/clk_gate_memory_reg_168__1
                                       6.8400      0.0      1.3680       5.4720  0.0000  SNPS_CLOCK_GATE_HIGH_dsram_mydesign_0_mydesign_674
top0/ID_stage/dcache/clk_gate_memory_reg_168__2
                                       6.8400      0.0      1.3680       5.4720  0.0000  SNPS_CLOCK_GATE_HIGH_dsram_mydesign_0_mydesign_673
top0/ID_stage/dcache/clk_gate_memory_reg_169_
                                       6.8400      0.0      1.3680       5.4720  0.0000  SNPS_CLOCK_GATE_HIGH_dsram_mydesign_0_mydesign_680
top0/ID_stage/dcache/clk_gate_memory_reg_169__0
                                       6.8400      0.0      1.3680       5.4720  0.0000  SNPS_CLOCK_GATE_HIGH_dsram_mydesign_0_mydesign_679
top0/ID_stage/dcache/clk_gate_memory_reg_169__1
                                       6.8400      0.0      1.3680       5.4720  0.0000  SNPS_CLOCK_GATE_HIGH_dsram_mydesign_0_mydesign_678
top0/ID_stage/dcache/clk_gate_memory_reg_169__2
                                       6.8400      0.0      1.3680       5.4720  0.0000  SNPS_CLOCK_GATE_HIGH_dsram_mydesign_0_mydesign_677
top0/ID_stage/dcache/clk_gate_memory_reg_16_
                                       6.8400      0.0      1.3680       5.4720  0.0000  SNPS_CLOCK_GATE_HIGH_dsram_mydesign_0_mydesign_68
top0/ID_stage/dcache/clk_gate_memory_reg_16__0
                                       6.8400      0.0      1.3680       5.4720  0.0000  SNPS_CLOCK_GATE_HIGH_dsram_mydesign_0_mydesign_67
top0/ID_stage/dcache/clk_gate_memory_reg_16__1
                                       6.8400      0.0      1.3680       5.4720  0.0000  SNPS_CLOCK_GATE_HIGH_dsram_mydesign_0_mydesign_66
top0/ID_stage/dcache/clk_gate_memory_reg_16__2
                                       6.8400      0.0      1.3680       5.4720  0.0000  SNPS_CLOCK_GATE_HIGH_dsram_mydesign_0_mydesign_65
top0/ID_stage/dcache/clk_gate_memory_reg_170_
                                       6.8400      0.0      1.3680       5.4720  0.0000  SNPS_CLOCK_GATE_HIGH_dsram_mydesign_0_mydesign_684
top0/ID_stage/dcache/clk_gate_memory_reg_170__0
                                       6.8400      0.0      1.3680       5.4720  0.0000  SNPS_CLOCK_GATE_HIGH_dsram_mydesign_0_mydesign_683
top0/ID_stage/dcache/clk_gate_memory_reg_170__1
                                       6.8400      0.0      1.3680       5.4720  0.0000  SNPS_CLOCK_GATE_HIGH_dsram_mydesign_0_mydesign_682
top0/ID_stage/dcache/clk_gate_memory_reg_170__2
                                       6.8400      0.0      1.3680       5.4720  0.0000  SNPS_CLOCK_GATE_HIGH_dsram_mydesign_0_mydesign_681
top0/ID_stage/dcache/clk_gate_memory_reg_171_
                                       6.8400      0.0      1.3680       5.4720  0.0000  SNPS_CLOCK_GATE_HIGH_dsram_mydesign_0_mydesign_688
top0/ID_stage/dcache/clk_gate_memory_reg_171__0
                                       6.8400      0.0      1.3680       5.4720  0.0000  SNPS_CLOCK_GATE_HIGH_dsram_mydesign_0_mydesign_687
top0/ID_stage/dcache/clk_gate_memory_reg_171__1
                                       6.8400      0.0      1.3680       5.4720  0.0000  SNPS_CLOCK_GATE_HIGH_dsram_mydesign_0_mydesign_686
top0/ID_stage/dcache/clk_gate_memory_reg_171__2
                                       6.8400      0.0      1.3680       5.4720  0.0000  SNPS_CLOCK_GATE_HIGH_dsram_mydesign_0_mydesign_685
top0/ID_stage/dcache/clk_gate_memory_reg_172_
                                       6.8400      0.0      1.3680       5.4720  0.0000  SNPS_CLOCK_GATE_HIGH_dsram_mydesign_0_mydesign_692
top0/ID_stage/dcache/clk_gate_memory_reg_172__0
                                       6.8400      0.0      1.3680       5.4720  0.0000  SNPS_CLOCK_GATE_HIGH_dsram_mydesign_0_mydesign_691
top0/ID_stage/dcache/clk_gate_memory_reg_172__1
                                       6.8400      0.0      1.3680       5.4720  0.0000  SNPS_CLOCK_GATE_HIGH_dsram_mydesign_0_mydesign_690
top0/ID_stage/dcache/clk_gate_memory_reg_172__2
                                       6.8400      0.0      1.3680       5.4720  0.0000  SNPS_CLOCK_GATE_HIGH_dsram_mydesign_0_mydesign_689
top0/ID_stage/dcache/clk_gate_memory_reg_173_
                                       6.8400      0.0      1.3680       5.4720  0.0000  SNPS_CLOCK_GATE_HIGH_dsram_mydesign_0_mydesign_696
top0/ID_stage/dcache/clk_gate_memory_reg_173__0
                                       6.8400      0.0      1.3680       5.4720  0.0000  SNPS_CLOCK_GATE_HIGH_dsram_mydesign_0_mydesign_695
top0/ID_stage/dcache/clk_gate_memory_reg_173__1
                                       6.8400      0.0      1.3680       5.4720  0.0000  SNPS_CLOCK_GATE_HIGH_dsram_mydesign_0_mydesign_694
top0/ID_stage/dcache/clk_gate_memory_reg_173__2
                                       6.8400      0.0      1.3680       5.4720  0.0000  SNPS_CLOCK_GATE_HIGH_dsram_mydesign_0_mydesign_693
top0/ID_stage/dcache/clk_gate_memory_reg_174_
                                       6.8400      0.0      1.3680       5.4720  0.0000  SNPS_CLOCK_GATE_HIGH_dsram_mydesign_0_mydesign_700
top0/ID_stage/dcache/clk_gate_memory_reg_174__0
                                       6.8400      0.0      1.3680       5.4720  0.0000  SNPS_CLOCK_GATE_HIGH_dsram_mydesign_0_mydesign_699
top0/ID_stage/dcache/clk_gate_memory_reg_174__1
                                       6.8400      0.0      1.3680       5.4720  0.0000  SNPS_CLOCK_GATE_HIGH_dsram_mydesign_0_mydesign_698
top0/ID_stage/dcache/clk_gate_memory_reg_174__2
                                       6.8400      0.0      1.3680       5.4720  0.0000  SNPS_CLOCK_GATE_HIGH_dsram_mydesign_0_mydesign_697
top0/ID_stage/dcache/clk_gate_memory_reg_175_
                                       6.8400      0.0      1.3680       5.4720  0.0000  SNPS_CLOCK_GATE_HIGH_dsram_mydesign_0_mydesign_704
top0/ID_stage/dcache/clk_gate_memory_reg_175__0
                                       6.8400      0.0      1.3680       5.4720  0.0000  SNPS_CLOCK_GATE_HIGH_dsram_mydesign_0_mydesign_703
top0/ID_stage/dcache/clk_gate_memory_reg_175__1
                                       6.8400      0.0      1.3680       5.4720  0.0000  SNPS_CLOCK_GATE_HIGH_dsram_mydesign_0_mydesign_702
top0/ID_stage/dcache/clk_gate_memory_reg_175__2
                                       6.8400      0.0      1.3680       5.4720  0.0000  SNPS_CLOCK_GATE_HIGH_dsram_mydesign_0_mydesign_701
top0/ID_stage/dcache/clk_gate_memory_reg_176_
                                       6.8400      0.0      1.3680       5.4720  0.0000  SNPS_CLOCK_GATE_HIGH_dsram_mydesign_0_mydesign_708
top0/ID_stage/dcache/clk_gate_memory_reg_176__0
                                       6.8400      0.0      1.3680       5.4720  0.0000  SNPS_CLOCK_GATE_HIGH_dsram_mydesign_0_mydesign_707
top0/ID_stage/dcache/clk_gate_memory_reg_176__1
                                       6.8400      0.0      1.3680       5.4720  0.0000  SNPS_CLOCK_GATE_HIGH_dsram_mydesign_0_mydesign_706
top0/ID_stage/dcache/clk_gate_memory_reg_176__2
                                       6.8400      0.0      1.3680       5.4720  0.0000  SNPS_CLOCK_GATE_HIGH_dsram_mydesign_0_mydesign_705
top0/ID_stage/dcache/clk_gate_memory_reg_177_
                                       6.8400      0.0      1.3680       5.4720  0.0000  SNPS_CLOCK_GATE_HIGH_dsram_mydesign_0_mydesign_712
top0/ID_stage/dcache/clk_gate_memory_reg_177__0
                                       6.8400      0.0      1.3680       5.4720  0.0000  SNPS_CLOCK_GATE_HIGH_dsram_mydesign_0_mydesign_711
top0/ID_stage/dcache/clk_gate_memory_reg_177__1
                                       6.8400      0.0      1.3680       5.4720  0.0000  SNPS_CLOCK_GATE_HIGH_dsram_mydesign_0_mydesign_710
top0/ID_stage/dcache/clk_gate_memory_reg_177__2
                                       6.8400      0.0      1.3680       5.4720  0.0000  SNPS_CLOCK_GATE_HIGH_dsram_mydesign_0_mydesign_709
top0/ID_stage/dcache/clk_gate_memory_reg_178_
                                       6.8400      0.0      1.3680       5.4720  0.0000  SNPS_CLOCK_GATE_HIGH_dsram_mydesign_0_mydesign_716
top0/ID_stage/dcache/clk_gate_memory_reg_178__0
                                       6.8400      0.0      1.3680       5.4720  0.0000  SNPS_CLOCK_GATE_HIGH_dsram_mydesign_0_mydesign_715
top0/ID_stage/dcache/clk_gate_memory_reg_178__1
                                       6.8400      0.0      1.3680       5.4720  0.0000  SNPS_CLOCK_GATE_HIGH_dsram_mydesign_0_mydesign_714
top0/ID_stage/dcache/clk_gate_memory_reg_178__2
                                       6.8400      0.0      1.3680       5.4720  0.0000  SNPS_CLOCK_GATE_HIGH_dsram_mydesign_0_mydesign_713
top0/ID_stage/dcache/clk_gate_memory_reg_179_
                                       6.8400      0.0      1.3680       5.4720  0.0000  SNPS_CLOCK_GATE_HIGH_dsram_mydesign_0_mydesign_720
top0/ID_stage/dcache/clk_gate_memory_reg_179__0
                                       6.8400      0.0      1.3680       5.4720  0.0000  SNPS_CLOCK_GATE_HIGH_dsram_mydesign_0_mydesign_719
top0/ID_stage/dcache/clk_gate_memory_reg_179__1
                                       6.8400      0.0      1.3680       5.4720  0.0000  SNPS_CLOCK_GATE_HIGH_dsram_mydesign_0_mydesign_718
top0/ID_stage/dcache/clk_gate_memory_reg_179__2
                                       6.8400      0.0      1.3680       5.4720  0.0000  SNPS_CLOCK_GATE_HIGH_dsram_mydesign_0_mydesign_717
top0/ID_stage/dcache/clk_gate_memory_reg_17_
                                       6.8400      0.0      1.3680       5.4720  0.0000  SNPS_CLOCK_GATE_HIGH_dsram_mydesign_0_mydesign_72
top0/ID_stage/dcache/clk_gate_memory_reg_17__0
                                       6.8400      0.0      1.3680       5.4720  0.0000  SNPS_CLOCK_GATE_HIGH_dsram_mydesign_0_mydesign_71
top0/ID_stage/dcache/clk_gate_memory_reg_17__1
                                       6.8400      0.0      1.3680       5.4720  0.0000  SNPS_CLOCK_GATE_HIGH_dsram_mydesign_0_mydesign_70
top0/ID_stage/dcache/clk_gate_memory_reg_17__2
                                       6.8400      0.0      1.3680       5.4720  0.0000  SNPS_CLOCK_GATE_HIGH_dsram_mydesign_0_mydesign_69
top0/ID_stage/dcache/clk_gate_memory_reg_180_
                                       6.8400      0.0      1.3680       5.4720  0.0000  SNPS_CLOCK_GATE_HIGH_dsram_mydesign_0_mydesign_724
top0/ID_stage/dcache/clk_gate_memory_reg_180__0
                                       6.8400      0.0      1.3680       5.4720  0.0000  SNPS_CLOCK_GATE_HIGH_dsram_mydesign_0_mydesign_723
top0/ID_stage/dcache/clk_gate_memory_reg_180__1
                                       6.8400      0.0      1.3680       5.4720  0.0000  SNPS_CLOCK_GATE_HIGH_dsram_mydesign_0_mydesign_722
top0/ID_stage/dcache/clk_gate_memory_reg_180__2
                                       6.8400      0.0      1.3680       5.4720  0.0000  SNPS_CLOCK_GATE_HIGH_dsram_mydesign_0_mydesign_721
top0/ID_stage/dcache/clk_gate_memory_reg_181_
                                       6.8400      0.0      1.3680       5.4720  0.0000  SNPS_CLOCK_GATE_HIGH_dsram_mydesign_0_mydesign_728
top0/ID_stage/dcache/clk_gate_memory_reg_181__0
                                       6.8400      0.0      1.3680       5.4720  0.0000  SNPS_CLOCK_GATE_HIGH_dsram_mydesign_0_mydesign_727
top0/ID_stage/dcache/clk_gate_memory_reg_181__1
                                       6.8400      0.0      1.3680       5.4720  0.0000  SNPS_CLOCK_GATE_HIGH_dsram_mydesign_0_mydesign_726
top0/ID_stage/dcache/clk_gate_memory_reg_181__2
                                       6.8400      0.0      1.3680       5.4720  0.0000  SNPS_CLOCK_GATE_HIGH_dsram_mydesign_0_mydesign_725
top0/ID_stage/dcache/clk_gate_memory_reg_182_
                                       6.8400      0.0      1.3680       5.4720  0.0000  SNPS_CLOCK_GATE_HIGH_dsram_mydesign_0_mydesign_732
top0/ID_stage/dcache/clk_gate_memory_reg_182__0
                                       6.8400      0.0      1.3680       5.4720  0.0000  SNPS_CLOCK_GATE_HIGH_dsram_mydesign_0_mydesign_731
top0/ID_stage/dcache/clk_gate_memory_reg_182__1
                                       6.8400      0.0      1.3680       5.4720  0.0000  SNPS_CLOCK_GATE_HIGH_dsram_mydesign_0_mydesign_730
top0/ID_stage/dcache/clk_gate_memory_reg_182__2
                                       6.8400      0.0      1.3680       5.4720  0.0000  SNPS_CLOCK_GATE_HIGH_dsram_mydesign_0_mydesign_729
top0/ID_stage/dcache/clk_gate_memory_reg_183_
                                       6.8400      0.0      1.3680       5.4720  0.0000  SNPS_CLOCK_GATE_HIGH_dsram_mydesign_0_mydesign_736
top0/ID_stage/dcache/clk_gate_memory_reg_183__0
                                       6.8400      0.0      1.3680       5.4720  0.0000  SNPS_CLOCK_GATE_HIGH_dsram_mydesign_0_mydesign_735
top0/ID_stage/dcache/clk_gate_memory_reg_183__1
                                       6.8400      0.0      1.3680       5.4720  0.0000  SNPS_CLOCK_GATE_HIGH_dsram_mydesign_0_mydesign_734
top0/ID_stage/dcache/clk_gate_memory_reg_183__2
                                       6.8400      0.0      1.3680       5.4720  0.0000  SNPS_CLOCK_GATE_HIGH_dsram_mydesign_0_mydesign_733
top0/ID_stage/dcache/clk_gate_memory_reg_184_
                                       6.8400      0.0      1.3680       5.4720  0.0000  SNPS_CLOCK_GATE_HIGH_dsram_mydesign_0_mydesign_740
top0/ID_stage/dcache/clk_gate_memory_reg_184__0
                                       6.8400      0.0      1.3680       5.4720  0.0000  SNPS_CLOCK_GATE_HIGH_dsram_mydesign_0_mydesign_739
top0/ID_stage/dcache/clk_gate_memory_reg_184__1
                                       6.8400      0.0      1.3680       5.4720  0.0000  SNPS_CLOCK_GATE_HIGH_dsram_mydesign_0_mydesign_738
top0/ID_stage/dcache/clk_gate_memory_reg_184__2
                                       6.8400      0.0      1.3680       5.4720  0.0000  SNPS_CLOCK_GATE_HIGH_dsram_mydesign_0_mydesign_737
top0/ID_stage/dcache/clk_gate_memory_reg_185_
                                       6.8400      0.0      1.3680       5.4720  0.0000  SNPS_CLOCK_GATE_HIGH_dsram_mydesign_0_mydesign_744
top0/ID_stage/dcache/clk_gate_memory_reg_185__0
                                       6.8400      0.0      1.3680       5.4720  0.0000  SNPS_CLOCK_GATE_HIGH_dsram_mydesign_0_mydesign_743
top0/ID_stage/dcache/clk_gate_memory_reg_185__1
                                       6.8400      0.0      1.3680       5.4720  0.0000  SNPS_CLOCK_GATE_HIGH_dsram_mydesign_0_mydesign_742
top0/ID_stage/dcache/clk_gate_memory_reg_185__2
                                       6.8400      0.0      1.3680       5.4720  0.0000  SNPS_CLOCK_GATE_HIGH_dsram_mydesign_0_mydesign_741
top0/ID_stage/dcache/clk_gate_memory_reg_186_
                                       6.8400      0.0      1.3680       5.4720  0.0000  SNPS_CLOCK_GATE_HIGH_dsram_mydesign_0_mydesign_748
top0/ID_stage/dcache/clk_gate_memory_reg_186__0
                                       6.8400      0.0      1.3680       5.4720  0.0000  SNPS_CLOCK_GATE_HIGH_dsram_mydesign_0_mydesign_747
top0/ID_stage/dcache/clk_gate_memory_reg_186__1
                                       6.8400      0.0      1.3680       5.4720  0.0000  SNPS_CLOCK_GATE_HIGH_dsram_mydesign_0_mydesign_746
top0/ID_stage/dcache/clk_gate_memory_reg_186__2
                                       6.8400      0.0      1.3680       5.4720  0.0000  SNPS_CLOCK_GATE_HIGH_dsram_mydesign_0_mydesign_745
top0/ID_stage/dcache/clk_gate_memory_reg_187_
                                       6.8400      0.0      1.3680       5.4720  0.0000  SNPS_CLOCK_GATE_HIGH_dsram_mydesign_0_mydesign_752
top0/ID_stage/dcache/clk_gate_memory_reg_187__0
                                       6.8400      0.0      1.3680       5.4720  0.0000  SNPS_CLOCK_GATE_HIGH_dsram_mydesign_0_mydesign_751
top0/ID_stage/dcache/clk_gate_memory_reg_187__1
                                       6.8400      0.0      1.3680       5.4720  0.0000  SNPS_CLOCK_GATE_HIGH_dsram_mydesign_0_mydesign_750
top0/ID_stage/dcache/clk_gate_memory_reg_187__2
                                       6.8400      0.0      1.3680       5.4720  0.0000  SNPS_CLOCK_GATE_HIGH_dsram_mydesign_0_mydesign_749
top0/ID_stage/dcache/clk_gate_memory_reg_188_
                                       6.8400      0.0      1.3680       5.4720  0.0000  SNPS_CLOCK_GATE_HIGH_dsram_mydesign_0_mydesign_756
top0/ID_stage/dcache/clk_gate_memory_reg_188__0
                                       6.8400      0.0      1.3680       5.4720  0.0000  SNPS_CLOCK_GATE_HIGH_dsram_mydesign_0_mydesign_755
top0/ID_stage/dcache/clk_gate_memory_reg_188__1
                                       6.8400      0.0      1.3680       5.4720  0.0000  SNPS_CLOCK_GATE_HIGH_dsram_mydesign_0_mydesign_754
top0/ID_stage/dcache/clk_gate_memory_reg_188__2
                                       6.8400      0.0      1.3680       5.4720  0.0000  SNPS_CLOCK_GATE_HIGH_dsram_mydesign_0_mydesign_753
top0/ID_stage/dcache/clk_gate_memory_reg_189_
                                       6.8400      0.0      1.3680       5.4720  0.0000  SNPS_CLOCK_GATE_HIGH_dsram_mydesign_0_mydesign_760
top0/ID_stage/dcache/clk_gate_memory_reg_189__0
                                       6.8400      0.0      1.3680       5.4720  0.0000  SNPS_CLOCK_GATE_HIGH_dsram_mydesign_0_mydesign_759
top0/ID_stage/dcache/clk_gate_memory_reg_189__1
                                       6.8400      0.0      1.3680       5.4720  0.0000  SNPS_CLOCK_GATE_HIGH_dsram_mydesign_0_mydesign_758
top0/ID_stage/dcache/clk_gate_memory_reg_189__2
                                       6.8400      0.0      1.3680       5.4720  0.0000  SNPS_CLOCK_GATE_HIGH_dsram_mydesign_0_mydesign_757
top0/ID_stage/dcache/clk_gate_memory_reg_18_
                                       6.8400      0.0      1.3680       5.4720  0.0000  SNPS_CLOCK_GATE_HIGH_dsram_mydesign_0_mydesign_76
top0/ID_stage/dcache/clk_gate_memory_reg_18__0
                                       6.8400      0.0      1.3680       5.4720  0.0000  SNPS_CLOCK_GATE_HIGH_dsram_mydesign_0_mydesign_75
top0/ID_stage/dcache/clk_gate_memory_reg_18__1
                                       6.8400      0.0      1.3680       5.4720  0.0000  SNPS_CLOCK_GATE_HIGH_dsram_mydesign_0_mydesign_74
top0/ID_stage/dcache/clk_gate_memory_reg_18__2
                                       6.8400      0.0      1.3680       5.4720  0.0000  SNPS_CLOCK_GATE_HIGH_dsram_mydesign_0_mydesign_73
top0/ID_stage/dcache/clk_gate_memory_reg_190_
                                       6.8400      0.0      1.3680       5.4720  0.0000  SNPS_CLOCK_GATE_HIGH_dsram_mydesign_0_mydesign_764
top0/ID_stage/dcache/clk_gate_memory_reg_190__0
                                       6.8400      0.0      1.3680       5.4720  0.0000  SNPS_CLOCK_GATE_HIGH_dsram_mydesign_0_mydesign_763
top0/ID_stage/dcache/clk_gate_memory_reg_190__1
                                       6.8400      0.0      1.3680       5.4720  0.0000  SNPS_CLOCK_GATE_HIGH_dsram_mydesign_0_mydesign_762
top0/ID_stage/dcache/clk_gate_memory_reg_190__2
                                       6.8400      0.0      1.3680       5.4720  0.0000  SNPS_CLOCK_GATE_HIGH_dsram_mydesign_0_mydesign_761
top0/ID_stage/dcache/clk_gate_memory_reg_191_
                                       6.8400      0.0      1.3680       5.4720  0.0000  SNPS_CLOCK_GATE_HIGH_dsram_mydesign_0_mydesign_768
top0/ID_stage/dcache/clk_gate_memory_reg_191__0
                                       6.8400      0.0      1.3680       5.4720  0.0000  SNPS_CLOCK_GATE_HIGH_dsram_mydesign_0_mydesign_767
top0/ID_stage/dcache/clk_gate_memory_reg_191__1
                                       6.8400      0.0      1.3680       5.4720  0.0000  SNPS_CLOCK_GATE_HIGH_dsram_mydesign_0_mydesign_766
top0/ID_stage/dcache/clk_gate_memory_reg_191__2
                                       6.8400      0.0      1.3680       5.4720  0.0000  SNPS_CLOCK_GATE_HIGH_dsram_mydesign_0_mydesign_765
top0/ID_stage/dcache/clk_gate_memory_reg_192_
                                       6.8400      0.0      1.3680       5.4720  0.0000  SNPS_CLOCK_GATE_HIGH_dsram_mydesign_0_mydesign_772
top0/ID_stage/dcache/clk_gate_memory_reg_192__0
                                       6.8400      0.0      1.3680       5.4720  0.0000  SNPS_CLOCK_GATE_HIGH_dsram_mydesign_0_mydesign_771
top0/ID_stage/dcache/clk_gate_memory_reg_192__1
                                       6.8400      0.0      1.3680       5.4720  0.0000  SNPS_CLOCK_GATE_HIGH_dsram_mydesign_0_mydesign_770
top0/ID_stage/dcache/clk_gate_memory_reg_192__2
                                       6.8400      0.0      1.3680       5.4720  0.0000  SNPS_CLOCK_GATE_HIGH_dsram_mydesign_0_mydesign_769
top0/ID_stage/dcache/clk_gate_memory_reg_193_
                                       6.8400      0.0      1.3680       5.4720  0.0000  SNPS_CLOCK_GATE_HIGH_dsram_mydesign_0_mydesign_776
top0/ID_stage/dcache/clk_gate_memory_reg_193__0
                                       6.8400      0.0      1.3680       5.4720  0.0000  SNPS_CLOCK_GATE_HIGH_dsram_mydesign_0_mydesign_775
top0/ID_stage/dcache/clk_gate_memory_reg_193__1
                                       6.8400      0.0      1.3680       5.4720  0.0000  SNPS_CLOCK_GATE_HIGH_dsram_mydesign_0_mydesign_774
top0/ID_stage/dcache/clk_gate_memory_reg_193__2
                                       6.8400      0.0      1.3680       5.4720  0.0000  SNPS_CLOCK_GATE_HIGH_dsram_mydesign_0_mydesign_773
top0/ID_stage/dcache/clk_gate_memory_reg_194_
                                       6.8400      0.0      1.3680       5.4720  0.0000  SNPS_CLOCK_GATE_HIGH_dsram_mydesign_0_mydesign_780
top0/ID_stage/dcache/clk_gate_memory_reg_194__0
                                       6.8400      0.0      1.3680       5.4720  0.0000  SNPS_CLOCK_GATE_HIGH_dsram_mydesign_0_mydesign_779
top0/ID_stage/dcache/clk_gate_memory_reg_194__1
                                       6.8400      0.0      1.3680       5.4720  0.0000  SNPS_CLOCK_GATE_HIGH_dsram_mydesign_0_mydesign_778
top0/ID_stage/dcache/clk_gate_memory_reg_194__2
                                       6.8400      0.0      1.3680       5.4720  0.0000  SNPS_CLOCK_GATE_HIGH_dsram_mydesign_0_mydesign_777
top0/ID_stage/dcache/clk_gate_memory_reg_195_
                                       6.8400      0.0      1.3680       5.4720  0.0000  SNPS_CLOCK_GATE_HIGH_dsram_mydesign_0_mydesign_784
top0/ID_stage/dcache/clk_gate_memory_reg_195__0
                                       6.8400      0.0      1.3680       5.4720  0.0000  SNPS_CLOCK_GATE_HIGH_dsram_mydesign_0_mydesign_783
top0/ID_stage/dcache/clk_gate_memory_reg_195__1
                                       6.8400      0.0      1.3680       5.4720  0.0000  SNPS_CLOCK_GATE_HIGH_dsram_mydesign_0_mydesign_782
top0/ID_stage/dcache/clk_gate_memory_reg_195__2
                                       6.8400      0.0      1.3680       5.4720  0.0000  SNPS_CLOCK_GATE_HIGH_dsram_mydesign_0_mydesign_781
top0/ID_stage/dcache/clk_gate_memory_reg_196_
                                       6.8400      0.0      1.3680       5.4720  0.0000  SNPS_CLOCK_GATE_HIGH_dsram_mydesign_0_mydesign_788
top0/ID_stage/dcache/clk_gate_memory_reg_196__0
                                       6.8400      0.0      1.3680       5.4720  0.0000  SNPS_CLOCK_GATE_HIGH_dsram_mydesign_0_mydesign_787
top0/ID_stage/dcache/clk_gate_memory_reg_196__1
                                       6.8400      0.0      1.3680       5.4720  0.0000  SNPS_CLOCK_GATE_HIGH_dsram_mydesign_0_mydesign_786
top0/ID_stage/dcache/clk_gate_memory_reg_196__2
                                       6.8400      0.0      1.3680       5.4720  0.0000  SNPS_CLOCK_GATE_HIGH_dsram_mydesign_0_mydesign_785
top0/ID_stage/dcache/clk_gate_memory_reg_197_
                                       6.8400      0.0      1.3680       5.4720  0.0000  SNPS_CLOCK_GATE_HIGH_dsram_mydesign_0_mydesign_792
top0/ID_stage/dcache/clk_gate_memory_reg_197__0
                                       6.8400      0.0      1.3680       5.4720  0.0000  SNPS_CLOCK_GATE_HIGH_dsram_mydesign_0_mydesign_791
top0/ID_stage/dcache/clk_gate_memory_reg_197__1
                                       6.8400      0.0      1.3680       5.4720  0.0000  SNPS_CLOCK_GATE_HIGH_dsram_mydesign_0_mydesign_790
top0/ID_stage/dcache/clk_gate_memory_reg_197__2
                                       6.8400      0.0      1.3680       5.4720  0.0000  SNPS_CLOCK_GATE_HIGH_dsram_mydesign_0_mydesign_789
top0/ID_stage/dcache/clk_gate_memory_reg_198_
                                       6.8400      0.0      1.3680       5.4720  0.0000  SNPS_CLOCK_GATE_HIGH_dsram_mydesign_0_mydesign_796
top0/ID_stage/dcache/clk_gate_memory_reg_198__0
                                       6.8400      0.0      1.3680       5.4720  0.0000  SNPS_CLOCK_GATE_HIGH_dsram_mydesign_0_mydesign_795
top0/ID_stage/dcache/clk_gate_memory_reg_198__1
                                       6.8400      0.0      1.3680       5.4720  0.0000  SNPS_CLOCK_GATE_HIGH_dsram_mydesign_0_mydesign_794
top0/ID_stage/dcache/clk_gate_memory_reg_198__2
                                       6.8400      0.0      1.3680       5.4720  0.0000  SNPS_CLOCK_GATE_HIGH_dsram_mydesign_0_mydesign_793
top0/ID_stage/dcache/clk_gate_memory_reg_199_
                                       6.8400      0.0      1.3680       5.4720  0.0000  SNPS_CLOCK_GATE_HIGH_dsram_mydesign_0_mydesign_800
top0/ID_stage/dcache/clk_gate_memory_reg_199__0
                                       6.8400      0.0      1.3680       5.4720  0.0000  SNPS_CLOCK_GATE_HIGH_dsram_mydesign_0_mydesign_799
top0/ID_stage/dcache/clk_gate_memory_reg_199__1
                                       6.8400      0.0      1.3680       5.4720  0.0000  SNPS_CLOCK_GATE_HIGH_dsram_mydesign_0_mydesign_798
top0/ID_stage/dcache/clk_gate_memory_reg_199__2
                                       6.8400      0.0      1.3680       5.4720  0.0000  SNPS_CLOCK_GATE_HIGH_dsram_mydesign_0_mydesign_797
top0/ID_stage/dcache/clk_gate_memory_reg_19_
                                       6.8400      0.0      1.3680       5.4720  0.0000  SNPS_CLOCK_GATE_HIGH_dsram_mydesign_0_mydesign_80
top0/ID_stage/dcache/clk_gate_memory_reg_19__0
                                       6.8400      0.0      1.3680       5.4720  0.0000  SNPS_CLOCK_GATE_HIGH_dsram_mydesign_0_mydesign_79
top0/ID_stage/dcache/clk_gate_memory_reg_19__1
                                       6.8400      0.0      1.3680       5.4720  0.0000  SNPS_CLOCK_GATE_HIGH_dsram_mydesign_0_mydesign_78
top0/ID_stage/dcache/clk_gate_memory_reg_19__2
                                       6.8400      0.0      1.3680       5.4720  0.0000  SNPS_CLOCK_GATE_HIGH_dsram_mydesign_0_mydesign_77
top0/ID_stage/dcache/clk_gate_memory_reg_1_
                                       6.8400      0.0      1.3680       5.4720  0.0000  SNPS_CLOCK_GATE_HIGH_dsram_mydesign_0_mydesign_8
top0/ID_stage/dcache/clk_gate_memory_reg_1__0
                                       6.8400      0.0      1.3680       5.4720  0.0000  SNPS_CLOCK_GATE_HIGH_dsram_mydesign_0_mydesign_7
top0/ID_stage/dcache/clk_gate_memory_reg_1__1
                                       6.8400      0.0      1.3680       5.4720  0.0000  SNPS_CLOCK_GATE_HIGH_dsram_mydesign_0_mydesign_6
top0/ID_stage/dcache/clk_gate_memory_reg_1__2
                                       6.8400      0.0      1.3680       5.4720  0.0000  SNPS_CLOCK_GATE_HIGH_dsram_mydesign_0_mydesign_5
top0/ID_stage/dcache/clk_gate_memory_reg_200_
                                       6.8400      0.0      1.3680       5.4720  0.0000  SNPS_CLOCK_GATE_HIGH_dsram_mydesign_0_mydesign_804
top0/ID_stage/dcache/clk_gate_memory_reg_200__0
                                       6.8400      0.0      1.3680       5.4720  0.0000  SNPS_CLOCK_GATE_HIGH_dsram_mydesign_0_mydesign_803
top0/ID_stage/dcache/clk_gate_memory_reg_200__1
                                       6.8400      0.0      1.3680       5.4720  0.0000  SNPS_CLOCK_GATE_HIGH_dsram_mydesign_0_mydesign_802
top0/ID_stage/dcache/clk_gate_memory_reg_200__2
                                       6.8400      0.0      1.3680       5.4720  0.0000  SNPS_CLOCK_GATE_HIGH_dsram_mydesign_0_mydesign_801
top0/ID_stage/dcache/clk_gate_memory_reg_201_
                                       6.8400      0.0      1.3680       5.4720  0.0000  SNPS_CLOCK_GATE_HIGH_dsram_mydesign_0_mydesign_808
top0/ID_stage/dcache/clk_gate_memory_reg_201__0
                                       6.8400      0.0      1.3680       5.4720  0.0000  SNPS_CLOCK_GATE_HIGH_dsram_mydesign_0_mydesign_807
top0/ID_stage/dcache/clk_gate_memory_reg_201__1
                                       6.8400      0.0      1.3680       5.4720  0.0000  SNPS_CLOCK_GATE_HIGH_dsram_mydesign_0_mydesign_806
top0/ID_stage/dcache/clk_gate_memory_reg_201__2
                                       6.8400      0.0      1.3680       5.4720  0.0000  SNPS_CLOCK_GATE_HIGH_dsram_mydesign_0_mydesign_805
top0/ID_stage/dcache/clk_gate_memory_reg_202_
                                       6.8400      0.0      1.3680       5.4720  0.0000  SNPS_CLOCK_GATE_HIGH_dsram_mydesign_0_mydesign_812
top0/ID_stage/dcache/clk_gate_memory_reg_202__0
                                       6.8400      0.0      1.3680       5.4720  0.0000  SNPS_CLOCK_GATE_HIGH_dsram_mydesign_0_mydesign_811
top0/ID_stage/dcache/clk_gate_memory_reg_202__1
                                       6.8400      0.0      1.3680       5.4720  0.0000  SNPS_CLOCK_GATE_HIGH_dsram_mydesign_0_mydesign_810
top0/ID_stage/dcache/clk_gate_memory_reg_202__2
                                       6.8400      0.0      1.3680       5.4720  0.0000  SNPS_CLOCK_GATE_HIGH_dsram_mydesign_0_mydesign_809
top0/ID_stage/dcache/clk_gate_memory_reg_203_
                                       6.8400      0.0      1.3680       5.4720  0.0000  SNPS_CLOCK_GATE_HIGH_dsram_mydesign_0_mydesign_816
top0/ID_stage/dcache/clk_gate_memory_reg_203__0
                                       6.8400      0.0      1.3680       5.4720  0.0000  SNPS_CLOCK_GATE_HIGH_dsram_mydesign_0_mydesign_815
top0/ID_stage/dcache/clk_gate_memory_reg_203__1
                                       6.8400      0.0      1.3680       5.4720  0.0000  SNPS_CLOCK_GATE_HIGH_dsram_mydesign_0_mydesign_814
top0/ID_stage/dcache/clk_gate_memory_reg_203__2
                                       6.8400      0.0      1.3680       5.4720  0.0000  SNPS_CLOCK_GATE_HIGH_dsram_mydesign_0_mydesign_813
top0/ID_stage/dcache/clk_gate_memory_reg_204_
                                       6.8400      0.0      1.3680       5.4720  0.0000  SNPS_CLOCK_GATE_HIGH_dsram_mydesign_0_mydesign_820
top0/ID_stage/dcache/clk_gate_memory_reg_204__0
                                       6.8400      0.0      1.3680       5.4720  0.0000  SNPS_CLOCK_GATE_HIGH_dsram_mydesign_0_mydesign_819
top0/ID_stage/dcache/clk_gate_memory_reg_204__1
                                       6.8400      0.0      1.3680       5.4720  0.0000  SNPS_CLOCK_GATE_HIGH_dsram_mydesign_0_mydesign_818
top0/ID_stage/dcache/clk_gate_memory_reg_204__2
                                       6.8400      0.0      1.3680       5.4720  0.0000  SNPS_CLOCK_GATE_HIGH_dsram_mydesign_0_mydesign_817
top0/ID_stage/dcache/clk_gate_memory_reg_205_
                                       6.8400      0.0      1.3680       5.4720  0.0000  SNPS_CLOCK_GATE_HIGH_dsram_mydesign_0_mydesign_824
top0/ID_stage/dcache/clk_gate_memory_reg_205__0
                                       6.8400      0.0      1.3680       5.4720  0.0000  SNPS_CLOCK_GATE_HIGH_dsram_mydesign_0_mydesign_823
top0/ID_stage/dcache/clk_gate_memory_reg_205__1
                                       6.8400      0.0      1.3680       5.4720  0.0000  SNPS_CLOCK_GATE_HIGH_dsram_mydesign_0_mydesign_822
top0/ID_stage/dcache/clk_gate_memory_reg_205__2
                                       6.8400      0.0      1.3680       5.4720  0.0000  SNPS_CLOCK_GATE_HIGH_dsram_mydesign_0_mydesign_821
top0/ID_stage/dcache/clk_gate_memory_reg_206_
                                       6.8400      0.0      1.3680       5.4720  0.0000  SNPS_CLOCK_GATE_HIGH_dsram_mydesign_0_mydesign_828
top0/ID_stage/dcache/clk_gate_memory_reg_206__0
                                       6.8400      0.0      1.3680       5.4720  0.0000  SNPS_CLOCK_GATE_HIGH_dsram_mydesign_0_mydesign_827
top0/ID_stage/dcache/clk_gate_memory_reg_206__1
                                       6.8400      0.0      1.3680       5.4720  0.0000  SNPS_CLOCK_GATE_HIGH_dsram_mydesign_0_mydesign_826
top0/ID_stage/dcache/clk_gate_memory_reg_206__2
                                       6.8400      0.0      1.3680       5.4720  0.0000  SNPS_CLOCK_GATE_HIGH_dsram_mydesign_0_mydesign_825
top0/ID_stage/dcache/clk_gate_memory_reg_207_
                                       6.8400      0.0      1.3680       5.4720  0.0000  SNPS_CLOCK_GATE_HIGH_dsram_mydesign_0_mydesign_832
top0/ID_stage/dcache/clk_gate_memory_reg_207__0
                                       6.8400      0.0      1.3680       5.4720  0.0000  SNPS_CLOCK_GATE_HIGH_dsram_mydesign_0_mydesign_831
top0/ID_stage/dcache/clk_gate_memory_reg_207__1
                                       6.8400      0.0      1.3680       5.4720  0.0000  SNPS_CLOCK_GATE_HIGH_dsram_mydesign_0_mydesign_830
top0/ID_stage/dcache/clk_gate_memory_reg_207__2
                                       6.8400      0.0      1.3680       5.4720  0.0000  SNPS_CLOCK_GATE_HIGH_dsram_mydesign_0_mydesign_829
top0/ID_stage/dcache/clk_gate_memory_reg_208_
                                       6.8400      0.0      1.3680       5.4720  0.0000  SNPS_CLOCK_GATE_HIGH_dsram_mydesign_0_mydesign_836
top0/ID_stage/dcache/clk_gate_memory_reg_208__0
                                       6.8400      0.0      1.3680       5.4720  0.0000  SNPS_CLOCK_GATE_HIGH_dsram_mydesign_0_mydesign_835
top0/ID_stage/dcache/clk_gate_memory_reg_208__1
                                       6.8400      0.0      1.3680       5.4720  0.0000  SNPS_CLOCK_GATE_HIGH_dsram_mydesign_0_mydesign_834
top0/ID_stage/dcache/clk_gate_memory_reg_208__2
                                       6.8400      0.0      1.3680       5.4720  0.0000  SNPS_CLOCK_GATE_HIGH_dsram_mydesign_0_mydesign_833
top0/ID_stage/dcache/clk_gate_memory_reg_209_
                                       6.8400      0.0      1.3680       5.4720  0.0000  SNPS_CLOCK_GATE_HIGH_dsram_mydesign_0_mydesign_840
top0/ID_stage/dcache/clk_gate_memory_reg_209__0
                                       6.8400      0.0      1.3680       5.4720  0.0000  SNPS_CLOCK_GATE_HIGH_dsram_mydesign_0_mydesign_839
top0/ID_stage/dcache/clk_gate_memory_reg_209__1
                                       6.8400      0.0      1.3680       5.4720  0.0000  SNPS_CLOCK_GATE_HIGH_dsram_mydesign_0_mydesign_838
top0/ID_stage/dcache/clk_gate_memory_reg_209__2
                                       6.8400      0.0      1.3680       5.4720  0.0000  SNPS_CLOCK_GATE_HIGH_dsram_mydesign_0_mydesign_837
top0/ID_stage/dcache/clk_gate_memory_reg_20_
                                       6.8400      0.0      1.3680       5.4720  0.0000  SNPS_CLOCK_GATE_HIGH_dsram_mydesign_0_mydesign_84
top0/ID_stage/dcache/clk_gate_memory_reg_20__0
                                       6.8400      0.0      1.3680       5.4720  0.0000  SNPS_CLOCK_GATE_HIGH_dsram_mydesign_0_mydesign_83
top0/ID_stage/dcache/clk_gate_memory_reg_20__1
                                       6.8400      0.0      1.3680       5.4720  0.0000  SNPS_CLOCK_GATE_HIGH_dsram_mydesign_0_mydesign_82
top0/ID_stage/dcache/clk_gate_memory_reg_20__2
                                       6.8400      0.0      1.3680       5.4720  0.0000  SNPS_CLOCK_GATE_HIGH_dsram_mydesign_0_mydesign_81
top0/ID_stage/dcache/clk_gate_memory_reg_210_
                                       6.8400      0.0      1.3680       5.4720  0.0000  SNPS_CLOCK_GATE_HIGH_dsram_mydesign_0_mydesign_844
top0/ID_stage/dcache/clk_gate_memory_reg_210__0
                                       6.8400      0.0      1.3680       5.4720  0.0000  SNPS_CLOCK_GATE_HIGH_dsram_mydesign_0_mydesign_843
top0/ID_stage/dcache/clk_gate_memory_reg_210__1
                                       6.8400      0.0      1.3680       5.4720  0.0000  SNPS_CLOCK_GATE_HIGH_dsram_mydesign_0_mydesign_842
top0/ID_stage/dcache/clk_gate_memory_reg_210__2
                                       6.8400      0.0      1.3680       5.4720  0.0000  SNPS_CLOCK_GATE_HIGH_dsram_mydesign_0_mydesign_841
top0/ID_stage/dcache/clk_gate_memory_reg_211_
                                       6.8400      0.0      1.3680       5.4720  0.0000  SNPS_CLOCK_GATE_HIGH_dsram_mydesign_0_mydesign_848
top0/ID_stage/dcache/clk_gate_memory_reg_211__0
                                       6.8400      0.0      1.3680       5.4720  0.0000  SNPS_CLOCK_GATE_HIGH_dsram_mydesign_0_mydesign_847
top0/ID_stage/dcache/clk_gate_memory_reg_211__1
                                       6.8400      0.0      1.3680       5.4720  0.0000  SNPS_CLOCK_GATE_HIGH_dsram_mydesign_0_mydesign_846
top0/ID_stage/dcache/clk_gate_memory_reg_211__2
                                       6.8400      0.0      1.3680       5.4720  0.0000  SNPS_CLOCK_GATE_HIGH_dsram_mydesign_0_mydesign_845
top0/ID_stage/dcache/clk_gate_memory_reg_212_
                                       6.8400      0.0      1.3680       5.4720  0.0000  SNPS_CLOCK_GATE_HIGH_dsram_mydesign_0_mydesign_852
top0/ID_stage/dcache/clk_gate_memory_reg_212__0
                                       6.8400      0.0      1.3680       5.4720  0.0000  SNPS_CLOCK_GATE_HIGH_dsram_mydesign_0_mydesign_851
top0/ID_stage/dcache/clk_gate_memory_reg_212__1
                                       6.8400      0.0      1.3680       5.4720  0.0000  SNPS_CLOCK_GATE_HIGH_dsram_mydesign_0_mydesign_850
top0/ID_stage/dcache/clk_gate_memory_reg_212__2
                                       6.8400      0.0      1.3680       5.4720  0.0000  SNPS_CLOCK_GATE_HIGH_dsram_mydesign_0_mydesign_849
top0/ID_stage/dcache/clk_gate_memory_reg_213_
                                       6.8400      0.0      1.3680       5.4720  0.0000  SNPS_CLOCK_GATE_HIGH_dsram_mydesign_0_mydesign_856
top0/ID_stage/dcache/clk_gate_memory_reg_213__0
                                       6.8400      0.0      1.3680       5.4720  0.0000  SNPS_CLOCK_GATE_HIGH_dsram_mydesign_0_mydesign_855
top0/ID_stage/dcache/clk_gate_memory_reg_213__1
                                       6.8400      0.0      1.3680       5.4720  0.0000  SNPS_CLOCK_GATE_HIGH_dsram_mydesign_0_mydesign_854
top0/ID_stage/dcache/clk_gate_memory_reg_213__2
                                       6.8400      0.0      1.3680       5.4720  0.0000  SNPS_CLOCK_GATE_HIGH_dsram_mydesign_0_mydesign_853
top0/ID_stage/dcache/clk_gate_memory_reg_214_
                                       6.8400      0.0      1.3680       5.4720  0.0000  SNPS_CLOCK_GATE_HIGH_dsram_mydesign_0_mydesign_860
top0/ID_stage/dcache/clk_gate_memory_reg_214__0
                                       6.8400      0.0      1.3680       5.4720  0.0000  SNPS_CLOCK_GATE_HIGH_dsram_mydesign_0_mydesign_859
top0/ID_stage/dcache/clk_gate_memory_reg_214__1
                                       6.8400      0.0      1.3680       5.4720  0.0000  SNPS_CLOCK_GATE_HIGH_dsram_mydesign_0_mydesign_858
top0/ID_stage/dcache/clk_gate_memory_reg_214__2
                                       6.8400      0.0      1.3680       5.4720  0.0000  SNPS_CLOCK_GATE_HIGH_dsram_mydesign_0_mydesign_857
top0/ID_stage/dcache/clk_gate_memory_reg_215_
                                       6.8400      0.0      1.3680       5.4720  0.0000  SNPS_CLOCK_GATE_HIGH_dsram_mydesign_0_mydesign_864
top0/ID_stage/dcache/clk_gate_memory_reg_215__0
                                       6.8400      0.0      1.3680       5.4720  0.0000  SNPS_CLOCK_GATE_HIGH_dsram_mydesign_0_mydesign_863
top0/ID_stage/dcache/clk_gate_memory_reg_215__1
                                       6.8400      0.0      1.3680       5.4720  0.0000  SNPS_CLOCK_GATE_HIGH_dsram_mydesign_0_mydesign_862
top0/ID_stage/dcache/clk_gate_memory_reg_215__2
                                       6.8400      0.0      1.3680       5.4720  0.0000  SNPS_CLOCK_GATE_HIGH_dsram_mydesign_0_mydesign_861
top0/ID_stage/dcache/clk_gate_memory_reg_216_
                                       6.8400      0.0      1.3680       5.4720  0.0000  SNPS_CLOCK_GATE_HIGH_dsram_mydesign_0_mydesign_868
top0/ID_stage/dcache/clk_gate_memory_reg_216__0
                                       6.8400      0.0      1.3680       5.4720  0.0000  SNPS_CLOCK_GATE_HIGH_dsram_mydesign_0_mydesign_867
top0/ID_stage/dcache/clk_gate_memory_reg_216__1
                                       6.8400      0.0      1.3680       5.4720  0.0000  SNPS_CLOCK_GATE_HIGH_dsram_mydesign_0_mydesign_866
top0/ID_stage/dcache/clk_gate_memory_reg_216__2
                                       6.8400      0.0      1.3680       5.4720  0.0000  SNPS_CLOCK_GATE_HIGH_dsram_mydesign_0_mydesign_865
top0/ID_stage/dcache/clk_gate_memory_reg_217_
                                       6.8400      0.0      1.3680       5.4720  0.0000  SNPS_CLOCK_GATE_HIGH_dsram_mydesign_0_mydesign_872
top0/ID_stage/dcache/clk_gate_memory_reg_217__0
                                       6.8400      0.0      1.3680       5.4720  0.0000  SNPS_CLOCK_GATE_HIGH_dsram_mydesign_0_mydesign_871
top0/ID_stage/dcache/clk_gate_memory_reg_217__1
                                       6.8400      0.0      1.3680       5.4720  0.0000  SNPS_CLOCK_GATE_HIGH_dsram_mydesign_0_mydesign_870
top0/ID_stage/dcache/clk_gate_memory_reg_217__2
                                       6.8400      0.0      1.3680       5.4720  0.0000  SNPS_CLOCK_GATE_HIGH_dsram_mydesign_0_mydesign_869
top0/ID_stage/dcache/clk_gate_memory_reg_218_
                                       6.8400      0.0      1.3680       5.4720  0.0000  SNPS_CLOCK_GATE_HIGH_dsram_mydesign_0_mydesign_876
top0/ID_stage/dcache/clk_gate_memory_reg_218__0
                                       6.8400      0.0      1.3680       5.4720  0.0000  SNPS_CLOCK_GATE_HIGH_dsram_mydesign_0_mydesign_875
top0/ID_stage/dcache/clk_gate_memory_reg_218__1
                                       6.8400      0.0      1.3680       5.4720  0.0000  SNPS_CLOCK_GATE_HIGH_dsram_mydesign_0_mydesign_874
top0/ID_stage/dcache/clk_gate_memory_reg_218__2
                                       6.8400      0.0      1.3680       5.4720  0.0000  SNPS_CLOCK_GATE_HIGH_dsram_mydesign_0_mydesign_873
top0/ID_stage/dcache/clk_gate_memory_reg_219_
                                       6.8400      0.0      1.3680       5.4720  0.0000  SNPS_CLOCK_GATE_HIGH_dsram_mydesign_0_mydesign_880
top0/ID_stage/dcache/clk_gate_memory_reg_219__0
                                       6.8400      0.0      1.3680       5.4720  0.0000  SNPS_CLOCK_GATE_HIGH_dsram_mydesign_0_mydesign_879
top0/ID_stage/dcache/clk_gate_memory_reg_219__1
                                       6.8400      0.0      1.3680       5.4720  0.0000  SNPS_CLOCK_GATE_HIGH_dsram_mydesign_0_mydesign_878
top0/ID_stage/dcache/clk_gate_memory_reg_219__2
                                       6.8400      0.0      1.3680       5.4720  0.0000  SNPS_CLOCK_GATE_HIGH_dsram_mydesign_0_mydesign_877
top0/ID_stage/dcache/clk_gate_memory_reg_21_
                                       6.8400      0.0      1.3680       5.4720  0.0000  SNPS_CLOCK_GATE_HIGH_dsram_mydesign_0_mydesign_88
top0/ID_stage/dcache/clk_gate_memory_reg_21__0
                                       6.8400      0.0      1.3680       5.4720  0.0000  SNPS_CLOCK_GATE_HIGH_dsram_mydesign_0_mydesign_87
top0/ID_stage/dcache/clk_gate_memory_reg_21__1
                                       6.8400      0.0      1.3680       5.4720  0.0000  SNPS_CLOCK_GATE_HIGH_dsram_mydesign_0_mydesign_86
top0/ID_stage/dcache/clk_gate_memory_reg_21__2
                                       6.8400      0.0      1.3680       5.4720  0.0000  SNPS_CLOCK_GATE_HIGH_dsram_mydesign_0_mydesign_85
top0/ID_stage/dcache/clk_gate_memory_reg_220_
                                       6.8400      0.0      1.3680       5.4720  0.0000  SNPS_CLOCK_GATE_HIGH_dsram_mydesign_0_mydesign_884
top0/ID_stage/dcache/clk_gate_memory_reg_220__0
                                       6.8400      0.0      1.3680       5.4720  0.0000  SNPS_CLOCK_GATE_HIGH_dsram_mydesign_0_mydesign_883
top0/ID_stage/dcache/clk_gate_memory_reg_220__1
                                       6.8400      0.0      1.3680       5.4720  0.0000  SNPS_CLOCK_GATE_HIGH_dsram_mydesign_0_mydesign_882
top0/ID_stage/dcache/clk_gate_memory_reg_220__2
                                       6.8400      0.0      1.3680       5.4720  0.0000  SNPS_CLOCK_GATE_HIGH_dsram_mydesign_0_mydesign_881
top0/ID_stage/dcache/clk_gate_memory_reg_221_
                                       6.8400      0.0      1.3680       5.4720  0.0000  SNPS_CLOCK_GATE_HIGH_dsram_mydesign_0_mydesign_888
top0/ID_stage/dcache/clk_gate_memory_reg_221__0
                                       6.8400      0.0      1.3680       5.4720  0.0000  SNPS_CLOCK_GATE_HIGH_dsram_mydesign_0_mydesign_887
top0/ID_stage/dcache/clk_gate_memory_reg_221__1
                                       6.8400      0.0      1.3680       5.4720  0.0000  SNPS_CLOCK_GATE_HIGH_dsram_mydesign_0_mydesign_886
top0/ID_stage/dcache/clk_gate_memory_reg_221__2
                                       6.8400      0.0      1.3680       5.4720  0.0000  SNPS_CLOCK_GATE_HIGH_dsram_mydesign_0_mydesign_885
top0/ID_stage/dcache/clk_gate_memory_reg_222_
                                       6.8400      0.0      1.3680       5.4720  0.0000  SNPS_CLOCK_GATE_HIGH_dsram_mydesign_0_mydesign_892
top0/ID_stage/dcache/clk_gate_memory_reg_222__0
                                       6.8400      0.0      1.3680       5.4720  0.0000  SNPS_CLOCK_GATE_HIGH_dsram_mydesign_0_mydesign_891
top0/ID_stage/dcache/clk_gate_memory_reg_222__1
                                       6.8400      0.0      1.3680       5.4720  0.0000  SNPS_CLOCK_GATE_HIGH_dsram_mydesign_0_mydesign_890
top0/ID_stage/dcache/clk_gate_memory_reg_222__2
                                       6.8400      0.0      1.3680       5.4720  0.0000  SNPS_CLOCK_GATE_HIGH_dsram_mydesign_0_mydesign_889
top0/ID_stage/dcache/clk_gate_memory_reg_223_
                                       6.8400      0.0      1.3680       5.4720  0.0000  SNPS_CLOCK_GATE_HIGH_dsram_mydesign_0_mydesign_896
top0/ID_stage/dcache/clk_gate_memory_reg_223__0
                                       6.8400      0.0      1.3680       5.4720  0.0000  SNPS_CLOCK_GATE_HIGH_dsram_mydesign_0_mydesign_895
top0/ID_stage/dcache/clk_gate_memory_reg_223__1
                                       6.8400      0.0      1.3680       5.4720  0.0000  SNPS_CLOCK_GATE_HIGH_dsram_mydesign_0_mydesign_894
top0/ID_stage/dcache/clk_gate_memory_reg_223__2
                                       6.8400      0.0      1.3680       5.4720  0.0000  SNPS_CLOCK_GATE_HIGH_dsram_mydesign_0_mydesign_893
top0/ID_stage/dcache/clk_gate_memory_reg_224_
                                       6.8400      0.0      1.3680       5.4720  0.0000  SNPS_CLOCK_GATE_HIGH_dsram_mydesign_0_mydesign_900
top0/ID_stage/dcache/clk_gate_memory_reg_224__0
                                       6.8400      0.0      1.3680       5.4720  0.0000  SNPS_CLOCK_GATE_HIGH_dsram_mydesign_0_mydesign_899
top0/ID_stage/dcache/clk_gate_memory_reg_224__1
                                       6.8400      0.0      1.3680       5.4720  0.0000  SNPS_CLOCK_GATE_HIGH_dsram_mydesign_0_mydesign_898
top0/ID_stage/dcache/clk_gate_memory_reg_224__2
                                       6.8400      0.0      1.3680       5.4720  0.0000  SNPS_CLOCK_GATE_HIGH_dsram_mydesign_0_mydesign_897
top0/ID_stage/dcache/clk_gate_memory_reg_225_
                                       6.8400      0.0      1.3680       5.4720  0.0000  SNPS_CLOCK_GATE_HIGH_dsram_mydesign_0_mydesign_904
top0/ID_stage/dcache/clk_gate_memory_reg_225__0
                                       6.8400      0.0      1.3680       5.4720  0.0000  SNPS_CLOCK_GATE_HIGH_dsram_mydesign_0_mydesign_903
top0/ID_stage/dcache/clk_gate_memory_reg_225__1
                                       6.8400      0.0      1.3680       5.4720  0.0000  SNPS_CLOCK_GATE_HIGH_dsram_mydesign_0_mydesign_902
top0/ID_stage/dcache/clk_gate_memory_reg_225__2
                                       6.8400      0.0      1.3680       5.4720  0.0000  SNPS_CLOCK_GATE_HIGH_dsram_mydesign_0_mydesign_901
top0/ID_stage/dcache/clk_gate_memory_reg_226_
                                       6.8400      0.0      1.3680       5.4720  0.0000  SNPS_CLOCK_GATE_HIGH_dsram_mydesign_0_mydesign_908
top0/ID_stage/dcache/clk_gate_memory_reg_226__0
                                       6.8400      0.0      1.3680       5.4720  0.0000  SNPS_CLOCK_GATE_HIGH_dsram_mydesign_0_mydesign_907
top0/ID_stage/dcache/clk_gate_memory_reg_226__1
                                       6.8400      0.0      1.3680       5.4720  0.0000  SNPS_CLOCK_GATE_HIGH_dsram_mydesign_0_mydesign_906
top0/ID_stage/dcache/clk_gate_memory_reg_226__2
                                       6.8400      0.0      1.3680       5.4720  0.0000  SNPS_CLOCK_GATE_HIGH_dsram_mydesign_0_mydesign_905
top0/ID_stage/dcache/clk_gate_memory_reg_227_
                                       6.8400      0.0      1.3680       5.4720  0.0000  SNPS_CLOCK_GATE_HIGH_dsram_mydesign_0_mydesign_912
top0/ID_stage/dcache/clk_gate_memory_reg_227__0
                                       6.8400      0.0      1.3680       5.4720  0.0000  SNPS_CLOCK_GATE_HIGH_dsram_mydesign_0_mydesign_911
top0/ID_stage/dcache/clk_gate_memory_reg_227__1
                                       6.8400      0.0      1.3680       5.4720  0.0000  SNPS_CLOCK_GATE_HIGH_dsram_mydesign_0_mydesign_910
top0/ID_stage/dcache/clk_gate_memory_reg_227__2
                                       6.8400      0.0      1.3680       5.4720  0.0000  SNPS_CLOCK_GATE_HIGH_dsram_mydesign_0_mydesign_909
top0/ID_stage/dcache/clk_gate_memory_reg_228_
                                       6.8400      0.0      1.3680       5.4720  0.0000  SNPS_CLOCK_GATE_HIGH_dsram_mydesign_0_mydesign_916
top0/ID_stage/dcache/clk_gate_memory_reg_228__0
                                       6.8400      0.0      1.3680       5.4720  0.0000  SNPS_CLOCK_GATE_HIGH_dsram_mydesign_0_mydesign_915
top0/ID_stage/dcache/clk_gate_memory_reg_228__1
                                       6.8400      0.0      1.3680       5.4720  0.0000  SNPS_CLOCK_GATE_HIGH_dsram_mydesign_0_mydesign_914
top0/ID_stage/dcache/clk_gate_memory_reg_228__2
                                       6.8400      0.0      1.3680       5.4720  0.0000  SNPS_CLOCK_GATE_HIGH_dsram_mydesign_0_mydesign_913
top0/ID_stage/dcache/clk_gate_memory_reg_229_
                                       6.8400      0.0      1.3680       5.4720  0.0000  SNPS_CLOCK_GATE_HIGH_dsram_mydesign_0_mydesign_920
top0/ID_stage/dcache/clk_gate_memory_reg_229__0
                                       6.8400      0.0      1.3680       5.4720  0.0000  SNPS_CLOCK_GATE_HIGH_dsram_mydesign_0_mydesign_919
top0/ID_stage/dcache/clk_gate_memory_reg_229__1
                                       6.8400      0.0      1.3680       5.4720  0.0000  SNPS_CLOCK_GATE_HIGH_dsram_mydesign_0_mydesign_918
top0/ID_stage/dcache/clk_gate_memory_reg_229__2
                                       6.8400      0.0      1.3680       5.4720  0.0000  SNPS_CLOCK_GATE_HIGH_dsram_mydesign_0_mydesign_917
top0/ID_stage/dcache/clk_gate_memory_reg_22_
                                       6.8400      0.0      1.3680       5.4720  0.0000  SNPS_CLOCK_GATE_HIGH_dsram_mydesign_0_mydesign_92
top0/ID_stage/dcache/clk_gate_memory_reg_22__0
                                       6.8400      0.0      1.3680       5.4720  0.0000  SNPS_CLOCK_GATE_HIGH_dsram_mydesign_0_mydesign_91
top0/ID_stage/dcache/clk_gate_memory_reg_22__1
                                       6.8400      0.0      1.3680       5.4720  0.0000  SNPS_CLOCK_GATE_HIGH_dsram_mydesign_0_mydesign_90
top0/ID_stage/dcache/clk_gate_memory_reg_22__2
                                       6.8400      0.0      1.3680       5.4720  0.0000  SNPS_CLOCK_GATE_HIGH_dsram_mydesign_0_mydesign_89
top0/ID_stage/dcache/clk_gate_memory_reg_230_
                                       6.8400      0.0      1.3680       5.4720  0.0000  SNPS_CLOCK_GATE_HIGH_dsram_mydesign_0_mydesign_924
top0/ID_stage/dcache/clk_gate_memory_reg_230__0
                                       6.8400      0.0      1.3680       5.4720  0.0000  SNPS_CLOCK_GATE_HIGH_dsram_mydesign_0_mydesign_923
top0/ID_stage/dcache/clk_gate_memory_reg_230__1
                                       6.8400      0.0      1.3680       5.4720  0.0000  SNPS_CLOCK_GATE_HIGH_dsram_mydesign_0_mydesign_922
top0/ID_stage/dcache/clk_gate_memory_reg_230__2
                                       6.8400      0.0      1.3680       5.4720  0.0000  SNPS_CLOCK_GATE_HIGH_dsram_mydesign_0_mydesign_921
top0/ID_stage/dcache/clk_gate_memory_reg_231_
                                       6.8400      0.0      1.3680       5.4720  0.0000  SNPS_CLOCK_GATE_HIGH_dsram_mydesign_0_mydesign_928
top0/ID_stage/dcache/clk_gate_memory_reg_231__0
                                       6.8400      0.0      1.3680       5.4720  0.0000  SNPS_CLOCK_GATE_HIGH_dsram_mydesign_0_mydesign_927
top0/ID_stage/dcache/clk_gate_memory_reg_231__1
                                       6.8400      0.0      1.3680       5.4720  0.0000  SNPS_CLOCK_GATE_HIGH_dsram_mydesign_0_mydesign_926
top0/ID_stage/dcache/clk_gate_memory_reg_231__2
                                       6.8400      0.0      1.3680       5.4720  0.0000  SNPS_CLOCK_GATE_HIGH_dsram_mydesign_0_mydesign_925
top0/ID_stage/dcache/clk_gate_memory_reg_232_
                                       6.8400      0.0      1.3680       5.4720  0.0000  SNPS_CLOCK_GATE_HIGH_dsram_mydesign_0_mydesign_932
top0/ID_stage/dcache/clk_gate_memory_reg_232__0
                                       6.8400      0.0      1.3680       5.4720  0.0000  SNPS_CLOCK_GATE_HIGH_dsram_mydesign_0_mydesign_931
top0/ID_stage/dcache/clk_gate_memory_reg_232__1
                                       6.8400      0.0      1.3680       5.4720  0.0000  SNPS_CLOCK_GATE_HIGH_dsram_mydesign_0_mydesign_930
top0/ID_stage/dcache/clk_gate_memory_reg_232__2
                                       6.8400      0.0      1.3680       5.4720  0.0000  SNPS_CLOCK_GATE_HIGH_dsram_mydesign_0_mydesign_929
top0/ID_stage/dcache/clk_gate_memory_reg_233_
                                       6.8400      0.0      1.3680       5.4720  0.0000  SNPS_CLOCK_GATE_HIGH_dsram_mydesign_0_mydesign_936
top0/ID_stage/dcache/clk_gate_memory_reg_233__0
                                       6.8400      0.0      1.3680       5.4720  0.0000  SNPS_CLOCK_GATE_HIGH_dsram_mydesign_0_mydesign_935
top0/ID_stage/dcache/clk_gate_memory_reg_233__1
                                       6.8400      0.0      1.3680       5.4720  0.0000  SNPS_CLOCK_GATE_HIGH_dsram_mydesign_0_mydesign_934
top0/ID_stage/dcache/clk_gate_memory_reg_233__2
                                       6.8400      0.0      1.3680       5.4720  0.0000  SNPS_CLOCK_GATE_HIGH_dsram_mydesign_0_mydesign_933
top0/ID_stage/dcache/clk_gate_memory_reg_234_
                                       6.8400      0.0      1.3680       5.4720  0.0000  SNPS_CLOCK_GATE_HIGH_dsram_mydesign_0_mydesign_940
top0/ID_stage/dcache/clk_gate_memory_reg_234__0
                                       6.8400      0.0      1.3680       5.4720  0.0000  SNPS_CLOCK_GATE_HIGH_dsram_mydesign_0_mydesign_939
top0/ID_stage/dcache/clk_gate_memory_reg_234__1
                                       6.8400      0.0      1.3680       5.4720  0.0000  SNPS_CLOCK_GATE_HIGH_dsram_mydesign_0_mydesign_938
top0/ID_stage/dcache/clk_gate_memory_reg_234__2
                                       6.8400      0.0      1.3680       5.4720  0.0000  SNPS_CLOCK_GATE_HIGH_dsram_mydesign_0_mydesign_937
top0/ID_stage/dcache/clk_gate_memory_reg_235_
                                       6.8400      0.0      1.3680       5.4720  0.0000  SNPS_CLOCK_GATE_HIGH_dsram_mydesign_0_mydesign_944
top0/ID_stage/dcache/clk_gate_memory_reg_235__0
                                       6.8400      0.0      1.3680       5.4720  0.0000  SNPS_CLOCK_GATE_HIGH_dsram_mydesign_0_mydesign_943
top0/ID_stage/dcache/clk_gate_memory_reg_235__1
                                       6.8400      0.0      1.3680       5.4720  0.0000  SNPS_CLOCK_GATE_HIGH_dsram_mydesign_0_mydesign_942
top0/ID_stage/dcache/clk_gate_memory_reg_235__2
                                       6.8400      0.0      1.3680       5.4720  0.0000  SNPS_CLOCK_GATE_HIGH_dsram_mydesign_0_mydesign_941
top0/ID_stage/dcache/clk_gate_memory_reg_236_
                                       6.8400      0.0      1.3680       5.4720  0.0000  SNPS_CLOCK_GATE_HIGH_dsram_mydesign_0_mydesign_948
top0/ID_stage/dcache/clk_gate_memory_reg_236__0
                                       6.8400      0.0      1.3680       5.4720  0.0000  SNPS_CLOCK_GATE_HIGH_dsram_mydesign_0_mydesign_947
top0/ID_stage/dcache/clk_gate_memory_reg_236__1
                                       6.8400      0.0      1.3680       5.4720  0.0000  SNPS_CLOCK_GATE_HIGH_dsram_mydesign_0_mydesign_946
top0/ID_stage/dcache/clk_gate_memory_reg_236__2
                                       6.8400      0.0      1.3680       5.4720  0.0000  SNPS_CLOCK_GATE_HIGH_dsram_mydesign_0_mydesign_945
top0/ID_stage/dcache/clk_gate_memory_reg_237_
                                       6.8400      0.0      1.3680       5.4720  0.0000  SNPS_CLOCK_GATE_HIGH_dsram_mydesign_0_mydesign_952
top0/ID_stage/dcache/clk_gate_memory_reg_237__0
                                       6.8400      0.0      1.3680       5.4720  0.0000  SNPS_CLOCK_GATE_HIGH_dsram_mydesign_0_mydesign_951
top0/ID_stage/dcache/clk_gate_memory_reg_237__1
                                       6.8400      0.0      1.3680       5.4720  0.0000  SNPS_CLOCK_GATE_HIGH_dsram_mydesign_0_mydesign_950
top0/ID_stage/dcache/clk_gate_memory_reg_237__2
                                       6.8400      0.0      1.3680       5.4720  0.0000  SNPS_CLOCK_GATE_HIGH_dsram_mydesign_0_mydesign_949
top0/ID_stage/dcache/clk_gate_memory_reg_238_
                                       6.8400      0.0      1.3680       5.4720  0.0000  SNPS_CLOCK_GATE_HIGH_dsram_mydesign_0_mydesign_956
top0/ID_stage/dcache/clk_gate_memory_reg_238__0
                                       6.8400      0.0      1.3680       5.4720  0.0000  SNPS_CLOCK_GATE_HIGH_dsram_mydesign_0_mydesign_955
top0/ID_stage/dcache/clk_gate_memory_reg_238__1
                                       6.8400      0.0      1.3680       5.4720  0.0000  SNPS_CLOCK_GATE_HIGH_dsram_mydesign_0_mydesign_954
top0/ID_stage/dcache/clk_gate_memory_reg_238__2
                                       6.8400      0.0      1.3680       5.4720  0.0000  SNPS_CLOCK_GATE_HIGH_dsram_mydesign_0_mydesign_953
top0/ID_stage/dcache/clk_gate_memory_reg_239_
                                       6.8400      0.0      1.3680       5.4720  0.0000  SNPS_CLOCK_GATE_HIGH_dsram_mydesign_0_mydesign_960
top0/ID_stage/dcache/clk_gate_memory_reg_239__0
                                       6.8400      0.0      1.3680       5.4720  0.0000  SNPS_CLOCK_GATE_HIGH_dsram_mydesign_0_mydesign_959
top0/ID_stage/dcache/clk_gate_memory_reg_239__1
                                       6.8400      0.0      1.3680       5.4720  0.0000  SNPS_CLOCK_GATE_HIGH_dsram_mydesign_0_mydesign_958
top0/ID_stage/dcache/clk_gate_memory_reg_239__2
                                       6.8400      0.0      1.3680       5.4720  0.0000  SNPS_CLOCK_GATE_HIGH_dsram_mydesign_0_mydesign_957
top0/ID_stage/dcache/clk_gate_memory_reg_23_
                                       6.8400      0.0      1.3680       5.4720  0.0000  SNPS_CLOCK_GATE_HIGH_dsram_mydesign_0_mydesign_96
top0/ID_stage/dcache/clk_gate_memory_reg_23__0
                                       6.8400      0.0      1.3680       5.4720  0.0000  SNPS_CLOCK_GATE_HIGH_dsram_mydesign_0_mydesign_95
top0/ID_stage/dcache/clk_gate_memory_reg_23__1
                                       6.8400      0.0      1.3680       5.4720  0.0000  SNPS_CLOCK_GATE_HIGH_dsram_mydesign_0_mydesign_94
top0/ID_stage/dcache/clk_gate_memory_reg_23__2
                                       6.8400      0.0      1.3680       5.4720  0.0000  SNPS_CLOCK_GATE_HIGH_dsram_mydesign_0_mydesign_93
top0/ID_stage/dcache/clk_gate_memory_reg_240_
                                       6.8400      0.0      1.3680       5.4720  0.0000  SNPS_CLOCK_GATE_HIGH_dsram_mydesign_0_mydesign_964
top0/ID_stage/dcache/clk_gate_memory_reg_240__0
                                       6.8400      0.0      1.3680       5.4720  0.0000  SNPS_CLOCK_GATE_HIGH_dsram_mydesign_0_mydesign_963
top0/ID_stage/dcache/clk_gate_memory_reg_240__1
                                       6.8400      0.0      1.3680       5.4720  0.0000  SNPS_CLOCK_GATE_HIGH_dsram_mydesign_0_mydesign_962
top0/ID_stage/dcache/clk_gate_memory_reg_240__2
                                       6.8400      0.0      1.3680       5.4720  0.0000  SNPS_CLOCK_GATE_HIGH_dsram_mydesign_0_mydesign_961
top0/ID_stage/dcache/clk_gate_memory_reg_241_
                                       6.8400      0.0      1.3680       5.4720  0.0000  SNPS_CLOCK_GATE_HIGH_dsram_mydesign_0_mydesign_968
top0/ID_stage/dcache/clk_gate_memory_reg_241__0
                                       6.8400      0.0      1.3680       5.4720  0.0000  SNPS_CLOCK_GATE_HIGH_dsram_mydesign_0_mydesign_967
top0/ID_stage/dcache/clk_gate_memory_reg_241__1
                                       6.8400      0.0      1.3680       5.4720  0.0000  SNPS_CLOCK_GATE_HIGH_dsram_mydesign_0_mydesign_966
top0/ID_stage/dcache/clk_gate_memory_reg_241__2
                                       6.8400      0.0      1.3680       5.4720  0.0000  SNPS_CLOCK_GATE_HIGH_dsram_mydesign_0_mydesign_965
top0/ID_stage/dcache/clk_gate_memory_reg_242_
                                       6.8400      0.0      1.3680       5.4720  0.0000  SNPS_CLOCK_GATE_HIGH_dsram_mydesign_0_mydesign_972
top0/ID_stage/dcache/clk_gate_memory_reg_242__0
                                       6.8400      0.0      1.3680       5.4720  0.0000  SNPS_CLOCK_GATE_HIGH_dsram_mydesign_0_mydesign_971
top0/ID_stage/dcache/clk_gate_memory_reg_242__1
                                       6.8400      0.0      1.3680       5.4720  0.0000  SNPS_CLOCK_GATE_HIGH_dsram_mydesign_0_mydesign_970
top0/ID_stage/dcache/clk_gate_memory_reg_242__2
                                       6.8400      0.0      1.3680       5.4720  0.0000  SNPS_CLOCK_GATE_HIGH_dsram_mydesign_0_mydesign_969
top0/ID_stage/dcache/clk_gate_memory_reg_243_
                                       6.8400      0.0      1.3680       5.4720  0.0000  SNPS_CLOCK_GATE_HIGH_dsram_mydesign_0_mydesign_976
top0/ID_stage/dcache/clk_gate_memory_reg_243__0
                                       6.8400      0.0      1.3680       5.4720  0.0000  SNPS_CLOCK_GATE_HIGH_dsram_mydesign_0_mydesign_975
top0/ID_stage/dcache/clk_gate_memory_reg_243__1
                                       6.8400      0.0      1.3680       5.4720  0.0000  SNPS_CLOCK_GATE_HIGH_dsram_mydesign_0_mydesign_974
top0/ID_stage/dcache/clk_gate_memory_reg_243__2
                                       6.8400      0.0      1.3680       5.4720  0.0000  SNPS_CLOCK_GATE_HIGH_dsram_mydesign_0_mydesign_973
top0/ID_stage/dcache/clk_gate_memory_reg_244_
                                       6.8400      0.0      1.3680       5.4720  0.0000  SNPS_CLOCK_GATE_HIGH_dsram_mydesign_0_mydesign_980
top0/ID_stage/dcache/clk_gate_memory_reg_244__0
                                       6.8400      0.0      1.3680       5.4720  0.0000  SNPS_CLOCK_GATE_HIGH_dsram_mydesign_0_mydesign_979
top0/ID_stage/dcache/clk_gate_memory_reg_244__1
                                       6.8400      0.0      1.3680       5.4720  0.0000  SNPS_CLOCK_GATE_HIGH_dsram_mydesign_0_mydesign_978
top0/ID_stage/dcache/clk_gate_memory_reg_244__2
                                       6.8400      0.0      1.3680       5.4720  0.0000  SNPS_CLOCK_GATE_HIGH_dsram_mydesign_0_mydesign_977
top0/ID_stage/dcache/clk_gate_memory_reg_245_
                                       6.8400      0.0      1.3680       5.4720  0.0000  SNPS_CLOCK_GATE_HIGH_dsram_mydesign_0_mydesign_984
top0/ID_stage/dcache/clk_gate_memory_reg_245__0
                                       6.8400      0.0      1.3680       5.4720  0.0000  SNPS_CLOCK_GATE_HIGH_dsram_mydesign_0_mydesign_983
top0/ID_stage/dcache/clk_gate_memory_reg_245__1
                                       6.8400      0.0      1.3680       5.4720  0.0000  SNPS_CLOCK_GATE_HIGH_dsram_mydesign_0_mydesign_982
top0/ID_stage/dcache/clk_gate_memory_reg_245__2
                                       6.8400      0.0      1.3680       5.4720  0.0000  SNPS_CLOCK_GATE_HIGH_dsram_mydesign_0_mydesign_981
top0/ID_stage/dcache/clk_gate_memory_reg_246_
                                       6.8400      0.0      1.3680       5.4720  0.0000  SNPS_CLOCK_GATE_HIGH_dsram_mydesign_0_mydesign_988
top0/ID_stage/dcache/clk_gate_memory_reg_246__0
                                       6.8400      0.0      1.3680       5.4720  0.0000  SNPS_CLOCK_GATE_HIGH_dsram_mydesign_0_mydesign_987
top0/ID_stage/dcache/clk_gate_memory_reg_246__1
                                       6.8400      0.0      1.3680       5.4720  0.0000  SNPS_CLOCK_GATE_HIGH_dsram_mydesign_0_mydesign_986
top0/ID_stage/dcache/clk_gate_memory_reg_246__2
                                       6.8400      0.0      1.3680       5.4720  0.0000  SNPS_CLOCK_GATE_HIGH_dsram_mydesign_0_mydesign_985
top0/ID_stage/dcache/clk_gate_memory_reg_247_
                                       6.8400      0.0      1.3680       5.4720  0.0000  SNPS_CLOCK_GATE_HIGH_dsram_mydesign_0_mydesign_992
top0/ID_stage/dcache/clk_gate_memory_reg_247__0
                                       6.8400      0.0      1.3680       5.4720  0.0000  SNPS_CLOCK_GATE_HIGH_dsram_mydesign_0_mydesign_991
top0/ID_stage/dcache/clk_gate_memory_reg_247__1
                                       6.8400      0.0      1.3680       5.4720  0.0000  SNPS_CLOCK_GATE_HIGH_dsram_mydesign_0_mydesign_990
top0/ID_stage/dcache/clk_gate_memory_reg_247__2
                                       6.8400      0.0      1.3680       5.4720  0.0000  SNPS_CLOCK_GATE_HIGH_dsram_mydesign_0_mydesign_989
top0/ID_stage/dcache/clk_gate_memory_reg_248_
                                       6.8400      0.0      1.3680       5.4720  0.0000  SNPS_CLOCK_GATE_HIGH_dsram_mydesign_0_mydesign_996
top0/ID_stage/dcache/clk_gate_memory_reg_248__0
                                       6.8400      0.0      1.3680       5.4720  0.0000  SNPS_CLOCK_GATE_HIGH_dsram_mydesign_0_mydesign_995
top0/ID_stage/dcache/clk_gate_memory_reg_248__1
                                       6.8400      0.0      1.3680       5.4720  0.0000  SNPS_CLOCK_GATE_HIGH_dsram_mydesign_0_mydesign_994
top0/ID_stage/dcache/clk_gate_memory_reg_248__2
                                       6.8400      0.0      1.3680       5.4720  0.0000  SNPS_CLOCK_GATE_HIGH_dsram_mydesign_0_mydesign_993
top0/ID_stage/dcache/clk_gate_memory_reg_249_
                                       6.8400      0.0      1.3680       5.4720  0.0000  SNPS_CLOCK_GATE_HIGH_dsram_mydesign_0_mydesign_1000
top0/ID_stage/dcache/clk_gate_memory_reg_249__0
                                       6.8400      0.0      1.3680       5.4720  0.0000  SNPS_CLOCK_GATE_HIGH_dsram_mydesign_0_mydesign_999
top0/ID_stage/dcache/clk_gate_memory_reg_249__1
                                       6.8400      0.0      1.3680       5.4720  0.0000  SNPS_CLOCK_GATE_HIGH_dsram_mydesign_0_mydesign_998
top0/ID_stage/dcache/clk_gate_memory_reg_249__2
                                       6.8400      0.0      1.3680       5.4720  0.0000  SNPS_CLOCK_GATE_HIGH_dsram_mydesign_0_mydesign_997
top0/ID_stage/dcache/clk_gate_memory_reg_24_
                                       6.8400      0.0      1.3680       5.4720  0.0000  SNPS_CLOCK_GATE_HIGH_dsram_mydesign_0_mydesign_100
top0/ID_stage/dcache/clk_gate_memory_reg_24__0
                                       6.8400      0.0      1.3680       5.4720  0.0000  SNPS_CLOCK_GATE_HIGH_dsram_mydesign_0_mydesign_99
top0/ID_stage/dcache/clk_gate_memory_reg_24__1
                                       6.8400      0.0      1.3680       5.4720  0.0000  SNPS_CLOCK_GATE_HIGH_dsram_mydesign_0_mydesign_98
top0/ID_stage/dcache/clk_gate_memory_reg_24__2
                                       6.8400      0.0      1.3680       5.4720  0.0000  SNPS_CLOCK_GATE_HIGH_dsram_mydesign_0_mydesign_97
top0/ID_stage/dcache/clk_gate_memory_reg_250_
                                       6.8400      0.0      1.3680       5.4720  0.0000  SNPS_CLOCK_GATE_HIGH_dsram_mydesign_0_mydesign_1004
top0/ID_stage/dcache/clk_gate_memory_reg_250__0
                                       6.8400      0.0      1.3680       5.4720  0.0000  SNPS_CLOCK_GATE_HIGH_dsram_mydesign_0_mydesign_1003
top0/ID_stage/dcache/clk_gate_memory_reg_250__1
                                       6.8400      0.0      1.3680       5.4720  0.0000  SNPS_CLOCK_GATE_HIGH_dsram_mydesign_0_mydesign_1002
top0/ID_stage/dcache/clk_gate_memory_reg_250__2
                                       6.8400      0.0      1.3680       5.4720  0.0000  SNPS_CLOCK_GATE_HIGH_dsram_mydesign_0_mydesign_1001
top0/ID_stage/dcache/clk_gate_memory_reg_251_
                                       6.8400      0.0      1.3680       5.4720  0.0000  SNPS_CLOCK_GATE_HIGH_dsram_mydesign_0_mydesign_1008
top0/ID_stage/dcache/clk_gate_memory_reg_251__0
                                       6.8400      0.0      1.3680       5.4720  0.0000  SNPS_CLOCK_GATE_HIGH_dsram_mydesign_0_mydesign_1007
top0/ID_stage/dcache/clk_gate_memory_reg_251__1
                                       6.8400      0.0      1.3680       5.4720  0.0000  SNPS_CLOCK_GATE_HIGH_dsram_mydesign_0_mydesign_1006
top0/ID_stage/dcache/clk_gate_memory_reg_251__2
                                       6.8400      0.0      1.3680       5.4720  0.0000  SNPS_CLOCK_GATE_HIGH_dsram_mydesign_0_mydesign_1005
top0/ID_stage/dcache/clk_gate_memory_reg_252_
                                       6.8400      0.0      1.3680       5.4720  0.0000  SNPS_CLOCK_GATE_HIGH_dsram_mydesign_0_mydesign_1012
top0/ID_stage/dcache/clk_gate_memory_reg_252__0
                                       6.8400      0.0      1.3680       5.4720  0.0000  SNPS_CLOCK_GATE_HIGH_dsram_mydesign_0_mydesign_1011
top0/ID_stage/dcache/clk_gate_memory_reg_252__1
                                       6.8400      0.0      1.3680       5.4720  0.0000  SNPS_CLOCK_GATE_HIGH_dsram_mydesign_0_mydesign_1010
top0/ID_stage/dcache/clk_gate_memory_reg_252__2
                                       6.8400      0.0      1.3680       5.4720  0.0000  SNPS_CLOCK_GATE_HIGH_dsram_mydesign_0_mydesign_1009
top0/ID_stage/dcache/clk_gate_memory_reg_253_
                                       6.8400      0.0      1.3680       5.4720  0.0000  SNPS_CLOCK_GATE_HIGH_dsram_mydesign_0_mydesign_1016
top0/ID_stage/dcache/clk_gate_memory_reg_253__0
                                       6.8400      0.0      1.3680       5.4720  0.0000  SNPS_CLOCK_GATE_HIGH_dsram_mydesign_0_mydesign_1015
top0/ID_stage/dcache/clk_gate_memory_reg_253__1
                                       6.8400      0.0      1.3680       5.4720  0.0000  SNPS_CLOCK_GATE_HIGH_dsram_mydesign_0_mydesign_1014
top0/ID_stage/dcache/clk_gate_memory_reg_253__2
                                       6.8400      0.0      1.3680       5.4720  0.0000  SNPS_CLOCK_GATE_HIGH_dsram_mydesign_0_mydesign_1013
top0/ID_stage/dcache/clk_gate_memory_reg_254_
                                       6.8400      0.0      1.3680       5.4720  0.0000  SNPS_CLOCK_GATE_HIGH_dsram_mydesign_0_mydesign_1020
top0/ID_stage/dcache/clk_gate_memory_reg_254__0
                                       6.8400      0.0      1.3680       5.4720  0.0000  SNPS_CLOCK_GATE_HIGH_dsram_mydesign_0_mydesign_1019
top0/ID_stage/dcache/clk_gate_memory_reg_254__1
                                       6.8400      0.0      1.3680       5.4720  0.0000  SNPS_CLOCK_GATE_HIGH_dsram_mydesign_0_mydesign_1018
top0/ID_stage/dcache/clk_gate_memory_reg_254__2
                                       6.8400      0.0      1.3680       5.4720  0.0000  SNPS_CLOCK_GATE_HIGH_dsram_mydesign_0_mydesign_1017
top0/ID_stage/dcache/clk_gate_memory_reg_255_
                                       6.8400      0.0      1.3680       5.4720  0.0000  SNPS_CLOCK_GATE_HIGH_dsram_mydesign_0_mydesign_1024
top0/ID_stage/dcache/clk_gate_memory_reg_255__0
                                       6.8400      0.0      1.3680       5.4720  0.0000  SNPS_CLOCK_GATE_HIGH_dsram_mydesign_0_mydesign_1023
top0/ID_stage/dcache/clk_gate_memory_reg_255__1
                                       6.8400      0.0      1.3680       5.4720  0.0000  SNPS_CLOCK_GATE_HIGH_dsram_mydesign_0_mydesign_1022
top0/ID_stage/dcache/clk_gate_memory_reg_255__2
                                       6.8400      0.0      1.3680       5.4720  0.0000  SNPS_CLOCK_GATE_HIGH_dsram_mydesign_0_mydesign_1021
top0/ID_stage/dcache/clk_gate_memory_reg_25_
                                       6.8400      0.0      1.3680       5.4720  0.0000  SNPS_CLOCK_GATE_HIGH_dsram_mydesign_0_mydesign_104
top0/ID_stage/dcache/clk_gate_memory_reg_25__0
                                       6.8400      0.0      1.3680       5.4720  0.0000  SNPS_CLOCK_GATE_HIGH_dsram_mydesign_0_mydesign_103
top0/ID_stage/dcache/clk_gate_memory_reg_25__1
                                       6.8400      0.0      1.3680       5.4720  0.0000  SNPS_CLOCK_GATE_HIGH_dsram_mydesign_0_mydesign_102
top0/ID_stage/dcache/clk_gate_memory_reg_25__2
                                       6.8400      0.0      1.3680       5.4720  0.0000  SNPS_CLOCK_GATE_HIGH_dsram_mydesign_0_mydesign_101
top0/ID_stage/dcache/clk_gate_memory_reg_26_
                                       6.8400      0.0      1.3680       5.4720  0.0000  SNPS_CLOCK_GATE_HIGH_dsram_mydesign_0_mydesign_108
top0/ID_stage/dcache/clk_gate_memory_reg_26__0
                                       6.8400      0.0      1.3680       5.4720  0.0000  SNPS_CLOCK_GATE_HIGH_dsram_mydesign_0_mydesign_107
top0/ID_stage/dcache/clk_gate_memory_reg_26__1
                                       6.8400      0.0      1.3680       5.4720  0.0000  SNPS_CLOCK_GATE_HIGH_dsram_mydesign_0_mydesign_106
top0/ID_stage/dcache/clk_gate_memory_reg_26__2
                                       6.8400      0.0      1.3680       5.4720  0.0000  SNPS_CLOCK_GATE_HIGH_dsram_mydesign_0_mydesign_105
top0/ID_stage/dcache/clk_gate_memory_reg_27_
                                       6.8400      0.0      1.3680       5.4720  0.0000  SNPS_CLOCK_GATE_HIGH_dsram_mydesign_0_mydesign_112
top0/ID_stage/dcache/clk_gate_memory_reg_27__0
                                       6.8400      0.0      1.3680       5.4720  0.0000  SNPS_CLOCK_GATE_HIGH_dsram_mydesign_0_mydesign_111
top0/ID_stage/dcache/clk_gate_memory_reg_27__1
                                       6.8400      0.0      1.3680       5.4720  0.0000  SNPS_CLOCK_GATE_HIGH_dsram_mydesign_0_mydesign_110
top0/ID_stage/dcache/clk_gate_memory_reg_27__2
                                       6.8400      0.0      1.3680       5.4720  0.0000  SNPS_CLOCK_GATE_HIGH_dsram_mydesign_0_mydesign_109
top0/ID_stage/dcache/clk_gate_memory_reg_28_
                                       6.8400      0.0      1.3680       5.4720  0.0000  SNPS_CLOCK_GATE_HIGH_dsram_mydesign_0_mydesign_116
top0/ID_stage/dcache/clk_gate_memory_reg_28__0
                                       6.8400      0.0      1.3680       5.4720  0.0000  SNPS_CLOCK_GATE_HIGH_dsram_mydesign_0_mydesign_115
top0/ID_stage/dcache/clk_gate_memory_reg_28__1
                                       6.8400      0.0      1.3680       5.4720  0.0000  SNPS_CLOCK_GATE_HIGH_dsram_mydesign_0_mydesign_114
top0/ID_stage/dcache/clk_gate_memory_reg_28__2
                                       6.8400      0.0      1.3680       5.4720  0.0000  SNPS_CLOCK_GATE_HIGH_dsram_mydesign_0_mydesign_113
top0/ID_stage/dcache/clk_gate_memory_reg_29_
                                       6.8400      0.0      1.3680       5.4720  0.0000  SNPS_CLOCK_GATE_HIGH_dsram_mydesign_0_mydesign_120
top0/ID_stage/dcache/clk_gate_memory_reg_29__0
                                       6.8400      0.0      1.3680       5.4720  0.0000  SNPS_CLOCK_GATE_HIGH_dsram_mydesign_0_mydesign_119
top0/ID_stage/dcache/clk_gate_memory_reg_29__1
                                       6.8400      0.0      1.3680       5.4720  0.0000  SNPS_CLOCK_GATE_HIGH_dsram_mydesign_0_mydesign_118
top0/ID_stage/dcache/clk_gate_memory_reg_29__2
                                       6.8400      0.0      1.3680       5.4720  0.0000  SNPS_CLOCK_GATE_HIGH_dsram_mydesign_0_mydesign_117
top0/ID_stage/dcache/clk_gate_memory_reg_2_
                                       6.8400      0.0      1.3680       5.4720  0.0000  SNPS_CLOCK_GATE_HIGH_dsram_mydesign_0_mydesign_12
top0/ID_stage/dcache/clk_gate_memory_reg_2__0
                                       6.8400      0.0      1.3680       5.4720  0.0000  SNPS_CLOCK_GATE_HIGH_dsram_mydesign_0_mydesign_11
top0/ID_stage/dcache/clk_gate_memory_reg_2__1
                                       6.8400      0.0      1.3680       5.4720  0.0000  SNPS_CLOCK_GATE_HIGH_dsram_mydesign_0_mydesign_10
top0/ID_stage/dcache/clk_gate_memory_reg_2__2
                                       6.8400      0.0      1.3680       5.4720  0.0000  SNPS_CLOCK_GATE_HIGH_dsram_mydesign_0_mydesign_9
top0/ID_stage/dcache/clk_gate_memory_reg_30_
                                       6.8400      0.0      1.3680       5.4720  0.0000  SNPS_CLOCK_GATE_HIGH_dsram_mydesign_0_mydesign_124
top0/ID_stage/dcache/clk_gate_memory_reg_30__0
                                       6.8400      0.0      1.3680       5.4720  0.0000  SNPS_CLOCK_GATE_HIGH_dsram_mydesign_0_mydesign_123
top0/ID_stage/dcache/clk_gate_memory_reg_30__1
                                       6.8400      0.0      1.3680       5.4720  0.0000  SNPS_CLOCK_GATE_HIGH_dsram_mydesign_0_mydesign_122
top0/ID_stage/dcache/clk_gate_memory_reg_30__2
                                       6.8400      0.0      1.3680       5.4720  0.0000  SNPS_CLOCK_GATE_HIGH_dsram_mydesign_0_mydesign_121
top0/ID_stage/dcache/clk_gate_memory_reg_31_
                                       6.8400      0.0      1.3680       5.4720  0.0000  SNPS_CLOCK_GATE_HIGH_dsram_mydesign_0_mydesign_128
top0/ID_stage/dcache/clk_gate_memory_reg_31__0
                                       6.8400      0.0      1.3680       5.4720  0.0000  SNPS_CLOCK_GATE_HIGH_dsram_mydesign_0_mydesign_127
top0/ID_stage/dcache/clk_gate_memory_reg_31__1
                                       6.8400      0.0      1.3680       5.4720  0.0000  SNPS_CLOCK_GATE_HIGH_dsram_mydesign_0_mydesign_126
top0/ID_stage/dcache/clk_gate_memory_reg_31__2
                                       6.8400      0.0      1.3680       5.4720  0.0000  SNPS_CLOCK_GATE_HIGH_dsram_mydesign_0_mydesign_125
top0/ID_stage/dcache/clk_gate_memory_reg_32_
                                       6.8400      0.0      1.3680       5.4720  0.0000  SNPS_CLOCK_GATE_HIGH_dsram_mydesign_0_mydesign_132
top0/ID_stage/dcache/clk_gate_memory_reg_32__0
                                       6.8400      0.0      1.3680       5.4720  0.0000  SNPS_CLOCK_GATE_HIGH_dsram_mydesign_0_mydesign_131
top0/ID_stage/dcache/clk_gate_memory_reg_32__1
                                       6.8400      0.0      1.3680       5.4720  0.0000  SNPS_CLOCK_GATE_HIGH_dsram_mydesign_0_mydesign_130
top0/ID_stage/dcache/clk_gate_memory_reg_32__2
                                       6.8400      0.0      1.3680       5.4720  0.0000  SNPS_CLOCK_GATE_HIGH_dsram_mydesign_0_mydesign_129
top0/ID_stage/dcache/clk_gate_memory_reg_33_
                                       6.8400      0.0      1.3680       5.4720  0.0000  SNPS_CLOCK_GATE_HIGH_dsram_mydesign_0_mydesign_136
top0/ID_stage/dcache/clk_gate_memory_reg_33__0
                                       6.8400      0.0      1.3680       5.4720  0.0000  SNPS_CLOCK_GATE_HIGH_dsram_mydesign_0_mydesign_135
top0/ID_stage/dcache/clk_gate_memory_reg_33__1
                                       6.8400      0.0      1.3680       5.4720  0.0000  SNPS_CLOCK_GATE_HIGH_dsram_mydesign_0_mydesign_134
top0/ID_stage/dcache/clk_gate_memory_reg_33__2
                                       6.8400      0.0      1.3680       5.4720  0.0000  SNPS_CLOCK_GATE_HIGH_dsram_mydesign_0_mydesign_133
top0/ID_stage/dcache/clk_gate_memory_reg_34_
                                       6.8400      0.0      1.3680       5.4720  0.0000  SNPS_CLOCK_GATE_HIGH_dsram_mydesign_0_mydesign_140
top0/ID_stage/dcache/clk_gate_memory_reg_34__0
                                       6.8400      0.0      1.3680       5.4720  0.0000  SNPS_CLOCK_GATE_HIGH_dsram_mydesign_0_mydesign_139
top0/ID_stage/dcache/clk_gate_memory_reg_34__1
                                       6.8400      0.0      1.3680       5.4720  0.0000  SNPS_CLOCK_GATE_HIGH_dsram_mydesign_0_mydesign_138
top0/ID_stage/dcache/clk_gate_memory_reg_34__2
                                       6.8400      0.0      1.3680       5.4720  0.0000  SNPS_CLOCK_GATE_HIGH_dsram_mydesign_0_mydesign_137
top0/ID_stage/dcache/clk_gate_memory_reg_35_
                                       6.8400      0.0      1.3680       5.4720  0.0000  SNPS_CLOCK_GATE_HIGH_dsram_mydesign_0_mydesign_144
top0/ID_stage/dcache/clk_gate_memory_reg_35__0
                                       6.8400      0.0      1.3680       5.4720  0.0000  SNPS_CLOCK_GATE_HIGH_dsram_mydesign_0_mydesign_143
top0/ID_stage/dcache/clk_gate_memory_reg_35__1
                                       6.8400      0.0      1.3680       5.4720  0.0000  SNPS_CLOCK_GATE_HIGH_dsram_mydesign_0_mydesign_142
top0/ID_stage/dcache/clk_gate_memory_reg_35__2
                                       6.8400      0.0      1.3680       5.4720  0.0000  SNPS_CLOCK_GATE_HIGH_dsram_mydesign_0_mydesign_141
top0/ID_stage/dcache/clk_gate_memory_reg_36_
                                       6.8400      0.0      1.3680       5.4720  0.0000  SNPS_CLOCK_GATE_HIGH_dsram_mydesign_0_mydesign_148
top0/ID_stage/dcache/clk_gate_memory_reg_36__0
                                       6.8400      0.0      1.3680       5.4720  0.0000  SNPS_CLOCK_GATE_HIGH_dsram_mydesign_0_mydesign_147
top0/ID_stage/dcache/clk_gate_memory_reg_36__1
                                       6.8400      0.0      1.3680       5.4720  0.0000  SNPS_CLOCK_GATE_HIGH_dsram_mydesign_0_mydesign_146
top0/ID_stage/dcache/clk_gate_memory_reg_36__2
                                       6.8400      0.0      1.3680       5.4720  0.0000  SNPS_CLOCK_GATE_HIGH_dsram_mydesign_0_mydesign_145
top0/ID_stage/dcache/clk_gate_memory_reg_37_
                                       6.8400      0.0      1.3680       5.4720  0.0000  SNPS_CLOCK_GATE_HIGH_dsram_mydesign_0_mydesign_152
top0/ID_stage/dcache/clk_gate_memory_reg_37__0
                                       6.8400      0.0      1.3680       5.4720  0.0000  SNPS_CLOCK_GATE_HIGH_dsram_mydesign_0_mydesign_151
top0/ID_stage/dcache/clk_gate_memory_reg_37__1
                                       6.8400      0.0      1.3680       5.4720  0.0000  SNPS_CLOCK_GATE_HIGH_dsram_mydesign_0_mydesign_150
top0/ID_stage/dcache/clk_gate_memory_reg_37__2
                                       6.8400      0.0      1.3680       5.4720  0.0000  SNPS_CLOCK_GATE_HIGH_dsram_mydesign_0_mydesign_149
top0/ID_stage/dcache/clk_gate_memory_reg_38_
                                       6.8400      0.0      1.3680       5.4720  0.0000  SNPS_CLOCK_GATE_HIGH_dsram_mydesign_0_mydesign_156
top0/ID_stage/dcache/clk_gate_memory_reg_38__0
                                       6.8400      0.0      1.3680       5.4720  0.0000  SNPS_CLOCK_GATE_HIGH_dsram_mydesign_0_mydesign_155
top0/ID_stage/dcache/clk_gate_memory_reg_38__1
                                       6.8400      0.0      1.3680       5.4720  0.0000  SNPS_CLOCK_GATE_HIGH_dsram_mydesign_0_mydesign_154
top0/ID_stage/dcache/clk_gate_memory_reg_38__2
                                       6.8400      0.0      1.3680       5.4720  0.0000  SNPS_CLOCK_GATE_HIGH_dsram_mydesign_0_mydesign_153
top0/ID_stage/dcache/clk_gate_memory_reg_39_
                                       6.8400      0.0      1.3680       5.4720  0.0000  SNPS_CLOCK_GATE_HIGH_dsram_mydesign_0_mydesign_160
top0/ID_stage/dcache/clk_gate_memory_reg_39__0
                                       6.8400      0.0      1.3680       5.4720  0.0000  SNPS_CLOCK_GATE_HIGH_dsram_mydesign_0_mydesign_159
top0/ID_stage/dcache/clk_gate_memory_reg_39__1
                                       6.8400      0.0      1.3680       5.4720  0.0000  SNPS_CLOCK_GATE_HIGH_dsram_mydesign_0_mydesign_158
top0/ID_stage/dcache/clk_gate_memory_reg_39__2
                                       6.8400      0.0      1.3680       5.4720  0.0000  SNPS_CLOCK_GATE_HIGH_dsram_mydesign_0_mydesign_157
top0/ID_stage/dcache/clk_gate_memory_reg_3_
                                       6.8400      0.0      1.3680       5.4720  0.0000  SNPS_CLOCK_GATE_HIGH_dsram_mydesign_0_mydesign_16
top0/ID_stage/dcache/clk_gate_memory_reg_3__0
                                       6.8400      0.0      1.3680       5.4720  0.0000  SNPS_CLOCK_GATE_HIGH_dsram_mydesign_0_mydesign_15
top0/ID_stage/dcache/clk_gate_memory_reg_3__1
                                       6.8400      0.0      1.3680       5.4720  0.0000  SNPS_CLOCK_GATE_HIGH_dsram_mydesign_0_mydesign_14
top0/ID_stage/dcache/clk_gate_memory_reg_3__2
                                       6.8400      0.0      1.3680       5.4720  0.0000  SNPS_CLOCK_GATE_HIGH_dsram_mydesign_0_mydesign_13
top0/ID_stage/dcache/clk_gate_memory_reg_40_
                                       6.8400      0.0      1.3680       5.4720  0.0000  SNPS_CLOCK_GATE_HIGH_dsram_mydesign_0_mydesign_164
top0/ID_stage/dcache/clk_gate_memory_reg_40__0
                                       6.8400      0.0      1.3680       5.4720  0.0000  SNPS_CLOCK_GATE_HIGH_dsram_mydesign_0_mydesign_163
top0/ID_stage/dcache/clk_gate_memory_reg_40__1
                                       6.8400      0.0      1.3680       5.4720  0.0000  SNPS_CLOCK_GATE_HIGH_dsram_mydesign_0_mydesign_162
top0/ID_stage/dcache/clk_gate_memory_reg_40__2
                                       6.8400      0.0      1.3680       5.4720  0.0000  SNPS_CLOCK_GATE_HIGH_dsram_mydesign_0_mydesign_161
top0/ID_stage/dcache/clk_gate_memory_reg_41_
                                       6.8400      0.0      1.3680       5.4720  0.0000  SNPS_CLOCK_GATE_HIGH_dsram_mydesign_0_mydesign_168
top0/ID_stage/dcache/clk_gate_memory_reg_41__0
                                       6.8400      0.0      1.3680       5.4720  0.0000  SNPS_CLOCK_GATE_HIGH_dsram_mydesign_0_mydesign_167
top0/ID_stage/dcache/clk_gate_memory_reg_41__1
                                       6.8400      0.0      1.3680       5.4720  0.0000  SNPS_CLOCK_GATE_HIGH_dsram_mydesign_0_mydesign_166
top0/ID_stage/dcache/clk_gate_memory_reg_41__2
                                       6.8400      0.0      1.3680       5.4720  0.0000  SNPS_CLOCK_GATE_HIGH_dsram_mydesign_0_mydesign_165
top0/ID_stage/dcache/clk_gate_memory_reg_42_
                                       6.8400      0.0      1.3680       5.4720  0.0000  SNPS_CLOCK_GATE_HIGH_dsram_mydesign_0_mydesign_172
top0/ID_stage/dcache/clk_gate_memory_reg_42__0
                                       6.8400      0.0      1.3680       5.4720  0.0000  SNPS_CLOCK_GATE_HIGH_dsram_mydesign_0_mydesign_171
top0/ID_stage/dcache/clk_gate_memory_reg_42__1
                                       6.8400      0.0      1.3680       5.4720  0.0000  SNPS_CLOCK_GATE_HIGH_dsram_mydesign_0_mydesign_170
top0/ID_stage/dcache/clk_gate_memory_reg_42__2
                                       6.8400      0.0      1.3680       5.4720  0.0000  SNPS_CLOCK_GATE_HIGH_dsram_mydesign_0_mydesign_169
top0/ID_stage/dcache/clk_gate_memory_reg_43_
                                       6.8400      0.0      1.3680       5.4720  0.0000  SNPS_CLOCK_GATE_HIGH_dsram_mydesign_0_mydesign_176
top0/ID_stage/dcache/clk_gate_memory_reg_43__0
                                       6.8400      0.0      1.3680       5.4720  0.0000  SNPS_CLOCK_GATE_HIGH_dsram_mydesign_0_mydesign_175
top0/ID_stage/dcache/clk_gate_memory_reg_43__1
                                       6.8400      0.0      1.3680       5.4720  0.0000  SNPS_CLOCK_GATE_HIGH_dsram_mydesign_0_mydesign_174
top0/ID_stage/dcache/clk_gate_memory_reg_43__2
                                       6.8400      0.0      1.3680       5.4720  0.0000  SNPS_CLOCK_GATE_HIGH_dsram_mydesign_0_mydesign_173
top0/ID_stage/dcache/clk_gate_memory_reg_44_
                                       6.8400      0.0      1.3680       5.4720  0.0000  SNPS_CLOCK_GATE_HIGH_dsram_mydesign_0_mydesign_180
top0/ID_stage/dcache/clk_gate_memory_reg_44__0
                                       6.8400      0.0      1.3680       5.4720  0.0000  SNPS_CLOCK_GATE_HIGH_dsram_mydesign_0_mydesign_179
top0/ID_stage/dcache/clk_gate_memory_reg_44__1
                                       6.8400      0.0      1.3680       5.4720  0.0000  SNPS_CLOCK_GATE_HIGH_dsram_mydesign_0_mydesign_178
top0/ID_stage/dcache/clk_gate_memory_reg_44__2
                                       6.8400      0.0      1.3680       5.4720  0.0000  SNPS_CLOCK_GATE_HIGH_dsram_mydesign_0_mydesign_177
top0/ID_stage/dcache/clk_gate_memory_reg_45_
                                       6.8400      0.0      1.3680       5.4720  0.0000  SNPS_CLOCK_GATE_HIGH_dsram_mydesign_0_mydesign_184
top0/ID_stage/dcache/clk_gate_memory_reg_45__0
                                       6.8400      0.0      1.3680       5.4720  0.0000  SNPS_CLOCK_GATE_HIGH_dsram_mydesign_0_mydesign_183
top0/ID_stage/dcache/clk_gate_memory_reg_45__1
                                       6.8400      0.0      1.3680       5.4720  0.0000  SNPS_CLOCK_GATE_HIGH_dsram_mydesign_0_mydesign_182
top0/ID_stage/dcache/clk_gate_memory_reg_45__2
                                       6.8400      0.0      1.3680       5.4720  0.0000  SNPS_CLOCK_GATE_HIGH_dsram_mydesign_0_mydesign_181
top0/ID_stage/dcache/clk_gate_memory_reg_46_
                                       6.8400      0.0      1.3680       5.4720  0.0000  SNPS_CLOCK_GATE_HIGH_dsram_mydesign_0_mydesign_188
top0/ID_stage/dcache/clk_gate_memory_reg_46__0
                                       6.8400      0.0      1.3680       5.4720  0.0000  SNPS_CLOCK_GATE_HIGH_dsram_mydesign_0_mydesign_187
top0/ID_stage/dcache/clk_gate_memory_reg_46__1
                                       6.8400      0.0      1.3680       5.4720  0.0000  SNPS_CLOCK_GATE_HIGH_dsram_mydesign_0_mydesign_186
top0/ID_stage/dcache/clk_gate_memory_reg_46__2
                                       6.8400      0.0      1.3680       5.4720  0.0000  SNPS_CLOCK_GATE_HIGH_dsram_mydesign_0_mydesign_185
top0/ID_stage/dcache/clk_gate_memory_reg_47_
                                       6.8400      0.0      1.3680       5.4720  0.0000  SNPS_CLOCK_GATE_HIGH_dsram_mydesign_0_mydesign_192
top0/ID_stage/dcache/clk_gate_memory_reg_47__0
                                       6.8400      0.0      1.3680       5.4720  0.0000  SNPS_CLOCK_GATE_HIGH_dsram_mydesign_0_mydesign_191
top0/ID_stage/dcache/clk_gate_memory_reg_47__1
                                       6.8400      0.0      1.3680       5.4720  0.0000  SNPS_CLOCK_GATE_HIGH_dsram_mydesign_0_mydesign_190
top0/ID_stage/dcache/clk_gate_memory_reg_47__2
                                       6.8400      0.0      1.3680       5.4720  0.0000  SNPS_CLOCK_GATE_HIGH_dsram_mydesign_0_mydesign_189
top0/ID_stage/dcache/clk_gate_memory_reg_48_
                                       6.8400      0.0      1.3680       5.4720  0.0000  SNPS_CLOCK_GATE_HIGH_dsram_mydesign_0_mydesign_196
top0/ID_stage/dcache/clk_gate_memory_reg_48__0
                                       6.8400      0.0      1.3680       5.4720  0.0000  SNPS_CLOCK_GATE_HIGH_dsram_mydesign_0_mydesign_195
top0/ID_stage/dcache/clk_gate_memory_reg_48__1
                                       6.8400      0.0      1.3680       5.4720  0.0000  SNPS_CLOCK_GATE_HIGH_dsram_mydesign_0_mydesign_194
top0/ID_stage/dcache/clk_gate_memory_reg_48__2
                                       6.8400      0.0      1.3680       5.4720  0.0000  SNPS_CLOCK_GATE_HIGH_dsram_mydesign_0_mydesign_193
top0/ID_stage/dcache/clk_gate_memory_reg_49_
                                       6.8400      0.0      1.3680       5.4720  0.0000  SNPS_CLOCK_GATE_HIGH_dsram_mydesign_0_mydesign_200
top0/ID_stage/dcache/clk_gate_memory_reg_49__0
                                       6.8400      0.0      1.3680       5.4720  0.0000  SNPS_CLOCK_GATE_HIGH_dsram_mydesign_0_mydesign_199
top0/ID_stage/dcache/clk_gate_memory_reg_49__1
                                       6.8400      0.0      1.3680       5.4720  0.0000  SNPS_CLOCK_GATE_HIGH_dsram_mydesign_0_mydesign_198
top0/ID_stage/dcache/clk_gate_memory_reg_49__2
                                       6.8400      0.0      1.3680       5.4720  0.0000  SNPS_CLOCK_GATE_HIGH_dsram_mydesign_0_mydesign_197
top0/ID_stage/dcache/clk_gate_memory_reg_4_
                                       6.8400      0.0      1.3680       5.4720  0.0000  SNPS_CLOCK_GATE_HIGH_dsram_mydesign_0_mydesign_20
top0/ID_stage/dcache/clk_gate_memory_reg_4__0
                                       6.8400      0.0      1.3680       5.4720  0.0000  SNPS_CLOCK_GATE_HIGH_dsram_mydesign_0_mydesign_19
top0/ID_stage/dcache/clk_gate_memory_reg_4__1
                                       6.8400      0.0      1.3680       5.4720  0.0000  SNPS_CLOCK_GATE_HIGH_dsram_mydesign_0_mydesign_18
top0/ID_stage/dcache/clk_gate_memory_reg_4__2
                                       6.8400      0.0      1.3680       5.4720  0.0000  SNPS_CLOCK_GATE_HIGH_dsram_mydesign_0_mydesign_17
top0/ID_stage/dcache/clk_gate_memory_reg_50_
                                       6.8400      0.0      1.3680       5.4720  0.0000  SNPS_CLOCK_GATE_HIGH_dsram_mydesign_0_mydesign_204
top0/ID_stage/dcache/clk_gate_memory_reg_50__0
                                       6.8400      0.0      1.3680       5.4720  0.0000  SNPS_CLOCK_GATE_HIGH_dsram_mydesign_0_mydesign_203
top0/ID_stage/dcache/clk_gate_memory_reg_50__1
                                       6.8400      0.0      1.3680       5.4720  0.0000  SNPS_CLOCK_GATE_HIGH_dsram_mydesign_0_mydesign_202
top0/ID_stage/dcache/clk_gate_memory_reg_50__2
                                       6.8400      0.0      1.3680       5.4720  0.0000  SNPS_CLOCK_GATE_HIGH_dsram_mydesign_0_mydesign_201
top0/ID_stage/dcache/clk_gate_memory_reg_51_
                                       6.8400      0.0      1.3680       5.4720  0.0000  SNPS_CLOCK_GATE_HIGH_dsram_mydesign_0_mydesign_208
top0/ID_stage/dcache/clk_gate_memory_reg_51__0
                                       6.8400      0.0      1.3680       5.4720  0.0000  SNPS_CLOCK_GATE_HIGH_dsram_mydesign_0_mydesign_207
top0/ID_stage/dcache/clk_gate_memory_reg_51__1
                                       6.8400      0.0      1.3680       5.4720  0.0000  SNPS_CLOCK_GATE_HIGH_dsram_mydesign_0_mydesign_206
top0/ID_stage/dcache/clk_gate_memory_reg_51__2
                                       6.8400      0.0      1.3680       5.4720  0.0000  SNPS_CLOCK_GATE_HIGH_dsram_mydesign_0_mydesign_205
top0/ID_stage/dcache/clk_gate_memory_reg_52_
                                       6.8400      0.0      1.3680       5.4720  0.0000  SNPS_CLOCK_GATE_HIGH_dsram_mydesign_0_mydesign_212
top0/ID_stage/dcache/clk_gate_memory_reg_52__0
                                       6.8400      0.0      1.3680       5.4720  0.0000  SNPS_CLOCK_GATE_HIGH_dsram_mydesign_0_mydesign_211
top0/ID_stage/dcache/clk_gate_memory_reg_52__1
                                       6.8400      0.0      1.3680       5.4720  0.0000  SNPS_CLOCK_GATE_HIGH_dsram_mydesign_0_mydesign_210
top0/ID_stage/dcache/clk_gate_memory_reg_52__2
                                       6.8400      0.0      1.3680       5.4720  0.0000  SNPS_CLOCK_GATE_HIGH_dsram_mydesign_0_mydesign_209
top0/ID_stage/dcache/clk_gate_memory_reg_53_
                                       6.8400      0.0      1.3680       5.4720  0.0000  SNPS_CLOCK_GATE_HIGH_dsram_mydesign_0_mydesign_216
top0/ID_stage/dcache/clk_gate_memory_reg_53__0
                                       6.8400      0.0      1.3680       5.4720  0.0000  SNPS_CLOCK_GATE_HIGH_dsram_mydesign_0_mydesign_215
top0/ID_stage/dcache/clk_gate_memory_reg_53__1
                                       6.8400      0.0      1.3680       5.4720  0.0000  SNPS_CLOCK_GATE_HIGH_dsram_mydesign_0_mydesign_214
top0/ID_stage/dcache/clk_gate_memory_reg_53__2
                                       6.8400      0.0      1.3680       5.4720  0.0000  SNPS_CLOCK_GATE_HIGH_dsram_mydesign_0_mydesign_213
top0/ID_stage/dcache/clk_gate_memory_reg_54_
                                       6.8400      0.0      1.3680       5.4720  0.0000  SNPS_CLOCK_GATE_HIGH_dsram_mydesign_0_mydesign_220
top0/ID_stage/dcache/clk_gate_memory_reg_54__0
                                       6.8400      0.0      1.3680       5.4720  0.0000  SNPS_CLOCK_GATE_HIGH_dsram_mydesign_0_mydesign_219
top0/ID_stage/dcache/clk_gate_memory_reg_54__1
                                       6.8400      0.0      1.3680       5.4720  0.0000  SNPS_CLOCK_GATE_HIGH_dsram_mydesign_0_mydesign_218
top0/ID_stage/dcache/clk_gate_memory_reg_54__2
                                       6.8400      0.0      1.3680       5.4720  0.0000  SNPS_CLOCK_GATE_HIGH_dsram_mydesign_0_mydesign_217
top0/ID_stage/dcache/clk_gate_memory_reg_55_
                                       6.8400      0.0      1.3680       5.4720  0.0000  SNPS_CLOCK_GATE_HIGH_dsram_mydesign_0_mydesign_224
top0/ID_stage/dcache/clk_gate_memory_reg_55__0
                                       6.8400      0.0      1.3680       5.4720  0.0000  SNPS_CLOCK_GATE_HIGH_dsram_mydesign_0_mydesign_223
top0/ID_stage/dcache/clk_gate_memory_reg_55__1
                                       6.8400      0.0      1.3680       5.4720  0.0000  SNPS_CLOCK_GATE_HIGH_dsram_mydesign_0_mydesign_222
top0/ID_stage/dcache/clk_gate_memory_reg_55__2
                                       6.8400      0.0      1.3680       5.4720  0.0000  SNPS_CLOCK_GATE_HIGH_dsram_mydesign_0_mydesign_221
top0/ID_stage/dcache/clk_gate_memory_reg_56_
                                       6.8400      0.0      1.3680       5.4720  0.0000  SNPS_CLOCK_GATE_HIGH_dsram_mydesign_0_mydesign_228
top0/ID_stage/dcache/clk_gate_memory_reg_56__0
                                       6.8400      0.0      1.3680       5.4720  0.0000  SNPS_CLOCK_GATE_HIGH_dsram_mydesign_0_mydesign_227
top0/ID_stage/dcache/clk_gate_memory_reg_56__1
                                       6.8400      0.0      1.3680       5.4720  0.0000  SNPS_CLOCK_GATE_HIGH_dsram_mydesign_0_mydesign_226
top0/ID_stage/dcache/clk_gate_memory_reg_56__2
                                       6.8400      0.0      1.3680       5.4720  0.0000  SNPS_CLOCK_GATE_HIGH_dsram_mydesign_0_mydesign_225
top0/ID_stage/dcache/clk_gate_memory_reg_57_
                                       6.8400      0.0      1.3680       5.4720  0.0000  SNPS_CLOCK_GATE_HIGH_dsram_mydesign_0_mydesign_232
top0/ID_stage/dcache/clk_gate_memory_reg_57__0
                                       6.8400      0.0      1.3680       5.4720  0.0000  SNPS_CLOCK_GATE_HIGH_dsram_mydesign_0_mydesign_231
top0/ID_stage/dcache/clk_gate_memory_reg_57__1
                                       6.8400      0.0      1.3680       5.4720  0.0000  SNPS_CLOCK_GATE_HIGH_dsram_mydesign_0_mydesign_230
top0/ID_stage/dcache/clk_gate_memory_reg_57__2
                                       6.8400      0.0      1.3680       5.4720  0.0000  SNPS_CLOCK_GATE_HIGH_dsram_mydesign_0_mydesign_229
top0/ID_stage/dcache/clk_gate_memory_reg_58_
                                       6.8400      0.0      1.3680       5.4720  0.0000  SNPS_CLOCK_GATE_HIGH_dsram_mydesign_0_mydesign_236
top0/ID_stage/dcache/clk_gate_memory_reg_58__0
                                       6.8400      0.0      1.3680       5.4720  0.0000  SNPS_CLOCK_GATE_HIGH_dsram_mydesign_0_mydesign_235
top0/ID_stage/dcache/clk_gate_memory_reg_58__1
                                       6.8400      0.0      1.3680       5.4720  0.0000  SNPS_CLOCK_GATE_HIGH_dsram_mydesign_0_mydesign_234
top0/ID_stage/dcache/clk_gate_memory_reg_58__2
                                       6.8400      0.0      1.3680       5.4720  0.0000  SNPS_CLOCK_GATE_HIGH_dsram_mydesign_0_mydesign_233
top0/ID_stage/dcache/clk_gate_memory_reg_59_
                                       6.8400      0.0      1.3680       5.4720  0.0000  SNPS_CLOCK_GATE_HIGH_dsram_mydesign_0_mydesign_240
top0/ID_stage/dcache/clk_gate_memory_reg_59__0
                                       6.8400      0.0      1.3680       5.4720  0.0000  SNPS_CLOCK_GATE_HIGH_dsram_mydesign_0_mydesign_239
top0/ID_stage/dcache/clk_gate_memory_reg_59__1
                                       6.8400      0.0      1.3680       5.4720  0.0000  SNPS_CLOCK_GATE_HIGH_dsram_mydesign_0_mydesign_238
top0/ID_stage/dcache/clk_gate_memory_reg_59__2
                                       6.8400      0.0      1.3680       5.4720  0.0000  SNPS_CLOCK_GATE_HIGH_dsram_mydesign_0_mydesign_237
top0/ID_stage/dcache/clk_gate_memory_reg_5_
                                       6.8400      0.0      1.3680       5.4720  0.0000  SNPS_CLOCK_GATE_HIGH_dsram_mydesign_0_mydesign_24
top0/ID_stage/dcache/clk_gate_memory_reg_5__0
                                       6.8400      0.0      1.3680       5.4720  0.0000  SNPS_CLOCK_GATE_HIGH_dsram_mydesign_0_mydesign_23
top0/ID_stage/dcache/clk_gate_memory_reg_5__1
                                       6.8400      0.0      1.3680       5.4720  0.0000  SNPS_CLOCK_GATE_HIGH_dsram_mydesign_0_mydesign_22
top0/ID_stage/dcache/clk_gate_memory_reg_5__2
                                       6.8400      0.0      1.3680       5.4720  0.0000  SNPS_CLOCK_GATE_HIGH_dsram_mydesign_0_mydesign_21
top0/ID_stage/dcache/clk_gate_memory_reg_60_
                                       6.8400      0.0      1.3680       5.4720  0.0000  SNPS_CLOCK_GATE_HIGH_dsram_mydesign_0_mydesign_244
top0/ID_stage/dcache/clk_gate_memory_reg_60__0
                                       6.8400      0.0      1.3680       5.4720  0.0000  SNPS_CLOCK_GATE_HIGH_dsram_mydesign_0_mydesign_243
top0/ID_stage/dcache/clk_gate_memory_reg_60__1
                                       6.8400      0.0      1.3680       5.4720  0.0000  SNPS_CLOCK_GATE_HIGH_dsram_mydesign_0_mydesign_242
top0/ID_stage/dcache/clk_gate_memory_reg_60__2
                                       6.8400      0.0      1.3680       5.4720  0.0000  SNPS_CLOCK_GATE_HIGH_dsram_mydesign_0_mydesign_241
top0/ID_stage/dcache/clk_gate_memory_reg_61_
                                       6.8400      0.0      1.3680       5.4720  0.0000  SNPS_CLOCK_GATE_HIGH_dsram_mydesign_0_mydesign_248
top0/ID_stage/dcache/clk_gate_memory_reg_61__0
                                       6.8400      0.0      1.3680       5.4720  0.0000  SNPS_CLOCK_GATE_HIGH_dsram_mydesign_0_mydesign_247
top0/ID_stage/dcache/clk_gate_memory_reg_61__1
                                       6.8400      0.0      1.3680       5.4720  0.0000  SNPS_CLOCK_GATE_HIGH_dsram_mydesign_0_mydesign_246
top0/ID_stage/dcache/clk_gate_memory_reg_61__2
                                       6.8400      0.0      1.3680       5.4720  0.0000  SNPS_CLOCK_GATE_HIGH_dsram_mydesign_0_mydesign_245
top0/ID_stage/dcache/clk_gate_memory_reg_62_
                                       6.8400      0.0      1.3680       5.4720  0.0000  SNPS_CLOCK_GATE_HIGH_dsram_mydesign_0_mydesign_252
top0/ID_stage/dcache/clk_gate_memory_reg_62__0
                                       6.8400      0.0      1.3680       5.4720  0.0000  SNPS_CLOCK_GATE_HIGH_dsram_mydesign_0_mydesign_251
top0/ID_stage/dcache/clk_gate_memory_reg_62__1
                                       6.8400      0.0      1.3680       5.4720  0.0000  SNPS_CLOCK_GATE_HIGH_dsram_mydesign_0_mydesign_250
top0/ID_stage/dcache/clk_gate_memory_reg_62__2
                                       6.8400      0.0      1.3680       5.4720  0.0000  SNPS_CLOCK_GATE_HIGH_dsram_mydesign_0_mydesign_249
top0/ID_stage/dcache/clk_gate_memory_reg_63_
                                       6.8400      0.0      1.3680       5.4720  0.0000  SNPS_CLOCK_GATE_HIGH_dsram_mydesign_0_mydesign_256
top0/ID_stage/dcache/clk_gate_memory_reg_63__0
                                       6.8400      0.0      1.3680       5.4720  0.0000  SNPS_CLOCK_GATE_HIGH_dsram_mydesign_0_mydesign_255
top0/ID_stage/dcache/clk_gate_memory_reg_63__1
                                       6.8400      0.0      1.3680       5.4720  0.0000  SNPS_CLOCK_GATE_HIGH_dsram_mydesign_0_mydesign_254
top0/ID_stage/dcache/clk_gate_memory_reg_63__2
                                       6.8400      0.0      1.3680       5.4720  0.0000  SNPS_CLOCK_GATE_HIGH_dsram_mydesign_0_mydesign_253
top0/ID_stage/dcache/clk_gate_memory_reg_64_
                                       6.8400      0.0      1.3680       5.4720  0.0000  SNPS_CLOCK_GATE_HIGH_dsram_mydesign_0_mydesign_260
top0/ID_stage/dcache/clk_gate_memory_reg_64__0
                                       6.8400      0.0      1.3680       5.4720  0.0000  SNPS_CLOCK_GATE_HIGH_dsram_mydesign_0_mydesign_259
top0/ID_stage/dcache/clk_gate_memory_reg_64__1
                                       6.8400      0.0      1.3680       5.4720  0.0000  SNPS_CLOCK_GATE_HIGH_dsram_mydesign_0_mydesign_258
top0/ID_stage/dcache/clk_gate_memory_reg_64__2
                                       6.8400      0.0      1.3680       5.4720  0.0000  SNPS_CLOCK_GATE_HIGH_dsram_mydesign_0_mydesign_257
top0/ID_stage/dcache/clk_gate_memory_reg_65_
                                       6.8400      0.0      1.3680       5.4720  0.0000  SNPS_CLOCK_GATE_HIGH_dsram_mydesign_0_mydesign_264
top0/ID_stage/dcache/clk_gate_memory_reg_65__0
                                       6.8400      0.0      1.3680       5.4720  0.0000  SNPS_CLOCK_GATE_HIGH_dsram_mydesign_0_mydesign_263
top0/ID_stage/dcache/clk_gate_memory_reg_65__1
                                       6.8400      0.0      1.3680       5.4720  0.0000  SNPS_CLOCK_GATE_HIGH_dsram_mydesign_0_mydesign_262
top0/ID_stage/dcache/clk_gate_memory_reg_65__2
                                       6.8400      0.0      1.3680       5.4720  0.0000  SNPS_CLOCK_GATE_HIGH_dsram_mydesign_0_mydesign_261
top0/ID_stage/dcache/clk_gate_memory_reg_66_
                                       6.8400      0.0      1.3680       5.4720  0.0000  SNPS_CLOCK_GATE_HIGH_dsram_mydesign_0_mydesign_268
top0/ID_stage/dcache/clk_gate_memory_reg_66__0
                                       6.8400      0.0      1.3680       5.4720  0.0000  SNPS_CLOCK_GATE_HIGH_dsram_mydesign_0_mydesign_267
top0/ID_stage/dcache/clk_gate_memory_reg_66__1
                                       6.8400      0.0      1.3680       5.4720  0.0000  SNPS_CLOCK_GATE_HIGH_dsram_mydesign_0_mydesign_266
top0/ID_stage/dcache/clk_gate_memory_reg_66__2
                                       6.8400      0.0      1.3680       5.4720  0.0000  SNPS_CLOCK_GATE_HIGH_dsram_mydesign_0_mydesign_265
top0/ID_stage/dcache/clk_gate_memory_reg_67_
                                       6.8400      0.0      1.3680       5.4720  0.0000  SNPS_CLOCK_GATE_HIGH_dsram_mydesign_0_mydesign_272
top0/ID_stage/dcache/clk_gate_memory_reg_67__0
                                       6.8400      0.0      1.3680       5.4720  0.0000  SNPS_CLOCK_GATE_HIGH_dsram_mydesign_0_mydesign_271
top0/ID_stage/dcache/clk_gate_memory_reg_67__1
                                       6.8400      0.0      1.3680       5.4720  0.0000  SNPS_CLOCK_GATE_HIGH_dsram_mydesign_0_mydesign_270
top0/ID_stage/dcache/clk_gate_memory_reg_67__2
                                       6.8400      0.0      1.3680       5.4720  0.0000  SNPS_CLOCK_GATE_HIGH_dsram_mydesign_0_mydesign_269
top0/ID_stage/dcache/clk_gate_memory_reg_68_
                                       6.8400      0.0      1.3680       5.4720  0.0000  SNPS_CLOCK_GATE_HIGH_dsram_mydesign_0_mydesign_276
top0/ID_stage/dcache/clk_gate_memory_reg_68__0
                                       6.8400      0.0      1.3680       5.4720  0.0000  SNPS_CLOCK_GATE_HIGH_dsram_mydesign_0_mydesign_275
top0/ID_stage/dcache/clk_gate_memory_reg_68__1
                                       6.8400      0.0      1.3680       5.4720  0.0000  SNPS_CLOCK_GATE_HIGH_dsram_mydesign_0_mydesign_274
top0/ID_stage/dcache/clk_gate_memory_reg_68__2
                                       6.8400      0.0      1.3680       5.4720  0.0000  SNPS_CLOCK_GATE_HIGH_dsram_mydesign_0_mydesign_273
top0/ID_stage/dcache/clk_gate_memory_reg_69_
                                       6.8400      0.0      1.3680       5.4720  0.0000  SNPS_CLOCK_GATE_HIGH_dsram_mydesign_0_mydesign_280
top0/ID_stage/dcache/clk_gate_memory_reg_69__0
                                       6.8400      0.0      1.3680       5.4720  0.0000  SNPS_CLOCK_GATE_HIGH_dsram_mydesign_0_mydesign_279
top0/ID_stage/dcache/clk_gate_memory_reg_69__1
                                       6.8400      0.0      1.3680       5.4720  0.0000  SNPS_CLOCK_GATE_HIGH_dsram_mydesign_0_mydesign_278
top0/ID_stage/dcache/clk_gate_memory_reg_69__2
                                       6.8400      0.0      1.3680       5.4720  0.0000  SNPS_CLOCK_GATE_HIGH_dsram_mydesign_0_mydesign_277
top0/ID_stage/dcache/clk_gate_memory_reg_6_
                                       6.8400      0.0      1.3680       5.4720  0.0000  SNPS_CLOCK_GATE_HIGH_dsram_mydesign_0_mydesign_28
top0/ID_stage/dcache/clk_gate_memory_reg_6__0
                                       6.8400      0.0      1.3680       5.4720  0.0000  SNPS_CLOCK_GATE_HIGH_dsram_mydesign_0_mydesign_27
top0/ID_stage/dcache/clk_gate_memory_reg_6__1
                                       6.8400      0.0      1.3680       5.4720  0.0000  SNPS_CLOCK_GATE_HIGH_dsram_mydesign_0_mydesign_26
top0/ID_stage/dcache/clk_gate_memory_reg_6__2
                                       6.8400      0.0      1.3680       5.4720  0.0000  SNPS_CLOCK_GATE_HIGH_dsram_mydesign_0_mydesign_25
top0/ID_stage/dcache/clk_gate_memory_reg_70_
                                       6.8400      0.0      1.3680       5.4720  0.0000  SNPS_CLOCK_GATE_HIGH_dsram_mydesign_0_mydesign_284
top0/ID_stage/dcache/clk_gate_memory_reg_70__0
                                       6.8400      0.0      1.3680       5.4720  0.0000  SNPS_CLOCK_GATE_HIGH_dsram_mydesign_0_mydesign_283
top0/ID_stage/dcache/clk_gate_memory_reg_70__1
                                       6.8400      0.0      1.3680       5.4720  0.0000  SNPS_CLOCK_GATE_HIGH_dsram_mydesign_0_mydesign_282
top0/ID_stage/dcache/clk_gate_memory_reg_70__2
                                       6.8400      0.0      1.3680       5.4720  0.0000  SNPS_CLOCK_GATE_HIGH_dsram_mydesign_0_mydesign_281
top0/ID_stage/dcache/clk_gate_memory_reg_71_
                                       6.8400      0.0      1.3680       5.4720  0.0000  SNPS_CLOCK_GATE_HIGH_dsram_mydesign_0_mydesign_288
top0/ID_stage/dcache/clk_gate_memory_reg_71__0
                                       6.8400      0.0      1.3680       5.4720  0.0000  SNPS_CLOCK_GATE_HIGH_dsram_mydesign_0_mydesign_287
top0/ID_stage/dcache/clk_gate_memory_reg_71__1
                                       6.8400      0.0      1.3680       5.4720  0.0000  SNPS_CLOCK_GATE_HIGH_dsram_mydesign_0_mydesign_286
top0/ID_stage/dcache/clk_gate_memory_reg_71__2
                                       6.8400      0.0      1.3680       5.4720  0.0000  SNPS_CLOCK_GATE_HIGH_dsram_mydesign_0_mydesign_285
top0/ID_stage/dcache/clk_gate_memory_reg_72_
                                       6.8400      0.0      1.3680       5.4720  0.0000  SNPS_CLOCK_GATE_HIGH_dsram_mydesign_0_mydesign_292
top0/ID_stage/dcache/clk_gate_memory_reg_72__0
                                       6.8400      0.0      1.3680       5.4720  0.0000  SNPS_CLOCK_GATE_HIGH_dsram_mydesign_0_mydesign_291
top0/ID_stage/dcache/clk_gate_memory_reg_72__1
                                       6.8400      0.0      1.3680       5.4720  0.0000  SNPS_CLOCK_GATE_HIGH_dsram_mydesign_0_mydesign_290
top0/ID_stage/dcache/clk_gate_memory_reg_72__2
                                       6.8400      0.0      1.3680       5.4720  0.0000  SNPS_CLOCK_GATE_HIGH_dsram_mydesign_0_mydesign_289
top0/ID_stage/dcache/clk_gate_memory_reg_73_
                                       6.8400      0.0      1.3680       5.4720  0.0000  SNPS_CLOCK_GATE_HIGH_dsram_mydesign_0_mydesign_296
top0/ID_stage/dcache/clk_gate_memory_reg_73__0
                                       6.8400      0.0      1.3680       5.4720  0.0000  SNPS_CLOCK_GATE_HIGH_dsram_mydesign_0_mydesign_295
top0/ID_stage/dcache/clk_gate_memory_reg_73__1
                                       6.8400      0.0      1.3680       5.4720  0.0000  SNPS_CLOCK_GATE_HIGH_dsram_mydesign_0_mydesign_294
top0/ID_stage/dcache/clk_gate_memory_reg_73__2
                                       6.8400      0.0      1.3680       5.4720  0.0000  SNPS_CLOCK_GATE_HIGH_dsram_mydesign_0_mydesign_293
top0/ID_stage/dcache/clk_gate_memory_reg_74_
                                       6.8400      0.0      1.3680       5.4720  0.0000  SNPS_CLOCK_GATE_HIGH_dsram_mydesign_0_mydesign_300
top0/ID_stage/dcache/clk_gate_memory_reg_74__0
                                       6.8400      0.0      1.3680       5.4720  0.0000  SNPS_CLOCK_GATE_HIGH_dsram_mydesign_0_mydesign_299
top0/ID_stage/dcache/clk_gate_memory_reg_74__1
                                       6.8400      0.0      1.3680       5.4720  0.0000  SNPS_CLOCK_GATE_HIGH_dsram_mydesign_0_mydesign_298
top0/ID_stage/dcache/clk_gate_memory_reg_74__2
                                       6.8400      0.0      1.3680       5.4720  0.0000  SNPS_CLOCK_GATE_HIGH_dsram_mydesign_0_mydesign_297
top0/ID_stage/dcache/clk_gate_memory_reg_75_
                                       6.8400      0.0      1.3680       5.4720  0.0000  SNPS_CLOCK_GATE_HIGH_dsram_mydesign_0_mydesign_304
top0/ID_stage/dcache/clk_gate_memory_reg_75__0
                                       6.8400      0.0      1.3680       5.4720  0.0000  SNPS_CLOCK_GATE_HIGH_dsram_mydesign_0_mydesign_303
top0/ID_stage/dcache/clk_gate_memory_reg_75__1
                                       6.8400      0.0      1.3680       5.4720  0.0000  SNPS_CLOCK_GATE_HIGH_dsram_mydesign_0_mydesign_302
top0/ID_stage/dcache/clk_gate_memory_reg_75__2
                                       6.8400      0.0      1.3680       5.4720  0.0000  SNPS_CLOCK_GATE_HIGH_dsram_mydesign_0_mydesign_301
top0/ID_stage/dcache/clk_gate_memory_reg_76_
                                       6.8400      0.0      1.3680       5.4720  0.0000  SNPS_CLOCK_GATE_HIGH_dsram_mydesign_0_mydesign_308
top0/ID_stage/dcache/clk_gate_memory_reg_76__0
                                       6.8400      0.0      1.3680       5.4720  0.0000  SNPS_CLOCK_GATE_HIGH_dsram_mydesign_0_mydesign_307
top0/ID_stage/dcache/clk_gate_memory_reg_76__1
                                       6.8400      0.0      1.3680       5.4720  0.0000  SNPS_CLOCK_GATE_HIGH_dsram_mydesign_0_mydesign_306
top0/ID_stage/dcache/clk_gate_memory_reg_76__2
                                       6.8400      0.0      1.3680       5.4720  0.0000  SNPS_CLOCK_GATE_HIGH_dsram_mydesign_0_mydesign_305
top0/ID_stage/dcache/clk_gate_memory_reg_77_
                                       6.8400      0.0      1.3680       5.4720  0.0000  SNPS_CLOCK_GATE_HIGH_dsram_mydesign_0_mydesign_312
top0/ID_stage/dcache/clk_gate_memory_reg_77__0
                                       6.8400      0.0      1.3680       5.4720  0.0000  SNPS_CLOCK_GATE_HIGH_dsram_mydesign_0_mydesign_311
top0/ID_stage/dcache/clk_gate_memory_reg_77__1
                                       6.8400      0.0      1.3680       5.4720  0.0000  SNPS_CLOCK_GATE_HIGH_dsram_mydesign_0_mydesign_310
top0/ID_stage/dcache/clk_gate_memory_reg_77__2
                                       6.8400      0.0      1.3680       5.4720  0.0000  SNPS_CLOCK_GATE_HIGH_dsram_mydesign_0_mydesign_309
top0/ID_stage/dcache/clk_gate_memory_reg_78_
                                       6.8400      0.0      1.3680       5.4720  0.0000  SNPS_CLOCK_GATE_HIGH_dsram_mydesign_0_mydesign_316
top0/ID_stage/dcache/clk_gate_memory_reg_78__0
                                       6.8400      0.0      1.3680       5.4720  0.0000  SNPS_CLOCK_GATE_HIGH_dsram_mydesign_0_mydesign_315
top0/ID_stage/dcache/clk_gate_memory_reg_78__1
                                       6.8400      0.0      1.3680       5.4720  0.0000  SNPS_CLOCK_GATE_HIGH_dsram_mydesign_0_mydesign_314
top0/ID_stage/dcache/clk_gate_memory_reg_78__2
                                       6.8400      0.0      1.3680       5.4720  0.0000  SNPS_CLOCK_GATE_HIGH_dsram_mydesign_0_mydesign_313
top0/ID_stage/dcache/clk_gate_memory_reg_79_
                                       6.8400      0.0      1.3680       5.4720  0.0000  SNPS_CLOCK_GATE_HIGH_dsram_mydesign_0_mydesign_320
top0/ID_stage/dcache/clk_gate_memory_reg_79__0
                                       6.8400      0.0      1.3680       5.4720  0.0000  SNPS_CLOCK_GATE_HIGH_dsram_mydesign_0_mydesign_319
top0/ID_stage/dcache/clk_gate_memory_reg_79__1
                                       6.8400      0.0      1.3680       5.4720  0.0000  SNPS_CLOCK_GATE_HIGH_dsram_mydesign_0_mydesign_318
top0/ID_stage/dcache/clk_gate_memory_reg_79__2
                                       6.8400      0.0      1.3680       5.4720  0.0000  SNPS_CLOCK_GATE_HIGH_dsram_mydesign_0_mydesign_317
top0/ID_stage/dcache/clk_gate_memory_reg_7_
                                       6.8400      0.0      1.3680       5.4720  0.0000  SNPS_CLOCK_GATE_HIGH_dsram_mydesign_0_mydesign_32
top0/ID_stage/dcache/clk_gate_memory_reg_7__0
                                       6.8400      0.0      1.3680       5.4720  0.0000  SNPS_CLOCK_GATE_HIGH_dsram_mydesign_0_mydesign_31
top0/ID_stage/dcache/clk_gate_memory_reg_7__1
                                       6.8400      0.0      1.3680       5.4720  0.0000  SNPS_CLOCK_GATE_HIGH_dsram_mydesign_0_mydesign_30
top0/ID_stage/dcache/clk_gate_memory_reg_7__2
                                       6.8400      0.0      1.3680       5.4720  0.0000  SNPS_CLOCK_GATE_HIGH_dsram_mydesign_0_mydesign_29
top0/ID_stage/dcache/clk_gate_memory_reg_80_
                                       6.8400      0.0      1.3680       5.4720  0.0000  SNPS_CLOCK_GATE_HIGH_dsram_mydesign_0_mydesign_324
top0/ID_stage/dcache/clk_gate_memory_reg_80__0
                                       6.8400      0.0      1.3680       5.4720  0.0000  SNPS_CLOCK_GATE_HIGH_dsram_mydesign_0_mydesign_323
top0/ID_stage/dcache/clk_gate_memory_reg_80__1
                                       6.8400      0.0      1.3680       5.4720  0.0000  SNPS_CLOCK_GATE_HIGH_dsram_mydesign_0_mydesign_322
top0/ID_stage/dcache/clk_gate_memory_reg_80__2
                                       6.8400      0.0      1.3680       5.4720  0.0000  SNPS_CLOCK_GATE_HIGH_dsram_mydesign_0_mydesign_321
top0/ID_stage/dcache/clk_gate_memory_reg_81_
                                       6.8400      0.0      1.3680       5.4720  0.0000  SNPS_CLOCK_GATE_HIGH_dsram_mydesign_0_mydesign_328
top0/ID_stage/dcache/clk_gate_memory_reg_81__0
                                       6.8400      0.0      1.3680       5.4720  0.0000  SNPS_CLOCK_GATE_HIGH_dsram_mydesign_0_mydesign_327
top0/ID_stage/dcache/clk_gate_memory_reg_81__1
                                       6.8400      0.0      1.3680       5.4720  0.0000  SNPS_CLOCK_GATE_HIGH_dsram_mydesign_0_mydesign_326
top0/ID_stage/dcache/clk_gate_memory_reg_81__2
                                       6.8400      0.0      1.3680       5.4720  0.0000  SNPS_CLOCK_GATE_HIGH_dsram_mydesign_0_mydesign_325
top0/ID_stage/dcache/clk_gate_memory_reg_82_
                                       6.8400      0.0      1.3680       5.4720  0.0000  SNPS_CLOCK_GATE_HIGH_dsram_mydesign_0_mydesign_332
top0/ID_stage/dcache/clk_gate_memory_reg_82__0
                                       6.8400      0.0      1.3680       5.4720  0.0000  SNPS_CLOCK_GATE_HIGH_dsram_mydesign_0_mydesign_331
top0/ID_stage/dcache/clk_gate_memory_reg_82__1
                                       6.8400      0.0      1.3680       5.4720  0.0000  SNPS_CLOCK_GATE_HIGH_dsram_mydesign_0_mydesign_330
top0/ID_stage/dcache/clk_gate_memory_reg_82__2
                                       6.8400      0.0      1.3680       5.4720  0.0000  SNPS_CLOCK_GATE_HIGH_dsram_mydesign_0_mydesign_329
top0/ID_stage/dcache/clk_gate_memory_reg_83_
                                       6.8400      0.0      1.3680       5.4720  0.0000  SNPS_CLOCK_GATE_HIGH_dsram_mydesign_0_mydesign_336
top0/ID_stage/dcache/clk_gate_memory_reg_83__0
                                       6.8400      0.0      1.3680       5.4720  0.0000  SNPS_CLOCK_GATE_HIGH_dsram_mydesign_0_mydesign_335
top0/ID_stage/dcache/clk_gate_memory_reg_83__1
                                       6.8400      0.0      1.3680       5.4720  0.0000  SNPS_CLOCK_GATE_HIGH_dsram_mydesign_0_mydesign_334
top0/ID_stage/dcache/clk_gate_memory_reg_83__2
                                       6.8400      0.0      1.3680       5.4720  0.0000  SNPS_CLOCK_GATE_HIGH_dsram_mydesign_0_mydesign_333
top0/ID_stage/dcache/clk_gate_memory_reg_84_
                                       6.8400      0.0      1.3680       5.4720  0.0000  SNPS_CLOCK_GATE_HIGH_dsram_mydesign_0_mydesign_340
top0/ID_stage/dcache/clk_gate_memory_reg_84__0
                                       6.8400      0.0      1.3680       5.4720  0.0000  SNPS_CLOCK_GATE_HIGH_dsram_mydesign_0_mydesign_339
top0/ID_stage/dcache/clk_gate_memory_reg_84__1
                                       6.8400      0.0      1.3680       5.4720  0.0000  SNPS_CLOCK_GATE_HIGH_dsram_mydesign_0_mydesign_338
top0/ID_stage/dcache/clk_gate_memory_reg_84__2
                                       6.8400      0.0      1.3680       5.4720  0.0000  SNPS_CLOCK_GATE_HIGH_dsram_mydesign_0_mydesign_337
top0/ID_stage/dcache/clk_gate_memory_reg_85_
                                       6.8400      0.0      1.3680       5.4720  0.0000  SNPS_CLOCK_GATE_HIGH_dsram_mydesign_0_mydesign_344
top0/ID_stage/dcache/clk_gate_memory_reg_85__0
                                       6.8400      0.0      1.3680       5.4720  0.0000  SNPS_CLOCK_GATE_HIGH_dsram_mydesign_0_mydesign_343
top0/ID_stage/dcache/clk_gate_memory_reg_85__1
                                       6.8400      0.0      1.3680       5.4720  0.0000  SNPS_CLOCK_GATE_HIGH_dsram_mydesign_0_mydesign_342
top0/ID_stage/dcache/clk_gate_memory_reg_85__2
                                       6.8400      0.0      1.3680       5.4720  0.0000  SNPS_CLOCK_GATE_HIGH_dsram_mydesign_0_mydesign_341
top0/ID_stage/dcache/clk_gate_memory_reg_86_
                                       6.8400      0.0      1.3680       5.4720  0.0000  SNPS_CLOCK_GATE_HIGH_dsram_mydesign_0_mydesign_348
top0/ID_stage/dcache/clk_gate_memory_reg_86__0
                                       6.8400      0.0      1.3680       5.4720  0.0000  SNPS_CLOCK_GATE_HIGH_dsram_mydesign_0_mydesign_347
top0/ID_stage/dcache/clk_gate_memory_reg_86__1
                                       6.8400      0.0      1.3680       5.4720  0.0000  SNPS_CLOCK_GATE_HIGH_dsram_mydesign_0_mydesign_346
top0/ID_stage/dcache/clk_gate_memory_reg_86__2
                                       6.8400      0.0      1.3680       5.4720  0.0000  SNPS_CLOCK_GATE_HIGH_dsram_mydesign_0_mydesign_345
top0/ID_stage/dcache/clk_gate_memory_reg_87_
                                       6.8400      0.0      1.3680       5.4720  0.0000  SNPS_CLOCK_GATE_HIGH_dsram_mydesign_0_mydesign_352
top0/ID_stage/dcache/clk_gate_memory_reg_87__0
                                       6.8400      0.0      1.3680       5.4720  0.0000  SNPS_CLOCK_GATE_HIGH_dsram_mydesign_0_mydesign_351
top0/ID_stage/dcache/clk_gate_memory_reg_87__1
                                       6.8400      0.0      1.3680       5.4720  0.0000  SNPS_CLOCK_GATE_HIGH_dsram_mydesign_0_mydesign_350
top0/ID_stage/dcache/clk_gate_memory_reg_87__2
                                       6.8400      0.0      1.3680       5.4720  0.0000  SNPS_CLOCK_GATE_HIGH_dsram_mydesign_0_mydesign_349
top0/ID_stage/dcache/clk_gate_memory_reg_88_
                                       6.8400      0.0      1.3680       5.4720  0.0000  SNPS_CLOCK_GATE_HIGH_dsram_mydesign_0_mydesign_356
top0/ID_stage/dcache/clk_gate_memory_reg_88__0
                                       6.8400      0.0      1.3680       5.4720  0.0000  SNPS_CLOCK_GATE_HIGH_dsram_mydesign_0_mydesign_355
top0/ID_stage/dcache/clk_gate_memory_reg_88__1
                                       6.8400      0.0      1.3680       5.4720  0.0000  SNPS_CLOCK_GATE_HIGH_dsram_mydesign_0_mydesign_354
top0/ID_stage/dcache/clk_gate_memory_reg_88__2
                                       6.8400      0.0      1.3680       5.4720  0.0000  SNPS_CLOCK_GATE_HIGH_dsram_mydesign_0_mydesign_353
top0/ID_stage/dcache/clk_gate_memory_reg_89_
                                       6.8400      0.0      1.3680       5.4720  0.0000  SNPS_CLOCK_GATE_HIGH_dsram_mydesign_0_mydesign_360
top0/ID_stage/dcache/clk_gate_memory_reg_89__0
                                       6.8400      0.0      1.3680       5.4720  0.0000  SNPS_CLOCK_GATE_HIGH_dsram_mydesign_0_mydesign_359
top0/ID_stage/dcache/clk_gate_memory_reg_89__1
                                       6.8400      0.0      1.3680       5.4720  0.0000  SNPS_CLOCK_GATE_HIGH_dsram_mydesign_0_mydesign_358
top0/ID_stage/dcache/clk_gate_memory_reg_89__2
                                       6.8400      0.0      1.3680       5.4720  0.0000  SNPS_CLOCK_GATE_HIGH_dsram_mydesign_0_mydesign_357
top0/ID_stage/dcache/clk_gate_memory_reg_8_
                                       6.8400      0.0      1.3680       5.4720  0.0000  SNPS_CLOCK_GATE_HIGH_dsram_mydesign_0_mydesign_36
top0/ID_stage/dcache/clk_gate_memory_reg_8__0
                                       6.8400      0.0      1.3680       5.4720  0.0000  SNPS_CLOCK_GATE_HIGH_dsram_mydesign_0_mydesign_35
top0/ID_stage/dcache/clk_gate_memory_reg_8__1
                                       6.8400      0.0      1.3680       5.4720  0.0000  SNPS_CLOCK_GATE_HIGH_dsram_mydesign_0_mydesign_34
top0/ID_stage/dcache/clk_gate_memory_reg_8__2
                                       6.8400      0.0      1.3680       5.4720  0.0000  SNPS_CLOCK_GATE_HIGH_dsram_mydesign_0_mydesign_33
top0/ID_stage/dcache/clk_gate_memory_reg_90_
                                       6.8400      0.0      1.3680       5.4720  0.0000  SNPS_CLOCK_GATE_HIGH_dsram_mydesign_0_mydesign_364
top0/ID_stage/dcache/clk_gate_memory_reg_90__0
                                       6.8400      0.0      1.3680       5.4720  0.0000  SNPS_CLOCK_GATE_HIGH_dsram_mydesign_0_mydesign_363
top0/ID_stage/dcache/clk_gate_memory_reg_90__1
                                       6.8400      0.0      1.3680       5.4720  0.0000  SNPS_CLOCK_GATE_HIGH_dsram_mydesign_0_mydesign_362
top0/ID_stage/dcache/clk_gate_memory_reg_90__2
                                       6.8400      0.0      1.3680       5.4720  0.0000  SNPS_CLOCK_GATE_HIGH_dsram_mydesign_0_mydesign_361
top0/ID_stage/dcache/clk_gate_memory_reg_91_
                                       6.8400      0.0      1.3680       5.4720  0.0000  SNPS_CLOCK_GATE_HIGH_dsram_mydesign_0_mydesign_368
top0/ID_stage/dcache/clk_gate_memory_reg_91__0
                                       6.8400      0.0      1.3680       5.4720  0.0000  SNPS_CLOCK_GATE_HIGH_dsram_mydesign_0_mydesign_367
top0/ID_stage/dcache/clk_gate_memory_reg_91__1
                                       6.8400      0.0      1.3680       5.4720  0.0000  SNPS_CLOCK_GATE_HIGH_dsram_mydesign_0_mydesign_366
top0/ID_stage/dcache/clk_gate_memory_reg_91__2
                                       6.8400      0.0      1.3680       5.4720  0.0000  SNPS_CLOCK_GATE_HIGH_dsram_mydesign_0_mydesign_365
top0/ID_stage/dcache/clk_gate_memory_reg_92_
                                       6.8400      0.0      1.3680       5.4720  0.0000  SNPS_CLOCK_GATE_HIGH_dsram_mydesign_0_mydesign_372
top0/ID_stage/dcache/clk_gate_memory_reg_92__0
                                       6.8400      0.0      1.3680       5.4720  0.0000  SNPS_CLOCK_GATE_HIGH_dsram_mydesign_0_mydesign_371
top0/ID_stage/dcache/clk_gate_memory_reg_92__1
                                       6.8400      0.0      1.3680       5.4720  0.0000  SNPS_CLOCK_GATE_HIGH_dsram_mydesign_0_mydesign_370
top0/ID_stage/dcache/clk_gate_memory_reg_92__2
                                       6.8400      0.0      1.3680       5.4720  0.0000  SNPS_CLOCK_GATE_HIGH_dsram_mydesign_0_mydesign_369
top0/ID_stage/dcache/clk_gate_memory_reg_93_
                                       6.8400      0.0      1.3680       5.4720  0.0000  SNPS_CLOCK_GATE_HIGH_dsram_mydesign_0_mydesign_376
top0/ID_stage/dcache/clk_gate_memory_reg_93__0
                                       6.8400      0.0      1.3680       5.4720  0.0000  SNPS_CLOCK_GATE_HIGH_dsram_mydesign_0_mydesign_375
top0/ID_stage/dcache/clk_gate_memory_reg_93__1
                                       6.8400      0.0      1.3680       5.4720  0.0000  SNPS_CLOCK_GATE_HIGH_dsram_mydesign_0_mydesign_374
top0/ID_stage/dcache/clk_gate_memory_reg_93__2
                                       6.8400      0.0      1.3680       5.4720  0.0000  SNPS_CLOCK_GATE_HIGH_dsram_mydesign_0_mydesign_373
top0/ID_stage/dcache/clk_gate_memory_reg_94_
                                       6.8400      0.0      1.3680       5.4720  0.0000  SNPS_CLOCK_GATE_HIGH_dsram_mydesign_0_mydesign_380
top0/ID_stage/dcache/clk_gate_memory_reg_94__0
                                       6.8400      0.0      1.3680       5.4720  0.0000  SNPS_CLOCK_GATE_HIGH_dsram_mydesign_0_mydesign_379
top0/ID_stage/dcache/clk_gate_memory_reg_94__1
                                       6.8400      0.0      1.3680       5.4720  0.0000  SNPS_CLOCK_GATE_HIGH_dsram_mydesign_0_mydesign_378
top0/ID_stage/dcache/clk_gate_memory_reg_94__2
                                       6.8400      0.0      1.3680       5.4720  0.0000  SNPS_CLOCK_GATE_HIGH_dsram_mydesign_0_mydesign_377
top0/ID_stage/dcache/clk_gate_memory_reg_95_
                                       6.8400      0.0      1.3680       5.4720  0.0000  SNPS_CLOCK_GATE_HIGH_dsram_mydesign_0_mydesign_384
top0/ID_stage/dcache/clk_gate_memory_reg_95__0
                                       6.8400      0.0      1.3680       5.4720  0.0000  SNPS_CLOCK_GATE_HIGH_dsram_mydesign_0_mydesign_383
top0/ID_stage/dcache/clk_gate_memory_reg_95__1
                                       6.8400      0.0      1.3680       5.4720  0.0000  SNPS_CLOCK_GATE_HIGH_dsram_mydesign_0_mydesign_382
top0/ID_stage/dcache/clk_gate_memory_reg_95__2
                                       6.8400      0.0      1.3680       5.4720  0.0000  SNPS_CLOCK_GATE_HIGH_dsram_mydesign_0_mydesign_381
top0/ID_stage/dcache/clk_gate_memory_reg_96_
                                       6.8400      0.0      1.3680       5.4720  0.0000  SNPS_CLOCK_GATE_HIGH_dsram_mydesign_0_mydesign_388
top0/ID_stage/dcache/clk_gate_memory_reg_96__0
                                       6.8400      0.0      1.3680       5.4720  0.0000  SNPS_CLOCK_GATE_HIGH_dsram_mydesign_0_mydesign_387
top0/ID_stage/dcache/clk_gate_memory_reg_96__1
                                       6.8400      0.0      1.3680       5.4720  0.0000  SNPS_CLOCK_GATE_HIGH_dsram_mydesign_0_mydesign_386
top0/ID_stage/dcache/clk_gate_memory_reg_96__2
                                       6.8400      0.0      1.3680       5.4720  0.0000  SNPS_CLOCK_GATE_HIGH_dsram_mydesign_0_mydesign_385
top0/ID_stage/dcache/clk_gate_memory_reg_97_
                                       6.8400      0.0      1.3680       5.4720  0.0000  SNPS_CLOCK_GATE_HIGH_dsram_mydesign_0_mydesign_392
top0/ID_stage/dcache/clk_gate_memory_reg_97__0
                                       6.8400      0.0      1.3680       5.4720  0.0000  SNPS_CLOCK_GATE_HIGH_dsram_mydesign_0_mydesign_391
top0/ID_stage/dcache/clk_gate_memory_reg_97__1
                                       6.8400      0.0      1.3680       5.4720  0.0000  SNPS_CLOCK_GATE_HIGH_dsram_mydesign_0_mydesign_390
top0/ID_stage/dcache/clk_gate_memory_reg_97__2
                                       6.8400      0.0      1.3680       5.4720  0.0000  SNPS_CLOCK_GATE_HIGH_dsram_mydesign_0_mydesign_389
top0/ID_stage/dcache/clk_gate_memory_reg_98_
                                       6.8400      0.0      1.3680       5.4720  0.0000  SNPS_CLOCK_GATE_HIGH_dsram_mydesign_0_mydesign_396
top0/ID_stage/dcache/clk_gate_memory_reg_98__0
                                       6.8400      0.0      1.3680       5.4720  0.0000  SNPS_CLOCK_GATE_HIGH_dsram_mydesign_0_mydesign_395
top0/ID_stage/dcache/clk_gate_memory_reg_98__1
                                       6.8400      0.0      1.3680       5.4720  0.0000  SNPS_CLOCK_GATE_HIGH_dsram_mydesign_0_mydesign_394
top0/ID_stage/dcache/clk_gate_memory_reg_98__2
                                       6.8400      0.0      1.3680       5.4720  0.0000  SNPS_CLOCK_GATE_HIGH_dsram_mydesign_0_mydesign_393
top0/ID_stage/dcache/clk_gate_memory_reg_99_
                                       6.8400      0.0      1.3680       5.4720  0.0000  SNPS_CLOCK_GATE_HIGH_dsram_mydesign_0_mydesign_400
top0/ID_stage/dcache/clk_gate_memory_reg_99__0
                                       6.8400      0.0      1.3680       5.4720  0.0000  SNPS_CLOCK_GATE_HIGH_dsram_mydesign_0_mydesign_399
top0/ID_stage/dcache/clk_gate_memory_reg_99__1
                                       6.8400      0.0      1.3680       5.4720  0.0000  SNPS_CLOCK_GATE_HIGH_dsram_mydesign_0_mydesign_398
top0/ID_stage/dcache/clk_gate_memory_reg_99__2
                                       6.8400      0.0      1.3680       5.4720  0.0000  SNPS_CLOCK_GATE_HIGH_dsram_mydesign_0_mydesign_397
top0/ID_stage/dcache/clk_gate_memory_reg_9_
                                       6.8400      0.0      1.3680       5.4720  0.0000  SNPS_CLOCK_GATE_HIGH_dsram_mydesign_0_mydesign_40
top0/ID_stage/dcache/clk_gate_memory_reg_9__0
                                       6.8400      0.0      1.3680       5.4720  0.0000  SNPS_CLOCK_GATE_HIGH_dsram_mydesign_0_mydesign_39
top0/ID_stage/dcache/clk_gate_memory_reg_9__1
                                       6.8400      0.0      1.3680       5.4720  0.0000  SNPS_CLOCK_GATE_HIGH_dsram_mydesign_0_mydesign_38
top0/ID_stage/dcache/clk_gate_memory_reg_9__2
                                       6.8400      0.0      1.3680       5.4720  0.0000  SNPS_CLOCK_GATE_HIGH_dsram_mydesign_0_mydesign_37
top0/ID_stage/regfile              12562.3443      8.6   3127.9321    8558.8922  0.0000  regfile
top0/ID_stage/regfile/clk_gate_gpr_reg_0_
                                       6.8400      0.0      1.3680       5.4720  0.0000  SNPS_CLOCK_GATE_HIGH_regfile_mydesign_4
top0/ID_stage/regfile/clk_gate_gpr_reg_0__0
                                       6.8400      0.0      1.3680       5.4720  0.0000  SNPS_CLOCK_GATE_HIGH_regfile_mydesign_3
top0/ID_stage/regfile/clk_gate_gpr_reg_0__1
                                       6.8400      0.0      1.3680       5.4720  0.0000  SNPS_CLOCK_GATE_HIGH_regfile_mydesign_2
top0/ID_stage/regfile/clk_gate_gpr_reg_0__2
                                       6.8400      0.0      1.3680       5.4720  0.0000  SNPS_CLOCK_GATE_HIGH_regfile_mydesign_1
top0/ID_stage/regfile/clk_gate_gpr_reg_10_
                                       6.8400      0.0      1.3680       5.4720  0.0000  SNPS_CLOCK_GATE_HIGH_regfile_mydesign_44
top0/ID_stage/regfile/clk_gate_gpr_reg_10__0
                                       6.8400      0.0      1.3680       5.4720  0.0000  SNPS_CLOCK_GATE_HIGH_regfile_mydesign_43
top0/ID_stage/regfile/clk_gate_gpr_reg_10__1
                                       6.8400      0.0      1.3680       5.4720  0.0000  SNPS_CLOCK_GATE_HIGH_regfile_mydesign_42
top0/ID_stage/regfile/clk_gate_gpr_reg_10__2
                                       6.8400      0.0      1.3680       5.4720  0.0000  SNPS_CLOCK_GATE_HIGH_regfile_mydesign_41
top0/ID_stage/regfile/clk_gate_gpr_reg_11_
                                       6.8400      0.0      1.3680       5.4720  0.0000  SNPS_CLOCK_GATE_HIGH_regfile_mydesign_48
top0/ID_stage/regfile/clk_gate_gpr_reg_11__0
                                       6.8400      0.0      1.3680       5.4720  0.0000  SNPS_CLOCK_GATE_HIGH_regfile_mydesign_47
top0/ID_stage/regfile/clk_gate_gpr_reg_11__1
                                       6.8400      0.0      1.3680       5.4720  0.0000  SNPS_CLOCK_GATE_HIGH_regfile_mydesign_46
top0/ID_stage/regfile/clk_gate_gpr_reg_11__2
                                       6.8400      0.0      1.3680       5.4720  0.0000  SNPS_CLOCK_GATE_HIGH_regfile_mydesign_45
top0/ID_stage/regfile/clk_gate_gpr_reg_12_
                                       6.8400      0.0      1.3680       5.4720  0.0000  SNPS_CLOCK_GATE_HIGH_regfile_mydesign_52
top0/ID_stage/regfile/clk_gate_gpr_reg_12__0
                                       6.8400      0.0      1.3680       5.4720  0.0000  SNPS_CLOCK_GATE_HIGH_regfile_mydesign_51
top0/ID_stage/regfile/clk_gate_gpr_reg_12__1
                                       6.8400      0.0      1.3680       5.4720  0.0000  SNPS_CLOCK_GATE_HIGH_regfile_mydesign_50
top0/ID_stage/regfile/clk_gate_gpr_reg_12__2
                                       6.8400      0.0      1.3680       5.4720  0.0000  SNPS_CLOCK_GATE_HIGH_regfile_mydesign_49
top0/ID_stage/regfile/clk_gate_gpr_reg_13_
                                       6.8400      0.0      1.3680       5.4720  0.0000  SNPS_CLOCK_GATE_HIGH_regfile_mydesign_56
top0/ID_stage/regfile/clk_gate_gpr_reg_13__0
                                       6.8400      0.0      1.3680       5.4720  0.0000  SNPS_CLOCK_GATE_HIGH_regfile_mydesign_55
top0/ID_stage/regfile/clk_gate_gpr_reg_13__1
                                       6.8400      0.0      1.3680       5.4720  0.0000  SNPS_CLOCK_GATE_HIGH_regfile_mydesign_54
top0/ID_stage/regfile/clk_gate_gpr_reg_13__2
                                       6.8400      0.0      1.3680       5.4720  0.0000  SNPS_CLOCK_GATE_HIGH_regfile_mydesign_53
top0/ID_stage/regfile/clk_gate_gpr_reg_14_
                                       6.8400      0.0      1.3680       5.4720  0.0000  SNPS_CLOCK_GATE_HIGH_regfile_mydesign_60
top0/ID_stage/regfile/clk_gate_gpr_reg_14__0
                                       6.8400      0.0      1.3680       5.4720  0.0000  SNPS_CLOCK_GATE_HIGH_regfile_mydesign_59
top0/ID_stage/regfile/clk_gate_gpr_reg_14__1
                                       6.8400      0.0      1.3680       5.4720  0.0000  SNPS_CLOCK_GATE_HIGH_regfile_mydesign_58
top0/ID_stage/regfile/clk_gate_gpr_reg_14__2
                                       6.8400      0.0      1.3680       5.4720  0.0000  SNPS_CLOCK_GATE_HIGH_regfile_mydesign_57
top0/ID_stage/regfile/clk_gate_gpr_reg_15_
                                       6.8400      0.0      1.3680       5.4720  0.0000  SNPS_CLOCK_GATE_HIGH_regfile_mydesign_64
top0/ID_stage/regfile/clk_gate_gpr_reg_15__0
                                       6.8400      0.0      1.3680       5.4720  0.0000  SNPS_CLOCK_GATE_HIGH_regfile_mydesign_63
top0/ID_stage/regfile/clk_gate_gpr_reg_15__1
                                       6.8400      0.0      1.3680       5.4720  0.0000  SNPS_CLOCK_GATE_HIGH_regfile_mydesign_62
top0/ID_stage/regfile/clk_gate_gpr_reg_15__2
                                       6.8400      0.0      1.3680       5.4720  0.0000  SNPS_CLOCK_GATE_HIGH_regfile_mydesign_61
top0/ID_stage/regfile/clk_gate_gpr_reg_16_
                                       6.8400      0.0      1.3680       5.4720  0.0000  SNPS_CLOCK_GATE_HIGH_regfile_mydesign_68
top0/ID_stage/regfile/clk_gate_gpr_reg_16__0
                                       6.8400      0.0      1.3680       5.4720  0.0000  SNPS_CLOCK_GATE_HIGH_regfile_mydesign_67
top0/ID_stage/regfile/clk_gate_gpr_reg_16__1
                                       6.8400      0.0      1.3680       5.4720  0.0000  SNPS_CLOCK_GATE_HIGH_regfile_mydesign_66
top0/ID_stage/regfile/clk_gate_gpr_reg_16__2
                                       6.8400      0.0      1.3680       5.4720  0.0000  SNPS_CLOCK_GATE_HIGH_regfile_mydesign_65
top0/ID_stage/regfile/clk_gate_gpr_reg_17_
                                       6.8400      0.0      1.3680       5.4720  0.0000  SNPS_CLOCK_GATE_HIGH_regfile_mydesign_72
top0/ID_stage/regfile/clk_gate_gpr_reg_17__0
                                       6.8400      0.0      1.3680       5.4720  0.0000  SNPS_CLOCK_GATE_HIGH_regfile_mydesign_71
top0/ID_stage/regfile/clk_gate_gpr_reg_17__1
                                       6.8400      0.0      1.3680       5.4720  0.0000  SNPS_CLOCK_GATE_HIGH_regfile_mydesign_70
top0/ID_stage/regfile/clk_gate_gpr_reg_17__2
                                       6.8400      0.0      1.3680       5.4720  0.0000  SNPS_CLOCK_GATE_HIGH_regfile_mydesign_69
top0/ID_stage/regfile/clk_gate_gpr_reg_18_
                                       6.8400      0.0      1.3680       5.4720  0.0000  SNPS_CLOCK_GATE_HIGH_regfile_mydesign_76
top0/ID_stage/regfile/clk_gate_gpr_reg_18__0
                                       6.8400      0.0      1.3680       5.4720  0.0000  SNPS_CLOCK_GATE_HIGH_regfile_mydesign_75
top0/ID_stage/regfile/clk_gate_gpr_reg_18__1
                                       6.8400      0.0      1.3680       5.4720  0.0000  SNPS_CLOCK_GATE_HIGH_regfile_mydesign_74
top0/ID_stage/regfile/clk_gate_gpr_reg_18__2
                                       6.8400      0.0      1.3680       5.4720  0.0000  SNPS_CLOCK_GATE_HIGH_regfile_mydesign_73
top0/ID_stage/regfile/clk_gate_gpr_reg_19_
                                       6.8400      0.0      1.3680       5.4720  0.0000  SNPS_CLOCK_GATE_HIGH_regfile_mydesign_80
top0/ID_stage/regfile/clk_gate_gpr_reg_19__0
                                       6.8400      0.0      1.3680       5.4720  0.0000  SNPS_CLOCK_GATE_HIGH_regfile_mydesign_79
top0/ID_stage/regfile/clk_gate_gpr_reg_19__1
                                       6.8400      0.0      1.3680       5.4720  0.0000  SNPS_CLOCK_GATE_HIGH_regfile_mydesign_78
top0/ID_stage/regfile/clk_gate_gpr_reg_19__2
                                       6.8400      0.0      1.3680       5.4720  0.0000  SNPS_CLOCK_GATE_HIGH_regfile_mydesign_77
top0/ID_stage/regfile/clk_gate_gpr_reg_1_
                                       6.8400      0.0      1.3680       5.4720  0.0000  SNPS_CLOCK_GATE_HIGH_regfile_mydesign_8
top0/ID_stage/regfile/clk_gate_gpr_reg_1__0
                                       6.8400      0.0      1.3680       5.4720  0.0000  SNPS_CLOCK_GATE_HIGH_regfile_mydesign_7
top0/ID_stage/regfile/clk_gate_gpr_reg_1__1
                                       6.8400      0.0      1.3680       5.4720  0.0000  SNPS_CLOCK_GATE_HIGH_regfile_mydesign_6
top0/ID_stage/regfile/clk_gate_gpr_reg_1__2
                                       6.8400      0.0      1.3680       5.4720  0.0000  SNPS_CLOCK_GATE_HIGH_regfile_mydesign_5
top0/ID_stage/regfile/clk_gate_gpr_reg_20_
                                       6.8400      0.0      1.3680       5.4720  0.0000  SNPS_CLOCK_GATE_HIGH_regfile_mydesign_84
top0/ID_stage/regfile/clk_gate_gpr_reg_20__0
                                       6.8400      0.0      1.3680       5.4720  0.0000  SNPS_CLOCK_GATE_HIGH_regfile_mydesign_83
top0/ID_stage/regfile/clk_gate_gpr_reg_20__1
                                       6.8400      0.0      1.3680       5.4720  0.0000  SNPS_CLOCK_GATE_HIGH_regfile_mydesign_82
top0/ID_stage/regfile/clk_gate_gpr_reg_20__2
                                       6.8400      0.0      1.3680       5.4720  0.0000  SNPS_CLOCK_GATE_HIGH_regfile_mydesign_81
top0/ID_stage/regfile/clk_gate_gpr_reg_21_
                                       6.8400      0.0      1.3680       5.4720  0.0000  SNPS_CLOCK_GATE_HIGH_regfile_mydesign_88
top0/ID_stage/regfile/clk_gate_gpr_reg_21__0
                                       6.8400      0.0      1.3680       5.4720  0.0000  SNPS_CLOCK_GATE_HIGH_regfile_mydesign_87
top0/ID_stage/regfile/clk_gate_gpr_reg_21__1
                                       6.8400      0.0      1.3680       5.4720  0.0000  SNPS_CLOCK_GATE_HIGH_regfile_mydesign_86
top0/ID_stage/regfile/clk_gate_gpr_reg_21__2
                                       6.8400      0.0      1.3680       5.4720  0.0000  SNPS_CLOCK_GATE_HIGH_regfile_mydesign_85
top0/ID_stage/regfile/clk_gate_gpr_reg_22_
                                       6.8400      0.0      1.3680       5.4720  0.0000  SNPS_CLOCK_GATE_HIGH_regfile_mydesign_92
top0/ID_stage/regfile/clk_gate_gpr_reg_22__0
                                       6.8400      0.0      1.3680       5.4720  0.0000  SNPS_CLOCK_GATE_HIGH_regfile_mydesign_91
top0/ID_stage/regfile/clk_gate_gpr_reg_22__1
                                       6.8400      0.0      1.3680       5.4720  0.0000  SNPS_CLOCK_GATE_HIGH_regfile_mydesign_90
top0/ID_stage/regfile/clk_gate_gpr_reg_22__2
                                       6.8400      0.0      1.3680       5.4720  0.0000  SNPS_CLOCK_GATE_HIGH_regfile_mydesign_89
top0/ID_stage/regfile/clk_gate_gpr_reg_23_
                                       6.8400      0.0      1.3680       5.4720  0.0000  SNPS_CLOCK_GATE_HIGH_regfile_mydesign_96
top0/ID_stage/regfile/clk_gate_gpr_reg_23__0
                                       6.8400      0.0      1.3680       5.4720  0.0000  SNPS_CLOCK_GATE_HIGH_regfile_mydesign_95
top0/ID_stage/regfile/clk_gate_gpr_reg_23__1
                                       6.8400      0.0      1.3680       5.4720  0.0000  SNPS_CLOCK_GATE_HIGH_regfile_mydesign_94
top0/ID_stage/regfile/clk_gate_gpr_reg_23__2
                                       6.8400      0.0      1.3680       5.4720  0.0000  SNPS_CLOCK_GATE_HIGH_regfile_mydesign_93
top0/ID_stage/regfile/clk_gate_gpr_reg_24_
                                       6.8400      0.0      1.3680       5.4720  0.0000  SNPS_CLOCK_GATE_HIGH_regfile_mydesign_100
top0/ID_stage/regfile/clk_gate_gpr_reg_24__0
                                       6.8400      0.0      1.3680       5.4720  0.0000  SNPS_CLOCK_GATE_HIGH_regfile_mydesign_99
top0/ID_stage/regfile/clk_gate_gpr_reg_24__1
                                       6.8400      0.0      1.3680       5.4720  0.0000  SNPS_CLOCK_GATE_HIGH_regfile_mydesign_98
top0/ID_stage/regfile/clk_gate_gpr_reg_24__2
                                       6.8400      0.0      1.3680       5.4720  0.0000  SNPS_CLOCK_GATE_HIGH_regfile_mydesign_97
top0/ID_stage/regfile/clk_gate_gpr_reg_25_
                                       6.8400      0.0      1.3680       5.4720  0.0000  SNPS_CLOCK_GATE_HIGH_regfile_mydesign_104
top0/ID_stage/regfile/clk_gate_gpr_reg_25__0
                                       6.8400      0.0      1.3680       5.4720  0.0000  SNPS_CLOCK_GATE_HIGH_regfile_mydesign_103
top0/ID_stage/regfile/clk_gate_gpr_reg_25__1
                                       6.8400      0.0      1.3680       5.4720  0.0000  SNPS_CLOCK_GATE_HIGH_regfile_mydesign_102
top0/ID_stage/regfile/clk_gate_gpr_reg_25__2
                                       6.8400      0.0      1.3680       5.4720  0.0000  SNPS_CLOCK_GATE_HIGH_regfile_mydesign_101
top0/ID_stage/regfile/clk_gate_gpr_reg_26_
                                       6.8400      0.0      1.3680       5.4720  0.0000  SNPS_CLOCK_GATE_HIGH_regfile_mydesign_108
top0/ID_stage/regfile/clk_gate_gpr_reg_26__0
                                       6.8400      0.0      1.3680       5.4720  0.0000  SNPS_CLOCK_GATE_HIGH_regfile_mydesign_107
top0/ID_stage/regfile/clk_gate_gpr_reg_26__1
                                       6.8400      0.0      1.3680       5.4720  0.0000  SNPS_CLOCK_GATE_HIGH_regfile_mydesign_106
top0/ID_stage/regfile/clk_gate_gpr_reg_26__2
                                       6.8400      0.0      1.3680       5.4720  0.0000  SNPS_CLOCK_GATE_HIGH_regfile_mydesign_105
top0/ID_stage/regfile/clk_gate_gpr_reg_27_
                                       6.8400      0.0      1.3680       5.4720  0.0000  SNPS_CLOCK_GATE_HIGH_regfile_mydesign_112
top0/ID_stage/regfile/clk_gate_gpr_reg_27__0
                                       6.8400      0.0      1.3680       5.4720  0.0000  SNPS_CLOCK_GATE_HIGH_regfile_mydesign_111
top0/ID_stage/regfile/clk_gate_gpr_reg_27__1
                                       6.8400      0.0      1.3680       5.4720  0.0000  SNPS_CLOCK_GATE_HIGH_regfile_mydesign_110
top0/ID_stage/regfile/clk_gate_gpr_reg_27__2
                                       6.8400      0.0      1.3680       5.4720  0.0000  SNPS_CLOCK_GATE_HIGH_regfile_mydesign_109
top0/ID_stage/regfile/clk_gate_gpr_reg_28_
                                       6.8400      0.0      1.3680       5.4720  0.0000  SNPS_CLOCK_GATE_HIGH_regfile_mydesign_116
top0/ID_stage/regfile/clk_gate_gpr_reg_28__0
                                       6.8400      0.0      1.3680       5.4720  0.0000  SNPS_CLOCK_GATE_HIGH_regfile_mydesign_115
top0/ID_stage/regfile/clk_gate_gpr_reg_28__1
                                       6.8400      0.0      1.3680       5.4720  0.0000  SNPS_CLOCK_GATE_HIGH_regfile_mydesign_114
top0/ID_stage/regfile/clk_gate_gpr_reg_28__2
                                       6.8400      0.0      1.3680       5.4720  0.0000  SNPS_CLOCK_GATE_HIGH_regfile_mydesign_113
top0/ID_stage/regfile/clk_gate_gpr_reg_29_
                                       6.8400      0.0      1.3680       5.4720  0.0000  SNPS_CLOCK_GATE_HIGH_regfile_mydesign_120
top0/ID_stage/regfile/clk_gate_gpr_reg_29__0
                                       6.8400      0.0      1.3680       5.4720  0.0000  SNPS_CLOCK_GATE_HIGH_regfile_mydesign_119
top0/ID_stage/regfile/clk_gate_gpr_reg_29__1
                                       6.8400      0.0      1.3680       5.4720  0.0000  SNPS_CLOCK_GATE_HIGH_regfile_mydesign_118
top0/ID_stage/regfile/clk_gate_gpr_reg_29__2
                                       6.8400      0.0      1.3680       5.4720  0.0000  SNPS_CLOCK_GATE_HIGH_regfile_mydesign_117
top0/ID_stage/regfile/clk_gate_gpr_reg_2_
                                       6.8400      0.0      1.3680       5.4720  0.0000  SNPS_CLOCK_GATE_HIGH_regfile_mydesign_12
top0/ID_stage/regfile/clk_gate_gpr_reg_2__0
                                       6.8400      0.0      1.3680       5.4720  0.0000  SNPS_CLOCK_GATE_HIGH_regfile_mydesign_11
top0/ID_stage/regfile/clk_gate_gpr_reg_2__1
                                       6.8400      0.0      1.3680       5.4720  0.0000  SNPS_CLOCK_GATE_HIGH_regfile_mydesign_10
top0/ID_stage/regfile/clk_gate_gpr_reg_2__2
                                       6.8400      0.0      1.3680       5.4720  0.0000  SNPS_CLOCK_GATE_HIGH_regfile_mydesign_9
top0/ID_stage/regfile/clk_gate_gpr_reg_30_
                                       6.8400      0.0      1.3680       5.4720  0.0000  SNPS_CLOCK_GATE_HIGH_regfile_mydesign_124
top0/ID_stage/regfile/clk_gate_gpr_reg_30__0
                                       6.8400      0.0      1.3680       5.4720  0.0000  SNPS_CLOCK_GATE_HIGH_regfile_mydesign_123
top0/ID_stage/regfile/clk_gate_gpr_reg_30__1
                                       6.8400      0.0      1.3680       5.4720  0.0000  SNPS_CLOCK_GATE_HIGH_regfile_mydesign_122
top0/ID_stage/regfile/clk_gate_gpr_reg_30__2
                                       6.8400      0.0      1.3680       5.4720  0.0000  SNPS_CLOCK_GATE_HIGH_regfile_mydesign_121
top0/ID_stage/regfile/clk_gate_gpr_reg_31_
                                       6.8400      0.0      1.3680       5.4720  0.0000  SNPS_CLOCK_GATE_HIGH_regfile_mydesign_0
top0/ID_stage/regfile/clk_gate_gpr_reg_31__0
                                       6.8400      0.0      1.3680       5.4720  0.0000  SNPS_CLOCK_GATE_HIGH_regfile_mydesign_127
top0/ID_stage/regfile/clk_gate_gpr_reg_31__1
                                       6.8400      0.0      1.3680       5.4720  0.0000  SNPS_CLOCK_GATE_HIGH_regfile_mydesign_126
top0/ID_stage/regfile/clk_gate_gpr_reg_31__2
                                       6.8400      0.0      1.3680       5.4720  0.0000  SNPS_CLOCK_GATE_HIGH_regfile_mydesign_125
top0/ID_stage/regfile/clk_gate_gpr_reg_3_
                                       6.8400      0.0      1.3680       5.4720  0.0000  SNPS_CLOCK_GATE_HIGH_regfile_mydesign_16
top0/ID_stage/regfile/clk_gate_gpr_reg_3__0
                                       6.8400      0.0      1.3680       5.4720  0.0000  SNPS_CLOCK_GATE_HIGH_regfile_mydesign_15
top0/ID_stage/regfile/clk_gate_gpr_reg_3__1
                                       6.8400      0.0      1.3680       5.4720  0.0000  SNPS_CLOCK_GATE_HIGH_regfile_mydesign_14
top0/ID_stage/regfile/clk_gate_gpr_reg_3__2
                                       6.8400      0.0      1.3680       5.4720  0.0000  SNPS_CLOCK_GATE_HIGH_regfile_mydesign_13
top0/ID_stage/regfile/clk_gate_gpr_reg_4_
                                       6.8400      0.0      1.3680       5.4720  0.0000  SNPS_CLOCK_GATE_HIGH_regfile_mydesign_20
top0/ID_stage/regfile/clk_gate_gpr_reg_4__0
                                       6.8400      0.0      1.3680       5.4720  0.0000  SNPS_CLOCK_GATE_HIGH_regfile_mydesign_19
top0/ID_stage/regfile/clk_gate_gpr_reg_4__1
                                       6.8400      0.0      1.3680       5.4720  0.0000  SNPS_CLOCK_GATE_HIGH_regfile_mydesign_18
top0/ID_stage/regfile/clk_gate_gpr_reg_4__2
                                       6.8400      0.0      1.3680       5.4720  0.0000  SNPS_CLOCK_GATE_HIGH_regfile_mydesign_17
top0/ID_stage/regfile/clk_gate_gpr_reg_5_
                                       6.8400      0.0      1.3680       5.4720  0.0000  SNPS_CLOCK_GATE_HIGH_regfile_mydesign_24
top0/ID_stage/regfile/clk_gate_gpr_reg_5__0
                                       6.8400      0.0      1.3680       5.4720  0.0000  SNPS_CLOCK_GATE_HIGH_regfile_mydesign_23
top0/ID_stage/regfile/clk_gate_gpr_reg_5__1
                                       6.8400      0.0      1.3680       5.4720  0.0000  SNPS_CLOCK_GATE_HIGH_regfile_mydesign_22
top0/ID_stage/regfile/clk_gate_gpr_reg_5__2
                                       6.8400      0.0      1.3680       5.4720  0.0000  SNPS_CLOCK_GATE_HIGH_regfile_mydesign_21
top0/ID_stage/regfile/clk_gate_gpr_reg_6_
                                       6.8400      0.0      1.3680       5.4720  0.0000  SNPS_CLOCK_GATE_HIGH_regfile_mydesign_28
top0/ID_stage/regfile/clk_gate_gpr_reg_6__0
                                       6.8400      0.0      1.3680       5.4720  0.0000  SNPS_CLOCK_GATE_HIGH_regfile_mydesign_27
top0/ID_stage/regfile/clk_gate_gpr_reg_6__1
                                       6.8400      0.0      1.3680       5.4720  0.0000  SNPS_CLOCK_GATE_HIGH_regfile_mydesign_26
top0/ID_stage/regfile/clk_gate_gpr_reg_6__2
                                       6.8400      0.0      1.3680       5.4720  0.0000  SNPS_CLOCK_GATE_HIGH_regfile_mydesign_25
top0/ID_stage/regfile/clk_gate_gpr_reg_7_
                                       6.8400      0.0      1.3680       5.4720  0.0000  SNPS_CLOCK_GATE_HIGH_regfile_mydesign_32
top0/ID_stage/regfile/clk_gate_gpr_reg_7__0
                                       6.8400      0.0      1.3680       5.4720  0.0000  SNPS_CLOCK_GATE_HIGH_regfile_mydesign_31
top0/ID_stage/regfile/clk_gate_gpr_reg_7__1
                                       6.8400      0.0      1.3680       5.4720  0.0000  SNPS_CLOCK_GATE_HIGH_regfile_mydesign_30
top0/ID_stage/regfile/clk_gate_gpr_reg_7__2
                                       6.8400      0.0      1.3680       5.4720  0.0000  SNPS_CLOCK_GATE_HIGH_regfile_mydesign_29
top0/ID_stage/regfile/clk_gate_gpr_reg_8_
                                       6.8400      0.0      1.3680       5.4720  0.0000  SNPS_CLOCK_GATE_HIGH_regfile_mydesign_36
top0/ID_stage/regfile/clk_gate_gpr_reg_8__0
                                       6.8400      0.0      1.3680       5.4720  0.0000  SNPS_CLOCK_GATE_HIGH_regfile_mydesign_35
top0/ID_stage/regfile/clk_gate_gpr_reg_8__1
                                       6.8400      0.0      1.3680       5.4720  0.0000  SNPS_CLOCK_GATE_HIGH_regfile_mydesign_34
top0/ID_stage/regfile/clk_gate_gpr_reg_8__2
                                       6.8400      0.0      1.3680       5.4720  0.0000  SNPS_CLOCK_GATE_HIGH_regfile_mydesign_33
top0/ID_stage/regfile/clk_gate_gpr_reg_9_
                                       6.8400      0.0      1.3680       5.4720  0.0000  SNPS_CLOCK_GATE_HIGH_regfile_mydesign_40
top0/ID_stage/regfile/clk_gate_gpr_reg_9__0
                                       6.8400      0.0      1.3680       5.4720  0.0000  SNPS_CLOCK_GATE_HIGH_regfile_mydesign_39
top0/ID_stage/regfile/clk_gate_gpr_reg_9__1
                                       6.8400      0.0      1.3680       5.4720  0.0000  SNPS_CLOCK_GATE_HIGH_regfile_mydesign_38
top0/ID_stage/regfile/clk_gate_gpr_reg_9__2
                                       6.8400      0.0      1.3680       5.4720  0.0000  SNPS_CLOCK_GATE_HIGH_regfile_mydesign_37
top0/IF_ID                           472.9860      0.3      5.1300     454.1760  0.0000  IF_ID
top0/IF_ID/clk_gate_ID_PC_reg          6.8400      0.0      1.3680       5.4720  0.0000  SNPS_CLOCK_GATE_HIGH_IF_ID_mydesign_0
top0/IF_ID/clk_gate_ID_PC_reg_0        6.8400      0.0      1.3680       5.4720  0.0000  SNPS_CLOCK_GATE_HIGH_IF_ID_mydesign_1
top0/IF_stage                      64890.3974     44.3     20.5200       0.0000  0.0000  IF_stage
top0/IF_stage/PC                     200.0700      0.1     83.1060     103.2840  0.0000  PC
top0/IF_stage/PC/clk_gate_PC_out_reg
                                       6.8400      0.0      1.3680       5.4720  0.0000  SNPS_CLOCK_GATE_HIGH_PC_mydesign_0
top0/IF_stage/PC/clk_gate_PC_out_reg_0
                                       6.8400      0.0      1.3680       5.4720  0.0000  SNPS_CLOCK_GATE_HIGH_PC_mydesign_1
top0/IF_stage/icache               64669.8074     44.2  12636.5583   45001.7290  0.0000  dsram_mydesign_1
top0/IF_stage/icache/clk_gate_data_out1_reg
                                       6.8400      0.0      1.3680       5.4720  0.0000  SNPS_CLOCK_GATE_HIGH_dsram_mydesign_0_mydesign_2055
top0/IF_stage/icache/clk_gate_data_out1_reg_0
                                       6.8400      0.0      1.3680       5.4720  0.0000  SNPS_CLOCK_GATE_HIGH_dsram_mydesign_0_mydesign_2054
top0/IF_stage/icache/clk_gate_data_out1_reg_1
                                       6.8400      0.0      1.3680       5.4720  0.0000  SNPS_CLOCK_GATE_HIGH_dsram_mydesign_0_mydesign_2053
top0/IF_stage/icache/clk_gate_data_out1_reg_2
                                       6.8400      0.0      1.3680       5.4720  0.0000  SNPS_CLOCK_GATE_HIGH_dsram_mydesign_0_mydesign_2052
top0/IF_stage/icache/clk_gate_memory_reg_0_
                                       6.8400      0.0      1.3680       5.4720  0.0000  SNPS_CLOCK_GATE_HIGH_dsram_mydesign_0_mydesign_1031
top0/IF_stage/icache/clk_gate_memory_reg_0__0
                                       6.8400      0.0      1.3680       5.4720  0.0000  SNPS_CLOCK_GATE_HIGH_dsram_mydesign_0_mydesign_1030
top0/IF_stage/icache/clk_gate_memory_reg_0__1
                                       6.8400      0.0      1.3680       5.4720  0.0000  SNPS_CLOCK_GATE_HIGH_dsram_mydesign_0_mydesign_1029
top0/IF_stage/icache/clk_gate_memory_reg_0__2
                                       6.8400      0.0      1.3680       5.4720  0.0000  SNPS_CLOCK_GATE_HIGH_dsram_mydesign_0_mydesign_1028
top0/IF_stage/icache/clk_gate_memory_reg_100_
                                       6.8400      0.0      1.3680       5.4720  0.0000  SNPS_CLOCK_GATE_HIGH_dsram_mydesign_0_mydesign_1431
top0/IF_stage/icache/clk_gate_memory_reg_100__0
                                       6.8400      0.0      1.3680       5.4720  0.0000  SNPS_CLOCK_GATE_HIGH_dsram_mydesign_0_mydesign_1430
top0/IF_stage/icache/clk_gate_memory_reg_100__1
                                       6.8400      0.0      1.3680       5.4720  0.0000  SNPS_CLOCK_GATE_HIGH_dsram_mydesign_0_mydesign_1429
top0/IF_stage/icache/clk_gate_memory_reg_100__2
                                       6.8400      0.0      1.3680       5.4720  0.0000  SNPS_CLOCK_GATE_HIGH_dsram_mydesign_0_mydesign_1428
top0/IF_stage/icache/clk_gate_memory_reg_101_
                                       6.8400      0.0      1.3680       5.4720  0.0000  SNPS_CLOCK_GATE_HIGH_dsram_mydesign_0_mydesign_1435
top0/IF_stage/icache/clk_gate_memory_reg_101__0
                                       6.8400      0.0      1.3680       5.4720  0.0000  SNPS_CLOCK_GATE_HIGH_dsram_mydesign_0_mydesign_1434
top0/IF_stage/icache/clk_gate_memory_reg_101__1
                                       6.8400      0.0      1.3680       5.4720  0.0000  SNPS_CLOCK_GATE_HIGH_dsram_mydesign_0_mydesign_1433
top0/IF_stage/icache/clk_gate_memory_reg_101__2
                                       6.8400      0.0      1.3680       5.4720  0.0000  SNPS_CLOCK_GATE_HIGH_dsram_mydesign_0_mydesign_1432
top0/IF_stage/icache/clk_gate_memory_reg_102_
                                       6.8400      0.0      1.3680       5.4720  0.0000  SNPS_CLOCK_GATE_HIGH_dsram_mydesign_0_mydesign_1439
top0/IF_stage/icache/clk_gate_memory_reg_102__0
                                       6.8400      0.0      1.3680       5.4720  0.0000  SNPS_CLOCK_GATE_HIGH_dsram_mydesign_0_mydesign_1438
top0/IF_stage/icache/clk_gate_memory_reg_102__1
                                       6.8400      0.0      1.3680       5.4720  0.0000  SNPS_CLOCK_GATE_HIGH_dsram_mydesign_0_mydesign_1437
top0/IF_stage/icache/clk_gate_memory_reg_102__2
                                       6.8400      0.0      1.3680       5.4720  0.0000  SNPS_CLOCK_GATE_HIGH_dsram_mydesign_0_mydesign_1436
top0/IF_stage/icache/clk_gate_memory_reg_103_
                                       6.8400      0.0      1.3680       5.4720  0.0000  SNPS_CLOCK_GATE_HIGH_dsram_mydesign_0_mydesign_1443
top0/IF_stage/icache/clk_gate_memory_reg_103__0
                                       6.8400      0.0      1.3680       5.4720  0.0000  SNPS_CLOCK_GATE_HIGH_dsram_mydesign_0_mydesign_1442
top0/IF_stage/icache/clk_gate_memory_reg_103__1
                                       6.8400      0.0      1.3680       5.4720  0.0000  SNPS_CLOCK_GATE_HIGH_dsram_mydesign_0_mydesign_1441
top0/IF_stage/icache/clk_gate_memory_reg_103__2
                                       6.8400      0.0      1.3680       5.4720  0.0000  SNPS_CLOCK_GATE_HIGH_dsram_mydesign_0_mydesign_1440
top0/IF_stage/icache/clk_gate_memory_reg_104_
                                       6.8400      0.0      1.3680       5.4720  0.0000  SNPS_CLOCK_GATE_HIGH_dsram_mydesign_0_mydesign_1447
top0/IF_stage/icache/clk_gate_memory_reg_104__0
                                       6.8400      0.0      1.3680       5.4720  0.0000  SNPS_CLOCK_GATE_HIGH_dsram_mydesign_0_mydesign_1446
top0/IF_stage/icache/clk_gate_memory_reg_104__1
                                       6.8400      0.0      1.3680       5.4720  0.0000  SNPS_CLOCK_GATE_HIGH_dsram_mydesign_0_mydesign_1445
top0/IF_stage/icache/clk_gate_memory_reg_104__2
                                       6.8400      0.0      1.3680       5.4720  0.0000  SNPS_CLOCK_GATE_HIGH_dsram_mydesign_0_mydesign_1444
top0/IF_stage/icache/clk_gate_memory_reg_105_
                                       6.8400      0.0      1.3680       5.4720  0.0000  SNPS_CLOCK_GATE_HIGH_dsram_mydesign_0_mydesign_1451
top0/IF_stage/icache/clk_gate_memory_reg_105__0
                                       6.8400      0.0      1.3680       5.4720  0.0000  SNPS_CLOCK_GATE_HIGH_dsram_mydesign_0_mydesign_1450
top0/IF_stage/icache/clk_gate_memory_reg_105__1
                                       6.8400      0.0      1.3680       5.4720  0.0000  SNPS_CLOCK_GATE_HIGH_dsram_mydesign_0_mydesign_1449
top0/IF_stage/icache/clk_gate_memory_reg_105__2
                                       6.8400      0.0      1.3680       5.4720  0.0000  SNPS_CLOCK_GATE_HIGH_dsram_mydesign_0_mydesign_1448
top0/IF_stage/icache/clk_gate_memory_reg_106_
                                       6.8400      0.0      1.3680       5.4720  0.0000  SNPS_CLOCK_GATE_HIGH_dsram_mydesign_0_mydesign_1455
top0/IF_stage/icache/clk_gate_memory_reg_106__0
                                       6.8400      0.0      1.3680       5.4720  0.0000  SNPS_CLOCK_GATE_HIGH_dsram_mydesign_0_mydesign_1454
top0/IF_stage/icache/clk_gate_memory_reg_106__1
                                       6.8400      0.0      1.3680       5.4720  0.0000  SNPS_CLOCK_GATE_HIGH_dsram_mydesign_0_mydesign_1453
top0/IF_stage/icache/clk_gate_memory_reg_106__2
                                       6.8400      0.0      1.3680       5.4720  0.0000  SNPS_CLOCK_GATE_HIGH_dsram_mydesign_0_mydesign_1452
top0/IF_stage/icache/clk_gate_memory_reg_107_
                                       6.8400      0.0      1.3680       5.4720  0.0000  SNPS_CLOCK_GATE_HIGH_dsram_mydesign_0_mydesign_1459
top0/IF_stage/icache/clk_gate_memory_reg_107__0
                                       6.8400      0.0      1.3680       5.4720  0.0000  SNPS_CLOCK_GATE_HIGH_dsram_mydesign_0_mydesign_1458
top0/IF_stage/icache/clk_gate_memory_reg_107__1
                                       6.8400      0.0      1.3680       5.4720  0.0000  SNPS_CLOCK_GATE_HIGH_dsram_mydesign_0_mydesign_1457
top0/IF_stage/icache/clk_gate_memory_reg_107__2
                                       6.8400      0.0      1.3680       5.4720  0.0000  SNPS_CLOCK_GATE_HIGH_dsram_mydesign_0_mydesign_1456
top0/IF_stage/icache/clk_gate_memory_reg_108_
                                       6.8400      0.0      1.3680       5.4720  0.0000  SNPS_CLOCK_GATE_HIGH_dsram_mydesign_0_mydesign_1463
top0/IF_stage/icache/clk_gate_memory_reg_108__0
                                       6.8400      0.0      1.3680       5.4720  0.0000  SNPS_CLOCK_GATE_HIGH_dsram_mydesign_0_mydesign_1462
top0/IF_stage/icache/clk_gate_memory_reg_108__1
                                       6.8400      0.0      1.3680       5.4720  0.0000  SNPS_CLOCK_GATE_HIGH_dsram_mydesign_0_mydesign_1461
top0/IF_stage/icache/clk_gate_memory_reg_108__2
                                       6.8400      0.0      1.3680       5.4720  0.0000  SNPS_CLOCK_GATE_HIGH_dsram_mydesign_0_mydesign_1460
top0/IF_stage/icache/clk_gate_memory_reg_109_
                                       6.8400      0.0      1.3680       5.4720  0.0000  SNPS_CLOCK_GATE_HIGH_dsram_mydesign_0_mydesign_1467
top0/IF_stage/icache/clk_gate_memory_reg_109__0
                                       6.8400      0.0      1.3680       5.4720  0.0000  SNPS_CLOCK_GATE_HIGH_dsram_mydesign_0_mydesign_1466
top0/IF_stage/icache/clk_gate_memory_reg_109__1
                                       6.8400      0.0      1.3680       5.4720  0.0000  SNPS_CLOCK_GATE_HIGH_dsram_mydesign_0_mydesign_1465
top0/IF_stage/icache/clk_gate_memory_reg_109__2
                                       6.8400      0.0      1.3680       5.4720  0.0000  SNPS_CLOCK_GATE_HIGH_dsram_mydesign_0_mydesign_1464
top0/IF_stage/icache/clk_gate_memory_reg_10_
                                       6.8400      0.0      1.3680       5.4720  0.0000  SNPS_CLOCK_GATE_HIGH_dsram_mydesign_0_mydesign_1071
top0/IF_stage/icache/clk_gate_memory_reg_10__0
                                       6.8400      0.0      1.3680       5.4720  0.0000  SNPS_CLOCK_GATE_HIGH_dsram_mydesign_0_mydesign_1070
top0/IF_stage/icache/clk_gate_memory_reg_10__1
                                       6.8400      0.0      1.3680       5.4720  0.0000  SNPS_CLOCK_GATE_HIGH_dsram_mydesign_0_mydesign_1069
top0/IF_stage/icache/clk_gate_memory_reg_10__2
                                       6.8400      0.0      1.3680       5.4720  0.0000  SNPS_CLOCK_GATE_HIGH_dsram_mydesign_0_mydesign_1068
top0/IF_stage/icache/clk_gate_memory_reg_110_
                                       6.8400      0.0      1.3680       5.4720  0.0000  SNPS_CLOCK_GATE_HIGH_dsram_mydesign_0_mydesign_1471
top0/IF_stage/icache/clk_gate_memory_reg_110__0
                                       6.8400      0.0      1.3680       5.4720  0.0000  SNPS_CLOCK_GATE_HIGH_dsram_mydesign_0_mydesign_1470
top0/IF_stage/icache/clk_gate_memory_reg_110__1
                                       6.8400      0.0      1.3680       5.4720  0.0000  SNPS_CLOCK_GATE_HIGH_dsram_mydesign_0_mydesign_1469
top0/IF_stage/icache/clk_gate_memory_reg_110__2
                                       6.8400      0.0      1.3680       5.4720  0.0000  SNPS_CLOCK_GATE_HIGH_dsram_mydesign_0_mydesign_1468
top0/IF_stage/icache/clk_gate_memory_reg_111_
                                       6.8400      0.0      1.3680       5.4720  0.0000  SNPS_CLOCK_GATE_HIGH_dsram_mydesign_0_mydesign_1475
top0/IF_stage/icache/clk_gate_memory_reg_111__0
                                       6.8400      0.0      1.3680       5.4720  0.0000  SNPS_CLOCK_GATE_HIGH_dsram_mydesign_0_mydesign_1474
top0/IF_stage/icache/clk_gate_memory_reg_111__1
                                       6.8400      0.0      1.3680       5.4720  0.0000  SNPS_CLOCK_GATE_HIGH_dsram_mydesign_0_mydesign_1473
top0/IF_stage/icache/clk_gate_memory_reg_111__2
                                       6.8400      0.0      1.3680       5.4720  0.0000  SNPS_CLOCK_GATE_HIGH_dsram_mydesign_0_mydesign_1472
top0/IF_stage/icache/clk_gate_memory_reg_112_
                                       6.8400      0.0      1.3680       5.4720  0.0000  SNPS_CLOCK_GATE_HIGH_dsram_mydesign_0_mydesign_1479
top0/IF_stage/icache/clk_gate_memory_reg_112__0
                                       6.8400      0.0      1.3680       5.4720  0.0000  SNPS_CLOCK_GATE_HIGH_dsram_mydesign_0_mydesign_1478
top0/IF_stage/icache/clk_gate_memory_reg_112__1
                                       6.8400      0.0      1.3680       5.4720  0.0000  SNPS_CLOCK_GATE_HIGH_dsram_mydesign_0_mydesign_1477
top0/IF_stage/icache/clk_gate_memory_reg_112__2
                                       6.8400      0.0      1.3680       5.4720  0.0000  SNPS_CLOCK_GATE_HIGH_dsram_mydesign_0_mydesign_1476
top0/IF_stage/icache/clk_gate_memory_reg_113_
                                       6.8400      0.0      1.3680       5.4720  0.0000  SNPS_CLOCK_GATE_HIGH_dsram_mydesign_0_mydesign_1483
top0/IF_stage/icache/clk_gate_memory_reg_113__0
                                       6.8400      0.0      1.3680       5.4720  0.0000  SNPS_CLOCK_GATE_HIGH_dsram_mydesign_0_mydesign_1482
top0/IF_stage/icache/clk_gate_memory_reg_113__1
                                       6.8400      0.0      1.3680       5.4720  0.0000  SNPS_CLOCK_GATE_HIGH_dsram_mydesign_0_mydesign_1481
top0/IF_stage/icache/clk_gate_memory_reg_113__2
                                       6.8400      0.0      1.3680       5.4720  0.0000  SNPS_CLOCK_GATE_HIGH_dsram_mydesign_0_mydesign_1480
top0/IF_stage/icache/clk_gate_memory_reg_114_
                                       6.8400      0.0      1.3680       5.4720  0.0000  SNPS_CLOCK_GATE_HIGH_dsram_mydesign_0_mydesign_1487
top0/IF_stage/icache/clk_gate_memory_reg_114__0
                                       6.8400      0.0      1.3680       5.4720  0.0000  SNPS_CLOCK_GATE_HIGH_dsram_mydesign_0_mydesign_1486
top0/IF_stage/icache/clk_gate_memory_reg_114__1
                                       6.8400      0.0      1.3680       5.4720  0.0000  SNPS_CLOCK_GATE_HIGH_dsram_mydesign_0_mydesign_1485
top0/IF_stage/icache/clk_gate_memory_reg_114__2
                                       6.8400      0.0      1.3680       5.4720  0.0000  SNPS_CLOCK_GATE_HIGH_dsram_mydesign_0_mydesign_1484
top0/IF_stage/icache/clk_gate_memory_reg_115_
                                       6.8400      0.0      1.3680       5.4720  0.0000  SNPS_CLOCK_GATE_HIGH_dsram_mydesign_0_mydesign_1491
top0/IF_stage/icache/clk_gate_memory_reg_115__0
                                       6.8400      0.0      1.3680       5.4720  0.0000  SNPS_CLOCK_GATE_HIGH_dsram_mydesign_0_mydesign_1490
top0/IF_stage/icache/clk_gate_memory_reg_115__1
                                       6.8400      0.0      1.3680       5.4720  0.0000  SNPS_CLOCK_GATE_HIGH_dsram_mydesign_0_mydesign_1489
top0/IF_stage/icache/clk_gate_memory_reg_115__2
                                       6.8400      0.0      1.3680       5.4720  0.0000  SNPS_CLOCK_GATE_HIGH_dsram_mydesign_0_mydesign_1488
top0/IF_stage/icache/clk_gate_memory_reg_116_
                                       6.8400      0.0      1.3680       5.4720  0.0000  SNPS_CLOCK_GATE_HIGH_dsram_mydesign_0_mydesign_1495
top0/IF_stage/icache/clk_gate_memory_reg_116__0
                                       6.8400      0.0      1.3680       5.4720  0.0000  SNPS_CLOCK_GATE_HIGH_dsram_mydesign_0_mydesign_1494
top0/IF_stage/icache/clk_gate_memory_reg_116__1
                                       6.8400      0.0      1.3680       5.4720  0.0000  SNPS_CLOCK_GATE_HIGH_dsram_mydesign_0_mydesign_1493
top0/IF_stage/icache/clk_gate_memory_reg_116__2
                                       6.8400      0.0      1.3680       5.4720  0.0000  SNPS_CLOCK_GATE_HIGH_dsram_mydesign_0_mydesign_1492
top0/IF_stage/icache/clk_gate_memory_reg_117_
                                       6.8400      0.0      1.3680       5.4720  0.0000  SNPS_CLOCK_GATE_HIGH_dsram_mydesign_0_mydesign_1499
top0/IF_stage/icache/clk_gate_memory_reg_117__0
                                       6.8400      0.0      1.3680       5.4720  0.0000  SNPS_CLOCK_GATE_HIGH_dsram_mydesign_0_mydesign_1498
top0/IF_stage/icache/clk_gate_memory_reg_117__1
                                       6.8400      0.0      1.3680       5.4720  0.0000  SNPS_CLOCK_GATE_HIGH_dsram_mydesign_0_mydesign_1497
top0/IF_stage/icache/clk_gate_memory_reg_117__2
                                       6.8400      0.0      1.3680       5.4720  0.0000  SNPS_CLOCK_GATE_HIGH_dsram_mydesign_0_mydesign_1496
top0/IF_stage/icache/clk_gate_memory_reg_118_
                                       6.8400      0.0      1.3680       5.4720  0.0000  SNPS_CLOCK_GATE_HIGH_dsram_mydesign_0_mydesign_1503
top0/IF_stage/icache/clk_gate_memory_reg_118__0
                                       6.8400      0.0      1.3680       5.4720  0.0000  SNPS_CLOCK_GATE_HIGH_dsram_mydesign_0_mydesign_1502
top0/IF_stage/icache/clk_gate_memory_reg_118__1
                                       6.8400      0.0      1.3680       5.4720  0.0000  SNPS_CLOCK_GATE_HIGH_dsram_mydesign_0_mydesign_1501
top0/IF_stage/icache/clk_gate_memory_reg_118__2
                                       6.8400      0.0      1.3680       5.4720  0.0000  SNPS_CLOCK_GATE_HIGH_dsram_mydesign_0_mydesign_1500
top0/IF_stage/icache/clk_gate_memory_reg_119_
                                       6.8400      0.0      1.3680       5.4720  0.0000  SNPS_CLOCK_GATE_HIGH_dsram_mydesign_0_mydesign_1507
top0/IF_stage/icache/clk_gate_memory_reg_119__0
                                       6.8400      0.0      1.3680       5.4720  0.0000  SNPS_CLOCK_GATE_HIGH_dsram_mydesign_0_mydesign_1506
top0/IF_stage/icache/clk_gate_memory_reg_119__1
                                       6.8400      0.0      1.3680       5.4720  0.0000  SNPS_CLOCK_GATE_HIGH_dsram_mydesign_0_mydesign_1505
top0/IF_stage/icache/clk_gate_memory_reg_119__2
                                       6.8400      0.0      1.3680       5.4720  0.0000  SNPS_CLOCK_GATE_HIGH_dsram_mydesign_0_mydesign_1504
top0/IF_stage/icache/clk_gate_memory_reg_11_
                                       6.8400      0.0      1.3680       5.4720  0.0000  SNPS_CLOCK_GATE_HIGH_dsram_mydesign_0_mydesign_1075
top0/IF_stage/icache/clk_gate_memory_reg_11__0
                                       6.8400      0.0      1.3680       5.4720  0.0000  SNPS_CLOCK_GATE_HIGH_dsram_mydesign_0_mydesign_1074
top0/IF_stage/icache/clk_gate_memory_reg_11__1
                                       6.8400      0.0      1.3680       5.4720  0.0000  SNPS_CLOCK_GATE_HIGH_dsram_mydesign_0_mydesign_1073
top0/IF_stage/icache/clk_gate_memory_reg_11__2
                                       6.8400      0.0      1.3680       5.4720  0.0000  SNPS_CLOCK_GATE_HIGH_dsram_mydesign_0_mydesign_1072
top0/IF_stage/icache/clk_gate_memory_reg_120_
                                       6.8400      0.0      1.3680       5.4720  0.0000  SNPS_CLOCK_GATE_HIGH_dsram_mydesign_0_mydesign_1511
top0/IF_stage/icache/clk_gate_memory_reg_120__0
                                       6.8400      0.0      1.3680       5.4720  0.0000  SNPS_CLOCK_GATE_HIGH_dsram_mydesign_0_mydesign_1510
top0/IF_stage/icache/clk_gate_memory_reg_120__1
                                       6.8400      0.0      1.3680       5.4720  0.0000  SNPS_CLOCK_GATE_HIGH_dsram_mydesign_0_mydesign_1509
top0/IF_stage/icache/clk_gate_memory_reg_120__2
                                       6.8400      0.0      1.3680       5.4720  0.0000  SNPS_CLOCK_GATE_HIGH_dsram_mydesign_0_mydesign_1508
top0/IF_stage/icache/clk_gate_memory_reg_121_
                                       6.8400      0.0      1.3680       5.4720  0.0000  SNPS_CLOCK_GATE_HIGH_dsram_mydesign_0_mydesign_1515
top0/IF_stage/icache/clk_gate_memory_reg_121__0
                                       6.8400      0.0      1.3680       5.4720  0.0000  SNPS_CLOCK_GATE_HIGH_dsram_mydesign_0_mydesign_1514
top0/IF_stage/icache/clk_gate_memory_reg_121__1
                                       6.8400      0.0      1.3680       5.4720  0.0000  SNPS_CLOCK_GATE_HIGH_dsram_mydesign_0_mydesign_1513
top0/IF_stage/icache/clk_gate_memory_reg_121__2
                                       6.8400      0.0      1.3680       5.4720  0.0000  SNPS_CLOCK_GATE_HIGH_dsram_mydesign_0_mydesign_1512
top0/IF_stage/icache/clk_gate_memory_reg_122_
                                       6.8400      0.0      1.3680       5.4720  0.0000  SNPS_CLOCK_GATE_HIGH_dsram_mydesign_0_mydesign_1519
top0/IF_stage/icache/clk_gate_memory_reg_122__0
                                       6.8400      0.0      1.3680       5.4720  0.0000  SNPS_CLOCK_GATE_HIGH_dsram_mydesign_0_mydesign_1518
top0/IF_stage/icache/clk_gate_memory_reg_122__1
                                       6.8400      0.0      1.3680       5.4720  0.0000  SNPS_CLOCK_GATE_HIGH_dsram_mydesign_0_mydesign_1517
top0/IF_stage/icache/clk_gate_memory_reg_122__2
                                       6.8400      0.0      1.3680       5.4720  0.0000  SNPS_CLOCK_GATE_HIGH_dsram_mydesign_0_mydesign_1516
top0/IF_stage/icache/clk_gate_memory_reg_123_
                                       6.8400      0.0      1.3680       5.4720  0.0000  SNPS_CLOCK_GATE_HIGH_dsram_mydesign_0_mydesign_1523
top0/IF_stage/icache/clk_gate_memory_reg_123__0
                                       6.8400      0.0      1.3680       5.4720  0.0000  SNPS_CLOCK_GATE_HIGH_dsram_mydesign_0_mydesign_1522
top0/IF_stage/icache/clk_gate_memory_reg_123__1
                                       6.8400      0.0      1.3680       5.4720  0.0000  SNPS_CLOCK_GATE_HIGH_dsram_mydesign_0_mydesign_1521
top0/IF_stage/icache/clk_gate_memory_reg_123__2
                                       6.8400      0.0      1.3680       5.4720  0.0000  SNPS_CLOCK_GATE_HIGH_dsram_mydesign_0_mydesign_1520
top0/IF_stage/icache/clk_gate_memory_reg_124_
                                       6.8400      0.0      1.3680       5.4720  0.0000  SNPS_CLOCK_GATE_HIGH_dsram_mydesign_0_mydesign_1527
top0/IF_stage/icache/clk_gate_memory_reg_124__0
                                       6.8400      0.0      1.3680       5.4720  0.0000  SNPS_CLOCK_GATE_HIGH_dsram_mydesign_0_mydesign_1526
top0/IF_stage/icache/clk_gate_memory_reg_124__1
                                       6.8400      0.0      1.3680       5.4720  0.0000  SNPS_CLOCK_GATE_HIGH_dsram_mydesign_0_mydesign_1525
top0/IF_stage/icache/clk_gate_memory_reg_124__2
                                       6.8400      0.0      1.3680       5.4720  0.0000  SNPS_CLOCK_GATE_HIGH_dsram_mydesign_0_mydesign_1524
top0/IF_stage/icache/clk_gate_memory_reg_125_
                                       6.8400      0.0      1.3680       5.4720  0.0000  SNPS_CLOCK_GATE_HIGH_dsram_mydesign_0_mydesign_1531
top0/IF_stage/icache/clk_gate_memory_reg_125__0
                                       6.8400      0.0      1.3680       5.4720  0.0000  SNPS_CLOCK_GATE_HIGH_dsram_mydesign_0_mydesign_1530
top0/IF_stage/icache/clk_gate_memory_reg_125__1
                                       6.8400      0.0      1.3680       5.4720  0.0000  SNPS_CLOCK_GATE_HIGH_dsram_mydesign_0_mydesign_1529
top0/IF_stage/icache/clk_gate_memory_reg_125__2
                                       6.8400      0.0      1.3680       5.4720  0.0000  SNPS_CLOCK_GATE_HIGH_dsram_mydesign_0_mydesign_1528
top0/IF_stage/icache/clk_gate_memory_reg_126_
                                       6.8400      0.0      1.3680       5.4720  0.0000  SNPS_CLOCK_GATE_HIGH_dsram_mydesign_0_mydesign_1535
top0/IF_stage/icache/clk_gate_memory_reg_126__0
                                       6.8400      0.0      1.3680       5.4720  0.0000  SNPS_CLOCK_GATE_HIGH_dsram_mydesign_0_mydesign_1534
top0/IF_stage/icache/clk_gate_memory_reg_126__1
                                       6.8400      0.0      1.3680       5.4720  0.0000  SNPS_CLOCK_GATE_HIGH_dsram_mydesign_0_mydesign_1533
top0/IF_stage/icache/clk_gate_memory_reg_126__2
                                       6.8400      0.0      1.3680       5.4720  0.0000  SNPS_CLOCK_GATE_HIGH_dsram_mydesign_0_mydesign_1532
top0/IF_stage/icache/clk_gate_memory_reg_127_
                                       6.8400      0.0      1.3680       5.4720  0.0000  SNPS_CLOCK_GATE_HIGH_dsram_mydesign_0_mydesign_1539
top0/IF_stage/icache/clk_gate_memory_reg_127__0
                                       6.8400      0.0      1.3680       5.4720  0.0000  SNPS_CLOCK_GATE_HIGH_dsram_mydesign_0_mydesign_1538
top0/IF_stage/icache/clk_gate_memory_reg_127__1
                                       6.8400      0.0      1.3680       5.4720  0.0000  SNPS_CLOCK_GATE_HIGH_dsram_mydesign_0_mydesign_1537
top0/IF_stage/icache/clk_gate_memory_reg_127__2
                                       6.8400      0.0      1.3680       5.4720  0.0000  SNPS_CLOCK_GATE_HIGH_dsram_mydesign_0_mydesign_1536
top0/IF_stage/icache/clk_gate_memory_reg_128_
                                       6.8400      0.0      1.3680       5.4720  0.0000  SNPS_CLOCK_GATE_HIGH_dsram_mydesign_0_mydesign_1543
top0/IF_stage/icache/clk_gate_memory_reg_128__0
                                       6.8400      0.0      1.3680       5.4720  0.0000  SNPS_CLOCK_GATE_HIGH_dsram_mydesign_0_mydesign_1542
top0/IF_stage/icache/clk_gate_memory_reg_128__1
                                       6.8400      0.0      1.3680       5.4720  0.0000  SNPS_CLOCK_GATE_HIGH_dsram_mydesign_0_mydesign_1541
top0/IF_stage/icache/clk_gate_memory_reg_128__2
                                       6.8400      0.0      1.3680       5.4720  0.0000  SNPS_CLOCK_GATE_HIGH_dsram_mydesign_0_mydesign_1540
top0/IF_stage/icache/clk_gate_memory_reg_129_
                                       6.8400      0.0      1.3680       5.4720  0.0000  SNPS_CLOCK_GATE_HIGH_dsram_mydesign_0_mydesign_1547
top0/IF_stage/icache/clk_gate_memory_reg_129__0
                                       6.8400      0.0      1.3680       5.4720  0.0000  SNPS_CLOCK_GATE_HIGH_dsram_mydesign_0_mydesign_1546
top0/IF_stage/icache/clk_gate_memory_reg_129__1
                                       6.8400      0.0      1.3680       5.4720  0.0000  SNPS_CLOCK_GATE_HIGH_dsram_mydesign_0_mydesign_1545
top0/IF_stage/icache/clk_gate_memory_reg_129__2
                                       6.8400      0.0      1.3680       5.4720  0.0000  SNPS_CLOCK_GATE_HIGH_dsram_mydesign_0_mydesign_1544
top0/IF_stage/icache/clk_gate_memory_reg_12_
                                       6.8400      0.0      1.3680       5.4720  0.0000  SNPS_CLOCK_GATE_HIGH_dsram_mydesign_0_mydesign_1079
top0/IF_stage/icache/clk_gate_memory_reg_12__0
                                       6.8400      0.0      1.3680       5.4720  0.0000  SNPS_CLOCK_GATE_HIGH_dsram_mydesign_0_mydesign_1078
top0/IF_stage/icache/clk_gate_memory_reg_12__1
                                       6.8400      0.0      1.3680       5.4720  0.0000  SNPS_CLOCK_GATE_HIGH_dsram_mydesign_0_mydesign_1077
top0/IF_stage/icache/clk_gate_memory_reg_12__2
                                       6.8400      0.0      1.3680       5.4720  0.0000  SNPS_CLOCK_GATE_HIGH_dsram_mydesign_0_mydesign_1076
top0/IF_stage/icache/clk_gate_memory_reg_130_
                                       6.8400      0.0      1.3680       5.4720  0.0000  SNPS_CLOCK_GATE_HIGH_dsram_mydesign_0_mydesign_1551
top0/IF_stage/icache/clk_gate_memory_reg_130__0
                                       6.8400      0.0      1.3680       5.4720  0.0000  SNPS_CLOCK_GATE_HIGH_dsram_mydesign_0_mydesign_1550
top0/IF_stage/icache/clk_gate_memory_reg_130__1
                                       6.8400      0.0      1.3680       5.4720  0.0000  SNPS_CLOCK_GATE_HIGH_dsram_mydesign_0_mydesign_1549
top0/IF_stage/icache/clk_gate_memory_reg_130__2
                                       6.8400      0.0      1.3680       5.4720  0.0000  SNPS_CLOCK_GATE_HIGH_dsram_mydesign_0_mydesign_1548
top0/IF_stage/icache/clk_gate_memory_reg_131_
                                       6.8400      0.0      1.3680       5.4720  0.0000  SNPS_CLOCK_GATE_HIGH_dsram_mydesign_0_mydesign_1555
top0/IF_stage/icache/clk_gate_memory_reg_131__0
                                       6.8400      0.0      1.3680       5.4720  0.0000  SNPS_CLOCK_GATE_HIGH_dsram_mydesign_0_mydesign_1554
top0/IF_stage/icache/clk_gate_memory_reg_131__1
                                       6.8400      0.0      1.3680       5.4720  0.0000  SNPS_CLOCK_GATE_HIGH_dsram_mydesign_0_mydesign_1553
top0/IF_stage/icache/clk_gate_memory_reg_131__2
                                       6.8400      0.0      1.3680       5.4720  0.0000  SNPS_CLOCK_GATE_HIGH_dsram_mydesign_0_mydesign_1552
top0/IF_stage/icache/clk_gate_memory_reg_132_
                                       6.8400      0.0      1.3680       5.4720  0.0000  SNPS_CLOCK_GATE_HIGH_dsram_mydesign_0_mydesign_1559
top0/IF_stage/icache/clk_gate_memory_reg_132__0
                                       6.8400      0.0      1.3680       5.4720  0.0000  SNPS_CLOCK_GATE_HIGH_dsram_mydesign_0_mydesign_1558
top0/IF_stage/icache/clk_gate_memory_reg_132__1
                                       6.8400      0.0      1.3680       5.4720  0.0000  SNPS_CLOCK_GATE_HIGH_dsram_mydesign_0_mydesign_1557
top0/IF_stage/icache/clk_gate_memory_reg_132__2
                                       6.8400      0.0      1.3680       5.4720  0.0000  SNPS_CLOCK_GATE_HIGH_dsram_mydesign_0_mydesign_1556
top0/IF_stage/icache/clk_gate_memory_reg_133_
                                       6.8400      0.0      1.3680       5.4720  0.0000  SNPS_CLOCK_GATE_HIGH_dsram_mydesign_0_mydesign_1563
top0/IF_stage/icache/clk_gate_memory_reg_133__0
                                       6.8400      0.0      1.3680       5.4720  0.0000  SNPS_CLOCK_GATE_HIGH_dsram_mydesign_0_mydesign_1562
top0/IF_stage/icache/clk_gate_memory_reg_133__1
                                       6.8400      0.0      1.3680       5.4720  0.0000  SNPS_CLOCK_GATE_HIGH_dsram_mydesign_0_mydesign_1561
top0/IF_stage/icache/clk_gate_memory_reg_133__2
                                       6.8400      0.0      1.3680       5.4720  0.0000  SNPS_CLOCK_GATE_HIGH_dsram_mydesign_0_mydesign_1560
top0/IF_stage/icache/clk_gate_memory_reg_134_
                                       6.8400      0.0      1.3680       5.4720  0.0000  SNPS_CLOCK_GATE_HIGH_dsram_mydesign_0_mydesign_1567
top0/IF_stage/icache/clk_gate_memory_reg_134__0
                                       6.8400      0.0      1.3680       5.4720  0.0000  SNPS_CLOCK_GATE_HIGH_dsram_mydesign_0_mydesign_1566
top0/IF_stage/icache/clk_gate_memory_reg_134__1
                                       6.8400      0.0      1.3680       5.4720  0.0000  SNPS_CLOCK_GATE_HIGH_dsram_mydesign_0_mydesign_1565
top0/IF_stage/icache/clk_gate_memory_reg_134__2
                                       6.8400      0.0      1.3680       5.4720  0.0000  SNPS_CLOCK_GATE_HIGH_dsram_mydesign_0_mydesign_1564
top0/IF_stage/icache/clk_gate_memory_reg_135_
                                       6.8400      0.0      1.3680       5.4720  0.0000  SNPS_CLOCK_GATE_HIGH_dsram_mydesign_0_mydesign_1571
top0/IF_stage/icache/clk_gate_memory_reg_135__0
                                       6.8400      0.0      1.3680       5.4720  0.0000  SNPS_CLOCK_GATE_HIGH_dsram_mydesign_0_mydesign_1570
top0/IF_stage/icache/clk_gate_memory_reg_135__1
                                       6.8400      0.0      1.3680       5.4720  0.0000  SNPS_CLOCK_GATE_HIGH_dsram_mydesign_0_mydesign_1569
top0/IF_stage/icache/clk_gate_memory_reg_135__2
                                       6.8400      0.0      1.3680       5.4720  0.0000  SNPS_CLOCK_GATE_HIGH_dsram_mydesign_0_mydesign_1568
top0/IF_stage/icache/clk_gate_memory_reg_136_
                                       6.8400      0.0      1.3680       5.4720  0.0000  SNPS_CLOCK_GATE_HIGH_dsram_mydesign_0_mydesign_1575
top0/IF_stage/icache/clk_gate_memory_reg_136__0
                                       6.8400      0.0      1.3680       5.4720  0.0000  SNPS_CLOCK_GATE_HIGH_dsram_mydesign_0_mydesign_1574
top0/IF_stage/icache/clk_gate_memory_reg_136__1
                                       6.8400      0.0      1.3680       5.4720  0.0000  SNPS_CLOCK_GATE_HIGH_dsram_mydesign_0_mydesign_1573
top0/IF_stage/icache/clk_gate_memory_reg_136__2
                                       6.8400      0.0      1.3680       5.4720  0.0000  SNPS_CLOCK_GATE_HIGH_dsram_mydesign_0_mydesign_1572
top0/IF_stage/icache/clk_gate_memory_reg_137_
                                       6.8400      0.0      1.3680       5.4720  0.0000  SNPS_CLOCK_GATE_HIGH_dsram_mydesign_0_mydesign_1579
top0/IF_stage/icache/clk_gate_memory_reg_137__0
                                       6.8400      0.0      1.3680       5.4720  0.0000  SNPS_CLOCK_GATE_HIGH_dsram_mydesign_0_mydesign_1578
top0/IF_stage/icache/clk_gate_memory_reg_137__1
                                       6.8400      0.0      1.3680       5.4720  0.0000  SNPS_CLOCK_GATE_HIGH_dsram_mydesign_0_mydesign_1577
top0/IF_stage/icache/clk_gate_memory_reg_137__2
                                       6.8400      0.0      1.3680       5.4720  0.0000  SNPS_CLOCK_GATE_HIGH_dsram_mydesign_0_mydesign_1576
top0/IF_stage/icache/clk_gate_memory_reg_138_
                                       6.8400      0.0      1.3680       5.4720  0.0000  SNPS_CLOCK_GATE_HIGH_dsram_mydesign_0_mydesign_1583
top0/IF_stage/icache/clk_gate_memory_reg_138__0
                                       6.8400      0.0      1.3680       5.4720  0.0000  SNPS_CLOCK_GATE_HIGH_dsram_mydesign_0_mydesign_1582
top0/IF_stage/icache/clk_gate_memory_reg_138__1
                                       6.8400      0.0      1.3680       5.4720  0.0000  SNPS_CLOCK_GATE_HIGH_dsram_mydesign_0_mydesign_1581
top0/IF_stage/icache/clk_gate_memory_reg_138__2
                                       6.8400      0.0      1.3680       5.4720  0.0000  SNPS_CLOCK_GATE_HIGH_dsram_mydesign_0_mydesign_1580
top0/IF_stage/icache/clk_gate_memory_reg_139_
                                       6.8400      0.0      1.3680       5.4720  0.0000  SNPS_CLOCK_GATE_HIGH_dsram_mydesign_0_mydesign_1587
top0/IF_stage/icache/clk_gate_memory_reg_139__0
                                       6.8400      0.0      1.3680       5.4720  0.0000  SNPS_CLOCK_GATE_HIGH_dsram_mydesign_0_mydesign_1586
top0/IF_stage/icache/clk_gate_memory_reg_139__1
                                       6.8400      0.0      1.3680       5.4720  0.0000  SNPS_CLOCK_GATE_HIGH_dsram_mydesign_0_mydesign_1585
top0/IF_stage/icache/clk_gate_memory_reg_139__2
                                       6.8400      0.0      1.3680       5.4720  0.0000  SNPS_CLOCK_GATE_HIGH_dsram_mydesign_0_mydesign_1584
top0/IF_stage/icache/clk_gate_memory_reg_13_
                                       6.8400      0.0      1.3680       5.4720  0.0000  SNPS_CLOCK_GATE_HIGH_dsram_mydesign_0_mydesign_1083
top0/IF_stage/icache/clk_gate_memory_reg_13__0
                                       6.8400      0.0      1.3680       5.4720  0.0000  SNPS_CLOCK_GATE_HIGH_dsram_mydesign_0_mydesign_1082
top0/IF_stage/icache/clk_gate_memory_reg_13__1
                                       6.8400      0.0      1.3680       5.4720  0.0000  SNPS_CLOCK_GATE_HIGH_dsram_mydesign_0_mydesign_1081
top0/IF_stage/icache/clk_gate_memory_reg_13__2
                                       6.8400      0.0      1.3680       5.4720  0.0000  SNPS_CLOCK_GATE_HIGH_dsram_mydesign_0_mydesign_1080
top0/IF_stage/icache/clk_gate_memory_reg_140_
                                       6.8400      0.0      1.3680       5.4720  0.0000  SNPS_CLOCK_GATE_HIGH_dsram_mydesign_0_mydesign_1591
top0/IF_stage/icache/clk_gate_memory_reg_140__0
                                       6.8400      0.0      1.3680       5.4720  0.0000  SNPS_CLOCK_GATE_HIGH_dsram_mydesign_0_mydesign_1590
top0/IF_stage/icache/clk_gate_memory_reg_140__1
                                       6.8400      0.0      1.3680       5.4720  0.0000  SNPS_CLOCK_GATE_HIGH_dsram_mydesign_0_mydesign_1589
top0/IF_stage/icache/clk_gate_memory_reg_140__2
                                       6.8400      0.0      1.3680       5.4720  0.0000  SNPS_CLOCK_GATE_HIGH_dsram_mydesign_0_mydesign_1588
top0/IF_stage/icache/clk_gate_memory_reg_141_
                                       6.8400      0.0      1.3680       5.4720  0.0000  SNPS_CLOCK_GATE_HIGH_dsram_mydesign_0_mydesign_1595
top0/IF_stage/icache/clk_gate_memory_reg_141__0
                                       6.8400      0.0      1.3680       5.4720  0.0000  SNPS_CLOCK_GATE_HIGH_dsram_mydesign_0_mydesign_1594
top0/IF_stage/icache/clk_gate_memory_reg_141__1
                                       6.8400      0.0      1.3680       5.4720  0.0000  SNPS_CLOCK_GATE_HIGH_dsram_mydesign_0_mydesign_1593
top0/IF_stage/icache/clk_gate_memory_reg_141__2
                                       6.8400      0.0      1.3680       5.4720  0.0000  SNPS_CLOCK_GATE_HIGH_dsram_mydesign_0_mydesign_1592
top0/IF_stage/icache/clk_gate_memory_reg_142_
                                       6.8400      0.0      1.3680       5.4720  0.0000  SNPS_CLOCK_GATE_HIGH_dsram_mydesign_0_mydesign_1599
top0/IF_stage/icache/clk_gate_memory_reg_142__0
                                       6.8400      0.0      1.3680       5.4720  0.0000  SNPS_CLOCK_GATE_HIGH_dsram_mydesign_0_mydesign_1598
top0/IF_stage/icache/clk_gate_memory_reg_142__1
                                       6.8400      0.0      1.3680       5.4720  0.0000  SNPS_CLOCK_GATE_HIGH_dsram_mydesign_0_mydesign_1597
top0/IF_stage/icache/clk_gate_memory_reg_142__2
                                       6.8400      0.0      1.3680       5.4720  0.0000  SNPS_CLOCK_GATE_HIGH_dsram_mydesign_0_mydesign_1596
top0/IF_stage/icache/clk_gate_memory_reg_143_
                                       6.8400      0.0      1.3680       5.4720  0.0000  SNPS_CLOCK_GATE_HIGH_dsram_mydesign_0_mydesign_1603
top0/IF_stage/icache/clk_gate_memory_reg_143__0
                                       6.8400      0.0      1.3680       5.4720  0.0000  SNPS_CLOCK_GATE_HIGH_dsram_mydesign_0_mydesign_1602
top0/IF_stage/icache/clk_gate_memory_reg_143__1
                                       6.8400      0.0      1.3680       5.4720  0.0000  SNPS_CLOCK_GATE_HIGH_dsram_mydesign_0_mydesign_1601
top0/IF_stage/icache/clk_gate_memory_reg_143__2
                                       6.8400      0.0      1.3680       5.4720  0.0000  SNPS_CLOCK_GATE_HIGH_dsram_mydesign_0_mydesign_1600
top0/IF_stage/icache/clk_gate_memory_reg_144_
                                       6.8400      0.0      1.3680       5.4720  0.0000  SNPS_CLOCK_GATE_HIGH_dsram_mydesign_0_mydesign_1607
top0/IF_stage/icache/clk_gate_memory_reg_144__0
                                       6.8400      0.0      1.3680       5.4720  0.0000  SNPS_CLOCK_GATE_HIGH_dsram_mydesign_0_mydesign_1606
top0/IF_stage/icache/clk_gate_memory_reg_144__1
                                       6.8400      0.0      1.3680       5.4720  0.0000  SNPS_CLOCK_GATE_HIGH_dsram_mydesign_0_mydesign_1605
top0/IF_stage/icache/clk_gate_memory_reg_144__2
                                       6.8400      0.0      1.3680       5.4720  0.0000  SNPS_CLOCK_GATE_HIGH_dsram_mydesign_0_mydesign_1604
top0/IF_stage/icache/clk_gate_memory_reg_145_
                                       6.8400      0.0      1.3680       5.4720  0.0000  SNPS_CLOCK_GATE_HIGH_dsram_mydesign_0_mydesign_1611
top0/IF_stage/icache/clk_gate_memory_reg_145__0
                                       6.8400      0.0      1.3680       5.4720  0.0000  SNPS_CLOCK_GATE_HIGH_dsram_mydesign_0_mydesign_1610
top0/IF_stage/icache/clk_gate_memory_reg_145__1
                                       6.8400      0.0      1.3680       5.4720  0.0000  SNPS_CLOCK_GATE_HIGH_dsram_mydesign_0_mydesign_1609
top0/IF_stage/icache/clk_gate_memory_reg_145__2
                                       6.8400      0.0      1.3680       5.4720  0.0000  SNPS_CLOCK_GATE_HIGH_dsram_mydesign_0_mydesign_1608
top0/IF_stage/icache/clk_gate_memory_reg_146_
                                       6.8400      0.0      1.3680       5.4720  0.0000  SNPS_CLOCK_GATE_HIGH_dsram_mydesign_0_mydesign_1615
top0/IF_stage/icache/clk_gate_memory_reg_146__0
                                       6.8400      0.0      1.3680       5.4720  0.0000  SNPS_CLOCK_GATE_HIGH_dsram_mydesign_0_mydesign_1614
top0/IF_stage/icache/clk_gate_memory_reg_146__1
                                       6.8400      0.0      1.3680       5.4720  0.0000  SNPS_CLOCK_GATE_HIGH_dsram_mydesign_0_mydesign_1613
top0/IF_stage/icache/clk_gate_memory_reg_146__2
                                       6.8400      0.0      1.3680       5.4720  0.0000  SNPS_CLOCK_GATE_HIGH_dsram_mydesign_0_mydesign_1612
top0/IF_stage/icache/clk_gate_memory_reg_147_
                                       6.8400      0.0      1.3680       5.4720  0.0000  SNPS_CLOCK_GATE_HIGH_dsram_mydesign_0_mydesign_1619
top0/IF_stage/icache/clk_gate_memory_reg_147__0
                                       6.8400      0.0      1.3680       5.4720  0.0000  SNPS_CLOCK_GATE_HIGH_dsram_mydesign_0_mydesign_1618
top0/IF_stage/icache/clk_gate_memory_reg_147__1
                                       6.8400      0.0      1.3680       5.4720  0.0000  SNPS_CLOCK_GATE_HIGH_dsram_mydesign_0_mydesign_1617
top0/IF_stage/icache/clk_gate_memory_reg_147__2
                                       6.8400      0.0      1.3680       5.4720  0.0000  SNPS_CLOCK_GATE_HIGH_dsram_mydesign_0_mydesign_1616
top0/IF_stage/icache/clk_gate_memory_reg_148_
                                       6.8400      0.0      1.3680       5.4720  0.0000  SNPS_CLOCK_GATE_HIGH_dsram_mydesign_0_mydesign_1623
top0/IF_stage/icache/clk_gate_memory_reg_148__0
                                       6.8400      0.0      1.3680       5.4720  0.0000  SNPS_CLOCK_GATE_HIGH_dsram_mydesign_0_mydesign_1622
top0/IF_stage/icache/clk_gate_memory_reg_148__1
                                       6.8400      0.0      1.3680       5.4720  0.0000  SNPS_CLOCK_GATE_HIGH_dsram_mydesign_0_mydesign_1621
top0/IF_stage/icache/clk_gate_memory_reg_148__2
                                       6.8400      0.0      1.3680       5.4720  0.0000  SNPS_CLOCK_GATE_HIGH_dsram_mydesign_0_mydesign_1620
top0/IF_stage/icache/clk_gate_memory_reg_149_
                                       6.8400      0.0      1.3680       5.4720  0.0000  SNPS_CLOCK_GATE_HIGH_dsram_mydesign_0_mydesign_1627
top0/IF_stage/icache/clk_gate_memory_reg_149__0
                                       6.8400      0.0      1.3680       5.4720  0.0000  SNPS_CLOCK_GATE_HIGH_dsram_mydesign_0_mydesign_1626
top0/IF_stage/icache/clk_gate_memory_reg_149__1
                                       6.8400      0.0      1.3680       5.4720  0.0000  SNPS_CLOCK_GATE_HIGH_dsram_mydesign_0_mydesign_1625
top0/IF_stage/icache/clk_gate_memory_reg_149__2
                                       6.8400      0.0      1.3680       5.4720  0.0000  SNPS_CLOCK_GATE_HIGH_dsram_mydesign_0_mydesign_1624
top0/IF_stage/icache/clk_gate_memory_reg_14_
                                       6.8400      0.0      1.3680       5.4720  0.0000  SNPS_CLOCK_GATE_HIGH_dsram_mydesign_0_mydesign_1087
top0/IF_stage/icache/clk_gate_memory_reg_14__0
                                       6.8400      0.0      1.3680       5.4720  0.0000  SNPS_CLOCK_GATE_HIGH_dsram_mydesign_0_mydesign_1086
top0/IF_stage/icache/clk_gate_memory_reg_14__1
                                       6.8400      0.0      1.3680       5.4720  0.0000  SNPS_CLOCK_GATE_HIGH_dsram_mydesign_0_mydesign_1085
top0/IF_stage/icache/clk_gate_memory_reg_14__2
                                       6.8400      0.0      1.3680       5.4720  0.0000  SNPS_CLOCK_GATE_HIGH_dsram_mydesign_0_mydesign_1084
top0/IF_stage/icache/clk_gate_memory_reg_150_
                                       6.8400      0.0      1.3680       5.4720  0.0000  SNPS_CLOCK_GATE_HIGH_dsram_mydesign_0_mydesign_1631
top0/IF_stage/icache/clk_gate_memory_reg_150__0
                                       6.8400      0.0      1.3680       5.4720  0.0000  SNPS_CLOCK_GATE_HIGH_dsram_mydesign_0_mydesign_1630
top0/IF_stage/icache/clk_gate_memory_reg_150__1
                                       6.8400      0.0      1.3680       5.4720  0.0000  SNPS_CLOCK_GATE_HIGH_dsram_mydesign_0_mydesign_1629
top0/IF_stage/icache/clk_gate_memory_reg_150__2
                                       6.8400      0.0      1.3680       5.4720  0.0000  SNPS_CLOCK_GATE_HIGH_dsram_mydesign_0_mydesign_1628
top0/IF_stage/icache/clk_gate_memory_reg_151_
                                       6.8400      0.0      1.3680       5.4720  0.0000  SNPS_CLOCK_GATE_HIGH_dsram_mydesign_0_mydesign_1635
top0/IF_stage/icache/clk_gate_memory_reg_151__0
                                       6.8400      0.0      1.3680       5.4720  0.0000  SNPS_CLOCK_GATE_HIGH_dsram_mydesign_0_mydesign_1634
top0/IF_stage/icache/clk_gate_memory_reg_151__1
                                       6.8400      0.0      1.3680       5.4720  0.0000  SNPS_CLOCK_GATE_HIGH_dsram_mydesign_0_mydesign_1633
top0/IF_stage/icache/clk_gate_memory_reg_151__2
                                       6.8400      0.0      1.3680       5.4720  0.0000  SNPS_CLOCK_GATE_HIGH_dsram_mydesign_0_mydesign_1632
top0/IF_stage/icache/clk_gate_memory_reg_152_
                                       6.8400      0.0      1.3680       5.4720  0.0000  SNPS_CLOCK_GATE_HIGH_dsram_mydesign_0_mydesign_1639
top0/IF_stage/icache/clk_gate_memory_reg_152__0
                                       6.8400      0.0      1.3680       5.4720  0.0000  SNPS_CLOCK_GATE_HIGH_dsram_mydesign_0_mydesign_1638
top0/IF_stage/icache/clk_gate_memory_reg_152__1
                                       6.8400      0.0      1.3680       5.4720  0.0000  SNPS_CLOCK_GATE_HIGH_dsram_mydesign_0_mydesign_1637
top0/IF_stage/icache/clk_gate_memory_reg_152__2
                                       6.8400      0.0      1.3680       5.4720  0.0000  SNPS_CLOCK_GATE_HIGH_dsram_mydesign_0_mydesign_1636
top0/IF_stage/icache/clk_gate_memory_reg_153_
                                       6.8400      0.0      1.3680       5.4720  0.0000  SNPS_CLOCK_GATE_HIGH_dsram_mydesign_0_mydesign_1643
top0/IF_stage/icache/clk_gate_memory_reg_153__0
                                       6.8400      0.0      1.3680       5.4720  0.0000  SNPS_CLOCK_GATE_HIGH_dsram_mydesign_0_mydesign_1642
top0/IF_stage/icache/clk_gate_memory_reg_153__1
                                       6.8400      0.0      1.3680       5.4720  0.0000  SNPS_CLOCK_GATE_HIGH_dsram_mydesign_0_mydesign_1641
top0/IF_stage/icache/clk_gate_memory_reg_153__2
                                       6.8400      0.0      1.3680       5.4720  0.0000  SNPS_CLOCK_GATE_HIGH_dsram_mydesign_0_mydesign_1640
top0/IF_stage/icache/clk_gate_memory_reg_154_
                                       6.8400      0.0      1.3680       5.4720  0.0000  SNPS_CLOCK_GATE_HIGH_dsram_mydesign_0_mydesign_1647
top0/IF_stage/icache/clk_gate_memory_reg_154__0
                                       6.8400      0.0      1.3680       5.4720  0.0000  SNPS_CLOCK_GATE_HIGH_dsram_mydesign_0_mydesign_1646
top0/IF_stage/icache/clk_gate_memory_reg_154__1
                                       6.8400      0.0      1.3680       5.4720  0.0000  SNPS_CLOCK_GATE_HIGH_dsram_mydesign_0_mydesign_1645
top0/IF_stage/icache/clk_gate_memory_reg_154__2
                                       6.8400      0.0      1.3680       5.4720  0.0000  SNPS_CLOCK_GATE_HIGH_dsram_mydesign_0_mydesign_1644
top0/IF_stage/icache/clk_gate_memory_reg_155_
                                       6.8400      0.0      1.3680       5.4720  0.0000  SNPS_CLOCK_GATE_HIGH_dsram_mydesign_0_mydesign_1651
top0/IF_stage/icache/clk_gate_memory_reg_155__0
                                       6.8400      0.0      1.3680       5.4720  0.0000  SNPS_CLOCK_GATE_HIGH_dsram_mydesign_0_mydesign_1650
top0/IF_stage/icache/clk_gate_memory_reg_155__1
                                       6.8400      0.0      1.3680       5.4720  0.0000  SNPS_CLOCK_GATE_HIGH_dsram_mydesign_0_mydesign_1649
top0/IF_stage/icache/clk_gate_memory_reg_155__2
                                       6.8400      0.0      1.3680       5.4720  0.0000  SNPS_CLOCK_GATE_HIGH_dsram_mydesign_0_mydesign_1648
top0/IF_stage/icache/clk_gate_memory_reg_156_
                                       6.8400      0.0      1.3680       5.4720  0.0000  SNPS_CLOCK_GATE_HIGH_dsram_mydesign_0_mydesign_1655
top0/IF_stage/icache/clk_gate_memory_reg_156__0
                                       6.8400      0.0      1.3680       5.4720  0.0000  SNPS_CLOCK_GATE_HIGH_dsram_mydesign_0_mydesign_1654
top0/IF_stage/icache/clk_gate_memory_reg_156__1
                                       6.8400      0.0      1.3680       5.4720  0.0000  SNPS_CLOCK_GATE_HIGH_dsram_mydesign_0_mydesign_1653
top0/IF_stage/icache/clk_gate_memory_reg_156__2
                                       6.8400      0.0      1.3680       5.4720  0.0000  SNPS_CLOCK_GATE_HIGH_dsram_mydesign_0_mydesign_1652
top0/IF_stage/icache/clk_gate_memory_reg_157_
                                       6.8400      0.0      1.3680       5.4720  0.0000  SNPS_CLOCK_GATE_HIGH_dsram_mydesign_0_mydesign_1659
top0/IF_stage/icache/clk_gate_memory_reg_157__0
                                       6.8400      0.0      1.3680       5.4720  0.0000  SNPS_CLOCK_GATE_HIGH_dsram_mydesign_0_mydesign_1658
top0/IF_stage/icache/clk_gate_memory_reg_157__1
                                       6.8400      0.0      1.3680       5.4720  0.0000  SNPS_CLOCK_GATE_HIGH_dsram_mydesign_0_mydesign_1657
top0/IF_stage/icache/clk_gate_memory_reg_157__2
                                       6.8400      0.0      1.3680       5.4720  0.0000  SNPS_CLOCK_GATE_HIGH_dsram_mydesign_0_mydesign_1656
top0/IF_stage/icache/clk_gate_memory_reg_158_
                                       6.8400      0.0      1.3680       5.4720  0.0000  SNPS_CLOCK_GATE_HIGH_dsram_mydesign_0_mydesign_1663
top0/IF_stage/icache/clk_gate_memory_reg_158__0
                                       6.8400      0.0      1.3680       5.4720  0.0000  SNPS_CLOCK_GATE_HIGH_dsram_mydesign_0_mydesign_1662
top0/IF_stage/icache/clk_gate_memory_reg_158__1
                                       6.8400      0.0      1.3680       5.4720  0.0000  SNPS_CLOCK_GATE_HIGH_dsram_mydesign_0_mydesign_1661
top0/IF_stage/icache/clk_gate_memory_reg_158__2
                                       6.8400      0.0      1.3680       5.4720  0.0000  SNPS_CLOCK_GATE_HIGH_dsram_mydesign_0_mydesign_1660
top0/IF_stage/icache/clk_gate_memory_reg_159_
                                       6.8400      0.0      1.3680       5.4720  0.0000  SNPS_CLOCK_GATE_HIGH_dsram_mydesign_0_mydesign_1667
top0/IF_stage/icache/clk_gate_memory_reg_159__0
                                       6.8400      0.0      1.3680       5.4720  0.0000  SNPS_CLOCK_GATE_HIGH_dsram_mydesign_0_mydesign_1666
top0/IF_stage/icache/clk_gate_memory_reg_159__1
                                       6.8400      0.0      1.3680       5.4720  0.0000  SNPS_CLOCK_GATE_HIGH_dsram_mydesign_0_mydesign_1665
top0/IF_stage/icache/clk_gate_memory_reg_159__2
                                       6.8400      0.0      1.3680       5.4720  0.0000  SNPS_CLOCK_GATE_HIGH_dsram_mydesign_0_mydesign_1664
top0/IF_stage/icache/clk_gate_memory_reg_15_
                                       6.8400      0.0      1.3680       5.4720  0.0000  SNPS_CLOCK_GATE_HIGH_dsram_mydesign_0_mydesign_1091
top0/IF_stage/icache/clk_gate_memory_reg_15__0
                                       6.8400      0.0      1.3680       5.4720  0.0000  SNPS_CLOCK_GATE_HIGH_dsram_mydesign_0_mydesign_1090
top0/IF_stage/icache/clk_gate_memory_reg_15__1
                                       6.8400      0.0      1.3680       5.4720  0.0000  SNPS_CLOCK_GATE_HIGH_dsram_mydesign_0_mydesign_1089
top0/IF_stage/icache/clk_gate_memory_reg_15__2
                                       6.8400      0.0      1.3680       5.4720  0.0000  SNPS_CLOCK_GATE_HIGH_dsram_mydesign_0_mydesign_1088
top0/IF_stage/icache/clk_gate_memory_reg_160_
                                       6.8400      0.0      1.3680       5.4720  0.0000  SNPS_CLOCK_GATE_HIGH_dsram_mydesign_0_mydesign_1671
top0/IF_stage/icache/clk_gate_memory_reg_160__0
                                       6.8400      0.0      1.3680       5.4720  0.0000  SNPS_CLOCK_GATE_HIGH_dsram_mydesign_0_mydesign_1670
top0/IF_stage/icache/clk_gate_memory_reg_160__1
                                       6.8400      0.0      1.3680       5.4720  0.0000  SNPS_CLOCK_GATE_HIGH_dsram_mydesign_0_mydesign_1669
top0/IF_stage/icache/clk_gate_memory_reg_160__2
                                       6.8400      0.0      1.3680       5.4720  0.0000  SNPS_CLOCK_GATE_HIGH_dsram_mydesign_0_mydesign_1668
top0/IF_stage/icache/clk_gate_memory_reg_161_
                                       6.8400      0.0      1.3680       5.4720  0.0000  SNPS_CLOCK_GATE_HIGH_dsram_mydesign_0_mydesign_1675
top0/IF_stage/icache/clk_gate_memory_reg_161__0
                                       6.8400      0.0      1.3680       5.4720  0.0000  SNPS_CLOCK_GATE_HIGH_dsram_mydesign_0_mydesign_1674
top0/IF_stage/icache/clk_gate_memory_reg_161__1
                                       6.8400      0.0      1.3680       5.4720  0.0000  SNPS_CLOCK_GATE_HIGH_dsram_mydesign_0_mydesign_1673
top0/IF_stage/icache/clk_gate_memory_reg_161__2
                                       6.8400      0.0      1.3680       5.4720  0.0000  SNPS_CLOCK_GATE_HIGH_dsram_mydesign_0_mydesign_1672
top0/IF_stage/icache/clk_gate_memory_reg_162_
                                       6.8400      0.0      1.3680       5.4720  0.0000  SNPS_CLOCK_GATE_HIGH_dsram_mydesign_0_mydesign_1679
top0/IF_stage/icache/clk_gate_memory_reg_162__0
                                       6.8400      0.0      1.3680       5.4720  0.0000  SNPS_CLOCK_GATE_HIGH_dsram_mydesign_0_mydesign_1678
top0/IF_stage/icache/clk_gate_memory_reg_162__1
                                       6.8400      0.0      1.3680       5.4720  0.0000  SNPS_CLOCK_GATE_HIGH_dsram_mydesign_0_mydesign_1677
top0/IF_stage/icache/clk_gate_memory_reg_162__2
                                       6.8400      0.0      1.3680       5.4720  0.0000  SNPS_CLOCK_GATE_HIGH_dsram_mydesign_0_mydesign_1676
top0/IF_stage/icache/clk_gate_memory_reg_163_
                                       6.8400      0.0      1.3680       5.4720  0.0000  SNPS_CLOCK_GATE_HIGH_dsram_mydesign_0_mydesign_1683
top0/IF_stage/icache/clk_gate_memory_reg_163__0
                                       6.8400      0.0      1.3680       5.4720  0.0000  SNPS_CLOCK_GATE_HIGH_dsram_mydesign_0_mydesign_1682
top0/IF_stage/icache/clk_gate_memory_reg_163__1
                                       6.8400      0.0      1.3680       5.4720  0.0000  SNPS_CLOCK_GATE_HIGH_dsram_mydesign_0_mydesign_1681
top0/IF_stage/icache/clk_gate_memory_reg_163__2
                                       6.8400      0.0      1.3680       5.4720  0.0000  SNPS_CLOCK_GATE_HIGH_dsram_mydesign_0_mydesign_1680
top0/IF_stage/icache/clk_gate_memory_reg_164_
                                       6.8400      0.0      1.3680       5.4720  0.0000  SNPS_CLOCK_GATE_HIGH_dsram_mydesign_0_mydesign_1687
top0/IF_stage/icache/clk_gate_memory_reg_164__0
                                       6.8400      0.0      1.3680       5.4720  0.0000  SNPS_CLOCK_GATE_HIGH_dsram_mydesign_0_mydesign_1686
top0/IF_stage/icache/clk_gate_memory_reg_164__1
                                       6.8400      0.0      1.3680       5.4720  0.0000  SNPS_CLOCK_GATE_HIGH_dsram_mydesign_0_mydesign_1685
top0/IF_stage/icache/clk_gate_memory_reg_164__2
                                       6.8400      0.0      1.3680       5.4720  0.0000  SNPS_CLOCK_GATE_HIGH_dsram_mydesign_0_mydesign_1684
top0/IF_stage/icache/clk_gate_memory_reg_165_
                                       6.8400      0.0      1.3680       5.4720  0.0000  SNPS_CLOCK_GATE_HIGH_dsram_mydesign_0_mydesign_1691
top0/IF_stage/icache/clk_gate_memory_reg_165__0
                                       6.8400      0.0      1.3680       5.4720  0.0000  SNPS_CLOCK_GATE_HIGH_dsram_mydesign_0_mydesign_1690
top0/IF_stage/icache/clk_gate_memory_reg_165__1
                                       6.8400      0.0      1.3680       5.4720  0.0000  SNPS_CLOCK_GATE_HIGH_dsram_mydesign_0_mydesign_1689
top0/IF_stage/icache/clk_gate_memory_reg_165__2
                                       6.8400      0.0      1.3680       5.4720  0.0000  SNPS_CLOCK_GATE_HIGH_dsram_mydesign_0_mydesign_1688
top0/IF_stage/icache/clk_gate_memory_reg_166_
                                       6.8400      0.0      1.3680       5.4720  0.0000  SNPS_CLOCK_GATE_HIGH_dsram_mydesign_0_mydesign_1695
top0/IF_stage/icache/clk_gate_memory_reg_166__0
                                       6.8400      0.0      1.3680       5.4720  0.0000  SNPS_CLOCK_GATE_HIGH_dsram_mydesign_0_mydesign_1694
top0/IF_stage/icache/clk_gate_memory_reg_166__1
                                       6.8400      0.0      1.3680       5.4720  0.0000  SNPS_CLOCK_GATE_HIGH_dsram_mydesign_0_mydesign_1693
top0/IF_stage/icache/clk_gate_memory_reg_166__2
                                       6.8400      0.0      1.3680       5.4720  0.0000  SNPS_CLOCK_GATE_HIGH_dsram_mydesign_0_mydesign_1692
top0/IF_stage/icache/clk_gate_memory_reg_167_
                                       6.8400      0.0      1.3680       5.4720  0.0000  SNPS_CLOCK_GATE_HIGH_dsram_mydesign_0_mydesign_1699
top0/IF_stage/icache/clk_gate_memory_reg_167__0
                                       6.8400      0.0      1.3680       5.4720  0.0000  SNPS_CLOCK_GATE_HIGH_dsram_mydesign_0_mydesign_1698
top0/IF_stage/icache/clk_gate_memory_reg_167__1
                                       6.8400      0.0      1.3680       5.4720  0.0000  SNPS_CLOCK_GATE_HIGH_dsram_mydesign_0_mydesign_1697
top0/IF_stage/icache/clk_gate_memory_reg_167__2
                                       6.8400      0.0      1.3680       5.4720  0.0000  SNPS_CLOCK_GATE_HIGH_dsram_mydesign_0_mydesign_1696
top0/IF_stage/icache/clk_gate_memory_reg_168_
                                       6.8400      0.0      1.3680       5.4720  0.0000  SNPS_CLOCK_GATE_HIGH_dsram_mydesign_0_mydesign_1703
top0/IF_stage/icache/clk_gate_memory_reg_168__0
                                       6.8400      0.0      1.3680       5.4720  0.0000  SNPS_CLOCK_GATE_HIGH_dsram_mydesign_0_mydesign_1702
top0/IF_stage/icache/clk_gate_memory_reg_168__1
                                       6.8400      0.0      1.3680       5.4720  0.0000  SNPS_CLOCK_GATE_HIGH_dsram_mydesign_0_mydesign_1701
top0/IF_stage/icache/clk_gate_memory_reg_168__2
                                       6.8400      0.0      1.3680       5.4720  0.0000  SNPS_CLOCK_GATE_HIGH_dsram_mydesign_0_mydesign_1700
top0/IF_stage/icache/clk_gate_memory_reg_169_
                                       6.8400      0.0      1.3680       5.4720  0.0000  SNPS_CLOCK_GATE_HIGH_dsram_mydesign_0_mydesign_1707
top0/IF_stage/icache/clk_gate_memory_reg_169__0
                                       6.8400      0.0      1.3680       5.4720  0.0000  SNPS_CLOCK_GATE_HIGH_dsram_mydesign_0_mydesign_1706
top0/IF_stage/icache/clk_gate_memory_reg_169__1
                                       6.8400      0.0      1.3680       5.4720  0.0000  SNPS_CLOCK_GATE_HIGH_dsram_mydesign_0_mydesign_1705
top0/IF_stage/icache/clk_gate_memory_reg_169__2
                                       6.8400      0.0      1.3680       5.4720  0.0000  SNPS_CLOCK_GATE_HIGH_dsram_mydesign_0_mydesign_1704
top0/IF_stage/icache/clk_gate_memory_reg_16_
                                       6.8400      0.0      1.3680       5.4720  0.0000  SNPS_CLOCK_GATE_HIGH_dsram_mydesign_0_mydesign_1095
top0/IF_stage/icache/clk_gate_memory_reg_16__0
                                       6.8400      0.0      1.3680       5.4720  0.0000  SNPS_CLOCK_GATE_HIGH_dsram_mydesign_0_mydesign_1094
top0/IF_stage/icache/clk_gate_memory_reg_16__1
                                       6.8400      0.0      1.3680       5.4720  0.0000  SNPS_CLOCK_GATE_HIGH_dsram_mydesign_0_mydesign_1093
top0/IF_stage/icache/clk_gate_memory_reg_16__2
                                       6.8400      0.0      1.3680       5.4720  0.0000  SNPS_CLOCK_GATE_HIGH_dsram_mydesign_0_mydesign_1092
top0/IF_stage/icache/clk_gate_memory_reg_170_
                                       6.8400      0.0      1.3680       5.4720  0.0000  SNPS_CLOCK_GATE_HIGH_dsram_mydesign_0_mydesign_1711
top0/IF_stage/icache/clk_gate_memory_reg_170__0
                                       6.8400      0.0      1.3680       5.4720  0.0000  SNPS_CLOCK_GATE_HIGH_dsram_mydesign_0_mydesign_1710
top0/IF_stage/icache/clk_gate_memory_reg_170__1
                                       6.8400      0.0      1.3680       5.4720  0.0000  SNPS_CLOCK_GATE_HIGH_dsram_mydesign_0_mydesign_1709
top0/IF_stage/icache/clk_gate_memory_reg_170__2
                                       6.8400      0.0      1.3680       5.4720  0.0000  SNPS_CLOCK_GATE_HIGH_dsram_mydesign_0_mydesign_1708
top0/IF_stage/icache/clk_gate_memory_reg_171_
                                       6.8400      0.0      1.3680       5.4720  0.0000  SNPS_CLOCK_GATE_HIGH_dsram_mydesign_0_mydesign_1715
top0/IF_stage/icache/clk_gate_memory_reg_171__0
                                       6.8400      0.0      1.3680       5.4720  0.0000  SNPS_CLOCK_GATE_HIGH_dsram_mydesign_0_mydesign_1714
top0/IF_stage/icache/clk_gate_memory_reg_171__1
                                       6.8400      0.0      1.3680       5.4720  0.0000  SNPS_CLOCK_GATE_HIGH_dsram_mydesign_0_mydesign_1713
top0/IF_stage/icache/clk_gate_memory_reg_171__2
                                       6.8400      0.0      1.3680       5.4720  0.0000  SNPS_CLOCK_GATE_HIGH_dsram_mydesign_0_mydesign_1712
top0/IF_stage/icache/clk_gate_memory_reg_172_
                                       6.8400      0.0      1.3680       5.4720  0.0000  SNPS_CLOCK_GATE_HIGH_dsram_mydesign_0_mydesign_1719
top0/IF_stage/icache/clk_gate_memory_reg_172__0
                                       6.8400      0.0      1.3680       5.4720  0.0000  SNPS_CLOCK_GATE_HIGH_dsram_mydesign_0_mydesign_1718
top0/IF_stage/icache/clk_gate_memory_reg_172__1
                                       6.8400      0.0      1.3680       5.4720  0.0000  SNPS_CLOCK_GATE_HIGH_dsram_mydesign_0_mydesign_1717
top0/IF_stage/icache/clk_gate_memory_reg_172__2
                                       6.8400      0.0      1.3680       5.4720  0.0000  SNPS_CLOCK_GATE_HIGH_dsram_mydesign_0_mydesign_1716
top0/IF_stage/icache/clk_gate_memory_reg_173_
                                       6.8400      0.0      1.3680       5.4720  0.0000  SNPS_CLOCK_GATE_HIGH_dsram_mydesign_0_mydesign_1723
top0/IF_stage/icache/clk_gate_memory_reg_173__0
                                       6.8400      0.0      1.3680       5.4720  0.0000  SNPS_CLOCK_GATE_HIGH_dsram_mydesign_0_mydesign_1722
top0/IF_stage/icache/clk_gate_memory_reg_173__1
                                       6.8400      0.0      1.3680       5.4720  0.0000  SNPS_CLOCK_GATE_HIGH_dsram_mydesign_0_mydesign_1721
top0/IF_stage/icache/clk_gate_memory_reg_173__2
                                       6.8400      0.0      1.3680       5.4720  0.0000  SNPS_CLOCK_GATE_HIGH_dsram_mydesign_0_mydesign_1720
top0/IF_stage/icache/clk_gate_memory_reg_174_
                                       6.8400      0.0      1.3680       5.4720  0.0000  SNPS_CLOCK_GATE_HIGH_dsram_mydesign_0_mydesign_1727
top0/IF_stage/icache/clk_gate_memory_reg_174__0
                                       6.8400      0.0      1.3680       5.4720  0.0000  SNPS_CLOCK_GATE_HIGH_dsram_mydesign_0_mydesign_1726
top0/IF_stage/icache/clk_gate_memory_reg_174__1
                                       6.8400      0.0      1.3680       5.4720  0.0000  SNPS_CLOCK_GATE_HIGH_dsram_mydesign_0_mydesign_1725
top0/IF_stage/icache/clk_gate_memory_reg_174__2
                                       6.8400      0.0      1.3680       5.4720  0.0000  SNPS_CLOCK_GATE_HIGH_dsram_mydesign_0_mydesign_1724
top0/IF_stage/icache/clk_gate_memory_reg_175_
                                       6.8400      0.0      1.3680       5.4720  0.0000  SNPS_CLOCK_GATE_HIGH_dsram_mydesign_0_mydesign_1731
top0/IF_stage/icache/clk_gate_memory_reg_175__0
                                       6.8400      0.0      1.3680       5.4720  0.0000  SNPS_CLOCK_GATE_HIGH_dsram_mydesign_0_mydesign_1730
top0/IF_stage/icache/clk_gate_memory_reg_175__1
                                       6.8400      0.0      1.3680       5.4720  0.0000  SNPS_CLOCK_GATE_HIGH_dsram_mydesign_0_mydesign_1729
top0/IF_stage/icache/clk_gate_memory_reg_175__2
                                       6.8400      0.0      1.3680       5.4720  0.0000  SNPS_CLOCK_GATE_HIGH_dsram_mydesign_0_mydesign_1728
top0/IF_stage/icache/clk_gate_memory_reg_176_
                                       6.8400      0.0      1.3680       5.4720  0.0000  SNPS_CLOCK_GATE_HIGH_dsram_mydesign_0_mydesign_1735
top0/IF_stage/icache/clk_gate_memory_reg_176__0
                                       6.8400      0.0      1.3680       5.4720  0.0000  SNPS_CLOCK_GATE_HIGH_dsram_mydesign_0_mydesign_1734
top0/IF_stage/icache/clk_gate_memory_reg_176__1
                                       6.8400      0.0      1.3680       5.4720  0.0000  SNPS_CLOCK_GATE_HIGH_dsram_mydesign_0_mydesign_1733
top0/IF_stage/icache/clk_gate_memory_reg_176__2
                                       6.8400      0.0      1.3680       5.4720  0.0000  SNPS_CLOCK_GATE_HIGH_dsram_mydesign_0_mydesign_1732
top0/IF_stage/icache/clk_gate_memory_reg_177_
                                       6.8400      0.0      1.3680       5.4720  0.0000  SNPS_CLOCK_GATE_HIGH_dsram_mydesign_0_mydesign_1739
top0/IF_stage/icache/clk_gate_memory_reg_177__0
                                       6.8400      0.0      1.3680       5.4720  0.0000  SNPS_CLOCK_GATE_HIGH_dsram_mydesign_0_mydesign_1738
top0/IF_stage/icache/clk_gate_memory_reg_177__1
                                       6.8400      0.0      1.3680       5.4720  0.0000  SNPS_CLOCK_GATE_HIGH_dsram_mydesign_0_mydesign_1737
top0/IF_stage/icache/clk_gate_memory_reg_177__2
                                       6.8400      0.0      1.3680       5.4720  0.0000  SNPS_CLOCK_GATE_HIGH_dsram_mydesign_0_mydesign_1736
top0/IF_stage/icache/clk_gate_memory_reg_178_
                                       6.8400      0.0      1.3680       5.4720  0.0000  SNPS_CLOCK_GATE_HIGH_dsram_mydesign_0_mydesign_1743
top0/IF_stage/icache/clk_gate_memory_reg_178__0
                                       6.8400      0.0      1.3680       5.4720  0.0000  SNPS_CLOCK_GATE_HIGH_dsram_mydesign_0_mydesign_1742
top0/IF_stage/icache/clk_gate_memory_reg_178__1
                                       6.8400      0.0      1.3680       5.4720  0.0000  SNPS_CLOCK_GATE_HIGH_dsram_mydesign_0_mydesign_1741
top0/IF_stage/icache/clk_gate_memory_reg_178__2
                                       6.8400      0.0      1.3680       5.4720  0.0000  SNPS_CLOCK_GATE_HIGH_dsram_mydesign_0_mydesign_1740
top0/IF_stage/icache/clk_gate_memory_reg_179_
                                       6.8400      0.0      1.3680       5.4720  0.0000  SNPS_CLOCK_GATE_HIGH_dsram_mydesign_0_mydesign_1747
top0/IF_stage/icache/clk_gate_memory_reg_179__0
                                       6.8400      0.0      1.3680       5.4720  0.0000  SNPS_CLOCK_GATE_HIGH_dsram_mydesign_0_mydesign_1746
top0/IF_stage/icache/clk_gate_memory_reg_179__1
                                       6.8400      0.0      1.3680       5.4720  0.0000  SNPS_CLOCK_GATE_HIGH_dsram_mydesign_0_mydesign_1745
top0/IF_stage/icache/clk_gate_memory_reg_179__2
                                       6.8400      0.0      1.3680       5.4720  0.0000  SNPS_CLOCK_GATE_HIGH_dsram_mydesign_0_mydesign_1744
top0/IF_stage/icache/clk_gate_memory_reg_17_
                                       6.8400      0.0      1.3680       5.4720  0.0000  SNPS_CLOCK_GATE_HIGH_dsram_mydesign_0_mydesign_1099
top0/IF_stage/icache/clk_gate_memory_reg_17__0
                                       6.8400      0.0      1.3680       5.4720  0.0000  SNPS_CLOCK_GATE_HIGH_dsram_mydesign_0_mydesign_1098
top0/IF_stage/icache/clk_gate_memory_reg_17__1
                                       6.8400      0.0      1.3680       5.4720  0.0000  SNPS_CLOCK_GATE_HIGH_dsram_mydesign_0_mydesign_1097
top0/IF_stage/icache/clk_gate_memory_reg_17__2
                                       6.8400      0.0      1.3680       5.4720  0.0000  SNPS_CLOCK_GATE_HIGH_dsram_mydesign_0_mydesign_1096
top0/IF_stage/icache/clk_gate_memory_reg_180_
                                       6.8400      0.0      1.3680       5.4720  0.0000  SNPS_CLOCK_GATE_HIGH_dsram_mydesign_0_mydesign_1751
top0/IF_stage/icache/clk_gate_memory_reg_180__0
                                       6.8400      0.0      1.3680       5.4720  0.0000  SNPS_CLOCK_GATE_HIGH_dsram_mydesign_0_mydesign_1750
top0/IF_stage/icache/clk_gate_memory_reg_180__1
                                       6.8400      0.0      1.3680       5.4720  0.0000  SNPS_CLOCK_GATE_HIGH_dsram_mydesign_0_mydesign_1749
top0/IF_stage/icache/clk_gate_memory_reg_180__2
                                       6.8400      0.0      1.3680       5.4720  0.0000  SNPS_CLOCK_GATE_HIGH_dsram_mydesign_0_mydesign_1748
top0/IF_stage/icache/clk_gate_memory_reg_181_
                                       6.8400      0.0      1.3680       5.4720  0.0000  SNPS_CLOCK_GATE_HIGH_dsram_mydesign_0_mydesign_1755
top0/IF_stage/icache/clk_gate_memory_reg_181__0
                                       6.8400      0.0      1.3680       5.4720  0.0000  SNPS_CLOCK_GATE_HIGH_dsram_mydesign_0_mydesign_1754
top0/IF_stage/icache/clk_gate_memory_reg_181__1
                                       6.8400      0.0      1.3680       5.4720  0.0000  SNPS_CLOCK_GATE_HIGH_dsram_mydesign_0_mydesign_1753
top0/IF_stage/icache/clk_gate_memory_reg_181__2
                                       6.8400      0.0      1.3680       5.4720  0.0000  SNPS_CLOCK_GATE_HIGH_dsram_mydesign_0_mydesign_1752
top0/IF_stage/icache/clk_gate_memory_reg_182_
                                       6.8400      0.0      1.3680       5.4720  0.0000  SNPS_CLOCK_GATE_HIGH_dsram_mydesign_0_mydesign_1759
top0/IF_stage/icache/clk_gate_memory_reg_182__0
                                       6.8400      0.0      1.3680       5.4720  0.0000  SNPS_CLOCK_GATE_HIGH_dsram_mydesign_0_mydesign_1758
top0/IF_stage/icache/clk_gate_memory_reg_182__1
                                       6.8400      0.0      1.3680       5.4720  0.0000  SNPS_CLOCK_GATE_HIGH_dsram_mydesign_0_mydesign_1757
top0/IF_stage/icache/clk_gate_memory_reg_182__2
                                       6.8400      0.0      1.3680       5.4720  0.0000  SNPS_CLOCK_GATE_HIGH_dsram_mydesign_0_mydesign_1756
top0/IF_stage/icache/clk_gate_memory_reg_183_
                                       6.8400      0.0      1.3680       5.4720  0.0000  SNPS_CLOCK_GATE_HIGH_dsram_mydesign_0_mydesign_1763
top0/IF_stage/icache/clk_gate_memory_reg_183__0
                                       6.8400      0.0      1.3680       5.4720  0.0000  SNPS_CLOCK_GATE_HIGH_dsram_mydesign_0_mydesign_1762
top0/IF_stage/icache/clk_gate_memory_reg_183__1
                                       6.8400      0.0      1.3680       5.4720  0.0000  SNPS_CLOCK_GATE_HIGH_dsram_mydesign_0_mydesign_1761
top0/IF_stage/icache/clk_gate_memory_reg_183__2
                                       6.8400      0.0      1.3680       5.4720  0.0000  SNPS_CLOCK_GATE_HIGH_dsram_mydesign_0_mydesign_1760
top0/IF_stage/icache/clk_gate_memory_reg_184_
                                       6.8400      0.0      1.3680       5.4720  0.0000  SNPS_CLOCK_GATE_HIGH_dsram_mydesign_0_mydesign_1767
top0/IF_stage/icache/clk_gate_memory_reg_184__0
                                       6.8400      0.0      1.3680       5.4720  0.0000  SNPS_CLOCK_GATE_HIGH_dsram_mydesign_0_mydesign_1766
top0/IF_stage/icache/clk_gate_memory_reg_184__1
                                       6.8400      0.0      1.3680       5.4720  0.0000  SNPS_CLOCK_GATE_HIGH_dsram_mydesign_0_mydesign_1765
top0/IF_stage/icache/clk_gate_memory_reg_184__2
                                       6.8400      0.0      1.3680       5.4720  0.0000  SNPS_CLOCK_GATE_HIGH_dsram_mydesign_0_mydesign_1764
top0/IF_stage/icache/clk_gate_memory_reg_185_
                                       6.8400      0.0      1.3680       5.4720  0.0000  SNPS_CLOCK_GATE_HIGH_dsram_mydesign_0_mydesign_1771
top0/IF_stage/icache/clk_gate_memory_reg_185__0
                                       6.8400      0.0      1.3680       5.4720  0.0000  SNPS_CLOCK_GATE_HIGH_dsram_mydesign_0_mydesign_1770
top0/IF_stage/icache/clk_gate_memory_reg_185__1
                                       6.8400      0.0      1.3680       5.4720  0.0000  SNPS_CLOCK_GATE_HIGH_dsram_mydesign_0_mydesign_1769
top0/IF_stage/icache/clk_gate_memory_reg_185__2
                                       6.8400      0.0      1.3680       5.4720  0.0000  SNPS_CLOCK_GATE_HIGH_dsram_mydesign_0_mydesign_1768
top0/IF_stage/icache/clk_gate_memory_reg_186_
                                       6.8400      0.0      1.3680       5.4720  0.0000  SNPS_CLOCK_GATE_HIGH_dsram_mydesign_0_mydesign_1775
top0/IF_stage/icache/clk_gate_memory_reg_186__0
                                       6.8400      0.0      1.3680       5.4720  0.0000  SNPS_CLOCK_GATE_HIGH_dsram_mydesign_0_mydesign_1774
top0/IF_stage/icache/clk_gate_memory_reg_186__1
                                       6.8400      0.0      1.3680       5.4720  0.0000  SNPS_CLOCK_GATE_HIGH_dsram_mydesign_0_mydesign_1773
top0/IF_stage/icache/clk_gate_memory_reg_186__2
                                       6.8400      0.0      1.3680       5.4720  0.0000  SNPS_CLOCK_GATE_HIGH_dsram_mydesign_0_mydesign_1772
top0/IF_stage/icache/clk_gate_memory_reg_187_
                                       6.8400      0.0      1.3680       5.4720  0.0000  SNPS_CLOCK_GATE_HIGH_dsram_mydesign_0_mydesign_1779
top0/IF_stage/icache/clk_gate_memory_reg_187__0
                                       6.8400      0.0      1.3680       5.4720  0.0000  SNPS_CLOCK_GATE_HIGH_dsram_mydesign_0_mydesign_1778
top0/IF_stage/icache/clk_gate_memory_reg_187__1
                                       6.8400      0.0      1.3680       5.4720  0.0000  SNPS_CLOCK_GATE_HIGH_dsram_mydesign_0_mydesign_1777
top0/IF_stage/icache/clk_gate_memory_reg_187__2
                                       6.8400      0.0      1.3680       5.4720  0.0000  SNPS_CLOCK_GATE_HIGH_dsram_mydesign_0_mydesign_1776
top0/IF_stage/icache/clk_gate_memory_reg_188_
                                       6.8400      0.0      1.3680       5.4720  0.0000  SNPS_CLOCK_GATE_HIGH_dsram_mydesign_0_mydesign_1783
top0/IF_stage/icache/clk_gate_memory_reg_188__0
                                       6.8400      0.0      1.3680       5.4720  0.0000  SNPS_CLOCK_GATE_HIGH_dsram_mydesign_0_mydesign_1782
top0/IF_stage/icache/clk_gate_memory_reg_188__1
                                       6.8400      0.0      1.3680       5.4720  0.0000  SNPS_CLOCK_GATE_HIGH_dsram_mydesign_0_mydesign_1781
top0/IF_stage/icache/clk_gate_memory_reg_188__2
                                       6.8400      0.0      1.3680       5.4720  0.0000  SNPS_CLOCK_GATE_HIGH_dsram_mydesign_0_mydesign_1780
top0/IF_stage/icache/clk_gate_memory_reg_189_
                                       6.8400      0.0      1.3680       5.4720  0.0000  SNPS_CLOCK_GATE_HIGH_dsram_mydesign_0_mydesign_1787
top0/IF_stage/icache/clk_gate_memory_reg_189__0
                                       6.8400      0.0      1.3680       5.4720  0.0000  SNPS_CLOCK_GATE_HIGH_dsram_mydesign_0_mydesign_1786
top0/IF_stage/icache/clk_gate_memory_reg_189__1
                                       6.8400      0.0      1.3680       5.4720  0.0000  SNPS_CLOCK_GATE_HIGH_dsram_mydesign_0_mydesign_1785
top0/IF_stage/icache/clk_gate_memory_reg_189__2
                                       6.8400      0.0      1.3680       5.4720  0.0000  SNPS_CLOCK_GATE_HIGH_dsram_mydesign_0_mydesign_1784
top0/IF_stage/icache/clk_gate_memory_reg_18_
                                       6.8400      0.0      1.3680       5.4720  0.0000  SNPS_CLOCK_GATE_HIGH_dsram_mydesign_0_mydesign_1103
top0/IF_stage/icache/clk_gate_memory_reg_18__0
                                       6.8400      0.0      1.3680       5.4720  0.0000  SNPS_CLOCK_GATE_HIGH_dsram_mydesign_0_mydesign_1102
top0/IF_stage/icache/clk_gate_memory_reg_18__1
                                       6.8400      0.0      1.3680       5.4720  0.0000  SNPS_CLOCK_GATE_HIGH_dsram_mydesign_0_mydesign_1101
top0/IF_stage/icache/clk_gate_memory_reg_18__2
                                       6.8400      0.0      1.3680       5.4720  0.0000  SNPS_CLOCK_GATE_HIGH_dsram_mydesign_0_mydesign_1100
top0/IF_stage/icache/clk_gate_memory_reg_190_
                                       6.8400      0.0      1.3680       5.4720  0.0000  SNPS_CLOCK_GATE_HIGH_dsram_mydesign_0_mydesign_1791
top0/IF_stage/icache/clk_gate_memory_reg_190__0
                                       6.8400      0.0      1.3680       5.4720  0.0000  SNPS_CLOCK_GATE_HIGH_dsram_mydesign_0_mydesign_1790
top0/IF_stage/icache/clk_gate_memory_reg_190__1
                                       6.8400      0.0      1.3680       5.4720  0.0000  SNPS_CLOCK_GATE_HIGH_dsram_mydesign_0_mydesign_1789
top0/IF_stage/icache/clk_gate_memory_reg_190__2
                                       6.8400      0.0      1.3680       5.4720  0.0000  SNPS_CLOCK_GATE_HIGH_dsram_mydesign_0_mydesign_1788
top0/IF_stage/icache/clk_gate_memory_reg_191_
                                       6.8400      0.0      1.3680       5.4720  0.0000  SNPS_CLOCK_GATE_HIGH_dsram_mydesign_0_mydesign_1795
top0/IF_stage/icache/clk_gate_memory_reg_191__0
                                       6.8400      0.0      1.3680       5.4720  0.0000  SNPS_CLOCK_GATE_HIGH_dsram_mydesign_0_mydesign_1794
top0/IF_stage/icache/clk_gate_memory_reg_191__1
                                       6.8400      0.0      1.3680       5.4720  0.0000  SNPS_CLOCK_GATE_HIGH_dsram_mydesign_0_mydesign_1793
top0/IF_stage/icache/clk_gate_memory_reg_191__2
                                       6.8400      0.0      1.3680       5.4720  0.0000  SNPS_CLOCK_GATE_HIGH_dsram_mydesign_0_mydesign_1792
top0/IF_stage/icache/clk_gate_memory_reg_192_
                                       6.8400      0.0      1.3680       5.4720  0.0000  SNPS_CLOCK_GATE_HIGH_dsram_mydesign_0_mydesign_1799
top0/IF_stage/icache/clk_gate_memory_reg_192__0
                                       6.8400      0.0      1.3680       5.4720  0.0000  SNPS_CLOCK_GATE_HIGH_dsram_mydesign_0_mydesign_1798
top0/IF_stage/icache/clk_gate_memory_reg_192__1
                                       6.8400      0.0      1.3680       5.4720  0.0000  SNPS_CLOCK_GATE_HIGH_dsram_mydesign_0_mydesign_1797
top0/IF_stage/icache/clk_gate_memory_reg_192__2
                                       6.8400      0.0      1.3680       5.4720  0.0000  SNPS_CLOCK_GATE_HIGH_dsram_mydesign_0_mydesign_1796
top0/IF_stage/icache/clk_gate_memory_reg_193_
                                       6.8400      0.0      1.3680       5.4720  0.0000  SNPS_CLOCK_GATE_HIGH_dsram_mydesign_0_mydesign_1803
top0/IF_stage/icache/clk_gate_memory_reg_193__0
                                       6.8400      0.0      1.3680       5.4720  0.0000  SNPS_CLOCK_GATE_HIGH_dsram_mydesign_0_mydesign_1802
top0/IF_stage/icache/clk_gate_memory_reg_193__1
                                       6.8400      0.0      1.3680       5.4720  0.0000  SNPS_CLOCK_GATE_HIGH_dsram_mydesign_0_mydesign_1801
top0/IF_stage/icache/clk_gate_memory_reg_193__2
                                       6.8400      0.0      1.3680       5.4720  0.0000  SNPS_CLOCK_GATE_HIGH_dsram_mydesign_0_mydesign_1800
top0/IF_stage/icache/clk_gate_memory_reg_194_
                                       6.8400      0.0      1.3680       5.4720  0.0000  SNPS_CLOCK_GATE_HIGH_dsram_mydesign_0_mydesign_1807
top0/IF_stage/icache/clk_gate_memory_reg_194__0
                                       6.8400      0.0      1.3680       5.4720  0.0000  SNPS_CLOCK_GATE_HIGH_dsram_mydesign_0_mydesign_1806
top0/IF_stage/icache/clk_gate_memory_reg_194__1
                                       6.8400      0.0      1.3680       5.4720  0.0000  SNPS_CLOCK_GATE_HIGH_dsram_mydesign_0_mydesign_1805
top0/IF_stage/icache/clk_gate_memory_reg_194__2
                                       6.8400      0.0      1.3680       5.4720  0.0000  SNPS_CLOCK_GATE_HIGH_dsram_mydesign_0_mydesign_1804
top0/IF_stage/icache/clk_gate_memory_reg_195_
                                       6.8400      0.0      1.3680       5.4720  0.0000  SNPS_CLOCK_GATE_HIGH_dsram_mydesign_0_mydesign_1811
top0/IF_stage/icache/clk_gate_memory_reg_195__0
                                       6.8400      0.0      1.3680       5.4720  0.0000  SNPS_CLOCK_GATE_HIGH_dsram_mydesign_0_mydesign_1810
top0/IF_stage/icache/clk_gate_memory_reg_195__1
                                       6.8400      0.0      1.3680       5.4720  0.0000  SNPS_CLOCK_GATE_HIGH_dsram_mydesign_0_mydesign_1809
top0/IF_stage/icache/clk_gate_memory_reg_195__2
                                       6.8400      0.0      1.3680       5.4720  0.0000  SNPS_CLOCK_GATE_HIGH_dsram_mydesign_0_mydesign_1808
top0/IF_stage/icache/clk_gate_memory_reg_196_
                                       6.8400      0.0      1.3680       5.4720  0.0000  SNPS_CLOCK_GATE_HIGH_dsram_mydesign_0_mydesign_1815
top0/IF_stage/icache/clk_gate_memory_reg_196__0
                                       6.8400      0.0      1.3680       5.4720  0.0000  SNPS_CLOCK_GATE_HIGH_dsram_mydesign_0_mydesign_1814
top0/IF_stage/icache/clk_gate_memory_reg_196__1
                                       6.8400      0.0      1.3680       5.4720  0.0000  SNPS_CLOCK_GATE_HIGH_dsram_mydesign_0_mydesign_1813
top0/IF_stage/icache/clk_gate_memory_reg_196__2
                                       6.8400      0.0      1.3680       5.4720  0.0000  SNPS_CLOCK_GATE_HIGH_dsram_mydesign_0_mydesign_1812
top0/IF_stage/icache/clk_gate_memory_reg_197_
                                       6.8400      0.0      1.3680       5.4720  0.0000  SNPS_CLOCK_GATE_HIGH_dsram_mydesign_0_mydesign_1819
top0/IF_stage/icache/clk_gate_memory_reg_197__0
                                       6.8400      0.0      1.3680       5.4720  0.0000  SNPS_CLOCK_GATE_HIGH_dsram_mydesign_0_mydesign_1818
top0/IF_stage/icache/clk_gate_memory_reg_197__1
                                       6.8400      0.0      1.3680       5.4720  0.0000  SNPS_CLOCK_GATE_HIGH_dsram_mydesign_0_mydesign_1817
top0/IF_stage/icache/clk_gate_memory_reg_197__2
                                       6.8400      0.0      1.3680       5.4720  0.0000  SNPS_CLOCK_GATE_HIGH_dsram_mydesign_0_mydesign_1816
top0/IF_stage/icache/clk_gate_memory_reg_198_
                                       6.8400      0.0      1.3680       5.4720  0.0000  SNPS_CLOCK_GATE_HIGH_dsram_mydesign_0_mydesign_1823
top0/IF_stage/icache/clk_gate_memory_reg_198__0
                                       6.8400      0.0      1.3680       5.4720  0.0000  SNPS_CLOCK_GATE_HIGH_dsram_mydesign_0_mydesign_1822
top0/IF_stage/icache/clk_gate_memory_reg_198__1
                                       6.8400      0.0      1.3680       5.4720  0.0000  SNPS_CLOCK_GATE_HIGH_dsram_mydesign_0_mydesign_1821
top0/IF_stage/icache/clk_gate_memory_reg_198__2
                                       6.8400      0.0      1.3680       5.4720  0.0000  SNPS_CLOCK_GATE_HIGH_dsram_mydesign_0_mydesign_1820
top0/IF_stage/icache/clk_gate_memory_reg_199_
                                       6.8400      0.0      1.3680       5.4720  0.0000  SNPS_CLOCK_GATE_HIGH_dsram_mydesign_0_mydesign_1827
top0/IF_stage/icache/clk_gate_memory_reg_199__0
                                       6.8400      0.0      1.3680       5.4720  0.0000  SNPS_CLOCK_GATE_HIGH_dsram_mydesign_0_mydesign_1826
top0/IF_stage/icache/clk_gate_memory_reg_199__1
                                       6.8400      0.0      1.3680       5.4720  0.0000  SNPS_CLOCK_GATE_HIGH_dsram_mydesign_0_mydesign_1825
top0/IF_stage/icache/clk_gate_memory_reg_199__2
                                       6.8400      0.0      1.3680       5.4720  0.0000  SNPS_CLOCK_GATE_HIGH_dsram_mydesign_0_mydesign_1824
top0/IF_stage/icache/clk_gate_memory_reg_19_
                                       6.8400      0.0      1.3680       5.4720  0.0000  SNPS_CLOCK_GATE_HIGH_dsram_mydesign_0_mydesign_1107
top0/IF_stage/icache/clk_gate_memory_reg_19__0
                                       6.8400      0.0      1.3680       5.4720  0.0000  SNPS_CLOCK_GATE_HIGH_dsram_mydesign_0_mydesign_1106
top0/IF_stage/icache/clk_gate_memory_reg_19__1
                                       6.8400      0.0      1.3680       5.4720  0.0000  SNPS_CLOCK_GATE_HIGH_dsram_mydesign_0_mydesign_1105
top0/IF_stage/icache/clk_gate_memory_reg_19__2
                                       6.8400      0.0      1.3680       5.4720  0.0000  SNPS_CLOCK_GATE_HIGH_dsram_mydesign_0_mydesign_1104
top0/IF_stage/icache/clk_gate_memory_reg_1_
                                       6.8400      0.0      1.3680       5.4720  0.0000  SNPS_CLOCK_GATE_HIGH_dsram_mydesign_0_mydesign_1035
top0/IF_stage/icache/clk_gate_memory_reg_1__0
                                       6.8400      0.0      1.3680       5.4720  0.0000  SNPS_CLOCK_GATE_HIGH_dsram_mydesign_0_mydesign_1034
top0/IF_stage/icache/clk_gate_memory_reg_1__1
                                       6.8400      0.0      1.3680       5.4720  0.0000  SNPS_CLOCK_GATE_HIGH_dsram_mydesign_0_mydesign_1033
top0/IF_stage/icache/clk_gate_memory_reg_1__2
                                       6.8400      0.0      1.3680       5.4720  0.0000  SNPS_CLOCK_GATE_HIGH_dsram_mydesign_0_mydesign_1032
top0/IF_stage/icache/clk_gate_memory_reg_200_
                                       6.8400      0.0      1.3680       5.4720  0.0000  SNPS_CLOCK_GATE_HIGH_dsram_mydesign_0_mydesign_1831
top0/IF_stage/icache/clk_gate_memory_reg_200__0
                                       6.8400      0.0      1.3680       5.4720  0.0000  SNPS_CLOCK_GATE_HIGH_dsram_mydesign_0_mydesign_1830
top0/IF_stage/icache/clk_gate_memory_reg_200__1
                                       6.8400      0.0      1.3680       5.4720  0.0000  SNPS_CLOCK_GATE_HIGH_dsram_mydesign_0_mydesign_1829
top0/IF_stage/icache/clk_gate_memory_reg_200__2
                                       6.8400      0.0      1.3680       5.4720  0.0000  SNPS_CLOCK_GATE_HIGH_dsram_mydesign_0_mydesign_1828
top0/IF_stage/icache/clk_gate_memory_reg_201_
                                       6.8400      0.0      1.3680       5.4720  0.0000  SNPS_CLOCK_GATE_HIGH_dsram_mydesign_0_mydesign_1835
top0/IF_stage/icache/clk_gate_memory_reg_201__0
                                       6.8400      0.0      1.3680       5.4720  0.0000  SNPS_CLOCK_GATE_HIGH_dsram_mydesign_0_mydesign_1834
top0/IF_stage/icache/clk_gate_memory_reg_201__1
                                       6.8400      0.0      1.3680       5.4720  0.0000  SNPS_CLOCK_GATE_HIGH_dsram_mydesign_0_mydesign_1833
top0/IF_stage/icache/clk_gate_memory_reg_201__2
                                       6.8400      0.0      1.3680       5.4720  0.0000  SNPS_CLOCK_GATE_HIGH_dsram_mydesign_0_mydesign_1832
top0/IF_stage/icache/clk_gate_memory_reg_202_
                                       6.8400      0.0      1.3680       5.4720  0.0000  SNPS_CLOCK_GATE_HIGH_dsram_mydesign_0_mydesign_1839
top0/IF_stage/icache/clk_gate_memory_reg_202__0
                                       6.8400      0.0      1.3680       5.4720  0.0000  SNPS_CLOCK_GATE_HIGH_dsram_mydesign_0_mydesign_1838
top0/IF_stage/icache/clk_gate_memory_reg_202__1
                                       6.8400      0.0      1.3680       5.4720  0.0000  SNPS_CLOCK_GATE_HIGH_dsram_mydesign_0_mydesign_1837
top0/IF_stage/icache/clk_gate_memory_reg_202__2
                                       6.8400      0.0      1.3680       5.4720  0.0000  SNPS_CLOCK_GATE_HIGH_dsram_mydesign_0_mydesign_1836
top0/IF_stage/icache/clk_gate_memory_reg_203_
                                       6.8400      0.0      1.3680       5.4720  0.0000  SNPS_CLOCK_GATE_HIGH_dsram_mydesign_0_mydesign_1843
top0/IF_stage/icache/clk_gate_memory_reg_203__0
                                       6.8400      0.0      1.3680       5.4720  0.0000  SNPS_CLOCK_GATE_HIGH_dsram_mydesign_0_mydesign_1842
top0/IF_stage/icache/clk_gate_memory_reg_203__1
                                       6.8400      0.0      1.3680       5.4720  0.0000  SNPS_CLOCK_GATE_HIGH_dsram_mydesign_0_mydesign_1841
top0/IF_stage/icache/clk_gate_memory_reg_203__2
                                       6.8400      0.0      1.3680       5.4720  0.0000  SNPS_CLOCK_GATE_HIGH_dsram_mydesign_0_mydesign_1840
top0/IF_stage/icache/clk_gate_memory_reg_204_
                                       6.8400      0.0      1.3680       5.4720  0.0000  SNPS_CLOCK_GATE_HIGH_dsram_mydesign_0_mydesign_1847
top0/IF_stage/icache/clk_gate_memory_reg_204__0
                                       6.8400      0.0      1.3680       5.4720  0.0000  SNPS_CLOCK_GATE_HIGH_dsram_mydesign_0_mydesign_1846
top0/IF_stage/icache/clk_gate_memory_reg_204__1
                                       6.8400      0.0      1.3680       5.4720  0.0000  SNPS_CLOCK_GATE_HIGH_dsram_mydesign_0_mydesign_1845
top0/IF_stage/icache/clk_gate_memory_reg_204__2
                                       6.8400      0.0      1.3680       5.4720  0.0000  SNPS_CLOCK_GATE_HIGH_dsram_mydesign_0_mydesign_1844
top0/IF_stage/icache/clk_gate_memory_reg_205_
                                       6.8400      0.0      1.3680       5.4720  0.0000  SNPS_CLOCK_GATE_HIGH_dsram_mydesign_0_mydesign_1851
top0/IF_stage/icache/clk_gate_memory_reg_205__0
                                       6.8400      0.0      1.3680       5.4720  0.0000  SNPS_CLOCK_GATE_HIGH_dsram_mydesign_0_mydesign_1850
top0/IF_stage/icache/clk_gate_memory_reg_205__1
                                       6.8400      0.0      1.3680       5.4720  0.0000  SNPS_CLOCK_GATE_HIGH_dsram_mydesign_0_mydesign_1849
top0/IF_stage/icache/clk_gate_memory_reg_205__2
                                       6.8400      0.0      1.3680       5.4720  0.0000  SNPS_CLOCK_GATE_HIGH_dsram_mydesign_0_mydesign_1848
top0/IF_stage/icache/clk_gate_memory_reg_206_
                                       6.8400      0.0      1.3680       5.4720  0.0000  SNPS_CLOCK_GATE_HIGH_dsram_mydesign_0_mydesign_1855
top0/IF_stage/icache/clk_gate_memory_reg_206__0
                                       6.8400      0.0      1.3680       5.4720  0.0000  SNPS_CLOCK_GATE_HIGH_dsram_mydesign_0_mydesign_1854
top0/IF_stage/icache/clk_gate_memory_reg_206__1
                                       6.8400      0.0      1.3680       5.4720  0.0000  SNPS_CLOCK_GATE_HIGH_dsram_mydesign_0_mydesign_1853
top0/IF_stage/icache/clk_gate_memory_reg_206__2
                                       6.8400      0.0      1.3680       5.4720  0.0000  SNPS_CLOCK_GATE_HIGH_dsram_mydesign_0_mydesign_1852
top0/IF_stage/icache/clk_gate_memory_reg_207_
                                       6.8400      0.0      1.3680       5.4720  0.0000  SNPS_CLOCK_GATE_HIGH_dsram_mydesign_0_mydesign_1859
top0/IF_stage/icache/clk_gate_memory_reg_207__0
                                       6.8400      0.0      1.3680       5.4720  0.0000  SNPS_CLOCK_GATE_HIGH_dsram_mydesign_0_mydesign_1858
top0/IF_stage/icache/clk_gate_memory_reg_207__1
                                       6.8400      0.0      1.3680       5.4720  0.0000  SNPS_CLOCK_GATE_HIGH_dsram_mydesign_0_mydesign_1857
top0/IF_stage/icache/clk_gate_memory_reg_207__2
                                       6.8400      0.0      1.3680       5.4720  0.0000  SNPS_CLOCK_GATE_HIGH_dsram_mydesign_0_mydesign_1856
top0/IF_stage/icache/clk_gate_memory_reg_208_
                                       6.8400      0.0      1.3680       5.4720  0.0000  SNPS_CLOCK_GATE_HIGH_dsram_mydesign_0_mydesign_1863
top0/IF_stage/icache/clk_gate_memory_reg_208__0
                                       6.8400      0.0      1.3680       5.4720  0.0000  SNPS_CLOCK_GATE_HIGH_dsram_mydesign_0_mydesign_1862
top0/IF_stage/icache/clk_gate_memory_reg_208__1
                                       6.8400      0.0      1.3680       5.4720  0.0000  SNPS_CLOCK_GATE_HIGH_dsram_mydesign_0_mydesign_1861
top0/IF_stage/icache/clk_gate_memory_reg_208__2
                                       6.8400      0.0      1.3680       5.4720  0.0000  SNPS_CLOCK_GATE_HIGH_dsram_mydesign_0_mydesign_1860
top0/IF_stage/icache/clk_gate_memory_reg_209_
                                       6.8400      0.0      1.3680       5.4720  0.0000  SNPS_CLOCK_GATE_HIGH_dsram_mydesign_0_mydesign_1867
top0/IF_stage/icache/clk_gate_memory_reg_209__0
                                       6.8400      0.0      1.3680       5.4720  0.0000  SNPS_CLOCK_GATE_HIGH_dsram_mydesign_0_mydesign_1866
top0/IF_stage/icache/clk_gate_memory_reg_209__1
                                       6.8400      0.0      1.3680       5.4720  0.0000  SNPS_CLOCK_GATE_HIGH_dsram_mydesign_0_mydesign_1865
top0/IF_stage/icache/clk_gate_memory_reg_209__2
                                       6.8400      0.0      1.3680       5.4720  0.0000  SNPS_CLOCK_GATE_HIGH_dsram_mydesign_0_mydesign_1864
top0/IF_stage/icache/clk_gate_memory_reg_20_
                                       6.8400      0.0      1.3680       5.4720  0.0000  SNPS_CLOCK_GATE_HIGH_dsram_mydesign_0_mydesign_1111
top0/IF_stage/icache/clk_gate_memory_reg_20__0
                                       6.8400      0.0      1.3680       5.4720  0.0000  SNPS_CLOCK_GATE_HIGH_dsram_mydesign_0_mydesign_1110
top0/IF_stage/icache/clk_gate_memory_reg_20__1
                                       6.8400      0.0      1.3680       5.4720  0.0000  SNPS_CLOCK_GATE_HIGH_dsram_mydesign_0_mydesign_1109
top0/IF_stage/icache/clk_gate_memory_reg_20__2
                                       6.8400      0.0      1.3680       5.4720  0.0000  SNPS_CLOCK_GATE_HIGH_dsram_mydesign_0_mydesign_1108
top0/IF_stage/icache/clk_gate_memory_reg_210_
                                       6.8400      0.0      1.3680       5.4720  0.0000  SNPS_CLOCK_GATE_HIGH_dsram_mydesign_0_mydesign_1871
top0/IF_stage/icache/clk_gate_memory_reg_210__0
                                       6.8400      0.0      1.3680       5.4720  0.0000  SNPS_CLOCK_GATE_HIGH_dsram_mydesign_0_mydesign_1870
top0/IF_stage/icache/clk_gate_memory_reg_210__1
                                       6.8400      0.0      1.3680       5.4720  0.0000  SNPS_CLOCK_GATE_HIGH_dsram_mydesign_0_mydesign_1869
top0/IF_stage/icache/clk_gate_memory_reg_210__2
                                       6.8400      0.0      1.3680       5.4720  0.0000  SNPS_CLOCK_GATE_HIGH_dsram_mydesign_0_mydesign_1868
top0/IF_stage/icache/clk_gate_memory_reg_211_
                                       6.8400      0.0      1.3680       5.4720  0.0000  SNPS_CLOCK_GATE_HIGH_dsram_mydesign_0_mydesign_1875
top0/IF_stage/icache/clk_gate_memory_reg_211__0
                                       6.8400      0.0      1.3680       5.4720  0.0000  SNPS_CLOCK_GATE_HIGH_dsram_mydesign_0_mydesign_1874
top0/IF_stage/icache/clk_gate_memory_reg_211__1
                                       6.8400      0.0      1.3680       5.4720  0.0000  SNPS_CLOCK_GATE_HIGH_dsram_mydesign_0_mydesign_1873
top0/IF_stage/icache/clk_gate_memory_reg_211__2
                                       6.8400      0.0      1.3680       5.4720  0.0000  SNPS_CLOCK_GATE_HIGH_dsram_mydesign_0_mydesign_1872
top0/IF_stage/icache/clk_gate_memory_reg_212_
                                       6.8400      0.0      1.3680       5.4720  0.0000  SNPS_CLOCK_GATE_HIGH_dsram_mydesign_0_mydesign_1879
top0/IF_stage/icache/clk_gate_memory_reg_212__0
                                       6.8400      0.0      1.3680       5.4720  0.0000  SNPS_CLOCK_GATE_HIGH_dsram_mydesign_0_mydesign_1878
top0/IF_stage/icache/clk_gate_memory_reg_212__1
                                       6.8400      0.0      1.3680       5.4720  0.0000  SNPS_CLOCK_GATE_HIGH_dsram_mydesign_0_mydesign_1877
top0/IF_stage/icache/clk_gate_memory_reg_212__2
                                       6.8400      0.0      1.3680       5.4720  0.0000  SNPS_CLOCK_GATE_HIGH_dsram_mydesign_0_mydesign_1876
top0/IF_stage/icache/clk_gate_memory_reg_213_
                                       6.8400      0.0      1.3680       5.4720  0.0000  SNPS_CLOCK_GATE_HIGH_dsram_mydesign_0_mydesign_1883
top0/IF_stage/icache/clk_gate_memory_reg_213__0
                                       6.8400      0.0      1.3680       5.4720  0.0000  SNPS_CLOCK_GATE_HIGH_dsram_mydesign_0_mydesign_1882
top0/IF_stage/icache/clk_gate_memory_reg_213__1
                                       6.8400      0.0      1.3680       5.4720  0.0000  SNPS_CLOCK_GATE_HIGH_dsram_mydesign_0_mydesign_1881
top0/IF_stage/icache/clk_gate_memory_reg_213__2
                                       6.8400      0.0      1.3680       5.4720  0.0000  SNPS_CLOCK_GATE_HIGH_dsram_mydesign_0_mydesign_1880
top0/IF_stage/icache/clk_gate_memory_reg_214_
                                       6.8400      0.0      1.3680       5.4720  0.0000  SNPS_CLOCK_GATE_HIGH_dsram_mydesign_0_mydesign_1887
top0/IF_stage/icache/clk_gate_memory_reg_214__0
                                       6.8400      0.0      1.3680       5.4720  0.0000  SNPS_CLOCK_GATE_HIGH_dsram_mydesign_0_mydesign_1886
top0/IF_stage/icache/clk_gate_memory_reg_214__1
                                       6.8400      0.0      1.3680       5.4720  0.0000  SNPS_CLOCK_GATE_HIGH_dsram_mydesign_0_mydesign_1885
top0/IF_stage/icache/clk_gate_memory_reg_214__2
                                       6.8400      0.0      1.3680       5.4720  0.0000  SNPS_CLOCK_GATE_HIGH_dsram_mydesign_0_mydesign_1884
top0/IF_stage/icache/clk_gate_memory_reg_215_
                                       6.8400      0.0      1.3680       5.4720  0.0000  SNPS_CLOCK_GATE_HIGH_dsram_mydesign_0_mydesign_1891
top0/IF_stage/icache/clk_gate_memory_reg_215__0
                                       6.8400      0.0      1.3680       5.4720  0.0000  SNPS_CLOCK_GATE_HIGH_dsram_mydesign_0_mydesign_1890
top0/IF_stage/icache/clk_gate_memory_reg_215__1
                                       6.8400      0.0      1.3680       5.4720  0.0000  SNPS_CLOCK_GATE_HIGH_dsram_mydesign_0_mydesign_1889
top0/IF_stage/icache/clk_gate_memory_reg_215__2
                                       6.8400      0.0      1.3680       5.4720  0.0000  SNPS_CLOCK_GATE_HIGH_dsram_mydesign_0_mydesign_1888
top0/IF_stage/icache/clk_gate_memory_reg_216_
                                       6.8400      0.0      1.3680       5.4720  0.0000  SNPS_CLOCK_GATE_HIGH_dsram_mydesign_0_mydesign_1895
top0/IF_stage/icache/clk_gate_memory_reg_216__0
                                       6.8400      0.0      1.3680       5.4720  0.0000  SNPS_CLOCK_GATE_HIGH_dsram_mydesign_0_mydesign_1894
top0/IF_stage/icache/clk_gate_memory_reg_216__1
                                       6.8400      0.0      1.3680       5.4720  0.0000  SNPS_CLOCK_GATE_HIGH_dsram_mydesign_0_mydesign_1893
top0/IF_stage/icache/clk_gate_memory_reg_216__2
                                       6.8400      0.0      1.3680       5.4720  0.0000  SNPS_CLOCK_GATE_HIGH_dsram_mydesign_0_mydesign_1892
top0/IF_stage/icache/clk_gate_memory_reg_217_
                                       6.8400      0.0      1.3680       5.4720  0.0000  SNPS_CLOCK_GATE_HIGH_dsram_mydesign_0_mydesign_1899
top0/IF_stage/icache/clk_gate_memory_reg_217__0
                                       6.8400      0.0      1.3680       5.4720  0.0000  SNPS_CLOCK_GATE_HIGH_dsram_mydesign_0_mydesign_1898
top0/IF_stage/icache/clk_gate_memory_reg_217__1
                                       6.8400      0.0      1.3680       5.4720  0.0000  SNPS_CLOCK_GATE_HIGH_dsram_mydesign_0_mydesign_1897
top0/IF_stage/icache/clk_gate_memory_reg_217__2
                                       6.8400      0.0      1.3680       5.4720  0.0000  SNPS_CLOCK_GATE_HIGH_dsram_mydesign_0_mydesign_1896
top0/IF_stage/icache/clk_gate_memory_reg_218_
                                       6.8400      0.0      1.3680       5.4720  0.0000  SNPS_CLOCK_GATE_HIGH_dsram_mydesign_0_mydesign_1903
top0/IF_stage/icache/clk_gate_memory_reg_218__0
                                       6.8400      0.0      1.3680       5.4720  0.0000  SNPS_CLOCK_GATE_HIGH_dsram_mydesign_0_mydesign_1902
top0/IF_stage/icache/clk_gate_memory_reg_218__1
                                       6.8400      0.0      1.3680       5.4720  0.0000  SNPS_CLOCK_GATE_HIGH_dsram_mydesign_0_mydesign_1901
top0/IF_stage/icache/clk_gate_memory_reg_218__2
                                       6.8400      0.0      1.3680       5.4720  0.0000  SNPS_CLOCK_GATE_HIGH_dsram_mydesign_0_mydesign_1900
top0/IF_stage/icache/clk_gate_memory_reg_219_
                                       6.8400      0.0      1.3680       5.4720  0.0000  SNPS_CLOCK_GATE_HIGH_dsram_mydesign_0_mydesign_1907
top0/IF_stage/icache/clk_gate_memory_reg_219__0
                                       6.8400      0.0      1.3680       5.4720  0.0000  SNPS_CLOCK_GATE_HIGH_dsram_mydesign_0_mydesign_1906
top0/IF_stage/icache/clk_gate_memory_reg_219__1
                                       6.8400      0.0      1.3680       5.4720  0.0000  SNPS_CLOCK_GATE_HIGH_dsram_mydesign_0_mydesign_1905
top0/IF_stage/icache/clk_gate_memory_reg_219__2
                                       6.8400      0.0      1.3680       5.4720  0.0000  SNPS_CLOCK_GATE_HIGH_dsram_mydesign_0_mydesign_1904
top0/IF_stage/icache/clk_gate_memory_reg_21_
                                       6.8400      0.0      1.3680       5.4720  0.0000  SNPS_CLOCK_GATE_HIGH_dsram_mydesign_0_mydesign_1115
top0/IF_stage/icache/clk_gate_memory_reg_21__0
                                       6.8400      0.0      1.3680       5.4720  0.0000  SNPS_CLOCK_GATE_HIGH_dsram_mydesign_0_mydesign_1114
top0/IF_stage/icache/clk_gate_memory_reg_21__1
                                       6.8400      0.0      1.3680       5.4720  0.0000  SNPS_CLOCK_GATE_HIGH_dsram_mydesign_0_mydesign_1113
top0/IF_stage/icache/clk_gate_memory_reg_21__2
                                       6.8400      0.0      1.3680       5.4720  0.0000  SNPS_CLOCK_GATE_HIGH_dsram_mydesign_0_mydesign_1112
top0/IF_stage/icache/clk_gate_memory_reg_220_
                                       6.8400      0.0      1.3680       5.4720  0.0000  SNPS_CLOCK_GATE_HIGH_dsram_mydesign_0_mydesign_1911
top0/IF_stage/icache/clk_gate_memory_reg_220__0
                                       6.8400      0.0      1.3680       5.4720  0.0000  SNPS_CLOCK_GATE_HIGH_dsram_mydesign_0_mydesign_1910
top0/IF_stage/icache/clk_gate_memory_reg_220__1
                                       6.8400      0.0      1.3680       5.4720  0.0000  SNPS_CLOCK_GATE_HIGH_dsram_mydesign_0_mydesign_1909
top0/IF_stage/icache/clk_gate_memory_reg_220__2
                                       6.8400      0.0      1.3680       5.4720  0.0000  SNPS_CLOCK_GATE_HIGH_dsram_mydesign_0_mydesign_1908
top0/IF_stage/icache/clk_gate_memory_reg_221_
                                       6.8400      0.0      1.3680       5.4720  0.0000  SNPS_CLOCK_GATE_HIGH_dsram_mydesign_0_mydesign_1915
top0/IF_stage/icache/clk_gate_memory_reg_221__0
                                       6.8400      0.0      1.3680       5.4720  0.0000  SNPS_CLOCK_GATE_HIGH_dsram_mydesign_0_mydesign_1914
top0/IF_stage/icache/clk_gate_memory_reg_221__1
                                       6.8400      0.0      1.3680       5.4720  0.0000  SNPS_CLOCK_GATE_HIGH_dsram_mydesign_0_mydesign_1913
top0/IF_stage/icache/clk_gate_memory_reg_221__2
                                       6.8400      0.0      1.3680       5.4720  0.0000  SNPS_CLOCK_GATE_HIGH_dsram_mydesign_0_mydesign_1912
top0/IF_stage/icache/clk_gate_memory_reg_222_
                                       6.8400      0.0      1.3680       5.4720  0.0000  SNPS_CLOCK_GATE_HIGH_dsram_mydesign_0_mydesign_1919
top0/IF_stage/icache/clk_gate_memory_reg_222__0
                                       6.8400      0.0      1.3680       5.4720  0.0000  SNPS_CLOCK_GATE_HIGH_dsram_mydesign_0_mydesign_1918
top0/IF_stage/icache/clk_gate_memory_reg_222__1
                                       6.8400      0.0      1.3680       5.4720  0.0000  SNPS_CLOCK_GATE_HIGH_dsram_mydesign_0_mydesign_1917
top0/IF_stage/icache/clk_gate_memory_reg_222__2
                                       6.8400      0.0      1.3680       5.4720  0.0000  SNPS_CLOCK_GATE_HIGH_dsram_mydesign_0_mydesign_1916
top0/IF_stage/icache/clk_gate_memory_reg_223_
                                       6.8400      0.0      1.3680       5.4720  0.0000  SNPS_CLOCK_GATE_HIGH_dsram_mydesign_0_mydesign_1923
top0/IF_stage/icache/clk_gate_memory_reg_223__0
                                       6.8400      0.0      1.3680       5.4720  0.0000  SNPS_CLOCK_GATE_HIGH_dsram_mydesign_0_mydesign_1922
top0/IF_stage/icache/clk_gate_memory_reg_223__1
                                       6.8400      0.0      1.3680       5.4720  0.0000  SNPS_CLOCK_GATE_HIGH_dsram_mydesign_0_mydesign_1921
top0/IF_stage/icache/clk_gate_memory_reg_223__2
                                       6.8400      0.0      1.3680       5.4720  0.0000  SNPS_CLOCK_GATE_HIGH_dsram_mydesign_0_mydesign_1920
top0/IF_stage/icache/clk_gate_memory_reg_224_
                                       6.8400      0.0      1.3680       5.4720  0.0000  SNPS_CLOCK_GATE_HIGH_dsram_mydesign_0_mydesign_1927
top0/IF_stage/icache/clk_gate_memory_reg_224__0
                                       6.8400      0.0      1.3680       5.4720  0.0000  SNPS_CLOCK_GATE_HIGH_dsram_mydesign_0_mydesign_1926
top0/IF_stage/icache/clk_gate_memory_reg_224__1
                                       6.8400      0.0      1.3680       5.4720  0.0000  SNPS_CLOCK_GATE_HIGH_dsram_mydesign_0_mydesign_1925
top0/IF_stage/icache/clk_gate_memory_reg_224__2
                                       6.8400      0.0      1.3680       5.4720  0.0000  SNPS_CLOCK_GATE_HIGH_dsram_mydesign_0_mydesign_1924
top0/IF_stage/icache/clk_gate_memory_reg_225_
                                       6.8400      0.0      1.3680       5.4720  0.0000  SNPS_CLOCK_GATE_HIGH_dsram_mydesign_0_mydesign_1931
top0/IF_stage/icache/clk_gate_memory_reg_225__0
                                       6.8400      0.0      1.3680       5.4720  0.0000  SNPS_CLOCK_GATE_HIGH_dsram_mydesign_0_mydesign_1930
top0/IF_stage/icache/clk_gate_memory_reg_225__1
                                       6.8400      0.0      1.3680       5.4720  0.0000  SNPS_CLOCK_GATE_HIGH_dsram_mydesign_0_mydesign_1929
top0/IF_stage/icache/clk_gate_memory_reg_225__2
                                       6.8400      0.0      1.3680       5.4720  0.0000  SNPS_CLOCK_GATE_HIGH_dsram_mydesign_0_mydesign_1928
top0/IF_stage/icache/clk_gate_memory_reg_226_
                                       6.8400      0.0      1.3680       5.4720  0.0000  SNPS_CLOCK_GATE_HIGH_dsram_mydesign_0_mydesign_1935
top0/IF_stage/icache/clk_gate_memory_reg_226__0
                                       6.8400      0.0      1.3680       5.4720  0.0000  SNPS_CLOCK_GATE_HIGH_dsram_mydesign_0_mydesign_1934
top0/IF_stage/icache/clk_gate_memory_reg_226__1
                                       6.8400      0.0      1.3680       5.4720  0.0000  SNPS_CLOCK_GATE_HIGH_dsram_mydesign_0_mydesign_1933
top0/IF_stage/icache/clk_gate_memory_reg_226__2
                                       6.8400      0.0      1.3680       5.4720  0.0000  SNPS_CLOCK_GATE_HIGH_dsram_mydesign_0_mydesign_1932
top0/IF_stage/icache/clk_gate_memory_reg_227_
                                       6.8400      0.0      1.3680       5.4720  0.0000  SNPS_CLOCK_GATE_HIGH_dsram_mydesign_0_mydesign_1939
top0/IF_stage/icache/clk_gate_memory_reg_227__0
                                       6.8400      0.0      1.3680       5.4720  0.0000  SNPS_CLOCK_GATE_HIGH_dsram_mydesign_0_mydesign_1938
top0/IF_stage/icache/clk_gate_memory_reg_227__1
                                       6.8400      0.0      1.3680       5.4720  0.0000  SNPS_CLOCK_GATE_HIGH_dsram_mydesign_0_mydesign_1937
top0/IF_stage/icache/clk_gate_memory_reg_227__2
                                       6.8400      0.0      1.3680       5.4720  0.0000  SNPS_CLOCK_GATE_HIGH_dsram_mydesign_0_mydesign_1936
top0/IF_stage/icache/clk_gate_memory_reg_228_
                                       6.8400      0.0      1.3680       5.4720  0.0000  SNPS_CLOCK_GATE_HIGH_dsram_mydesign_0_mydesign_1943
top0/IF_stage/icache/clk_gate_memory_reg_228__0
                                       6.8400      0.0      1.3680       5.4720  0.0000  SNPS_CLOCK_GATE_HIGH_dsram_mydesign_0_mydesign_1942
top0/IF_stage/icache/clk_gate_memory_reg_228__1
                                       6.8400      0.0      1.3680       5.4720  0.0000  SNPS_CLOCK_GATE_HIGH_dsram_mydesign_0_mydesign_1941
top0/IF_stage/icache/clk_gate_memory_reg_228__2
                                       6.8400      0.0      1.3680       5.4720  0.0000  SNPS_CLOCK_GATE_HIGH_dsram_mydesign_0_mydesign_1940
top0/IF_stage/icache/clk_gate_memory_reg_229_
                                       6.8400      0.0      1.3680       5.4720  0.0000  SNPS_CLOCK_GATE_HIGH_dsram_mydesign_0_mydesign_1947
top0/IF_stage/icache/clk_gate_memory_reg_229__0
                                       6.8400      0.0      1.3680       5.4720  0.0000  SNPS_CLOCK_GATE_HIGH_dsram_mydesign_0_mydesign_1946
top0/IF_stage/icache/clk_gate_memory_reg_229__1
                                       6.8400      0.0      1.3680       5.4720  0.0000  SNPS_CLOCK_GATE_HIGH_dsram_mydesign_0_mydesign_1945
top0/IF_stage/icache/clk_gate_memory_reg_229__2
                                       6.8400      0.0      1.3680       5.4720  0.0000  SNPS_CLOCK_GATE_HIGH_dsram_mydesign_0_mydesign_1944
top0/IF_stage/icache/clk_gate_memory_reg_22_
                                       6.8400      0.0      1.3680       5.4720  0.0000  SNPS_CLOCK_GATE_HIGH_dsram_mydesign_0_mydesign_1119
top0/IF_stage/icache/clk_gate_memory_reg_22__0
                                       6.8400      0.0      1.3680       5.4720  0.0000  SNPS_CLOCK_GATE_HIGH_dsram_mydesign_0_mydesign_1118
top0/IF_stage/icache/clk_gate_memory_reg_22__1
                                       6.8400      0.0      1.3680       5.4720  0.0000  SNPS_CLOCK_GATE_HIGH_dsram_mydesign_0_mydesign_1117
top0/IF_stage/icache/clk_gate_memory_reg_22__2
                                       6.8400      0.0      1.3680       5.4720  0.0000  SNPS_CLOCK_GATE_HIGH_dsram_mydesign_0_mydesign_1116
top0/IF_stage/icache/clk_gate_memory_reg_230_
                                       6.8400      0.0      1.3680       5.4720  0.0000  SNPS_CLOCK_GATE_HIGH_dsram_mydesign_0_mydesign_1951
top0/IF_stage/icache/clk_gate_memory_reg_230__0
                                       6.8400      0.0      1.3680       5.4720  0.0000  SNPS_CLOCK_GATE_HIGH_dsram_mydesign_0_mydesign_1950
top0/IF_stage/icache/clk_gate_memory_reg_230__1
                                       6.8400      0.0      1.3680       5.4720  0.0000  SNPS_CLOCK_GATE_HIGH_dsram_mydesign_0_mydesign_1949
top0/IF_stage/icache/clk_gate_memory_reg_230__2
                                       6.8400      0.0      1.3680       5.4720  0.0000  SNPS_CLOCK_GATE_HIGH_dsram_mydesign_0_mydesign_1948
top0/IF_stage/icache/clk_gate_memory_reg_231_
                                       6.8400      0.0      1.3680       5.4720  0.0000  SNPS_CLOCK_GATE_HIGH_dsram_mydesign_0_mydesign_1955
top0/IF_stage/icache/clk_gate_memory_reg_231__0
                                       6.8400      0.0      1.3680       5.4720  0.0000  SNPS_CLOCK_GATE_HIGH_dsram_mydesign_0_mydesign_1954
top0/IF_stage/icache/clk_gate_memory_reg_231__1
                                       6.8400      0.0      1.3680       5.4720  0.0000  SNPS_CLOCK_GATE_HIGH_dsram_mydesign_0_mydesign_1953
top0/IF_stage/icache/clk_gate_memory_reg_231__2
                                       6.8400      0.0      1.3680       5.4720  0.0000  SNPS_CLOCK_GATE_HIGH_dsram_mydesign_0_mydesign_1952
top0/IF_stage/icache/clk_gate_memory_reg_232_
                                       6.8400      0.0      1.3680       5.4720  0.0000  SNPS_CLOCK_GATE_HIGH_dsram_mydesign_0_mydesign_1959
top0/IF_stage/icache/clk_gate_memory_reg_232__0
                                       6.8400      0.0      1.3680       5.4720  0.0000  SNPS_CLOCK_GATE_HIGH_dsram_mydesign_0_mydesign_1958
top0/IF_stage/icache/clk_gate_memory_reg_232__1
                                       6.8400      0.0      1.3680       5.4720  0.0000  SNPS_CLOCK_GATE_HIGH_dsram_mydesign_0_mydesign_1957
top0/IF_stage/icache/clk_gate_memory_reg_232__2
                                       6.8400      0.0      1.3680       5.4720  0.0000  SNPS_CLOCK_GATE_HIGH_dsram_mydesign_0_mydesign_1956
top0/IF_stage/icache/clk_gate_memory_reg_233_
                                       6.8400      0.0      1.3680       5.4720  0.0000  SNPS_CLOCK_GATE_HIGH_dsram_mydesign_0_mydesign_1963
top0/IF_stage/icache/clk_gate_memory_reg_233__0
                                       6.8400      0.0      1.3680       5.4720  0.0000  SNPS_CLOCK_GATE_HIGH_dsram_mydesign_0_mydesign_1962
top0/IF_stage/icache/clk_gate_memory_reg_233__1
                                       6.8400      0.0      1.3680       5.4720  0.0000  SNPS_CLOCK_GATE_HIGH_dsram_mydesign_0_mydesign_1961
top0/IF_stage/icache/clk_gate_memory_reg_233__2
                                       6.8400      0.0      1.3680       5.4720  0.0000  SNPS_CLOCK_GATE_HIGH_dsram_mydesign_0_mydesign_1960
top0/IF_stage/icache/clk_gate_memory_reg_234_
                                       6.8400      0.0      1.3680       5.4720  0.0000  SNPS_CLOCK_GATE_HIGH_dsram_mydesign_0_mydesign_1967
top0/IF_stage/icache/clk_gate_memory_reg_234__0
                                       6.8400      0.0      1.3680       5.4720  0.0000  SNPS_CLOCK_GATE_HIGH_dsram_mydesign_0_mydesign_1966
top0/IF_stage/icache/clk_gate_memory_reg_234__1
                                       6.8400      0.0      1.3680       5.4720  0.0000  SNPS_CLOCK_GATE_HIGH_dsram_mydesign_0_mydesign_1965
top0/IF_stage/icache/clk_gate_memory_reg_234__2
                                       6.8400      0.0      1.3680       5.4720  0.0000  SNPS_CLOCK_GATE_HIGH_dsram_mydesign_0_mydesign_1964
top0/IF_stage/icache/clk_gate_memory_reg_235_
                                       6.8400      0.0      1.3680       5.4720  0.0000  SNPS_CLOCK_GATE_HIGH_dsram_mydesign_0_mydesign_1971
top0/IF_stage/icache/clk_gate_memory_reg_235__0
                                       6.8400      0.0      1.3680       5.4720  0.0000  SNPS_CLOCK_GATE_HIGH_dsram_mydesign_0_mydesign_1970
top0/IF_stage/icache/clk_gate_memory_reg_235__1
                                       6.8400      0.0      1.3680       5.4720  0.0000  SNPS_CLOCK_GATE_HIGH_dsram_mydesign_0_mydesign_1969
top0/IF_stage/icache/clk_gate_memory_reg_235__2
                                       6.8400      0.0      1.3680       5.4720  0.0000  SNPS_CLOCK_GATE_HIGH_dsram_mydesign_0_mydesign_1968
top0/IF_stage/icache/clk_gate_memory_reg_236_
                                       6.8400      0.0      1.3680       5.4720  0.0000  SNPS_CLOCK_GATE_HIGH_dsram_mydesign_0_mydesign_1975
top0/IF_stage/icache/clk_gate_memory_reg_236__0
                                       6.8400      0.0      1.3680       5.4720  0.0000  SNPS_CLOCK_GATE_HIGH_dsram_mydesign_0_mydesign_1974
top0/IF_stage/icache/clk_gate_memory_reg_236__1
                                       6.8400      0.0      1.3680       5.4720  0.0000  SNPS_CLOCK_GATE_HIGH_dsram_mydesign_0_mydesign_1973
top0/IF_stage/icache/clk_gate_memory_reg_236__2
                                       6.8400      0.0      1.3680       5.4720  0.0000  SNPS_CLOCK_GATE_HIGH_dsram_mydesign_0_mydesign_1972
top0/IF_stage/icache/clk_gate_memory_reg_237_
                                       6.8400      0.0      1.3680       5.4720  0.0000  SNPS_CLOCK_GATE_HIGH_dsram_mydesign_0_mydesign_1979
top0/IF_stage/icache/clk_gate_memory_reg_237__0
                                       6.8400      0.0      1.3680       5.4720  0.0000  SNPS_CLOCK_GATE_HIGH_dsram_mydesign_0_mydesign_1978
top0/IF_stage/icache/clk_gate_memory_reg_237__1
                                       6.8400      0.0      1.3680       5.4720  0.0000  SNPS_CLOCK_GATE_HIGH_dsram_mydesign_0_mydesign_1977
top0/IF_stage/icache/clk_gate_memory_reg_237__2
                                       6.8400      0.0      1.3680       5.4720  0.0000  SNPS_CLOCK_GATE_HIGH_dsram_mydesign_0_mydesign_1976
top0/IF_stage/icache/clk_gate_memory_reg_238_
                                       6.8400      0.0      1.3680       5.4720  0.0000  SNPS_CLOCK_GATE_HIGH_dsram_mydesign_0_mydesign_1983
top0/IF_stage/icache/clk_gate_memory_reg_238__0
                                       6.8400      0.0      1.3680       5.4720  0.0000  SNPS_CLOCK_GATE_HIGH_dsram_mydesign_0_mydesign_1982
top0/IF_stage/icache/clk_gate_memory_reg_238__1
                                       6.8400      0.0      1.3680       5.4720  0.0000  SNPS_CLOCK_GATE_HIGH_dsram_mydesign_0_mydesign_1981
top0/IF_stage/icache/clk_gate_memory_reg_238__2
                                       6.8400      0.0      1.3680       5.4720  0.0000  SNPS_CLOCK_GATE_HIGH_dsram_mydesign_0_mydesign_1980
top0/IF_stage/icache/clk_gate_memory_reg_239_
                                       6.8400      0.0      1.3680       5.4720  0.0000  SNPS_CLOCK_GATE_HIGH_dsram_mydesign_0_mydesign_1987
top0/IF_stage/icache/clk_gate_memory_reg_239__0
                                       6.8400      0.0      1.3680       5.4720  0.0000  SNPS_CLOCK_GATE_HIGH_dsram_mydesign_0_mydesign_1986
top0/IF_stage/icache/clk_gate_memory_reg_239__1
                                       6.8400      0.0      1.3680       5.4720  0.0000  SNPS_CLOCK_GATE_HIGH_dsram_mydesign_0_mydesign_1985
top0/IF_stage/icache/clk_gate_memory_reg_239__2
                                       6.8400      0.0      1.3680       5.4720  0.0000  SNPS_CLOCK_GATE_HIGH_dsram_mydesign_0_mydesign_1984
top0/IF_stage/icache/clk_gate_memory_reg_23_
                                       6.8400      0.0      1.3680       5.4720  0.0000  SNPS_CLOCK_GATE_HIGH_dsram_mydesign_0_mydesign_1123
top0/IF_stage/icache/clk_gate_memory_reg_23__0
                                       6.8400      0.0      1.3680       5.4720  0.0000  SNPS_CLOCK_GATE_HIGH_dsram_mydesign_0_mydesign_1122
top0/IF_stage/icache/clk_gate_memory_reg_23__1
                                       6.8400      0.0      1.3680       5.4720  0.0000  SNPS_CLOCK_GATE_HIGH_dsram_mydesign_0_mydesign_1121
top0/IF_stage/icache/clk_gate_memory_reg_23__2
                                       6.8400      0.0      1.3680       5.4720  0.0000  SNPS_CLOCK_GATE_HIGH_dsram_mydesign_0_mydesign_1120
top0/IF_stage/icache/clk_gate_memory_reg_240_
                                       6.8400      0.0      1.3680       5.4720  0.0000  SNPS_CLOCK_GATE_HIGH_dsram_mydesign_0_mydesign_1991
top0/IF_stage/icache/clk_gate_memory_reg_240__0
                                       6.8400      0.0      1.3680       5.4720  0.0000  SNPS_CLOCK_GATE_HIGH_dsram_mydesign_0_mydesign_1990
top0/IF_stage/icache/clk_gate_memory_reg_240__1
                                       6.8400      0.0      1.3680       5.4720  0.0000  SNPS_CLOCK_GATE_HIGH_dsram_mydesign_0_mydesign_1989
top0/IF_stage/icache/clk_gate_memory_reg_240__2
                                       6.8400      0.0      1.3680       5.4720  0.0000  SNPS_CLOCK_GATE_HIGH_dsram_mydesign_0_mydesign_1988
top0/IF_stage/icache/clk_gate_memory_reg_241_
                                       6.8400      0.0      1.3680       5.4720  0.0000  SNPS_CLOCK_GATE_HIGH_dsram_mydesign_0_mydesign_1995
top0/IF_stage/icache/clk_gate_memory_reg_241__0
                                       6.8400      0.0      1.3680       5.4720  0.0000  SNPS_CLOCK_GATE_HIGH_dsram_mydesign_0_mydesign_1994
top0/IF_stage/icache/clk_gate_memory_reg_241__1
                                       6.8400      0.0      1.3680       5.4720  0.0000  SNPS_CLOCK_GATE_HIGH_dsram_mydesign_0_mydesign_1993
top0/IF_stage/icache/clk_gate_memory_reg_241__2
                                       6.8400      0.0      1.3680       5.4720  0.0000  SNPS_CLOCK_GATE_HIGH_dsram_mydesign_0_mydesign_1992
top0/IF_stage/icache/clk_gate_memory_reg_242_
                                       6.8400      0.0      1.3680       5.4720  0.0000  SNPS_CLOCK_GATE_HIGH_dsram_mydesign_0_mydesign_1999
top0/IF_stage/icache/clk_gate_memory_reg_242__0
                                       6.8400      0.0      1.3680       5.4720  0.0000  SNPS_CLOCK_GATE_HIGH_dsram_mydesign_0_mydesign_1998
top0/IF_stage/icache/clk_gate_memory_reg_242__1
                                       6.8400      0.0      1.3680       5.4720  0.0000  SNPS_CLOCK_GATE_HIGH_dsram_mydesign_0_mydesign_1997
top0/IF_stage/icache/clk_gate_memory_reg_242__2
                                       6.8400      0.0      1.3680       5.4720  0.0000  SNPS_CLOCK_GATE_HIGH_dsram_mydesign_0_mydesign_1996
top0/IF_stage/icache/clk_gate_memory_reg_243_
                                       6.8400      0.0      1.3680       5.4720  0.0000  SNPS_CLOCK_GATE_HIGH_dsram_mydesign_0_mydesign_2003
top0/IF_stage/icache/clk_gate_memory_reg_243__0
                                       6.8400      0.0      1.3680       5.4720  0.0000  SNPS_CLOCK_GATE_HIGH_dsram_mydesign_0_mydesign_2002
top0/IF_stage/icache/clk_gate_memory_reg_243__1
                                       6.8400      0.0      1.3680       5.4720  0.0000  SNPS_CLOCK_GATE_HIGH_dsram_mydesign_0_mydesign_2001
top0/IF_stage/icache/clk_gate_memory_reg_243__2
                                       6.8400      0.0      1.3680       5.4720  0.0000  SNPS_CLOCK_GATE_HIGH_dsram_mydesign_0_mydesign_2000
top0/IF_stage/icache/clk_gate_memory_reg_244_
                                       6.8400      0.0      1.3680       5.4720  0.0000  SNPS_CLOCK_GATE_HIGH_dsram_mydesign_0_mydesign_2007
top0/IF_stage/icache/clk_gate_memory_reg_244__0
                                       6.8400      0.0      1.3680       5.4720  0.0000  SNPS_CLOCK_GATE_HIGH_dsram_mydesign_0_mydesign_2006
top0/IF_stage/icache/clk_gate_memory_reg_244__1
                                       6.8400      0.0      1.3680       5.4720  0.0000  SNPS_CLOCK_GATE_HIGH_dsram_mydesign_0_mydesign_2005
top0/IF_stage/icache/clk_gate_memory_reg_244__2
                                       6.8400      0.0      1.3680       5.4720  0.0000  SNPS_CLOCK_GATE_HIGH_dsram_mydesign_0_mydesign_2004
top0/IF_stage/icache/clk_gate_memory_reg_245_
                                       6.8400      0.0      1.3680       5.4720  0.0000  SNPS_CLOCK_GATE_HIGH_dsram_mydesign_0_mydesign_2011
top0/IF_stage/icache/clk_gate_memory_reg_245__0
                                       6.8400      0.0      1.3680       5.4720  0.0000  SNPS_CLOCK_GATE_HIGH_dsram_mydesign_0_mydesign_2010
top0/IF_stage/icache/clk_gate_memory_reg_245__1
                                       6.8400      0.0      1.3680       5.4720  0.0000  SNPS_CLOCK_GATE_HIGH_dsram_mydesign_0_mydesign_2009
top0/IF_stage/icache/clk_gate_memory_reg_245__2
                                       6.8400      0.0      1.3680       5.4720  0.0000  SNPS_CLOCK_GATE_HIGH_dsram_mydesign_0_mydesign_2008
top0/IF_stage/icache/clk_gate_memory_reg_246_
                                       6.8400      0.0      1.3680       5.4720  0.0000  SNPS_CLOCK_GATE_HIGH_dsram_mydesign_0_mydesign_2015
top0/IF_stage/icache/clk_gate_memory_reg_246__0
                                       6.8400      0.0      1.3680       5.4720  0.0000  SNPS_CLOCK_GATE_HIGH_dsram_mydesign_0_mydesign_2014
top0/IF_stage/icache/clk_gate_memory_reg_246__1
                                       6.8400      0.0      1.3680       5.4720  0.0000  SNPS_CLOCK_GATE_HIGH_dsram_mydesign_0_mydesign_2013
top0/IF_stage/icache/clk_gate_memory_reg_246__2
                                       6.8400      0.0      1.3680       5.4720  0.0000  SNPS_CLOCK_GATE_HIGH_dsram_mydesign_0_mydesign_2012
top0/IF_stage/icache/clk_gate_memory_reg_247_
                                       6.8400      0.0      1.3680       5.4720  0.0000  SNPS_CLOCK_GATE_HIGH_dsram_mydesign_0_mydesign_2019
top0/IF_stage/icache/clk_gate_memory_reg_247__0
                                       6.8400      0.0      1.3680       5.4720  0.0000  SNPS_CLOCK_GATE_HIGH_dsram_mydesign_0_mydesign_2018
top0/IF_stage/icache/clk_gate_memory_reg_247__1
                                       6.8400      0.0      1.3680       5.4720  0.0000  SNPS_CLOCK_GATE_HIGH_dsram_mydesign_0_mydesign_2017
top0/IF_stage/icache/clk_gate_memory_reg_247__2
                                       6.8400      0.0      1.3680       5.4720  0.0000  SNPS_CLOCK_GATE_HIGH_dsram_mydesign_0_mydesign_2016
top0/IF_stage/icache/clk_gate_memory_reg_248_
                                       6.8400      0.0      1.3680       5.4720  0.0000  SNPS_CLOCK_GATE_HIGH_dsram_mydesign_0_mydesign_2023
top0/IF_stage/icache/clk_gate_memory_reg_248__0
                                       6.8400      0.0      1.3680       5.4720  0.0000  SNPS_CLOCK_GATE_HIGH_dsram_mydesign_0_mydesign_2022
top0/IF_stage/icache/clk_gate_memory_reg_248__1
                                       6.8400      0.0      1.3680       5.4720  0.0000  SNPS_CLOCK_GATE_HIGH_dsram_mydesign_0_mydesign_2021
top0/IF_stage/icache/clk_gate_memory_reg_248__2
                                       6.8400      0.0      1.3680       5.4720  0.0000  SNPS_CLOCK_GATE_HIGH_dsram_mydesign_0_mydesign_2020
top0/IF_stage/icache/clk_gate_memory_reg_249_
                                       6.8400      0.0      1.3680       5.4720  0.0000  SNPS_CLOCK_GATE_HIGH_dsram_mydesign_0_mydesign_2027
top0/IF_stage/icache/clk_gate_memory_reg_249__0
                                       6.8400      0.0      1.3680       5.4720  0.0000  SNPS_CLOCK_GATE_HIGH_dsram_mydesign_0_mydesign_2026
top0/IF_stage/icache/clk_gate_memory_reg_249__1
                                       6.8400      0.0      1.3680       5.4720  0.0000  SNPS_CLOCK_GATE_HIGH_dsram_mydesign_0_mydesign_2025
top0/IF_stage/icache/clk_gate_memory_reg_249__2
                                       6.8400      0.0      1.3680       5.4720  0.0000  SNPS_CLOCK_GATE_HIGH_dsram_mydesign_0_mydesign_2024
top0/IF_stage/icache/clk_gate_memory_reg_24_
                                       6.8400      0.0      1.3680       5.4720  0.0000  SNPS_CLOCK_GATE_HIGH_dsram_mydesign_0_mydesign_1127
top0/IF_stage/icache/clk_gate_memory_reg_24__0
                                       6.8400      0.0      1.3680       5.4720  0.0000  SNPS_CLOCK_GATE_HIGH_dsram_mydesign_0_mydesign_1126
top0/IF_stage/icache/clk_gate_memory_reg_24__1
                                       6.8400      0.0      1.3680       5.4720  0.0000  SNPS_CLOCK_GATE_HIGH_dsram_mydesign_0_mydesign_1125
top0/IF_stage/icache/clk_gate_memory_reg_24__2
                                       6.8400      0.0      1.3680       5.4720  0.0000  SNPS_CLOCK_GATE_HIGH_dsram_mydesign_0_mydesign_1124
top0/IF_stage/icache/clk_gate_memory_reg_250_
                                       6.8400      0.0      1.3680       5.4720  0.0000  SNPS_CLOCK_GATE_HIGH_dsram_mydesign_0_mydesign_2031
top0/IF_stage/icache/clk_gate_memory_reg_250__0
                                       6.8400      0.0      1.3680       5.4720  0.0000  SNPS_CLOCK_GATE_HIGH_dsram_mydesign_0_mydesign_2030
top0/IF_stage/icache/clk_gate_memory_reg_250__1
                                       6.8400      0.0      1.3680       5.4720  0.0000  SNPS_CLOCK_GATE_HIGH_dsram_mydesign_0_mydesign_2029
top0/IF_stage/icache/clk_gate_memory_reg_250__2
                                       6.8400      0.0      1.3680       5.4720  0.0000  SNPS_CLOCK_GATE_HIGH_dsram_mydesign_0_mydesign_2028
top0/IF_stage/icache/clk_gate_memory_reg_251_
                                       6.8400      0.0      1.3680       5.4720  0.0000  SNPS_CLOCK_GATE_HIGH_dsram_mydesign_0_mydesign_2035
top0/IF_stage/icache/clk_gate_memory_reg_251__0
                                       6.8400      0.0      1.3680       5.4720  0.0000  SNPS_CLOCK_GATE_HIGH_dsram_mydesign_0_mydesign_2034
top0/IF_stage/icache/clk_gate_memory_reg_251__1
                                       6.8400      0.0      1.3680       5.4720  0.0000  SNPS_CLOCK_GATE_HIGH_dsram_mydesign_0_mydesign_2033
top0/IF_stage/icache/clk_gate_memory_reg_251__2
                                       6.8400      0.0      1.3680       5.4720  0.0000  SNPS_CLOCK_GATE_HIGH_dsram_mydesign_0_mydesign_2032
top0/IF_stage/icache/clk_gate_memory_reg_252_
                                       6.8400      0.0      1.3680       5.4720  0.0000  SNPS_CLOCK_GATE_HIGH_dsram_mydesign_0_mydesign_2039
top0/IF_stage/icache/clk_gate_memory_reg_252__0
                                       6.8400      0.0      1.3680       5.4720  0.0000  SNPS_CLOCK_GATE_HIGH_dsram_mydesign_0_mydesign_2038
top0/IF_stage/icache/clk_gate_memory_reg_252__1
                                       6.8400      0.0      1.3680       5.4720  0.0000  SNPS_CLOCK_GATE_HIGH_dsram_mydesign_0_mydesign_2037
top0/IF_stage/icache/clk_gate_memory_reg_252__2
                                       6.8400      0.0      1.3680       5.4720  0.0000  SNPS_CLOCK_GATE_HIGH_dsram_mydesign_0_mydesign_2036
top0/IF_stage/icache/clk_gate_memory_reg_253_
                                       6.8400      0.0      1.3680       5.4720  0.0000  SNPS_CLOCK_GATE_HIGH_dsram_mydesign_0_mydesign_2043
top0/IF_stage/icache/clk_gate_memory_reg_253__0
                                       6.8400      0.0      1.3680       5.4720  0.0000  SNPS_CLOCK_GATE_HIGH_dsram_mydesign_0_mydesign_2042
top0/IF_stage/icache/clk_gate_memory_reg_253__1
                                       6.8400      0.0      1.3680       5.4720  0.0000  SNPS_CLOCK_GATE_HIGH_dsram_mydesign_0_mydesign_2041
top0/IF_stage/icache/clk_gate_memory_reg_253__2
                                       6.8400      0.0      1.3680       5.4720  0.0000  SNPS_CLOCK_GATE_HIGH_dsram_mydesign_0_mydesign_2040
top0/IF_stage/icache/clk_gate_memory_reg_254_
                                       6.8400      0.0      1.3680       5.4720  0.0000  SNPS_CLOCK_GATE_HIGH_dsram_mydesign_0_mydesign_2047
top0/IF_stage/icache/clk_gate_memory_reg_254__0
                                       6.8400      0.0      1.3680       5.4720  0.0000  SNPS_CLOCK_GATE_HIGH_dsram_mydesign_0_mydesign_2046
top0/IF_stage/icache/clk_gate_memory_reg_254__1
                                       6.8400      0.0      1.3680       5.4720  0.0000  SNPS_CLOCK_GATE_HIGH_dsram_mydesign_0_mydesign_2045
top0/IF_stage/icache/clk_gate_memory_reg_254__2
                                       6.8400      0.0      1.3680       5.4720  0.0000  SNPS_CLOCK_GATE_HIGH_dsram_mydesign_0_mydesign_2044
top0/IF_stage/icache/clk_gate_memory_reg_255_
                                       6.8400      0.0      1.3680       5.4720  0.0000  SNPS_CLOCK_GATE_HIGH_dsram_mydesign_0_mydesign_2051
top0/IF_stage/icache/clk_gate_memory_reg_255__0
                                       6.8400      0.0      1.3680       5.4720  0.0000  SNPS_CLOCK_GATE_HIGH_dsram_mydesign_0_mydesign_2050
top0/IF_stage/icache/clk_gate_memory_reg_255__1
                                       6.8400      0.0      1.3680       5.4720  0.0000  SNPS_CLOCK_GATE_HIGH_dsram_mydesign_0_mydesign_2049
top0/IF_stage/icache/clk_gate_memory_reg_255__2
                                       6.8400      0.0      1.3680       5.4720  0.0000  SNPS_CLOCK_GATE_HIGH_dsram_mydesign_0_mydesign_2048
top0/IF_stage/icache/clk_gate_memory_reg_25_
                                       6.8400      0.0      1.3680       5.4720  0.0000  SNPS_CLOCK_GATE_HIGH_dsram_mydesign_0_mydesign_1131
top0/IF_stage/icache/clk_gate_memory_reg_25__0
                                       6.8400      0.0      1.3680       5.4720  0.0000  SNPS_CLOCK_GATE_HIGH_dsram_mydesign_0_mydesign_1130
top0/IF_stage/icache/clk_gate_memory_reg_25__1
                                       6.8400      0.0      1.3680       5.4720  0.0000  SNPS_CLOCK_GATE_HIGH_dsram_mydesign_0_mydesign_1129
top0/IF_stage/icache/clk_gate_memory_reg_25__2
                                       6.8400      0.0      1.3680       5.4720  0.0000  SNPS_CLOCK_GATE_HIGH_dsram_mydesign_0_mydesign_1128
top0/IF_stage/icache/clk_gate_memory_reg_26_
                                       6.8400      0.0      1.3680       5.4720  0.0000  SNPS_CLOCK_GATE_HIGH_dsram_mydesign_0_mydesign_1135
top0/IF_stage/icache/clk_gate_memory_reg_26__0
                                       6.8400      0.0      1.3680       5.4720  0.0000  SNPS_CLOCK_GATE_HIGH_dsram_mydesign_0_mydesign_1134
top0/IF_stage/icache/clk_gate_memory_reg_26__1
                                       6.8400      0.0      1.3680       5.4720  0.0000  SNPS_CLOCK_GATE_HIGH_dsram_mydesign_0_mydesign_1133
top0/IF_stage/icache/clk_gate_memory_reg_26__2
                                       6.8400      0.0      1.3680       5.4720  0.0000  SNPS_CLOCK_GATE_HIGH_dsram_mydesign_0_mydesign_1132
top0/IF_stage/icache/clk_gate_memory_reg_27_
                                       6.8400      0.0      1.3680       5.4720  0.0000  SNPS_CLOCK_GATE_HIGH_dsram_mydesign_0_mydesign_1139
top0/IF_stage/icache/clk_gate_memory_reg_27__0
                                       6.8400      0.0      1.3680       5.4720  0.0000  SNPS_CLOCK_GATE_HIGH_dsram_mydesign_0_mydesign_1138
top0/IF_stage/icache/clk_gate_memory_reg_27__1
                                       6.8400      0.0      1.3680       5.4720  0.0000  SNPS_CLOCK_GATE_HIGH_dsram_mydesign_0_mydesign_1137
top0/IF_stage/icache/clk_gate_memory_reg_27__2
                                       6.8400      0.0      1.3680       5.4720  0.0000  SNPS_CLOCK_GATE_HIGH_dsram_mydesign_0_mydesign_1136
top0/IF_stage/icache/clk_gate_memory_reg_28_
                                       6.8400      0.0      1.3680       5.4720  0.0000  SNPS_CLOCK_GATE_HIGH_dsram_mydesign_0_mydesign_1143
top0/IF_stage/icache/clk_gate_memory_reg_28__0
                                       6.8400      0.0      1.3680       5.4720  0.0000  SNPS_CLOCK_GATE_HIGH_dsram_mydesign_0_mydesign_1142
top0/IF_stage/icache/clk_gate_memory_reg_28__1
                                       6.8400      0.0      1.3680       5.4720  0.0000  SNPS_CLOCK_GATE_HIGH_dsram_mydesign_0_mydesign_1141
top0/IF_stage/icache/clk_gate_memory_reg_28__2
                                       6.8400      0.0      1.3680       5.4720  0.0000  SNPS_CLOCK_GATE_HIGH_dsram_mydesign_0_mydesign_1140
top0/IF_stage/icache/clk_gate_memory_reg_29_
                                       6.8400      0.0      1.3680       5.4720  0.0000  SNPS_CLOCK_GATE_HIGH_dsram_mydesign_0_mydesign_1147
top0/IF_stage/icache/clk_gate_memory_reg_29__0
                                       6.8400      0.0      1.3680       5.4720  0.0000  SNPS_CLOCK_GATE_HIGH_dsram_mydesign_0_mydesign_1146
top0/IF_stage/icache/clk_gate_memory_reg_29__1
                                       6.8400      0.0      1.3680       5.4720  0.0000  SNPS_CLOCK_GATE_HIGH_dsram_mydesign_0_mydesign_1145
top0/IF_stage/icache/clk_gate_memory_reg_29__2
                                       6.8400      0.0      1.3680       5.4720  0.0000  SNPS_CLOCK_GATE_HIGH_dsram_mydesign_0_mydesign_1144
top0/IF_stage/icache/clk_gate_memory_reg_2_
                                       6.8400      0.0      1.3680       5.4720  0.0000  SNPS_CLOCK_GATE_HIGH_dsram_mydesign_0_mydesign_1039
top0/IF_stage/icache/clk_gate_memory_reg_2__0
                                       6.8400      0.0      1.3680       5.4720  0.0000  SNPS_CLOCK_GATE_HIGH_dsram_mydesign_0_mydesign_1038
top0/IF_stage/icache/clk_gate_memory_reg_2__1
                                       6.8400      0.0      1.3680       5.4720  0.0000  SNPS_CLOCK_GATE_HIGH_dsram_mydesign_0_mydesign_1037
top0/IF_stage/icache/clk_gate_memory_reg_2__2
                                       6.8400      0.0      1.3680       5.4720  0.0000  SNPS_CLOCK_GATE_HIGH_dsram_mydesign_0_mydesign_1036
top0/IF_stage/icache/clk_gate_memory_reg_30_
                                       6.8400      0.0      1.3680       5.4720  0.0000  SNPS_CLOCK_GATE_HIGH_dsram_mydesign_0_mydesign_1151
top0/IF_stage/icache/clk_gate_memory_reg_30__0
                                       6.8400      0.0      1.3680       5.4720  0.0000  SNPS_CLOCK_GATE_HIGH_dsram_mydesign_0_mydesign_1150
top0/IF_stage/icache/clk_gate_memory_reg_30__1
                                       6.8400      0.0      1.3680       5.4720  0.0000  SNPS_CLOCK_GATE_HIGH_dsram_mydesign_0_mydesign_1149
top0/IF_stage/icache/clk_gate_memory_reg_30__2
                                       6.8400      0.0      1.3680       5.4720  0.0000  SNPS_CLOCK_GATE_HIGH_dsram_mydesign_0_mydesign_1148
top0/IF_stage/icache/clk_gate_memory_reg_31_
                                       6.8400      0.0      1.3680       5.4720  0.0000  SNPS_CLOCK_GATE_HIGH_dsram_mydesign_0_mydesign_1155
top0/IF_stage/icache/clk_gate_memory_reg_31__0
                                       6.8400      0.0      1.3680       5.4720  0.0000  SNPS_CLOCK_GATE_HIGH_dsram_mydesign_0_mydesign_1154
top0/IF_stage/icache/clk_gate_memory_reg_31__1
                                       6.8400      0.0      1.3680       5.4720  0.0000  SNPS_CLOCK_GATE_HIGH_dsram_mydesign_0_mydesign_1153
top0/IF_stage/icache/clk_gate_memory_reg_31__2
                                       6.8400      0.0      1.3680       5.4720  0.0000  SNPS_CLOCK_GATE_HIGH_dsram_mydesign_0_mydesign_1152
top0/IF_stage/icache/clk_gate_memory_reg_32_
                                       6.8400      0.0      1.3680       5.4720  0.0000  SNPS_CLOCK_GATE_HIGH_dsram_mydesign_0_mydesign_1159
top0/IF_stage/icache/clk_gate_memory_reg_32__0
                                       6.8400      0.0      1.3680       5.4720  0.0000  SNPS_CLOCK_GATE_HIGH_dsram_mydesign_0_mydesign_1158
top0/IF_stage/icache/clk_gate_memory_reg_32__1
                                       6.8400      0.0      1.3680       5.4720  0.0000  SNPS_CLOCK_GATE_HIGH_dsram_mydesign_0_mydesign_1157
top0/IF_stage/icache/clk_gate_memory_reg_32__2
                                       6.8400      0.0      1.3680       5.4720  0.0000  SNPS_CLOCK_GATE_HIGH_dsram_mydesign_0_mydesign_1156
top0/IF_stage/icache/clk_gate_memory_reg_33_
                                       6.8400      0.0      1.3680       5.4720  0.0000  SNPS_CLOCK_GATE_HIGH_dsram_mydesign_0_mydesign_1163
top0/IF_stage/icache/clk_gate_memory_reg_33__0
                                       6.8400      0.0      1.3680       5.4720  0.0000  SNPS_CLOCK_GATE_HIGH_dsram_mydesign_0_mydesign_1162
top0/IF_stage/icache/clk_gate_memory_reg_33__1
                                       6.8400      0.0      1.3680       5.4720  0.0000  SNPS_CLOCK_GATE_HIGH_dsram_mydesign_0_mydesign_1161
top0/IF_stage/icache/clk_gate_memory_reg_33__2
                                       6.8400      0.0      1.3680       5.4720  0.0000  SNPS_CLOCK_GATE_HIGH_dsram_mydesign_0_mydesign_1160
top0/IF_stage/icache/clk_gate_memory_reg_34_
                                       6.8400      0.0      1.3680       5.4720  0.0000  SNPS_CLOCK_GATE_HIGH_dsram_mydesign_0_mydesign_1167
top0/IF_stage/icache/clk_gate_memory_reg_34__0
                                       6.8400      0.0      1.3680       5.4720  0.0000  SNPS_CLOCK_GATE_HIGH_dsram_mydesign_0_mydesign_1166
top0/IF_stage/icache/clk_gate_memory_reg_34__1
                                       6.8400      0.0      1.3680       5.4720  0.0000  SNPS_CLOCK_GATE_HIGH_dsram_mydesign_0_mydesign_1165
top0/IF_stage/icache/clk_gate_memory_reg_34__2
                                       6.8400      0.0      1.3680       5.4720  0.0000  SNPS_CLOCK_GATE_HIGH_dsram_mydesign_0_mydesign_1164
top0/IF_stage/icache/clk_gate_memory_reg_35_
                                       6.8400      0.0      1.3680       5.4720  0.0000  SNPS_CLOCK_GATE_HIGH_dsram_mydesign_0_mydesign_1171
top0/IF_stage/icache/clk_gate_memory_reg_35__0
                                       6.8400      0.0      1.3680       5.4720  0.0000  SNPS_CLOCK_GATE_HIGH_dsram_mydesign_0_mydesign_1170
top0/IF_stage/icache/clk_gate_memory_reg_35__1
                                       6.8400      0.0      1.3680       5.4720  0.0000  SNPS_CLOCK_GATE_HIGH_dsram_mydesign_0_mydesign_1169
top0/IF_stage/icache/clk_gate_memory_reg_35__2
                                       6.8400      0.0      1.3680       5.4720  0.0000  SNPS_CLOCK_GATE_HIGH_dsram_mydesign_0_mydesign_1168
top0/IF_stage/icache/clk_gate_memory_reg_36_
                                       6.8400      0.0      1.3680       5.4720  0.0000  SNPS_CLOCK_GATE_HIGH_dsram_mydesign_0_mydesign_1175
top0/IF_stage/icache/clk_gate_memory_reg_36__0
                                       6.8400      0.0      1.3680       5.4720  0.0000  SNPS_CLOCK_GATE_HIGH_dsram_mydesign_0_mydesign_1174
top0/IF_stage/icache/clk_gate_memory_reg_36__1
                                       6.8400      0.0      1.3680       5.4720  0.0000  SNPS_CLOCK_GATE_HIGH_dsram_mydesign_0_mydesign_1173
top0/IF_stage/icache/clk_gate_memory_reg_36__2
                                       6.8400      0.0      1.3680       5.4720  0.0000  SNPS_CLOCK_GATE_HIGH_dsram_mydesign_0_mydesign_1172
top0/IF_stage/icache/clk_gate_memory_reg_37_
                                       6.8400      0.0      1.3680       5.4720  0.0000  SNPS_CLOCK_GATE_HIGH_dsram_mydesign_0_mydesign_1179
top0/IF_stage/icache/clk_gate_memory_reg_37__0
                                       6.8400      0.0      1.3680       5.4720  0.0000  SNPS_CLOCK_GATE_HIGH_dsram_mydesign_0_mydesign_1178
top0/IF_stage/icache/clk_gate_memory_reg_37__1
                                       6.8400      0.0      1.3680       5.4720  0.0000  SNPS_CLOCK_GATE_HIGH_dsram_mydesign_0_mydesign_1177
top0/IF_stage/icache/clk_gate_memory_reg_37__2
                                       6.8400      0.0      1.3680       5.4720  0.0000  SNPS_CLOCK_GATE_HIGH_dsram_mydesign_0_mydesign_1176
top0/IF_stage/icache/clk_gate_memory_reg_38_
                                       6.8400      0.0      1.3680       5.4720  0.0000  SNPS_CLOCK_GATE_HIGH_dsram_mydesign_0_mydesign_1183
top0/IF_stage/icache/clk_gate_memory_reg_38__0
                                       6.8400      0.0      1.3680       5.4720  0.0000  SNPS_CLOCK_GATE_HIGH_dsram_mydesign_0_mydesign_1182
top0/IF_stage/icache/clk_gate_memory_reg_38__1
                                       6.8400      0.0      1.3680       5.4720  0.0000  SNPS_CLOCK_GATE_HIGH_dsram_mydesign_0_mydesign_1181
top0/IF_stage/icache/clk_gate_memory_reg_38__2
                                       6.8400      0.0      1.3680       5.4720  0.0000  SNPS_CLOCK_GATE_HIGH_dsram_mydesign_0_mydesign_1180
top0/IF_stage/icache/clk_gate_memory_reg_39_
                                       6.8400      0.0      1.3680       5.4720  0.0000  SNPS_CLOCK_GATE_HIGH_dsram_mydesign_0_mydesign_1187
top0/IF_stage/icache/clk_gate_memory_reg_39__0
                                       6.8400      0.0      1.3680       5.4720  0.0000  SNPS_CLOCK_GATE_HIGH_dsram_mydesign_0_mydesign_1186
top0/IF_stage/icache/clk_gate_memory_reg_39__1
                                       6.8400      0.0      1.3680       5.4720  0.0000  SNPS_CLOCK_GATE_HIGH_dsram_mydesign_0_mydesign_1185
top0/IF_stage/icache/clk_gate_memory_reg_39__2
                                       6.8400      0.0      1.3680       5.4720  0.0000  SNPS_CLOCK_GATE_HIGH_dsram_mydesign_0_mydesign_1184
top0/IF_stage/icache/clk_gate_memory_reg_3_
                                       6.8400      0.0      1.3680       5.4720  0.0000  SNPS_CLOCK_GATE_HIGH_dsram_mydesign_0_mydesign_1043
top0/IF_stage/icache/clk_gate_memory_reg_3__0
                                       6.8400      0.0      1.3680       5.4720  0.0000  SNPS_CLOCK_GATE_HIGH_dsram_mydesign_0_mydesign_1042
top0/IF_stage/icache/clk_gate_memory_reg_3__1
                                       6.8400      0.0      1.3680       5.4720  0.0000  SNPS_CLOCK_GATE_HIGH_dsram_mydesign_0_mydesign_1041
top0/IF_stage/icache/clk_gate_memory_reg_3__2
                                       6.8400      0.0      1.3680       5.4720  0.0000  SNPS_CLOCK_GATE_HIGH_dsram_mydesign_0_mydesign_1040
top0/IF_stage/icache/clk_gate_memory_reg_40_
                                       6.8400      0.0      1.3680       5.4720  0.0000  SNPS_CLOCK_GATE_HIGH_dsram_mydesign_0_mydesign_1191
top0/IF_stage/icache/clk_gate_memory_reg_40__0
                                       6.8400      0.0      1.3680       5.4720  0.0000  SNPS_CLOCK_GATE_HIGH_dsram_mydesign_0_mydesign_1190
top0/IF_stage/icache/clk_gate_memory_reg_40__1
                                       6.8400      0.0      1.3680       5.4720  0.0000  SNPS_CLOCK_GATE_HIGH_dsram_mydesign_0_mydesign_1189
top0/IF_stage/icache/clk_gate_memory_reg_40__2
                                       6.8400      0.0      1.3680       5.4720  0.0000  SNPS_CLOCK_GATE_HIGH_dsram_mydesign_0_mydesign_1188
top0/IF_stage/icache/clk_gate_memory_reg_41_
                                       6.8400      0.0      1.3680       5.4720  0.0000  SNPS_CLOCK_GATE_HIGH_dsram_mydesign_0_mydesign_1195
top0/IF_stage/icache/clk_gate_memory_reg_41__0
                                       6.8400      0.0      1.3680       5.4720  0.0000  SNPS_CLOCK_GATE_HIGH_dsram_mydesign_0_mydesign_1194
top0/IF_stage/icache/clk_gate_memory_reg_41__1
                                       6.8400      0.0      1.3680       5.4720  0.0000  SNPS_CLOCK_GATE_HIGH_dsram_mydesign_0_mydesign_1193
top0/IF_stage/icache/clk_gate_memory_reg_41__2
                                       6.8400      0.0      1.3680       5.4720  0.0000  SNPS_CLOCK_GATE_HIGH_dsram_mydesign_0_mydesign_1192
top0/IF_stage/icache/clk_gate_memory_reg_42_
                                       6.8400      0.0      1.3680       5.4720  0.0000  SNPS_CLOCK_GATE_HIGH_dsram_mydesign_0_mydesign_1199
top0/IF_stage/icache/clk_gate_memory_reg_42__0
                                       6.8400      0.0      1.3680       5.4720  0.0000  SNPS_CLOCK_GATE_HIGH_dsram_mydesign_0_mydesign_1198
top0/IF_stage/icache/clk_gate_memory_reg_42__1
                                       6.8400      0.0      1.3680       5.4720  0.0000  SNPS_CLOCK_GATE_HIGH_dsram_mydesign_0_mydesign_1197
top0/IF_stage/icache/clk_gate_memory_reg_42__2
                                       6.8400      0.0      1.3680       5.4720  0.0000  SNPS_CLOCK_GATE_HIGH_dsram_mydesign_0_mydesign_1196
top0/IF_stage/icache/clk_gate_memory_reg_43_
                                       6.8400      0.0      1.3680       5.4720  0.0000  SNPS_CLOCK_GATE_HIGH_dsram_mydesign_0_mydesign_1203
top0/IF_stage/icache/clk_gate_memory_reg_43__0
                                       6.8400      0.0      1.3680       5.4720  0.0000  SNPS_CLOCK_GATE_HIGH_dsram_mydesign_0_mydesign_1202
top0/IF_stage/icache/clk_gate_memory_reg_43__1
                                       6.8400      0.0      1.3680       5.4720  0.0000  SNPS_CLOCK_GATE_HIGH_dsram_mydesign_0_mydesign_1201
top0/IF_stage/icache/clk_gate_memory_reg_43__2
                                       6.8400      0.0      1.3680       5.4720  0.0000  SNPS_CLOCK_GATE_HIGH_dsram_mydesign_0_mydesign_1200
top0/IF_stage/icache/clk_gate_memory_reg_44_
                                       6.8400      0.0      1.3680       5.4720  0.0000  SNPS_CLOCK_GATE_HIGH_dsram_mydesign_0_mydesign_1207
top0/IF_stage/icache/clk_gate_memory_reg_44__0
                                       6.8400      0.0      1.3680       5.4720  0.0000  SNPS_CLOCK_GATE_HIGH_dsram_mydesign_0_mydesign_1206
top0/IF_stage/icache/clk_gate_memory_reg_44__1
                                       6.8400      0.0      1.3680       5.4720  0.0000  SNPS_CLOCK_GATE_HIGH_dsram_mydesign_0_mydesign_1205
top0/IF_stage/icache/clk_gate_memory_reg_44__2
                                       6.8400      0.0      1.3680       5.4720  0.0000  SNPS_CLOCK_GATE_HIGH_dsram_mydesign_0_mydesign_1204
top0/IF_stage/icache/clk_gate_memory_reg_45_
                                       6.8400      0.0      1.3680       5.4720  0.0000  SNPS_CLOCK_GATE_HIGH_dsram_mydesign_0_mydesign_1211
top0/IF_stage/icache/clk_gate_memory_reg_45__0
                                       6.8400      0.0      1.3680       5.4720  0.0000  SNPS_CLOCK_GATE_HIGH_dsram_mydesign_0_mydesign_1210
top0/IF_stage/icache/clk_gate_memory_reg_45__1
                                       6.8400      0.0      1.3680       5.4720  0.0000  SNPS_CLOCK_GATE_HIGH_dsram_mydesign_0_mydesign_1209
top0/IF_stage/icache/clk_gate_memory_reg_45__2
                                       6.8400      0.0      1.3680       5.4720  0.0000  SNPS_CLOCK_GATE_HIGH_dsram_mydesign_0_mydesign_1208
top0/IF_stage/icache/clk_gate_memory_reg_46_
                                       6.8400      0.0      1.3680       5.4720  0.0000  SNPS_CLOCK_GATE_HIGH_dsram_mydesign_0_mydesign_1215
top0/IF_stage/icache/clk_gate_memory_reg_46__0
                                       6.8400      0.0      1.3680       5.4720  0.0000  SNPS_CLOCK_GATE_HIGH_dsram_mydesign_0_mydesign_1214
top0/IF_stage/icache/clk_gate_memory_reg_46__1
                                       6.8400      0.0      1.3680       5.4720  0.0000  SNPS_CLOCK_GATE_HIGH_dsram_mydesign_0_mydesign_1213
top0/IF_stage/icache/clk_gate_memory_reg_46__2
                                       6.8400      0.0      1.3680       5.4720  0.0000  SNPS_CLOCK_GATE_HIGH_dsram_mydesign_0_mydesign_1212
top0/IF_stage/icache/clk_gate_memory_reg_47_
                                       6.8400      0.0      1.3680       5.4720  0.0000  SNPS_CLOCK_GATE_HIGH_dsram_mydesign_0_mydesign_1219
top0/IF_stage/icache/clk_gate_memory_reg_47__0
                                       6.8400      0.0      1.3680       5.4720  0.0000  SNPS_CLOCK_GATE_HIGH_dsram_mydesign_0_mydesign_1218
top0/IF_stage/icache/clk_gate_memory_reg_47__1
                                       6.8400      0.0      1.3680       5.4720  0.0000  SNPS_CLOCK_GATE_HIGH_dsram_mydesign_0_mydesign_1217
top0/IF_stage/icache/clk_gate_memory_reg_47__2
                                       6.8400      0.0      1.3680       5.4720  0.0000  SNPS_CLOCK_GATE_HIGH_dsram_mydesign_0_mydesign_1216
top0/IF_stage/icache/clk_gate_memory_reg_48_
                                       6.8400      0.0      1.3680       5.4720  0.0000  SNPS_CLOCK_GATE_HIGH_dsram_mydesign_0_mydesign_1223
top0/IF_stage/icache/clk_gate_memory_reg_48__0
                                       6.8400      0.0      1.3680       5.4720  0.0000  SNPS_CLOCK_GATE_HIGH_dsram_mydesign_0_mydesign_1222
top0/IF_stage/icache/clk_gate_memory_reg_48__1
                                       6.8400      0.0      1.3680       5.4720  0.0000  SNPS_CLOCK_GATE_HIGH_dsram_mydesign_0_mydesign_1221
top0/IF_stage/icache/clk_gate_memory_reg_48__2
                                       6.8400      0.0      1.3680       5.4720  0.0000  SNPS_CLOCK_GATE_HIGH_dsram_mydesign_0_mydesign_1220
top0/IF_stage/icache/clk_gate_memory_reg_49_
                                       6.8400      0.0      1.3680       5.4720  0.0000  SNPS_CLOCK_GATE_HIGH_dsram_mydesign_0_mydesign_1227
top0/IF_stage/icache/clk_gate_memory_reg_49__0
                                       6.8400      0.0      1.3680       5.4720  0.0000  SNPS_CLOCK_GATE_HIGH_dsram_mydesign_0_mydesign_1226
top0/IF_stage/icache/clk_gate_memory_reg_49__1
                                       6.8400      0.0      1.3680       5.4720  0.0000  SNPS_CLOCK_GATE_HIGH_dsram_mydesign_0_mydesign_1225
top0/IF_stage/icache/clk_gate_memory_reg_49__2
                                       6.8400      0.0      1.3680       5.4720  0.0000  SNPS_CLOCK_GATE_HIGH_dsram_mydesign_0_mydesign_1224
top0/IF_stage/icache/clk_gate_memory_reg_4_
                                       6.8400      0.0      1.3680       5.4720  0.0000  SNPS_CLOCK_GATE_HIGH_dsram_mydesign_0_mydesign_1047
top0/IF_stage/icache/clk_gate_memory_reg_4__0
                                       6.8400      0.0      1.3680       5.4720  0.0000  SNPS_CLOCK_GATE_HIGH_dsram_mydesign_0_mydesign_1046
top0/IF_stage/icache/clk_gate_memory_reg_4__1
                                       6.8400      0.0      1.3680       5.4720  0.0000  SNPS_CLOCK_GATE_HIGH_dsram_mydesign_0_mydesign_1045
top0/IF_stage/icache/clk_gate_memory_reg_4__2
                                       6.8400      0.0      1.3680       5.4720  0.0000  SNPS_CLOCK_GATE_HIGH_dsram_mydesign_0_mydesign_1044
top0/IF_stage/icache/clk_gate_memory_reg_50_
                                       6.8400      0.0      1.3680       5.4720  0.0000  SNPS_CLOCK_GATE_HIGH_dsram_mydesign_0_mydesign_1231
top0/IF_stage/icache/clk_gate_memory_reg_50__0
                                       6.8400      0.0      1.3680       5.4720  0.0000  SNPS_CLOCK_GATE_HIGH_dsram_mydesign_0_mydesign_1230
top0/IF_stage/icache/clk_gate_memory_reg_50__1
                                       6.8400      0.0      1.3680       5.4720  0.0000  SNPS_CLOCK_GATE_HIGH_dsram_mydesign_0_mydesign_1229
top0/IF_stage/icache/clk_gate_memory_reg_50__2
                                       6.8400      0.0      1.3680       5.4720  0.0000  SNPS_CLOCK_GATE_HIGH_dsram_mydesign_0_mydesign_1228
top0/IF_stage/icache/clk_gate_memory_reg_51_
                                       6.8400      0.0      1.3680       5.4720  0.0000  SNPS_CLOCK_GATE_HIGH_dsram_mydesign_0_mydesign_1235
top0/IF_stage/icache/clk_gate_memory_reg_51__0
                                       6.8400      0.0      1.3680       5.4720  0.0000  SNPS_CLOCK_GATE_HIGH_dsram_mydesign_0_mydesign_1234
top0/IF_stage/icache/clk_gate_memory_reg_51__1
                                       6.8400      0.0      1.3680       5.4720  0.0000  SNPS_CLOCK_GATE_HIGH_dsram_mydesign_0_mydesign_1233
top0/IF_stage/icache/clk_gate_memory_reg_51__2
                                       6.8400      0.0      1.3680       5.4720  0.0000  SNPS_CLOCK_GATE_HIGH_dsram_mydesign_0_mydesign_1232
top0/IF_stage/icache/clk_gate_memory_reg_52_
                                       6.8400      0.0      1.3680       5.4720  0.0000  SNPS_CLOCK_GATE_HIGH_dsram_mydesign_0_mydesign_1239
top0/IF_stage/icache/clk_gate_memory_reg_52__0
                                       6.8400      0.0      1.3680       5.4720  0.0000  SNPS_CLOCK_GATE_HIGH_dsram_mydesign_0_mydesign_1238
top0/IF_stage/icache/clk_gate_memory_reg_52__1
                                       6.8400      0.0      1.3680       5.4720  0.0000  SNPS_CLOCK_GATE_HIGH_dsram_mydesign_0_mydesign_1237
top0/IF_stage/icache/clk_gate_memory_reg_52__2
                                       6.8400      0.0      1.3680       5.4720  0.0000  SNPS_CLOCK_GATE_HIGH_dsram_mydesign_0_mydesign_1236
top0/IF_stage/icache/clk_gate_memory_reg_53_
                                       6.8400      0.0      1.3680       5.4720  0.0000  SNPS_CLOCK_GATE_HIGH_dsram_mydesign_0_mydesign_1243
top0/IF_stage/icache/clk_gate_memory_reg_53__0
                                       6.8400      0.0      1.3680       5.4720  0.0000  SNPS_CLOCK_GATE_HIGH_dsram_mydesign_0_mydesign_1242
top0/IF_stage/icache/clk_gate_memory_reg_53__1
                                       6.8400      0.0      1.3680       5.4720  0.0000  SNPS_CLOCK_GATE_HIGH_dsram_mydesign_0_mydesign_1241
top0/IF_stage/icache/clk_gate_memory_reg_53__2
                                       6.8400      0.0      1.3680       5.4720  0.0000  SNPS_CLOCK_GATE_HIGH_dsram_mydesign_0_mydesign_1240
top0/IF_stage/icache/clk_gate_memory_reg_54_
                                       6.8400      0.0      1.3680       5.4720  0.0000  SNPS_CLOCK_GATE_HIGH_dsram_mydesign_0_mydesign_1247
top0/IF_stage/icache/clk_gate_memory_reg_54__0
                                       6.8400      0.0      1.3680       5.4720  0.0000  SNPS_CLOCK_GATE_HIGH_dsram_mydesign_0_mydesign_1246
top0/IF_stage/icache/clk_gate_memory_reg_54__1
                                       6.8400      0.0      1.3680       5.4720  0.0000  SNPS_CLOCK_GATE_HIGH_dsram_mydesign_0_mydesign_1245
top0/IF_stage/icache/clk_gate_memory_reg_54__2
                                       6.8400      0.0      1.3680       5.4720  0.0000  SNPS_CLOCK_GATE_HIGH_dsram_mydesign_0_mydesign_1244
top0/IF_stage/icache/clk_gate_memory_reg_55_
                                       6.8400      0.0      1.3680       5.4720  0.0000  SNPS_CLOCK_GATE_HIGH_dsram_mydesign_0_mydesign_1251
top0/IF_stage/icache/clk_gate_memory_reg_55__0
                                       6.8400      0.0      1.3680       5.4720  0.0000  SNPS_CLOCK_GATE_HIGH_dsram_mydesign_0_mydesign_1250
top0/IF_stage/icache/clk_gate_memory_reg_55__1
                                       6.8400      0.0      1.3680       5.4720  0.0000  SNPS_CLOCK_GATE_HIGH_dsram_mydesign_0_mydesign_1249
top0/IF_stage/icache/clk_gate_memory_reg_55__2
                                       6.8400      0.0      1.3680       5.4720  0.0000  SNPS_CLOCK_GATE_HIGH_dsram_mydesign_0_mydesign_1248
top0/IF_stage/icache/clk_gate_memory_reg_56_
                                       6.8400      0.0      1.3680       5.4720  0.0000  SNPS_CLOCK_GATE_HIGH_dsram_mydesign_0_mydesign_1255
top0/IF_stage/icache/clk_gate_memory_reg_56__0
                                       6.8400      0.0      1.3680       5.4720  0.0000  SNPS_CLOCK_GATE_HIGH_dsram_mydesign_0_mydesign_1254
top0/IF_stage/icache/clk_gate_memory_reg_56__1
                                       6.8400      0.0      1.3680       5.4720  0.0000  SNPS_CLOCK_GATE_HIGH_dsram_mydesign_0_mydesign_1253
top0/IF_stage/icache/clk_gate_memory_reg_56__2
                                       6.8400      0.0      1.3680       5.4720  0.0000  SNPS_CLOCK_GATE_HIGH_dsram_mydesign_0_mydesign_1252
top0/IF_stage/icache/clk_gate_memory_reg_57_
                                       6.8400      0.0      1.3680       5.4720  0.0000  SNPS_CLOCK_GATE_HIGH_dsram_mydesign_0_mydesign_1259
top0/IF_stage/icache/clk_gate_memory_reg_57__0
                                       6.8400      0.0      1.3680       5.4720  0.0000  SNPS_CLOCK_GATE_HIGH_dsram_mydesign_0_mydesign_1258
top0/IF_stage/icache/clk_gate_memory_reg_57__1
                                       6.8400      0.0      1.3680       5.4720  0.0000  SNPS_CLOCK_GATE_HIGH_dsram_mydesign_0_mydesign_1257
top0/IF_stage/icache/clk_gate_memory_reg_57__2
                                       6.8400      0.0      1.3680       5.4720  0.0000  SNPS_CLOCK_GATE_HIGH_dsram_mydesign_0_mydesign_1256
top0/IF_stage/icache/clk_gate_memory_reg_58_
                                       6.8400      0.0      1.3680       5.4720  0.0000  SNPS_CLOCK_GATE_HIGH_dsram_mydesign_0_mydesign_1263
top0/IF_stage/icache/clk_gate_memory_reg_58__0
                                       6.8400      0.0      1.3680       5.4720  0.0000  SNPS_CLOCK_GATE_HIGH_dsram_mydesign_0_mydesign_1262
top0/IF_stage/icache/clk_gate_memory_reg_58__1
                                       6.8400      0.0      1.3680       5.4720  0.0000  SNPS_CLOCK_GATE_HIGH_dsram_mydesign_0_mydesign_1261
top0/IF_stage/icache/clk_gate_memory_reg_58__2
                                       6.8400      0.0      1.3680       5.4720  0.0000  SNPS_CLOCK_GATE_HIGH_dsram_mydesign_0_mydesign_1260
top0/IF_stage/icache/clk_gate_memory_reg_59_
                                       6.8400      0.0      1.3680       5.4720  0.0000  SNPS_CLOCK_GATE_HIGH_dsram_mydesign_0_mydesign_1267
top0/IF_stage/icache/clk_gate_memory_reg_59__0
                                       6.8400      0.0      1.3680       5.4720  0.0000  SNPS_CLOCK_GATE_HIGH_dsram_mydesign_0_mydesign_1266
top0/IF_stage/icache/clk_gate_memory_reg_59__1
                                       6.8400      0.0      1.3680       5.4720  0.0000  SNPS_CLOCK_GATE_HIGH_dsram_mydesign_0_mydesign_1265
top0/IF_stage/icache/clk_gate_memory_reg_59__2
                                       6.8400      0.0      1.3680       5.4720  0.0000  SNPS_CLOCK_GATE_HIGH_dsram_mydesign_0_mydesign_1264
top0/IF_stage/icache/clk_gate_memory_reg_5_
                                       6.8400      0.0      1.3680       5.4720  0.0000  SNPS_CLOCK_GATE_HIGH_dsram_mydesign_0_mydesign_1051
top0/IF_stage/icache/clk_gate_memory_reg_5__0
                                       6.8400      0.0      1.3680       5.4720  0.0000  SNPS_CLOCK_GATE_HIGH_dsram_mydesign_0_mydesign_1050
top0/IF_stage/icache/clk_gate_memory_reg_5__1
                                       6.8400      0.0      1.3680       5.4720  0.0000  SNPS_CLOCK_GATE_HIGH_dsram_mydesign_0_mydesign_1049
top0/IF_stage/icache/clk_gate_memory_reg_5__2
                                       6.8400      0.0      1.3680       5.4720  0.0000  SNPS_CLOCK_GATE_HIGH_dsram_mydesign_0_mydesign_1048
top0/IF_stage/icache/clk_gate_memory_reg_60_
                                       6.8400      0.0      1.3680       5.4720  0.0000  SNPS_CLOCK_GATE_HIGH_dsram_mydesign_0_mydesign_1271
top0/IF_stage/icache/clk_gate_memory_reg_60__0
                                       6.8400      0.0      1.3680       5.4720  0.0000  SNPS_CLOCK_GATE_HIGH_dsram_mydesign_0_mydesign_1270
top0/IF_stage/icache/clk_gate_memory_reg_60__1
                                       6.8400      0.0      1.3680       5.4720  0.0000  SNPS_CLOCK_GATE_HIGH_dsram_mydesign_0_mydesign_1269
top0/IF_stage/icache/clk_gate_memory_reg_60__2
                                       6.8400      0.0      1.3680       5.4720  0.0000  SNPS_CLOCK_GATE_HIGH_dsram_mydesign_0_mydesign_1268
top0/IF_stage/icache/clk_gate_memory_reg_61_
                                       6.8400      0.0      1.3680       5.4720  0.0000  SNPS_CLOCK_GATE_HIGH_dsram_mydesign_0_mydesign_1275
top0/IF_stage/icache/clk_gate_memory_reg_61__0
                                       6.8400      0.0      1.3680       5.4720  0.0000  SNPS_CLOCK_GATE_HIGH_dsram_mydesign_0_mydesign_1274
top0/IF_stage/icache/clk_gate_memory_reg_61__1
                                       6.8400      0.0      1.3680       5.4720  0.0000  SNPS_CLOCK_GATE_HIGH_dsram_mydesign_0_mydesign_1273
top0/IF_stage/icache/clk_gate_memory_reg_61__2
                                       6.8400      0.0      1.3680       5.4720  0.0000  SNPS_CLOCK_GATE_HIGH_dsram_mydesign_0_mydesign_1272
top0/IF_stage/icache/clk_gate_memory_reg_62_
                                       6.8400      0.0      1.3680       5.4720  0.0000  SNPS_CLOCK_GATE_HIGH_dsram_mydesign_0_mydesign_1279
top0/IF_stage/icache/clk_gate_memory_reg_62__0
                                       6.8400      0.0      1.3680       5.4720  0.0000  SNPS_CLOCK_GATE_HIGH_dsram_mydesign_0_mydesign_1278
top0/IF_stage/icache/clk_gate_memory_reg_62__1
                                       6.8400      0.0      1.3680       5.4720  0.0000  SNPS_CLOCK_GATE_HIGH_dsram_mydesign_0_mydesign_1277
top0/IF_stage/icache/clk_gate_memory_reg_62__2
                                       6.8400      0.0      1.3680       5.4720  0.0000  SNPS_CLOCK_GATE_HIGH_dsram_mydesign_0_mydesign_1276
top0/IF_stage/icache/clk_gate_memory_reg_63_
                                       6.8400      0.0      1.3680       5.4720  0.0000  SNPS_CLOCK_GATE_HIGH_dsram_mydesign_0_mydesign_1283
top0/IF_stage/icache/clk_gate_memory_reg_63__0
                                       6.8400      0.0      1.3680       5.4720  0.0000  SNPS_CLOCK_GATE_HIGH_dsram_mydesign_0_mydesign_1282
top0/IF_stage/icache/clk_gate_memory_reg_63__1
                                       6.8400      0.0      1.3680       5.4720  0.0000  SNPS_CLOCK_GATE_HIGH_dsram_mydesign_0_mydesign_1281
top0/IF_stage/icache/clk_gate_memory_reg_63__2
                                       6.8400      0.0      1.3680       5.4720  0.0000  SNPS_CLOCK_GATE_HIGH_dsram_mydesign_0_mydesign_1280
top0/IF_stage/icache/clk_gate_memory_reg_64_
                                       6.8400      0.0      1.3680       5.4720  0.0000  SNPS_CLOCK_GATE_HIGH_dsram_mydesign_0_mydesign_1287
top0/IF_stage/icache/clk_gate_memory_reg_64__0
                                       6.8400      0.0      1.3680       5.4720  0.0000  SNPS_CLOCK_GATE_HIGH_dsram_mydesign_0_mydesign_1286
top0/IF_stage/icache/clk_gate_memory_reg_64__1
                                       6.8400      0.0      1.3680       5.4720  0.0000  SNPS_CLOCK_GATE_HIGH_dsram_mydesign_0_mydesign_1285
top0/IF_stage/icache/clk_gate_memory_reg_64__2
                                       6.8400      0.0      1.3680       5.4720  0.0000  SNPS_CLOCK_GATE_HIGH_dsram_mydesign_0_mydesign_1284
top0/IF_stage/icache/clk_gate_memory_reg_65_
                                       6.8400      0.0      1.3680       5.4720  0.0000  SNPS_CLOCK_GATE_HIGH_dsram_mydesign_0_mydesign_1291
top0/IF_stage/icache/clk_gate_memory_reg_65__0
                                       6.8400      0.0      1.3680       5.4720  0.0000  SNPS_CLOCK_GATE_HIGH_dsram_mydesign_0_mydesign_1290
top0/IF_stage/icache/clk_gate_memory_reg_65__1
                                       6.8400      0.0      1.3680       5.4720  0.0000  SNPS_CLOCK_GATE_HIGH_dsram_mydesign_0_mydesign_1289
top0/IF_stage/icache/clk_gate_memory_reg_65__2
                                       6.8400      0.0      1.3680       5.4720  0.0000  SNPS_CLOCK_GATE_HIGH_dsram_mydesign_0_mydesign_1288
top0/IF_stage/icache/clk_gate_memory_reg_66_
                                       6.8400      0.0      1.3680       5.4720  0.0000  SNPS_CLOCK_GATE_HIGH_dsram_mydesign_0_mydesign_1295
top0/IF_stage/icache/clk_gate_memory_reg_66__0
                                       6.8400      0.0      1.3680       5.4720  0.0000  SNPS_CLOCK_GATE_HIGH_dsram_mydesign_0_mydesign_1294
top0/IF_stage/icache/clk_gate_memory_reg_66__1
                                       6.8400      0.0      1.3680       5.4720  0.0000  SNPS_CLOCK_GATE_HIGH_dsram_mydesign_0_mydesign_1293
top0/IF_stage/icache/clk_gate_memory_reg_66__2
                                       6.8400      0.0      1.3680       5.4720  0.0000  SNPS_CLOCK_GATE_HIGH_dsram_mydesign_0_mydesign_1292
top0/IF_stage/icache/clk_gate_memory_reg_67_
                                       6.8400      0.0      1.3680       5.4720  0.0000  SNPS_CLOCK_GATE_HIGH_dsram_mydesign_0_mydesign_1299
top0/IF_stage/icache/clk_gate_memory_reg_67__0
                                       6.8400      0.0      1.3680       5.4720  0.0000  SNPS_CLOCK_GATE_HIGH_dsram_mydesign_0_mydesign_1298
top0/IF_stage/icache/clk_gate_memory_reg_67__1
                                       6.8400      0.0      1.3680       5.4720  0.0000  SNPS_CLOCK_GATE_HIGH_dsram_mydesign_0_mydesign_1297
top0/IF_stage/icache/clk_gate_memory_reg_67__2
                                       6.8400      0.0      1.3680       5.4720  0.0000  SNPS_CLOCK_GATE_HIGH_dsram_mydesign_0_mydesign_1296
top0/IF_stage/icache/clk_gate_memory_reg_68_
                                       6.8400      0.0      1.3680       5.4720  0.0000  SNPS_CLOCK_GATE_HIGH_dsram_mydesign_0_mydesign_1303
top0/IF_stage/icache/clk_gate_memory_reg_68__0
                                       6.8400      0.0      1.3680       5.4720  0.0000  SNPS_CLOCK_GATE_HIGH_dsram_mydesign_0_mydesign_1302
top0/IF_stage/icache/clk_gate_memory_reg_68__1
                                       6.8400      0.0      1.3680       5.4720  0.0000  SNPS_CLOCK_GATE_HIGH_dsram_mydesign_0_mydesign_1301
top0/IF_stage/icache/clk_gate_memory_reg_68__2
                                       6.8400      0.0      1.3680       5.4720  0.0000  SNPS_CLOCK_GATE_HIGH_dsram_mydesign_0_mydesign_1300
top0/IF_stage/icache/clk_gate_memory_reg_69_
                                       6.8400      0.0      1.3680       5.4720  0.0000  SNPS_CLOCK_GATE_HIGH_dsram_mydesign_0_mydesign_1307
top0/IF_stage/icache/clk_gate_memory_reg_69__0
                                       6.8400      0.0      1.3680       5.4720  0.0000  SNPS_CLOCK_GATE_HIGH_dsram_mydesign_0_mydesign_1306
top0/IF_stage/icache/clk_gate_memory_reg_69__1
                                       6.8400      0.0      1.3680       5.4720  0.0000  SNPS_CLOCK_GATE_HIGH_dsram_mydesign_0_mydesign_1305
top0/IF_stage/icache/clk_gate_memory_reg_69__2
                                       6.8400      0.0      1.3680       5.4720  0.0000  SNPS_CLOCK_GATE_HIGH_dsram_mydesign_0_mydesign_1304
top0/IF_stage/icache/clk_gate_memory_reg_6_
                                       6.8400      0.0      1.3680       5.4720  0.0000  SNPS_CLOCK_GATE_HIGH_dsram_mydesign_0_mydesign_1055
top0/IF_stage/icache/clk_gate_memory_reg_6__0
                                       6.8400      0.0      1.3680       5.4720  0.0000  SNPS_CLOCK_GATE_HIGH_dsram_mydesign_0_mydesign_1054
top0/IF_stage/icache/clk_gate_memory_reg_6__1
                                       6.8400      0.0      1.3680       5.4720  0.0000  SNPS_CLOCK_GATE_HIGH_dsram_mydesign_0_mydesign_1053
top0/IF_stage/icache/clk_gate_memory_reg_6__2
                                       6.8400      0.0      1.3680       5.4720  0.0000  SNPS_CLOCK_GATE_HIGH_dsram_mydesign_0_mydesign_1052
top0/IF_stage/icache/clk_gate_memory_reg_70_
                                       6.8400      0.0      1.3680       5.4720  0.0000  SNPS_CLOCK_GATE_HIGH_dsram_mydesign_0_mydesign_1311
top0/IF_stage/icache/clk_gate_memory_reg_70__0
                                       6.8400      0.0      1.3680       5.4720  0.0000  SNPS_CLOCK_GATE_HIGH_dsram_mydesign_0_mydesign_1310
top0/IF_stage/icache/clk_gate_memory_reg_70__1
                                       6.8400      0.0      1.3680       5.4720  0.0000  SNPS_CLOCK_GATE_HIGH_dsram_mydesign_0_mydesign_1309
top0/IF_stage/icache/clk_gate_memory_reg_70__2
                                       6.8400      0.0      1.3680       5.4720  0.0000  SNPS_CLOCK_GATE_HIGH_dsram_mydesign_0_mydesign_1308
top0/IF_stage/icache/clk_gate_memory_reg_71_
                                       6.8400      0.0      1.3680       5.4720  0.0000  SNPS_CLOCK_GATE_HIGH_dsram_mydesign_0_mydesign_1315
top0/IF_stage/icache/clk_gate_memory_reg_71__0
                                       6.8400      0.0      1.3680       5.4720  0.0000  SNPS_CLOCK_GATE_HIGH_dsram_mydesign_0_mydesign_1314
top0/IF_stage/icache/clk_gate_memory_reg_71__1
                                       6.8400      0.0      1.3680       5.4720  0.0000  SNPS_CLOCK_GATE_HIGH_dsram_mydesign_0_mydesign_1313
top0/IF_stage/icache/clk_gate_memory_reg_71__2
                                       6.8400      0.0      1.3680       5.4720  0.0000  SNPS_CLOCK_GATE_HIGH_dsram_mydesign_0_mydesign_1312
top0/IF_stage/icache/clk_gate_memory_reg_72_
                                       6.8400      0.0      1.3680       5.4720  0.0000  SNPS_CLOCK_GATE_HIGH_dsram_mydesign_0_mydesign_1319
top0/IF_stage/icache/clk_gate_memory_reg_72__0
                                       6.8400      0.0      1.3680       5.4720  0.0000  SNPS_CLOCK_GATE_HIGH_dsram_mydesign_0_mydesign_1318
top0/IF_stage/icache/clk_gate_memory_reg_72__1
                                       6.8400      0.0      1.3680       5.4720  0.0000  SNPS_CLOCK_GATE_HIGH_dsram_mydesign_0_mydesign_1317
top0/IF_stage/icache/clk_gate_memory_reg_72__2
                                       6.8400      0.0      1.3680       5.4720  0.0000  SNPS_CLOCK_GATE_HIGH_dsram_mydesign_0_mydesign_1316
top0/IF_stage/icache/clk_gate_memory_reg_73_
                                       6.8400      0.0      1.3680       5.4720  0.0000  SNPS_CLOCK_GATE_HIGH_dsram_mydesign_0_mydesign_1323
top0/IF_stage/icache/clk_gate_memory_reg_73__0
                                       6.8400      0.0      1.3680       5.4720  0.0000  SNPS_CLOCK_GATE_HIGH_dsram_mydesign_0_mydesign_1322
top0/IF_stage/icache/clk_gate_memory_reg_73__1
                                       6.8400      0.0      1.3680       5.4720  0.0000  SNPS_CLOCK_GATE_HIGH_dsram_mydesign_0_mydesign_1321
top0/IF_stage/icache/clk_gate_memory_reg_73__2
                                       6.8400      0.0      1.3680       5.4720  0.0000  SNPS_CLOCK_GATE_HIGH_dsram_mydesign_0_mydesign_1320
top0/IF_stage/icache/clk_gate_memory_reg_74_
                                       6.8400      0.0      1.3680       5.4720  0.0000  SNPS_CLOCK_GATE_HIGH_dsram_mydesign_0_mydesign_1327
top0/IF_stage/icache/clk_gate_memory_reg_74__0
                                       6.8400      0.0      1.3680       5.4720  0.0000  SNPS_CLOCK_GATE_HIGH_dsram_mydesign_0_mydesign_1326
top0/IF_stage/icache/clk_gate_memory_reg_74__1
                                       6.8400      0.0      1.3680       5.4720  0.0000  SNPS_CLOCK_GATE_HIGH_dsram_mydesign_0_mydesign_1325
top0/IF_stage/icache/clk_gate_memory_reg_74__2
                                       6.8400      0.0      1.3680       5.4720  0.0000  SNPS_CLOCK_GATE_HIGH_dsram_mydesign_0_mydesign_1324
top0/IF_stage/icache/clk_gate_memory_reg_75_
                                       6.8400      0.0      1.3680       5.4720  0.0000  SNPS_CLOCK_GATE_HIGH_dsram_mydesign_0_mydesign_1331
top0/IF_stage/icache/clk_gate_memory_reg_75__0
                                       6.8400      0.0      1.3680       5.4720  0.0000  SNPS_CLOCK_GATE_HIGH_dsram_mydesign_0_mydesign_1330
top0/IF_stage/icache/clk_gate_memory_reg_75__1
                                       6.8400      0.0      1.3680       5.4720  0.0000  SNPS_CLOCK_GATE_HIGH_dsram_mydesign_0_mydesign_1329
top0/IF_stage/icache/clk_gate_memory_reg_75__2
                                       6.8400      0.0      1.3680       5.4720  0.0000  SNPS_CLOCK_GATE_HIGH_dsram_mydesign_0_mydesign_1328
top0/IF_stage/icache/clk_gate_memory_reg_76_
                                       6.8400      0.0      1.3680       5.4720  0.0000  SNPS_CLOCK_GATE_HIGH_dsram_mydesign_0_mydesign_1335
top0/IF_stage/icache/clk_gate_memory_reg_76__0
                                       6.8400      0.0      1.3680       5.4720  0.0000  SNPS_CLOCK_GATE_HIGH_dsram_mydesign_0_mydesign_1334
top0/IF_stage/icache/clk_gate_memory_reg_76__1
                                       6.8400      0.0      1.3680       5.4720  0.0000  SNPS_CLOCK_GATE_HIGH_dsram_mydesign_0_mydesign_1333
top0/IF_stage/icache/clk_gate_memory_reg_76__2
                                       6.8400      0.0      1.3680       5.4720  0.0000  SNPS_CLOCK_GATE_HIGH_dsram_mydesign_0_mydesign_1332
top0/IF_stage/icache/clk_gate_memory_reg_77_
                                       6.8400      0.0      1.3680       5.4720  0.0000  SNPS_CLOCK_GATE_HIGH_dsram_mydesign_0_mydesign_1339
top0/IF_stage/icache/clk_gate_memory_reg_77__0
                                       6.8400      0.0      1.3680       5.4720  0.0000  SNPS_CLOCK_GATE_HIGH_dsram_mydesign_0_mydesign_1338
top0/IF_stage/icache/clk_gate_memory_reg_77__1
                                       6.8400      0.0      1.3680       5.4720  0.0000  SNPS_CLOCK_GATE_HIGH_dsram_mydesign_0_mydesign_1337
top0/IF_stage/icache/clk_gate_memory_reg_77__2
                                       6.8400      0.0      1.3680       5.4720  0.0000  SNPS_CLOCK_GATE_HIGH_dsram_mydesign_0_mydesign_1336
top0/IF_stage/icache/clk_gate_memory_reg_78_
                                       6.8400      0.0      1.3680       5.4720  0.0000  SNPS_CLOCK_GATE_HIGH_dsram_mydesign_0_mydesign_1343
top0/IF_stage/icache/clk_gate_memory_reg_78__0
                                       6.8400      0.0      1.3680       5.4720  0.0000  SNPS_CLOCK_GATE_HIGH_dsram_mydesign_0_mydesign_1342
top0/IF_stage/icache/clk_gate_memory_reg_78__1
                                       6.8400      0.0      1.3680       5.4720  0.0000  SNPS_CLOCK_GATE_HIGH_dsram_mydesign_0_mydesign_1341
top0/IF_stage/icache/clk_gate_memory_reg_78__2
                                       6.8400      0.0      1.3680       5.4720  0.0000  SNPS_CLOCK_GATE_HIGH_dsram_mydesign_0_mydesign_1340
top0/IF_stage/icache/clk_gate_memory_reg_79_
                                       6.8400      0.0      1.3680       5.4720  0.0000  SNPS_CLOCK_GATE_HIGH_dsram_mydesign_0_mydesign_1347
top0/IF_stage/icache/clk_gate_memory_reg_79__0
                                       6.8400      0.0      1.3680       5.4720  0.0000  SNPS_CLOCK_GATE_HIGH_dsram_mydesign_0_mydesign_1346
top0/IF_stage/icache/clk_gate_memory_reg_79__1
                                       6.8400      0.0      1.3680       5.4720  0.0000  SNPS_CLOCK_GATE_HIGH_dsram_mydesign_0_mydesign_1345
top0/IF_stage/icache/clk_gate_memory_reg_79__2
                                       6.8400      0.0      1.3680       5.4720  0.0000  SNPS_CLOCK_GATE_HIGH_dsram_mydesign_0_mydesign_1344
top0/IF_stage/icache/clk_gate_memory_reg_7_
                                       6.8400      0.0      1.3680       5.4720  0.0000  SNPS_CLOCK_GATE_HIGH_dsram_mydesign_0_mydesign_1059
top0/IF_stage/icache/clk_gate_memory_reg_7__0
                                       6.8400      0.0      1.3680       5.4720  0.0000  SNPS_CLOCK_GATE_HIGH_dsram_mydesign_0_mydesign_1058
top0/IF_stage/icache/clk_gate_memory_reg_7__1
                                       6.8400      0.0      1.3680       5.4720  0.0000  SNPS_CLOCK_GATE_HIGH_dsram_mydesign_0_mydesign_1057
top0/IF_stage/icache/clk_gate_memory_reg_7__2
                                       6.8400      0.0      1.3680       5.4720  0.0000  SNPS_CLOCK_GATE_HIGH_dsram_mydesign_0_mydesign_1056
top0/IF_stage/icache/clk_gate_memory_reg_80_
                                       6.8400      0.0      1.3680       5.4720  0.0000  SNPS_CLOCK_GATE_HIGH_dsram_mydesign_0_mydesign_1351
top0/IF_stage/icache/clk_gate_memory_reg_80__0
                                       6.8400      0.0      1.3680       5.4720  0.0000  SNPS_CLOCK_GATE_HIGH_dsram_mydesign_0_mydesign_1350
top0/IF_stage/icache/clk_gate_memory_reg_80__1
                                       6.8400      0.0      1.3680       5.4720  0.0000  SNPS_CLOCK_GATE_HIGH_dsram_mydesign_0_mydesign_1349
top0/IF_stage/icache/clk_gate_memory_reg_80__2
                                       6.8400      0.0      1.3680       5.4720  0.0000  SNPS_CLOCK_GATE_HIGH_dsram_mydesign_0_mydesign_1348
top0/IF_stage/icache/clk_gate_memory_reg_81_
                                       6.8400      0.0      1.3680       5.4720  0.0000  SNPS_CLOCK_GATE_HIGH_dsram_mydesign_0_mydesign_1355
top0/IF_stage/icache/clk_gate_memory_reg_81__0
                                       6.8400      0.0      1.3680       5.4720  0.0000  SNPS_CLOCK_GATE_HIGH_dsram_mydesign_0_mydesign_1354
top0/IF_stage/icache/clk_gate_memory_reg_81__1
                                       6.8400      0.0      1.3680       5.4720  0.0000  SNPS_CLOCK_GATE_HIGH_dsram_mydesign_0_mydesign_1353
top0/IF_stage/icache/clk_gate_memory_reg_81__2
                                       6.8400      0.0      1.3680       5.4720  0.0000  SNPS_CLOCK_GATE_HIGH_dsram_mydesign_0_mydesign_1352
top0/IF_stage/icache/clk_gate_memory_reg_82_
                                       6.8400      0.0      1.3680       5.4720  0.0000  SNPS_CLOCK_GATE_HIGH_dsram_mydesign_0_mydesign_1359
top0/IF_stage/icache/clk_gate_memory_reg_82__0
                                       6.8400      0.0      1.3680       5.4720  0.0000  SNPS_CLOCK_GATE_HIGH_dsram_mydesign_0_mydesign_1358
top0/IF_stage/icache/clk_gate_memory_reg_82__1
                                       6.8400      0.0      1.3680       5.4720  0.0000  SNPS_CLOCK_GATE_HIGH_dsram_mydesign_0_mydesign_1357
top0/IF_stage/icache/clk_gate_memory_reg_82__2
                                       6.8400      0.0      1.3680       5.4720  0.0000  SNPS_CLOCK_GATE_HIGH_dsram_mydesign_0_mydesign_1356
top0/IF_stage/icache/clk_gate_memory_reg_83_
                                       6.8400      0.0      1.3680       5.4720  0.0000  SNPS_CLOCK_GATE_HIGH_dsram_mydesign_0_mydesign_1363
top0/IF_stage/icache/clk_gate_memory_reg_83__0
                                       6.8400      0.0      1.3680       5.4720  0.0000  SNPS_CLOCK_GATE_HIGH_dsram_mydesign_0_mydesign_1362
top0/IF_stage/icache/clk_gate_memory_reg_83__1
                                       6.8400      0.0      1.3680       5.4720  0.0000  SNPS_CLOCK_GATE_HIGH_dsram_mydesign_0_mydesign_1361
top0/IF_stage/icache/clk_gate_memory_reg_83__2
                                       6.8400      0.0      1.3680       5.4720  0.0000  SNPS_CLOCK_GATE_HIGH_dsram_mydesign_0_mydesign_1360
top0/IF_stage/icache/clk_gate_memory_reg_84_
                                       6.8400      0.0      1.3680       5.4720  0.0000  SNPS_CLOCK_GATE_HIGH_dsram_mydesign_0_mydesign_1367
top0/IF_stage/icache/clk_gate_memory_reg_84__0
                                       6.8400      0.0      1.3680       5.4720  0.0000  SNPS_CLOCK_GATE_HIGH_dsram_mydesign_0_mydesign_1366
top0/IF_stage/icache/clk_gate_memory_reg_84__1
                                       6.8400      0.0      1.3680       5.4720  0.0000  SNPS_CLOCK_GATE_HIGH_dsram_mydesign_0_mydesign_1365
top0/IF_stage/icache/clk_gate_memory_reg_84__2
                                       6.8400      0.0      1.3680       5.4720  0.0000  SNPS_CLOCK_GATE_HIGH_dsram_mydesign_0_mydesign_1364
top0/IF_stage/icache/clk_gate_memory_reg_85_
                                       6.8400      0.0      1.3680       5.4720  0.0000  SNPS_CLOCK_GATE_HIGH_dsram_mydesign_0_mydesign_1371
top0/IF_stage/icache/clk_gate_memory_reg_85__0
                                       6.8400      0.0      1.3680       5.4720  0.0000  SNPS_CLOCK_GATE_HIGH_dsram_mydesign_0_mydesign_1370
top0/IF_stage/icache/clk_gate_memory_reg_85__1
                                       6.8400      0.0      1.3680       5.4720  0.0000  SNPS_CLOCK_GATE_HIGH_dsram_mydesign_0_mydesign_1369
top0/IF_stage/icache/clk_gate_memory_reg_85__2
                                       6.8400      0.0      1.3680       5.4720  0.0000  SNPS_CLOCK_GATE_HIGH_dsram_mydesign_0_mydesign_1368
top0/IF_stage/icache/clk_gate_memory_reg_86_
                                       6.8400      0.0      1.3680       5.4720  0.0000  SNPS_CLOCK_GATE_HIGH_dsram_mydesign_0_mydesign_1375
top0/IF_stage/icache/clk_gate_memory_reg_86__0
                                       6.8400      0.0      1.3680       5.4720  0.0000  SNPS_CLOCK_GATE_HIGH_dsram_mydesign_0_mydesign_1374
top0/IF_stage/icache/clk_gate_memory_reg_86__1
                                       6.8400      0.0      1.3680       5.4720  0.0000  SNPS_CLOCK_GATE_HIGH_dsram_mydesign_0_mydesign_1373
top0/IF_stage/icache/clk_gate_memory_reg_86__2
                                       6.8400      0.0      1.3680       5.4720  0.0000  SNPS_CLOCK_GATE_HIGH_dsram_mydesign_0_mydesign_1372
top0/IF_stage/icache/clk_gate_memory_reg_87_
                                       6.8400      0.0      1.3680       5.4720  0.0000  SNPS_CLOCK_GATE_HIGH_dsram_mydesign_0_mydesign_1379
top0/IF_stage/icache/clk_gate_memory_reg_87__0
                                       6.8400      0.0      1.3680       5.4720  0.0000  SNPS_CLOCK_GATE_HIGH_dsram_mydesign_0_mydesign_1378
top0/IF_stage/icache/clk_gate_memory_reg_87__1
                                       6.8400      0.0      1.3680       5.4720  0.0000  SNPS_CLOCK_GATE_HIGH_dsram_mydesign_0_mydesign_1377
top0/IF_stage/icache/clk_gate_memory_reg_87__2
                                       6.8400      0.0      1.3680       5.4720  0.0000  SNPS_CLOCK_GATE_HIGH_dsram_mydesign_0_mydesign_1376
top0/IF_stage/icache/clk_gate_memory_reg_88_
                                       6.8400      0.0      1.3680       5.4720  0.0000  SNPS_CLOCK_GATE_HIGH_dsram_mydesign_0_mydesign_1383
top0/IF_stage/icache/clk_gate_memory_reg_88__0
                                       6.8400      0.0      1.3680       5.4720  0.0000  SNPS_CLOCK_GATE_HIGH_dsram_mydesign_0_mydesign_1382
top0/IF_stage/icache/clk_gate_memory_reg_88__1
                                       6.8400      0.0      1.3680       5.4720  0.0000  SNPS_CLOCK_GATE_HIGH_dsram_mydesign_0_mydesign_1381
top0/IF_stage/icache/clk_gate_memory_reg_88__2
                                       6.8400      0.0      1.3680       5.4720  0.0000  SNPS_CLOCK_GATE_HIGH_dsram_mydesign_0_mydesign_1380
top0/IF_stage/icache/clk_gate_memory_reg_89_
                                       6.8400      0.0      1.3680       5.4720  0.0000  SNPS_CLOCK_GATE_HIGH_dsram_mydesign_0_mydesign_1387
top0/IF_stage/icache/clk_gate_memory_reg_89__0
                                       6.8400      0.0      1.3680       5.4720  0.0000  SNPS_CLOCK_GATE_HIGH_dsram_mydesign_0_mydesign_1386
top0/IF_stage/icache/clk_gate_memory_reg_89__1
                                       6.8400      0.0      1.3680       5.4720  0.0000  SNPS_CLOCK_GATE_HIGH_dsram_mydesign_0_mydesign_1385
top0/IF_stage/icache/clk_gate_memory_reg_89__2
                                       6.8400      0.0      1.3680       5.4720  0.0000  SNPS_CLOCK_GATE_HIGH_dsram_mydesign_0_mydesign_1384
top0/IF_stage/icache/clk_gate_memory_reg_8_
                                       6.8400      0.0      1.3680       5.4720  0.0000  SNPS_CLOCK_GATE_HIGH_dsram_mydesign_0_mydesign_1063
top0/IF_stage/icache/clk_gate_memory_reg_8__0
                                       6.8400      0.0      1.3680       5.4720  0.0000  SNPS_CLOCK_GATE_HIGH_dsram_mydesign_0_mydesign_1062
top0/IF_stage/icache/clk_gate_memory_reg_8__1
                                       6.8400      0.0      1.3680       5.4720  0.0000  SNPS_CLOCK_GATE_HIGH_dsram_mydesign_0_mydesign_1061
top0/IF_stage/icache/clk_gate_memory_reg_8__2
                                       6.8400      0.0      1.3680       5.4720  0.0000  SNPS_CLOCK_GATE_HIGH_dsram_mydesign_0_mydesign_1060
top0/IF_stage/icache/clk_gate_memory_reg_90_
                                       6.8400      0.0      1.3680       5.4720  0.0000  SNPS_CLOCK_GATE_HIGH_dsram_mydesign_0_mydesign_1391
top0/IF_stage/icache/clk_gate_memory_reg_90__0
                                       6.8400      0.0      1.3680       5.4720  0.0000  SNPS_CLOCK_GATE_HIGH_dsram_mydesign_0_mydesign_1390
top0/IF_stage/icache/clk_gate_memory_reg_90__1
                                       6.8400      0.0      1.3680       5.4720  0.0000  SNPS_CLOCK_GATE_HIGH_dsram_mydesign_0_mydesign_1389
top0/IF_stage/icache/clk_gate_memory_reg_90__2
                                       6.8400      0.0      1.3680       5.4720  0.0000  SNPS_CLOCK_GATE_HIGH_dsram_mydesign_0_mydesign_1388
top0/IF_stage/icache/clk_gate_memory_reg_91_
                                       6.8400      0.0      1.3680       5.4720  0.0000  SNPS_CLOCK_GATE_HIGH_dsram_mydesign_0_mydesign_1395
top0/IF_stage/icache/clk_gate_memory_reg_91__0
                                       6.8400      0.0      1.3680       5.4720  0.0000  SNPS_CLOCK_GATE_HIGH_dsram_mydesign_0_mydesign_1394
top0/IF_stage/icache/clk_gate_memory_reg_91__1
                                       6.8400      0.0      1.3680       5.4720  0.0000  SNPS_CLOCK_GATE_HIGH_dsram_mydesign_0_mydesign_1393
top0/IF_stage/icache/clk_gate_memory_reg_91__2
                                       6.8400      0.0      1.3680       5.4720  0.0000  SNPS_CLOCK_GATE_HIGH_dsram_mydesign_0_mydesign_1392
top0/IF_stage/icache/clk_gate_memory_reg_92_
                                       6.8400      0.0      1.3680       5.4720  0.0000  SNPS_CLOCK_GATE_HIGH_dsram_mydesign_0_mydesign_1399
top0/IF_stage/icache/clk_gate_memory_reg_92__0
                                       6.8400      0.0      1.3680       5.4720  0.0000  SNPS_CLOCK_GATE_HIGH_dsram_mydesign_0_mydesign_1398
top0/IF_stage/icache/clk_gate_memory_reg_92__1
                                       6.8400      0.0      1.3680       5.4720  0.0000  SNPS_CLOCK_GATE_HIGH_dsram_mydesign_0_mydesign_1397
top0/IF_stage/icache/clk_gate_memory_reg_92__2
                                       6.8400      0.0      1.3680       5.4720  0.0000  SNPS_CLOCK_GATE_HIGH_dsram_mydesign_0_mydesign_1396
top0/IF_stage/icache/clk_gate_memory_reg_93_
                                       6.8400      0.0      1.3680       5.4720  0.0000  SNPS_CLOCK_GATE_HIGH_dsram_mydesign_0_mydesign_1403
top0/IF_stage/icache/clk_gate_memory_reg_93__0
                                       6.8400      0.0      1.3680       5.4720  0.0000  SNPS_CLOCK_GATE_HIGH_dsram_mydesign_0_mydesign_1402
top0/IF_stage/icache/clk_gate_memory_reg_93__1
                                       6.8400      0.0      1.3680       5.4720  0.0000  SNPS_CLOCK_GATE_HIGH_dsram_mydesign_0_mydesign_1401
top0/IF_stage/icache/clk_gate_memory_reg_93__2
                                       6.8400      0.0      1.3680       5.4720  0.0000  SNPS_CLOCK_GATE_HIGH_dsram_mydesign_0_mydesign_1400
top0/IF_stage/icache/clk_gate_memory_reg_94_
                                       6.8400      0.0      1.3680       5.4720  0.0000  SNPS_CLOCK_GATE_HIGH_dsram_mydesign_0_mydesign_1407
top0/IF_stage/icache/clk_gate_memory_reg_94__0
                                       6.8400      0.0      1.3680       5.4720  0.0000  SNPS_CLOCK_GATE_HIGH_dsram_mydesign_0_mydesign_1406
top0/IF_stage/icache/clk_gate_memory_reg_94__1
                                       6.8400      0.0      1.3680       5.4720  0.0000  SNPS_CLOCK_GATE_HIGH_dsram_mydesign_0_mydesign_1405
top0/IF_stage/icache/clk_gate_memory_reg_94__2
                                       6.8400      0.0      1.3680       5.4720  0.0000  SNPS_CLOCK_GATE_HIGH_dsram_mydesign_0_mydesign_1404
top0/IF_stage/icache/clk_gate_memory_reg_95_
                                       6.8400      0.0      1.3680       5.4720  0.0000  SNPS_CLOCK_GATE_HIGH_dsram_mydesign_0_mydesign_1411
top0/IF_stage/icache/clk_gate_memory_reg_95__0
                                       6.8400      0.0      1.3680       5.4720  0.0000  SNPS_CLOCK_GATE_HIGH_dsram_mydesign_0_mydesign_1410
top0/IF_stage/icache/clk_gate_memory_reg_95__1
                                       6.8400      0.0      1.3680       5.4720  0.0000  SNPS_CLOCK_GATE_HIGH_dsram_mydesign_0_mydesign_1409
top0/IF_stage/icache/clk_gate_memory_reg_95__2
                                       6.8400      0.0      1.3680       5.4720  0.0000  SNPS_CLOCK_GATE_HIGH_dsram_mydesign_0_mydesign_1408
top0/IF_stage/icache/clk_gate_memory_reg_96_
                                       6.8400      0.0      1.3680       5.4720  0.0000  SNPS_CLOCK_GATE_HIGH_dsram_mydesign_0_mydesign_1415
top0/IF_stage/icache/clk_gate_memory_reg_96__0
                                       6.8400      0.0      1.3680       5.4720  0.0000  SNPS_CLOCK_GATE_HIGH_dsram_mydesign_0_mydesign_1414
top0/IF_stage/icache/clk_gate_memory_reg_96__1
                                       6.8400      0.0      1.3680       5.4720  0.0000  SNPS_CLOCK_GATE_HIGH_dsram_mydesign_0_mydesign_1413
top0/IF_stage/icache/clk_gate_memory_reg_96__2
                                       6.8400      0.0      1.3680       5.4720  0.0000  SNPS_CLOCK_GATE_HIGH_dsram_mydesign_0_mydesign_1412
top0/IF_stage/icache/clk_gate_memory_reg_97_
                                       6.8400      0.0      1.3680       5.4720  0.0000  SNPS_CLOCK_GATE_HIGH_dsram_mydesign_0_mydesign_1419
top0/IF_stage/icache/clk_gate_memory_reg_97__0
                                       6.8400      0.0      1.3680       5.4720  0.0000  SNPS_CLOCK_GATE_HIGH_dsram_mydesign_0_mydesign_1418
top0/IF_stage/icache/clk_gate_memory_reg_97__1
                                       6.8400      0.0      1.3680       5.4720  0.0000  SNPS_CLOCK_GATE_HIGH_dsram_mydesign_0_mydesign_1417
top0/IF_stage/icache/clk_gate_memory_reg_97__2
                                       6.8400      0.0      1.3680       5.4720  0.0000  SNPS_CLOCK_GATE_HIGH_dsram_mydesign_0_mydesign_1416
top0/IF_stage/icache/clk_gate_memory_reg_98_
                                       6.8400      0.0      1.3680       5.4720  0.0000  SNPS_CLOCK_GATE_HIGH_dsram_mydesign_0_mydesign_1423
top0/IF_stage/icache/clk_gate_memory_reg_98__0
                                       6.8400      0.0      1.3680       5.4720  0.0000  SNPS_CLOCK_GATE_HIGH_dsram_mydesign_0_mydesign_1422
top0/IF_stage/icache/clk_gate_memory_reg_98__1
                                       6.8400      0.0      1.3680       5.4720  0.0000  SNPS_CLOCK_GATE_HIGH_dsram_mydesign_0_mydesign_1421
top0/IF_stage/icache/clk_gate_memory_reg_98__2
                                       6.8400      0.0      1.3680       5.4720  0.0000  SNPS_CLOCK_GATE_HIGH_dsram_mydesign_0_mydesign_1420
top0/IF_stage/icache/clk_gate_memory_reg_99_
                                       6.8400      0.0      1.3680       5.4720  0.0000  SNPS_CLOCK_GATE_HIGH_dsram_mydesign_0_mydesign_1427
top0/IF_stage/icache/clk_gate_memory_reg_99__0
                                       6.8400      0.0      1.3680       5.4720  0.0000  SNPS_CLOCK_GATE_HIGH_dsram_mydesign_0_mydesign_1426
top0/IF_stage/icache/clk_gate_memory_reg_99__1
                                       6.8400      0.0      1.3680       5.4720  0.0000  SNPS_CLOCK_GATE_HIGH_dsram_mydesign_0_mydesign_1425
top0/IF_stage/icache/clk_gate_memory_reg_99__2
                                       6.8400      0.0      1.3680       5.4720  0.0000  SNPS_CLOCK_GATE_HIGH_dsram_mydesign_0_mydesign_1424
top0/IF_stage/icache/clk_gate_memory_reg_9_
                                       6.8400      0.0      1.3680       5.4720  0.0000  SNPS_CLOCK_GATE_HIGH_dsram_mydesign_0_mydesign_1067
top0/IF_stage/icache/clk_gate_memory_reg_9__0
                                       6.8400      0.0      1.3680       5.4720  0.0000  SNPS_CLOCK_GATE_HIGH_dsram_mydesign_0_mydesign_1066
top0/IF_stage/icache/clk_gate_memory_reg_9__1
                                       6.8400      0.0      1.3680       5.4720  0.0000  SNPS_CLOCK_GATE_HIGH_dsram_mydesign_0_mydesign_1065
top0/IF_stage/icache/clk_gate_memory_reg_9__2
                                       6.8400      0.0      1.3680       5.4720  0.0000  SNPS_CLOCK_GATE_HIGH_dsram_mydesign_0_mydesign_1064
--------------------------------  -----------  -------  ----------  -----------  ------  ---------------------------------------------------
Total                                                   34136.3888  112212.2545  0.0000

1
