Information: Propagating switching activity (low effort zero delay simulation). (PWR-6)
Warning: Design has unannotated primary inputs. (PWR-414)
Warning: Design has unannotated sequential cell outputs. (PWR-415)
 
****************************************
Report : power
        -hier
        -analysis_effort low
Design : top_pipe
Version: R-2020.09-SP5
Date   : Wed Sep 13 21:28:15 2023
****************************************


Library(s) Used:

    slow_vdd1v2 (File: /usr/cadtool/GPDK45/gsclib045_svt_v4.4/gsclib045/db/slow_vdd1v2_basicCells_wl.db)


Operating Conditions: PVT_1P08V_125C   Library: slow_vdd1v2
Wire Load Model Mode: enclosed

Design        Wire Load Model            Library
------------------------------------------------
top_pipe               Large             slow_vdd1v2
top                    Small             slow_vdd1v2
IF_stage               Small             slow_vdd1v2
IF_ID                  Small             slow_vdd1v2
ID_stage               Small             slow_vdd1v2
ID_EXE                 Small             slow_vdd1v2
EXE_stage              Small             slow_vdd1v2
PC                     Small             slow_vdd1v2
dsram_mydesign_1       Small             slow_vdd1v2
SNPS_CLOCK_GATE_HIGH_IF_ID_mydesign_0
                       Small             slow_vdd1v2
regfile                Small             slow_vdd1v2
controller             Small             slow_vdd1v2
dsram_mydesign_0       Small             slow_vdd1v2
alu                    Small             slow_vdd1v2
SNPS_CLOCK_GATE_HIGH_PC_mydesign_0
                       Small             slow_vdd1v2
SNPS_CLOCK_GATE_HIGH_PC_mydesign_1
                       Small             slow_vdd1v2
SNPS_CLOCK_GATE_HIGH_dsram_mydesign_0_mydesign_2055
                       Small             slow_vdd1v2
SNPS_CLOCK_GATE_HIGH_dsram_mydesign_0_mydesign_2052
                       Small             slow_vdd1v2
SNPS_CLOCK_GATE_HIGH_regfile_mydesign_0
                       Small             slow_vdd1v2
SNPS_CLOCK_GATE_HIGH_dsram_mydesign_0_mydesign_1
                       Small             slow_vdd1v2
SNPS_CLOCK_GATE_HIGH_dsram_mydesign_0_mydesign_2
                       Small             slow_vdd1v2
SNPS_CLOCK_GATE_HIGH_dsram_mydesign_0_mydesign_3
                       Small             slow_vdd1v2
SNPS_CLOCK_GATE_HIGH_dsram_mydesign_0_mydesign_4
                       Small             slow_vdd1v2
SNPS_CLOCK_GATE_HIGH_dsram_mydesign_0_mydesign_5
                       Small             slow_vdd1v2
SNPS_CLOCK_GATE_HIGH_dsram_mydesign_0_mydesign_6
                       Small             slow_vdd1v2
SNPS_CLOCK_GATE_HIGH_dsram_mydesign_0_mydesign_7
                       Small             slow_vdd1v2
SNPS_CLOCK_GATE_HIGH_dsram_mydesign_0_mydesign_8
                       Small             slow_vdd1v2
SNPS_CLOCK_GATE_HIGH_dsram_mydesign_0_mydesign_9
                       Small             slow_vdd1v2
SNPS_CLOCK_GATE_HIGH_dsram_mydesign_0_mydesign_10
                       Small             slow_vdd1v2
SNPS_CLOCK_GATE_HIGH_dsram_mydesign_0_mydesign_11
                       Small             slow_vdd1v2
SNPS_CLOCK_GATE_HIGH_dsram_mydesign_0_mydesign_12
                       Small             slow_vdd1v2
SNPS_CLOCK_GATE_HIGH_dsram_mydesign_0_mydesign_13
                       Small             slow_vdd1v2
SNPS_CLOCK_GATE_HIGH_dsram_mydesign_0_mydesign_14
                       Small             slow_vdd1v2
SNPS_CLOCK_GATE_HIGH_dsram_mydesign_0_mydesign_15
                       Small             slow_vdd1v2
SNPS_CLOCK_GATE_HIGH_dsram_mydesign_0_mydesign_16
                       Small             slow_vdd1v2
SNPS_CLOCK_GATE_HIGH_dsram_mydesign_0_mydesign_17
                       Small             slow_vdd1v2
SNPS_CLOCK_GATE_HIGH_dsram_mydesign_0_mydesign_18
                       Small             slow_vdd1v2
SNPS_CLOCK_GATE_HIGH_dsram_mydesign_0_mydesign_19
                       Small             slow_vdd1v2
SNPS_CLOCK_GATE_HIGH_dsram_mydesign_0_mydesign_20
                       Small             slow_vdd1v2
SNPS_CLOCK_GATE_HIGH_dsram_mydesign_0_mydesign_21
                       Small             slow_vdd1v2
SNPS_CLOCK_GATE_HIGH_dsram_mydesign_0_mydesign_22
                       Small             slow_vdd1v2
SNPS_CLOCK_GATE_HIGH_dsram_mydesign_0_mydesign_23
                       Small             slow_vdd1v2
SNPS_CLOCK_GATE_HIGH_dsram_mydesign_0_mydesign_24
                       Small             slow_vdd1v2
SNPS_CLOCK_GATE_HIGH_dsram_mydesign_0_mydesign_25
                       Small             slow_vdd1v2
SNPS_CLOCK_GATE_HIGH_dsram_mydesign_0_mydesign_26
                       Small             slow_vdd1v2
SNPS_CLOCK_GATE_HIGH_dsram_mydesign_0_mydesign_27
                       Small             slow_vdd1v2
SNPS_CLOCK_GATE_HIGH_dsram_mydesign_0_mydesign_28
                       Small             slow_vdd1v2
SNPS_CLOCK_GATE_HIGH_dsram_mydesign_0_mydesign_29
                       Small             slow_vdd1v2
SNPS_CLOCK_GATE_HIGH_dsram_mydesign_0_mydesign_30
                       Small             slow_vdd1v2
SNPS_CLOCK_GATE_HIGH_dsram_mydesign_0_mydesign_31
                       Small             slow_vdd1v2
SNPS_CLOCK_GATE_HIGH_dsram_mydesign_0_mydesign_32
                       Small             slow_vdd1v2
SNPS_CLOCK_GATE_HIGH_dsram_mydesign_0_mydesign_33
                       Small             slow_vdd1v2
SNPS_CLOCK_GATE_HIGH_dsram_mydesign_0_mydesign_34
                       Small             slow_vdd1v2
SNPS_CLOCK_GATE_HIGH_dsram_mydesign_0_mydesign_35
                       Small             slow_vdd1v2
SNPS_CLOCK_GATE_HIGH_dsram_mydesign_0_mydesign_36
                       Small             slow_vdd1v2
SNPS_CLOCK_GATE_HIGH_dsram_mydesign_0_mydesign_37
                       Small             slow_vdd1v2
SNPS_CLOCK_GATE_HIGH_dsram_mydesign_0_mydesign_38
                       Small             slow_vdd1v2
SNPS_CLOCK_GATE_HIGH_dsram_mydesign_0_mydesign_39
                       Small             slow_vdd1v2
SNPS_CLOCK_GATE_HIGH_dsram_mydesign_0_mydesign_40
                       Small             slow_vdd1v2
SNPS_CLOCK_GATE_HIGH_dsram_mydesign_0_mydesign_41
                       Small             slow_vdd1v2
SNPS_CLOCK_GATE_HIGH_dsram_mydesign_0_mydesign_42
                       Small             slow_vdd1v2
SNPS_CLOCK_GATE_HIGH_dsram_mydesign_0_mydesign_43
                       Small             slow_vdd1v2
SNPS_CLOCK_GATE_HIGH_dsram_mydesign_0_mydesign_44
                       Small             slow_vdd1v2
SNPS_CLOCK_GATE_HIGH_dsram_mydesign_0_mydesign_45
                       Small             slow_vdd1v2
SNPS_CLOCK_GATE_HIGH_dsram_mydesign_0_mydesign_46
                       Small             slow_vdd1v2
SNPS_CLOCK_GATE_HIGH_dsram_mydesign_0_mydesign_47
                       Small             slow_vdd1v2
SNPS_CLOCK_GATE_HIGH_dsram_mydesign_0_mydesign_48
                       Small             slow_vdd1v2
SNPS_CLOCK_GATE_HIGH_dsram_mydesign_0_mydesign_49
                       Small             slow_vdd1v2
SNPS_CLOCK_GATE_HIGH_dsram_mydesign_0_mydesign_50
                       Small             slow_vdd1v2
SNPS_CLOCK_GATE_HIGH_dsram_mydesign_0_mydesign_51
                       Small             slow_vdd1v2
SNPS_CLOCK_GATE_HIGH_dsram_mydesign_0_mydesign_52
                       Small             slow_vdd1v2
SNPS_CLOCK_GATE_HIGH_dsram_mydesign_0_mydesign_53
                       Small             slow_vdd1v2
SNPS_CLOCK_GATE_HIGH_dsram_mydesign_0_mydesign_54
                       Small             slow_vdd1v2
SNPS_CLOCK_GATE_HIGH_dsram_mydesign_0_mydesign_55
                       Small             slow_vdd1v2
SNPS_CLOCK_GATE_HIGH_dsram_mydesign_0_mydesign_56
                       Small             slow_vdd1v2
SNPS_CLOCK_GATE_HIGH_dsram_mydesign_0_mydesign_57
                       Small             slow_vdd1v2
SNPS_CLOCK_GATE_HIGH_dsram_mydesign_0_mydesign_58
                       Small             slow_vdd1v2
SNPS_CLOCK_GATE_HIGH_dsram_mydesign_0_mydesign_59
                       Small             slow_vdd1v2
SNPS_CLOCK_GATE_HIGH_dsram_mydesign_0_mydesign_60
                       Small             slow_vdd1v2
SNPS_CLOCK_GATE_HIGH_dsram_mydesign_0_mydesign_61
                       Small             slow_vdd1v2
SNPS_CLOCK_GATE_HIGH_dsram_mydesign_0_mydesign_62
                       Small             slow_vdd1v2
SNPS_CLOCK_GATE_HIGH_dsram_mydesign_0_mydesign_63
                       Small             slow_vdd1v2
SNPS_CLOCK_GATE_HIGH_dsram_mydesign_0_mydesign_64
                       Small             slow_vdd1v2
SNPS_CLOCK_GATE_HIGH_dsram_mydesign_0_mydesign_65
                       Small             slow_vdd1v2
SNPS_CLOCK_GATE_HIGH_dsram_mydesign_0_mydesign_66
                       Small             slow_vdd1v2
SNPS_CLOCK_GATE_HIGH_dsram_mydesign_0_mydesign_67
                       Small             slow_vdd1v2
SNPS_CLOCK_GATE_HIGH_dsram_mydesign_0_mydesign_68
                       Small             slow_vdd1v2
SNPS_CLOCK_GATE_HIGH_dsram_mydesign_0_mydesign_69
                       Small             slow_vdd1v2
SNPS_CLOCK_GATE_HIGH_dsram_mydesign_0_mydesign_70
                       Small             slow_vdd1v2
SNPS_CLOCK_GATE_HIGH_dsram_mydesign_0_mydesign_71
                       Small             slow_vdd1v2
SNPS_CLOCK_GATE_HIGH_dsram_mydesign_0_mydesign_72
                       Small             slow_vdd1v2
SNPS_CLOCK_GATE_HIGH_dsram_mydesign_0_mydesign_73
                       Small             slow_vdd1v2
SNPS_CLOCK_GATE_HIGH_dsram_mydesign_0_mydesign_74
                       Small             slow_vdd1v2
SNPS_CLOCK_GATE_HIGH_dsram_mydesign_0_mydesign_75
                       Small             slow_vdd1v2
SNPS_CLOCK_GATE_HIGH_dsram_mydesign_0_mydesign_76
                       Small             slow_vdd1v2
SNPS_CLOCK_GATE_HIGH_dsram_mydesign_0_mydesign_77
                       Small             slow_vdd1v2
SNPS_CLOCK_GATE_HIGH_dsram_mydesign_0_mydesign_78
                       Small             slow_vdd1v2
SNPS_CLOCK_GATE_HIGH_dsram_mydesign_0_mydesign_79
                       Small             slow_vdd1v2
SNPS_CLOCK_GATE_HIGH_dsram_mydesign_0_mydesign_80
                       Small             slow_vdd1v2
SNPS_CLOCK_GATE_HIGH_dsram_mydesign_0_mydesign_81
                       Small             slow_vdd1v2
SNPS_CLOCK_GATE_HIGH_dsram_mydesign_0_mydesign_82
                       Small             slow_vdd1v2
SNPS_CLOCK_GATE_HIGH_dsram_mydesign_0_mydesign_83
                       Small             slow_vdd1v2
SNPS_CLOCK_GATE_HIGH_dsram_mydesign_0_mydesign_84
                       Small             slow_vdd1v2
SNPS_CLOCK_GATE_HIGH_dsram_mydesign_0_mydesign_85
                       Small             slow_vdd1v2
SNPS_CLOCK_GATE_HIGH_dsram_mydesign_0_mydesign_86
                       Small             slow_vdd1v2
SNPS_CLOCK_GATE_HIGH_dsram_mydesign_0_mydesign_87
                       Small             slow_vdd1v2
SNPS_CLOCK_GATE_HIGH_dsram_mydesign_0_mydesign_88
                       Small             slow_vdd1v2
SNPS_CLOCK_GATE_HIGH_dsram_mydesign_0_mydesign_89
                       Small             slow_vdd1v2
SNPS_CLOCK_GATE_HIGH_dsram_mydesign_0_mydesign_90
                       Small             slow_vdd1v2
SNPS_CLOCK_GATE_HIGH_dsram_mydesign_0_mydesign_91
                       Small             slow_vdd1v2
SNPS_CLOCK_GATE_HIGH_dsram_mydesign_0_mydesign_92
                       Small             slow_vdd1v2
SNPS_CLOCK_GATE_HIGH_dsram_mydesign_0_mydesign_93
                       Small             slow_vdd1v2
SNPS_CLOCK_GATE_HIGH_dsram_mydesign_0_mydesign_94
                       Small             slow_vdd1v2
SNPS_CLOCK_GATE_HIGH_dsram_mydesign_0_mydesign_95
                       Small             slow_vdd1v2
SNPS_CLOCK_GATE_HIGH_dsram_mydesign_0_mydesign_96
                       Small             slow_vdd1v2
SNPS_CLOCK_GATE_HIGH_dsram_mydesign_0_mydesign_97
                       Small             slow_vdd1v2
SNPS_CLOCK_GATE_HIGH_dsram_mydesign_0_mydesign_98
                       Small             slow_vdd1v2
SNPS_CLOCK_GATE_HIGH_dsram_mydesign_0_mydesign_99
                       Small             slow_vdd1v2
SNPS_CLOCK_GATE_HIGH_dsram_mydesign_0_mydesign_100
                       Small             slow_vdd1v2
SNPS_CLOCK_GATE_HIGH_dsram_mydesign_0_mydesign_101
                       Small             slow_vdd1v2
SNPS_CLOCK_GATE_HIGH_dsram_mydesign_0_mydesign_102
                       Small             slow_vdd1v2
SNPS_CLOCK_GATE_HIGH_dsram_mydesign_0_mydesign_103
                       Small             slow_vdd1v2
SNPS_CLOCK_GATE_HIGH_dsram_mydesign_0_mydesign_104
                       Small             slow_vdd1v2
SNPS_CLOCK_GATE_HIGH_dsram_mydesign_0_mydesign_105
                       Small             slow_vdd1v2
SNPS_CLOCK_GATE_HIGH_dsram_mydesign_0_mydesign_106
                       Small             slow_vdd1v2
SNPS_CLOCK_GATE_HIGH_dsram_mydesign_0_mydesign_107
                       Small             slow_vdd1v2
SNPS_CLOCK_GATE_HIGH_dsram_mydesign_0_mydesign_108
                       Small             slow_vdd1v2
SNPS_CLOCK_GATE_HIGH_dsram_mydesign_0_mydesign_109
                       Small             slow_vdd1v2
SNPS_CLOCK_GATE_HIGH_dsram_mydesign_0_mydesign_110
                       Small             slow_vdd1v2
SNPS_CLOCK_GATE_HIGH_dsram_mydesign_0_mydesign_111
                       Small             slow_vdd1v2
SNPS_CLOCK_GATE_HIGH_dsram_mydesign_0_mydesign_112
                       Small             slow_vdd1v2
SNPS_CLOCK_GATE_HIGH_dsram_mydesign_0_mydesign_113
                       Small             slow_vdd1v2
SNPS_CLOCK_GATE_HIGH_dsram_mydesign_0_mydesign_114
                       Small             slow_vdd1v2
SNPS_CLOCK_GATE_HIGH_dsram_mydesign_0_mydesign_115
                       Small             slow_vdd1v2
SNPS_CLOCK_GATE_HIGH_dsram_mydesign_0_mydesign_116
                       Small             slow_vdd1v2
SNPS_CLOCK_GATE_HIGH_dsram_mydesign_0_mydesign_117
                       Small             slow_vdd1v2
SNPS_CLOCK_GATE_HIGH_dsram_mydesign_0_mydesign_118
                       Small             slow_vdd1v2
SNPS_CLOCK_GATE_HIGH_dsram_mydesign_0_mydesign_119
                       Small             slow_vdd1v2
SNPS_CLOCK_GATE_HIGH_dsram_mydesign_0_mydesign_120
                       Small             slow_vdd1v2
SNPS_CLOCK_GATE_HIGH_dsram_mydesign_0_mydesign_121
                       Small             slow_vdd1v2
SNPS_CLOCK_GATE_HIGH_dsram_mydesign_0_mydesign_122
                       Small             slow_vdd1v2
SNPS_CLOCK_GATE_HIGH_dsram_mydesign_0_mydesign_123
                       Small             slow_vdd1v2
SNPS_CLOCK_GATE_HIGH_dsram_mydesign_0_mydesign_124
                       Small             slow_vdd1v2
SNPS_CLOCK_GATE_HIGH_dsram_mydesign_0_mydesign_125
                       Small             slow_vdd1v2
SNPS_CLOCK_GATE_HIGH_dsram_mydesign_0_mydesign_126
                       Small             slow_vdd1v2
SNPS_CLOCK_GATE_HIGH_dsram_mydesign_0_mydesign_127
                       Small             slow_vdd1v2
SNPS_CLOCK_GATE_HIGH_dsram_mydesign_0_mydesign_128
                       Small             slow_vdd1v2
SNPS_CLOCK_GATE_HIGH_dsram_mydesign_0_mydesign_129
                       Small             slow_vdd1v2
SNPS_CLOCK_GATE_HIGH_dsram_mydesign_0_mydesign_130
                       Small             slow_vdd1v2
SNPS_CLOCK_GATE_HIGH_dsram_mydesign_0_mydesign_131
                       Small             slow_vdd1v2
SNPS_CLOCK_GATE_HIGH_dsram_mydesign_0_mydesign_132
                       Small             slow_vdd1v2
SNPS_CLOCK_GATE_HIGH_dsram_mydesign_0_mydesign_133
                       Small             slow_vdd1v2
SNPS_CLOCK_GATE_HIGH_dsram_mydesign_0_mydesign_134
                       Small             slow_vdd1v2
SNPS_CLOCK_GATE_HIGH_dsram_mydesign_0_mydesign_135
                       Small             slow_vdd1v2
SNPS_CLOCK_GATE_HIGH_dsram_mydesign_0_mydesign_136
                       Small             slow_vdd1v2
SNPS_CLOCK_GATE_HIGH_dsram_mydesign_0_mydesign_137
                       Small             slow_vdd1v2
SNPS_CLOCK_GATE_HIGH_dsram_mydesign_0_mydesign_138
                       Small             slow_vdd1v2
SNPS_CLOCK_GATE_HIGH_dsram_mydesign_0_mydesign_139
                       Small             slow_vdd1v2
SNPS_CLOCK_GATE_HIGH_dsram_mydesign_0_mydesign_140
                       Small             slow_vdd1v2
SNPS_CLOCK_GATE_HIGH_dsram_mydesign_0_mydesign_141
                       Small             slow_vdd1v2
SNPS_CLOCK_GATE_HIGH_dsram_mydesign_0_mydesign_142
                       Small             slow_vdd1v2
SNPS_CLOCK_GATE_HIGH_dsram_mydesign_0_mydesign_143
                       Small             slow_vdd1v2
SNPS_CLOCK_GATE_HIGH_dsram_mydesign_0_mydesign_144
                       Small             slow_vdd1v2
SNPS_CLOCK_GATE_HIGH_dsram_mydesign_0_mydesign_145
                       Small             slow_vdd1v2
SNPS_CLOCK_GATE_HIGH_dsram_mydesign_0_mydesign_146
                       Small             slow_vdd1v2
SNPS_CLOCK_GATE_HIGH_dsram_mydesign_0_mydesign_147
                       Small             slow_vdd1v2
SNPS_CLOCK_GATE_HIGH_dsram_mydesign_0_mydesign_148
                       Small             slow_vdd1v2
SNPS_CLOCK_GATE_HIGH_dsram_mydesign_0_mydesign_149
                       Small             slow_vdd1v2
SNPS_CLOCK_GATE_HIGH_dsram_mydesign_0_mydesign_150
                       Small             slow_vdd1v2
SNPS_CLOCK_GATE_HIGH_dsram_mydesign_0_mydesign_151
                       Small             slow_vdd1v2
SNPS_CLOCK_GATE_HIGH_dsram_mydesign_0_mydesign_152
                       Small             slow_vdd1v2
SNPS_CLOCK_GATE_HIGH_dsram_mydesign_0_mydesign_153
                       Small             slow_vdd1v2
SNPS_CLOCK_GATE_HIGH_dsram_mydesign_0_mydesign_154
                       Small             slow_vdd1v2
SNPS_CLOCK_GATE_HIGH_dsram_mydesign_0_mydesign_155
                       Small             slow_vdd1v2
SNPS_CLOCK_GATE_HIGH_dsram_mydesign_0_mydesign_156
                       Small             slow_vdd1v2
SNPS_CLOCK_GATE_HIGH_dsram_mydesign_0_mydesign_157
                       Small             slow_vdd1v2
SNPS_CLOCK_GATE_HIGH_dsram_mydesign_0_mydesign_158
                       Small             slow_vdd1v2
SNPS_CLOCK_GATE_HIGH_dsram_mydesign_0_mydesign_159
                       Small             slow_vdd1v2
SNPS_CLOCK_GATE_HIGH_dsram_mydesign_0_mydesign_160
                       Small             slow_vdd1v2
SNPS_CLOCK_GATE_HIGH_dsram_mydesign_0_mydesign_161
                       Small             slow_vdd1v2
SNPS_CLOCK_GATE_HIGH_dsram_mydesign_0_mydesign_162
                       Small             slow_vdd1v2
SNPS_CLOCK_GATE_HIGH_dsram_mydesign_0_mydesign_163
                       Small             slow_vdd1v2
SNPS_CLOCK_GATE_HIGH_dsram_mydesign_0_mydesign_164
                       Small             slow_vdd1v2
SNPS_CLOCK_GATE_HIGH_dsram_mydesign_0_mydesign_165
                       Small             slow_vdd1v2
SNPS_CLOCK_GATE_HIGH_dsram_mydesign_0_mydesign_166
                       Small             slow_vdd1v2
SNPS_CLOCK_GATE_HIGH_dsram_mydesign_0_mydesign_167
                       Small             slow_vdd1v2
SNPS_CLOCK_GATE_HIGH_dsram_mydesign_0_mydesign_168
                       Small             slow_vdd1v2
SNPS_CLOCK_GATE_HIGH_dsram_mydesign_0_mydesign_169
                       Small             slow_vdd1v2
SNPS_CLOCK_GATE_HIGH_dsram_mydesign_0_mydesign_170
                       Small             slow_vdd1v2
SNPS_CLOCK_GATE_HIGH_dsram_mydesign_0_mydesign_171
                       Small             slow_vdd1v2
SNPS_CLOCK_GATE_HIGH_dsram_mydesign_0_mydesign_172
                       Small             slow_vdd1v2
SNPS_CLOCK_GATE_HIGH_dsram_mydesign_0_mydesign_173
                       Small             slow_vdd1v2
SNPS_CLOCK_GATE_HIGH_dsram_mydesign_0_mydesign_174
                       Small             slow_vdd1v2
SNPS_CLOCK_GATE_HIGH_dsram_mydesign_0_mydesign_175
                       Small             slow_vdd1v2
SNPS_CLOCK_GATE_HIGH_dsram_mydesign_0_mydesign_176
                       Small             slow_vdd1v2
SNPS_CLOCK_GATE_HIGH_dsram_mydesign_0_mydesign_177
                       Small             slow_vdd1v2
SNPS_CLOCK_GATE_HIGH_dsram_mydesign_0_mydesign_178
                       Small             slow_vdd1v2
SNPS_CLOCK_GATE_HIGH_dsram_mydesign_0_mydesign_179
                       Small             slow_vdd1v2
SNPS_CLOCK_GATE_HIGH_dsram_mydesign_0_mydesign_180
                       Small             slow_vdd1v2
SNPS_CLOCK_GATE_HIGH_dsram_mydesign_0_mydesign_181
                       Small             slow_vdd1v2
SNPS_CLOCK_GATE_HIGH_dsram_mydesign_0_mydesign_182
                       Small             slow_vdd1v2
SNPS_CLOCK_GATE_HIGH_dsram_mydesign_0_mydesign_183
                       Small             slow_vdd1v2
SNPS_CLOCK_GATE_HIGH_dsram_mydesign_0_mydesign_184
                       Small             slow_vdd1v2
SNPS_CLOCK_GATE_HIGH_dsram_mydesign_0_mydesign_185
                       Small             slow_vdd1v2
SNPS_CLOCK_GATE_HIGH_dsram_mydesign_0_mydesign_186
                       Small             slow_vdd1v2
SNPS_CLOCK_GATE_HIGH_dsram_mydesign_0_mydesign_187
                       Small             slow_vdd1v2
SNPS_CLOCK_GATE_HIGH_dsram_mydesign_0_mydesign_188
                       Small             slow_vdd1v2
SNPS_CLOCK_GATE_HIGH_dsram_mydesign_0_mydesign_189
                       Small             slow_vdd1v2
SNPS_CLOCK_GATE_HIGH_dsram_mydesign_0_mydesign_190
                       Small             slow_vdd1v2
SNPS_CLOCK_GATE_HIGH_dsram_mydesign_0_mydesign_191
                       Small             slow_vdd1v2
SNPS_CLOCK_GATE_HIGH_dsram_mydesign_0_mydesign_192
                       Small             slow_vdd1v2
SNPS_CLOCK_GATE_HIGH_dsram_mydesign_0_mydesign_193
                       Small             slow_vdd1v2
SNPS_CLOCK_GATE_HIGH_dsram_mydesign_0_mydesign_194
                       Small             slow_vdd1v2
SNPS_CLOCK_GATE_HIGH_dsram_mydesign_0_mydesign_195
                       Small             slow_vdd1v2
SNPS_CLOCK_GATE_HIGH_dsram_mydesign_0_mydesign_196
                       Small             slow_vdd1v2
SNPS_CLOCK_GATE_HIGH_dsram_mydesign_0_mydesign_197
                       Small             slow_vdd1v2
SNPS_CLOCK_GATE_HIGH_dsram_mydesign_0_mydesign_198
                       Small             slow_vdd1v2
SNPS_CLOCK_GATE_HIGH_dsram_mydesign_0_mydesign_199
                       Small             slow_vdd1v2
SNPS_CLOCK_GATE_HIGH_dsram_mydesign_0_mydesign_200
                       Small             slow_vdd1v2
SNPS_CLOCK_GATE_HIGH_dsram_mydesign_0_mydesign_201
                       Small             slow_vdd1v2
SNPS_CLOCK_GATE_HIGH_dsram_mydesign_0_mydesign_202
                       Small             slow_vdd1v2
SNPS_CLOCK_GATE_HIGH_dsram_mydesign_0_mydesign_203
                       Small             slow_vdd1v2
SNPS_CLOCK_GATE_HIGH_dsram_mydesign_0_mydesign_204
                       Small             slow_vdd1v2
SNPS_CLOCK_GATE_HIGH_dsram_mydesign_0_mydesign_205
                       Small             slow_vdd1v2
SNPS_CLOCK_GATE_HIGH_dsram_mydesign_0_mydesign_206
                       Small             slow_vdd1v2
SNPS_CLOCK_GATE_HIGH_dsram_mydesign_0_mydesign_207
                       Small             slow_vdd1v2
SNPS_CLOCK_GATE_HIGH_dsram_mydesign_0_mydesign_208
                       Small             slow_vdd1v2
SNPS_CLOCK_GATE_HIGH_dsram_mydesign_0_mydesign_209
                       Small             slow_vdd1v2
SNPS_CLOCK_GATE_HIGH_dsram_mydesign_0_mydesign_210
                       Small             slow_vdd1v2
SNPS_CLOCK_GATE_HIGH_dsram_mydesign_0_mydesign_211
                       Small             slow_vdd1v2
SNPS_CLOCK_GATE_HIGH_dsram_mydesign_0_mydesign_212
                       Small             slow_vdd1v2
SNPS_CLOCK_GATE_HIGH_dsram_mydesign_0_mydesign_213
                       Small             slow_vdd1v2
SNPS_CLOCK_GATE_HIGH_dsram_mydesign_0_mydesign_214
                       Small             slow_vdd1v2
SNPS_CLOCK_GATE_HIGH_dsram_mydesign_0_mydesign_215
                       Small             slow_vdd1v2
SNPS_CLOCK_GATE_HIGH_dsram_mydesign_0_mydesign_216
                       Small             slow_vdd1v2
SNPS_CLOCK_GATE_HIGH_dsram_mydesign_0_mydesign_217
                       Small             slow_vdd1v2
SNPS_CLOCK_GATE_HIGH_dsram_mydesign_0_mydesign_218
                       Small             slow_vdd1v2
SNPS_CLOCK_GATE_HIGH_dsram_mydesign_0_mydesign_219
                       Small             slow_vdd1v2
SNPS_CLOCK_GATE_HIGH_dsram_mydesign_0_mydesign_220
                       Small             slow_vdd1v2
SNPS_CLOCK_GATE_HIGH_dsram_mydesign_0_mydesign_221
                       Small             slow_vdd1v2
SNPS_CLOCK_GATE_HIGH_dsram_mydesign_0_mydesign_222
                       Small             slow_vdd1v2
SNPS_CLOCK_GATE_HIGH_dsram_mydesign_0_mydesign_223
                       Small             slow_vdd1v2
SNPS_CLOCK_GATE_HIGH_dsram_mydesign_0_mydesign_224
                       Small             slow_vdd1v2
SNPS_CLOCK_GATE_HIGH_dsram_mydesign_0_mydesign_225
                       Small             slow_vdd1v2
SNPS_CLOCK_GATE_HIGH_dsram_mydesign_0_mydesign_226
                       Small             slow_vdd1v2
SNPS_CLOCK_GATE_HIGH_dsram_mydesign_0_mydesign_227
                       Small             slow_vdd1v2
SNPS_CLOCK_GATE_HIGH_dsram_mydesign_0_mydesign_228
                       Small             slow_vdd1v2
SNPS_CLOCK_GATE_HIGH_dsram_mydesign_0_mydesign_229
                       Small             slow_vdd1v2
SNPS_CLOCK_GATE_HIGH_dsram_mydesign_0_mydesign_230
                       Small             slow_vdd1v2
SNPS_CLOCK_GATE_HIGH_dsram_mydesign_0_mydesign_231
                       Small             slow_vdd1v2
SNPS_CLOCK_GATE_HIGH_dsram_mydesign_0_mydesign_232
                       Small             slow_vdd1v2
SNPS_CLOCK_GATE_HIGH_dsram_mydesign_0_mydesign_233
                       Small             slow_vdd1v2
SNPS_CLOCK_GATE_HIGH_dsram_mydesign_0_mydesign_234
                       Small             slow_vdd1v2
SNPS_CLOCK_GATE_HIGH_dsram_mydesign_0_mydesign_235
                       Small             slow_vdd1v2
SNPS_CLOCK_GATE_HIGH_dsram_mydesign_0_mydesign_236
                       Small             slow_vdd1v2
SNPS_CLOCK_GATE_HIGH_dsram_mydesign_0_mydesign_237
                       Small             slow_vdd1v2
SNPS_CLOCK_GATE_HIGH_dsram_mydesign_0_mydesign_238
                       Small             slow_vdd1v2
SNPS_CLOCK_GATE_HIGH_dsram_mydesign_0_mydesign_239
                       Small             slow_vdd1v2
SNPS_CLOCK_GATE_HIGH_dsram_mydesign_0_mydesign_240
                       Small             slow_vdd1v2
SNPS_CLOCK_GATE_HIGH_dsram_mydesign_0_mydesign_241
                       Small             slow_vdd1v2
SNPS_CLOCK_GATE_HIGH_dsram_mydesign_0_mydesign_242
                       Small             slow_vdd1v2
SNPS_CLOCK_GATE_HIGH_dsram_mydesign_0_mydesign_243
                       Small             slow_vdd1v2
SNPS_CLOCK_GATE_HIGH_dsram_mydesign_0_mydesign_244
                       Small             slow_vdd1v2
SNPS_CLOCK_GATE_HIGH_dsram_mydesign_0_mydesign_245
                       Small             slow_vdd1v2
SNPS_CLOCK_GATE_HIGH_dsram_mydesign_0_mydesign_246
                       Small             slow_vdd1v2
SNPS_CLOCK_GATE_HIGH_dsram_mydesign_0_mydesign_247
                       Small             slow_vdd1v2
SNPS_CLOCK_GATE_HIGH_dsram_mydesign_0_mydesign_248
                       Small             slow_vdd1v2
SNPS_CLOCK_GATE_HIGH_dsram_mydesign_0_mydesign_249
                       Small             slow_vdd1v2
SNPS_CLOCK_GATE_HIGH_dsram_mydesign_0_mydesign_250
                       Small             slow_vdd1v2
SNPS_CLOCK_GATE_HIGH_dsram_mydesign_0_mydesign_251
                       Small             slow_vdd1v2
SNPS_CLOCK_GATE_HIGH_dsram_mydesign_0_mydesign_252
                       Small             slow_vdd1v2
SNPS_CLOCK_GATE_HIGH_dsram_mydesign_0_mydesign_253
                       Small             slow_vdd1v2
SNPS_CLOCK_GATE_HIGH_dsram_mydesign_0_mydesign_254
                       Small             slow_vdd1v2
SNPS_CLOCK_GATE_HIGH_dsram_mydesign_0_mydesign_255
                       Small             slow_vdd1v2
SNPS_CLOCK_GATE_HIGH_dsram_mydesign_0_mydesign_256
                       Small             slow_vdd1v2
SNPS_CLOCK_GATE_HIGH_dsram_mydesign_0_mydesign_257
                       Small             slow_vdd1v2
SNPS_CLOCK_GATE_HIGH_dsram_mydesign_0_mydesign_258
                       Small             slow_vdd1v2
SNPS_CLOCK_GATE_HIGH_dsram_mydesign_0_mydesign_259
                       Small             slow_vdd1v2
SNPS_CLOCK_GATE_HIGH_dsram_mydesign_0_mydesign_260
                       Small             slow_vdd1v2
SNPS_CLOCK_GATE_HIGH_dsram_mydesign_0_mydesign_261
                       Small             slow_vdd1v2
SNPS_CLOCK_GATE_HIGH_dsram_mydesign_0_mydesign_262
                       Small             slow_vdd1v2
SNPS_CLOCK_GATE_HIGH_dsram_mydesign_0_mydesign_263
                       Small             slow_vdd1v2
SNPS_CLOCK_GATE_HIGH_dsram_mydesign_0_mydesign_264
                       Small             slow_vdd1v2
SNPS_CLOCK_GATE_HIGH_dsram_mydesign_0_mydesign_265
                       Small             slow_vdd1v2
SNPS_CLOCK_GATE_HIGH_dsram_mydesign_0_mydesign_266
                       Small             slow_vdd1v2
SNPS_CLOCK_GATE_HIGH_dsram_mydesign_0_mydesign_267
                       Small             slow_vdd1v2
SNPS_CLOCK_GATE_HIGH_dsram_mydesign_0_mydesign_268
                       Small             slow_vdd1v2
SNPS_CLOCK_GATE_HIGH_dsram_mydesign_0_mydesign_269
                       Small             slow_vdd1v2
SNPS_CLOCK_GATE_HIGH_dsram_mydesign_0_mydesign_270
                       Small             slow_vdd1v2
SNPS_CLOCK_GATE_HIGH_dsram_mydesign_0_mydesign_271
                       Small             slow_vdd1v2
SNPS_CLOCK_GATE_HIGH_dsram_mydesign_0_mydesign_272
                       Small             slow_vdd1v2
SNPS_CLOCK_GATE_HIGH_dsram_mydesign_0_mydesign_273
                       Small             slow_vdd1v2
SNPS_CLOCK_GATE_HIGH_dsram_mydesign_0_mydesign_274
                       Small             slow_vdd1v2
SNPS_CLOCK_GATE_HIGH_dsram_mydesign_0_mydesign_275
                       Small             slow_vdd1v2
SNPS_CLOCK_GATE_HIGH_dsram_mydesign_0_mydesign_276
                       Small             slow_vdd1v2
SNPS_CLOCK_GATE_HIGH_dsram_mydesign_0_mydesign_277
                       Small             slow_vdd1v2
SNPS_CLOCK_GATE_HIGH_dsram_mydesign_0_mydesign_278
                       Small             slow_vdd1v2
SNPS_CLOCK_GATE_HIGH_dsram_mydesign_0_mydesign_279
                       Small             slow_vdd1v2
SNPS_CLOCK_GATE_HIGH_dsram_mydesign_0_mydesign_280
                       Small             slow_vdd1v2
SNPS_CLOCK_GATE_HIGH_dsram_mydesign_0_mydesign_281
                       Small             slow_vdd1v2
SNPS_CLOCK_GATE_HIGH_dsram_mydesign_0_mydesign_282
                       Small             slow_vdd1v2
SNPS_CLOCK_GATE_HIGH_dsram_mydesign_0_mydesign_283
                       Small             slow_vdd1v2
SNPS_CLOCK_GATE_HIGH_dsram_mydesign_0_mydesign_284
                       Small             slow_vdd1v2
SNPS_CLOCK_GATE_HIGH_dsram_mydesign_0_mydesign_285
                       Small             slow_vdd1v2
SNPS_CLOCK_GATE_HIGH_dsram_mydesign_0_mydesign_286
                       Small             slow_vdd1v2
SNPS_CLOCK_GATE_HIGH_dsram_mydesign_0_mydesign_287
                       Small             slow_vdd1v2
SNPS_CLOCK_GATE_HIGH_dsram_mydesign_0_mydesign_288
                       Small             slow_vdd1v2
SNPS_CLOCK_GATE_HIGH_dsram_mydesign_0_mydesign_289
                       Small             slow_vdd1v2
SNPS_CLOCK_GATE_HIGH_dsram_mydesign_0_mydesign_290
                       Small             slow_vdd1v2
SNPS_CLOCK_GATE_HIGH_dsram_mydesign_0_mydesign_291
                       Small             slow_vdd1v2
SNPS_CLOCK_GATE_HIGH_dsram_mydesign_0_mydesign_292
                       Small             slow_vdd1v2
SNPS_CLOCK_GATE_HIGH_dsram_mydesign_0_mydesign_293
                       Small             slow_vdd1v2
SNPS_CLOCK_GATE_HIGH_dsram_mydesign_0_mydesign_294
                       Small             slow_vdd1v2
SNPS_CLOCK_GATE_HIGH_dsram_mydesign_0_mydesign_295
                       Small             slow_vdd1v2
SNPS_CLOCK_GATE_HIGH_dsram_mydesign_0_mydesign_296
                       Small             slow_vdd1v2
SNPS_CLOCK_GATE_HIGH_dsram_mydesign_0_mydesign_297
                       Small             slow_vdd1v2
SNPS_CLOCK_GATE_HIGH_dsram_mydesign_0_mydesign_298
                       Small             slow_vdd1v2
SNPS_CLOCK_GATE_HIGH_dsram_mydesign_0_mydesign_299
                       Small             slow_vdd1v2
SNPS_CLOCK_GATE_HIGH_dsram_mydesign_0_mydesign_300
                       Small             slow_vdd1v2
SNPS_CLOCK_GATE_HIGH_dsram_mydesign_0_mydesign_301
                       Small             slow_vdd1v2
SNPS_CLOCK_GATE_HIGH_dsram_mydesign_0_mydesign_302
                       Small             slow_vdd1v2
SNPS_CLOCK_GATE_HIGH_dsram_mydesign_0_mydesign_303
                       Small             slow_vdd1v2
SNPS_CLOCK_GATE_HIGH_dsram_mydesign_0_mydesign_304
                       Small             slow_vdd1v2
SNPS_CLOCK_GATE_HIGH_dsram_mydesign_0_mydesign_305
                       Small             slow_vdd1v2
SNPS_CLOCK_GATE_HIGH_dsram_mydesign_0_mydesign_306
                       Small             slow_vdd1v2
SNPS_CLOCK_GATE_HIGH_dsram_mydesign_0_mydesign_307
                       Small             slow_vdd1v2
SNPS_CLOCK_GATE_HIGH_dsram_mydesign_0_mydesign_308
                       Small             slow_vdd1v2
SNPS_CLOCK_GATE_HIGH_dsram_mydesign_0_mydesign_309
                       Small             slow_vdd1v2
SNPS_CLOCK_GATE_HIGH_dsram_mydesign_0_mydesign_310
                       Small             slow_vdd1v2
SNPS_CLOCK_GATE_HIGH_dsram_mydesign_0_mydesign_311
                       Small             slow_vdd1v2
SNPS_CLOCK_GATE_HIGH_dsram_mydesign_0_mydesign_312
                       Small             slow_vdd1v2
SNPS_CLOCK_GATE_HIGH_dsram_mydesign_0_mydesign_313
                       Small             slow_vdd1v2
SNPS_CLOCK_GATE_HIGH_dsram_mydesign_0_mydesign_314
                       Small             slow_vdd1v2
SNPS_CLOCK_GATE_HIGH_dsram_mydesign_0_mydesign_315
                       Small             slow_vdd1v2
SNPS_CLOCK_GATE_HIGH_dsram_mydesign_0_mydesign_316
                       Small             slow_vdd1v2
SNPS_CLOCK_GATE_HIGH_dsram_mydesign_0_mydesign_317
                       Small             slow_vdd1v2
SNPS_CLOCK_GATE_HIGH_dsram_mydesign_0_mydesign_318
                       Small             slow_vdd1v2
SNPS_CLOCK_GATE_HIGH_dsram_mydesign_0_mydesign_319
                       Small             slow_vdd1v2
SNPS_CLOCK_GATE_HIGH_dsram_mydesign_0_mydesign_320
                       Small             slow_vdd1v2
SNPS_CLOCK_GATE_HIGH_dsram_mydesign_0_mydesign_321
                       Small             slow_vdd1v2
SNPS_CLOCK_GATE_HIGH_dsram_mydesign_0_mydesign_322
                       Small             slow_vdd1v2
SNPS_CLOCK_GATE_HIGH_dsram_mydesign_0_mydesign_323
                       Small             slow_vdd1v2
SNPS_CLOCK_GATE_HIGH_dsram_mydesign_0_mydesign_324
                       Small             slow_vdd1v2
SNPS_CLOCK_GATE_HIGH_dsram_mydesign_0_mydesign_325
                       Small             slow_vdd1v2
SNPS_CLOCK_GATE_HIGH_dsram_mydesign_0_mydesign_326
                       Small             slow_vdd1v2
SNPS_CLOCK_GATE_HIGH_dsram_mydesign_0_mydesign_327
                       Small             slow_vdd1v2
SNPS_CLOCK_GATE_HIGH_dsram_mydesign_0_mydesign_328
                       Small             slow_vdd1v2
SNPS_CLOCK_GATE_HIGH_dsram_mydesign_0_mydesign_329
                       Small             slow_vdd1v2
SNPS_CLOCK_GATE_HIGH_dsram_mydesign_0_mydesign_330
                       Small             slow_vdd1v2
SNPS_CLOCK_GATE_HIGH_dsram_mydesign_0_mydesign_331
                       Small             slow_vdd1v2
SNPS_CLOCK_GATE_HIGH_dsram_mydesign_0_mydesign_332
                       Small             slow_vdd1v2
SNPS_CLOCK_GATE_HIGH_dsram_mydesign_0_mydesign_333
                       Small             slow_vdd1v2
SNPS_CLOCK_GATE_HIGH_dsram_mydesign_0_mydesign_334
                       Small             slow_vdd1v2
SNPS_CLOCK_GATE_HIGH_dsram_mydesign_0_mydesign_335
                       Small             slow_vdd1v2
SNPS_CLOCK_GATE_HIGH_dsram_mydesign_0_mydesign_336
                       Small             slow_vdd1v2
SNPS_CLOCK_GATE_HIGH_dsram_mydesign_0_mydesign_337
                       Small             slow_vdd1v2
SNPS_CLOCK_GATE_HIGH_dsram_mydesign_0_mydesign_338
                       Small             slow_vdd1v2
SNPS_CLOCK_GATE_HIGH_dsram_mydesign_0_mydesign_339
                       Small             slow_vdd1v2
SNPS_CLOCK_GATE_HIGH_dsram_mydesign_0_mydesign_340
                       Small             slow_vdd1v2
SNPS_CLOCK_GATE_HIGH_dsram_mydesign_0_mydesign_341
                       Small             slow_vdd1v2
SNPS_CLOCK_GATE_HIGH_dsram_mydesign_0_mydesign_342
                       Small             slow_vdd1v2
SNPS_CLOCK_GATE_HIGH_dsram_mydesign_0_mydesign_343
                       Small             slow_vdd1v2
SNPS_CLOCK_GATE_HIGH_dsram_mydesign_0_mydesign_344
                       Small             slow_vdd1v2
SNPS_CLOCK_GATE_HIGH_dsram_mydesign_0_mydesign_345
                       Small             slow_vdd1v2
SNPS_CLOCK_GATE_HIGH_dsram_mydesign_0_mydesign_346
                       Small             slow_vdd1v2
SNPS_CLOCK_GATE_HIGH_dsram_mydesign_0_mydesign_347
                       Small             slow_vdd1v2
SNPS_CLOCK_GATE_HIGH_dsram_mydesign_0_mydesign_348
                       Small             slow_vdd1v2
SNPS_CLOCK_GATE_HIGH_dsram_mydesign_0_mydesign_349
                       Small             slow_vdd1v2
SNPS_CLOCK_GATE_HIGH_dsram_mydesign_0_mydesign_350
                       Small             slow_vdd1v2
SNPS_CLOCK_GATE_HIGH_dsram_mydesign_0_mydesign_351
                       Small             slow_vdd1v2
SNPS_CLOCK_GATE_HIGH_dsram_mydesign_0_mydesign_352
                       Small             slow_vdd1v2
SNPS_CLOCK_GATE_HIGH_dsram_mydesign_0_mydesign_353
                       Small             slow_vdd1v2
SNPS_CLOCK_GATE_HIGH_dsram_mydesign_0_mydesign_354
                       Small             slow_vdd1v2
SNPS_CLOCK_GATE_HIGH_dsram_mydesign_0_mydesign_355
                       Small             slow_vdd1v2
SNPS_CLOCK_GATE_HIGH_dsram_mydesign_0_mydesign_356
                       Small             slow_vdd1v2
SNPS_CLOCK_GATE_HIGH_dsram_mydesign_0_mydesign_357
                       Small             slow_vdd1v2
SNPS_CLOCK_GATE_HIGH_dsram_mydesign_0_mydesign_358
                       Small             slow_vdd1v2
SNPS_CLOCK_GATE_HIGH_dsram_mydesign_0_mydesign_359
                       Small             slow_vdd1v2
SNPS_CLOCK_GATE_HIGH_dsram_mydesign_0_mydesign_360
                       Small             slow_vdd1v2
SNPS_CLOCK_GATE_HIGH_dsram_mydesign_0_mydesign_361
                       Small             slow_vdd1v2
SNPS_CLOCK_GATE_HIGH_dsram_mydesign_0_mydesign_362
                       Small             slow_vdd1v2
SNPS_CLOCK_GATE_HIGH_dsram_mydesign_0_mydesign_363
                       Small             slow_vdd1v2
SNPS_CLOCK_GATE_HIGH_dsram_mydesign_0_mydesign_364
                       Small             slow_vdd1v2
SNPS_CLOCK_GATE_HIGH_dsram_mydesign_0_mydesign_365
                       Small             slow_vdd1v2
SNPS_CLOCK_GATE_HIGH_dsram_mydesign_0_mydesign_366
                       Small             slow_vdd1v2
SNPS_CLOCK_GATE_HIGH_dsram_mydesign_0_mydesign_367
                       Small             slow_vdd1v2
SNPS_CLOCK_GATE_HIGH_dsram_mydesign_0_mydesign_368
                       Small             slow_vdd1v2
SNPS_CLOCK_GATE_HIGH_dsram_mydesign_0_mydesign_369
                       Small             slow_vdd1v2
SNPS_CLOCK_GATE_HIGH_dsram_mydesign_0_mydesign_370
                       Small             slow_vdd1v2
SNPS_CLOCK_GATE_HIGH_dsram_mydesign_0_mydesign_371
                       Small             slow_vdd1v2
SNPS_CLOCK_GATE_HIGH_dsram_mydesign_0_mydesign_372
                       Small             slow_vdd1v2
SNPS_CLOCK_GATE_HIGH_dsram_mydesign_0_mydesign_373
                       Small             slow_vdd1v2
SNPS_CLOCK_GATE_HIGH_dsram_mydesign_0_mydesign_374
                       Small             slow_vdd1v2
SNPS_CLOCK_GATE_HIGH_dsram_mydesign_0_mydesign_375
                       Small             slow_vdd1v2
SNPS_CLOCK_GATE_HIGH_dsram_mydesign_0_mydesign_376
                       Small             slow_vdd1v2
SNPS_CLOCK_GATE_HIGH_dsram_mydesign_0_mydesign_377
                       Small             slow_vdd1v2
SNPS_CLOCK_GATE_HIGH_dsram_mydesign_0_mydesign_378
                       Small             slow_vdd1v2
SNPS_CLOCK_GATE_HIGH_dsram_mydesign_0_mydesign_379
                       Small             slow_vdd1v2
SNPS_CLOCK_GATE_HIGH_dsram_mydesign_0_mydesign_380
                       Small             slow_vdd1v2
SNPS_CLOCK_GATE_HIGH_dsram_mydesign_0_mydesign_381
                       Small             slow_vdd1v2
SNPS_CLOCK_GATE_HIGH_dsram_mydesign_0_mydesign_382
                       Small             slow_vdd1v2
SNPS_CLOCK_GATE_HIGH_dsram_mydesign_0_mydesign_383
                       Small             slow_vdd1v2
SNPS_CLOCK_GATE_HIGH_dsram_mydesign_0_mydesign_384
                       Small             slow_vdd1v2
SNPS_CLOCK_GATE_HIGH_dsram_mydesign_0_mydesign_385
                       Small             slow_vdd1v2
SNPS_CLOCK_GATE_HIGH_dsram_mydesign_0_mydesign_386
                       Small             slow_vdd1v2
SNPS_CLOCK_GATE_HIGH_dsram_mydesign_0_mydesign_387
                       Small             slow_vdd1v2
SNPS_CLOCK_GATE_HIGH_dsram_mydesign_0_mydesign_388
                       Small             slow_vdd1v2
SNPS_CLOCK_GATE_HIGH_dsram_mydesign_0_mydesign_389
                       Small             slow_vdd1v2
SNPS_CLOCK_GATE_HIGH_dsram_mydesign_0_mydesign_390
                       Small             slow_vdd1v2
SNPS_CLOCK_GATE_HIGH_dsram_mydesign_0_mydesign_391
                       Small             slow_vdd1v2
SNPS_CLOCK_GATE_HIGH_dsram_mydesign_0_mydesign_392
                       Small             slow_vdd1v2
SNPS_CLOCK_GATE_HIGH_dsram_mydesign_0_mydesign_393
                       Small             slow_vdd1v2
SNPS_CLOCK_GATE_HIGH_dsram_mydesign_0_mydesign_394
                       Small             slow_vdd1v2
SNPS_CLOCK_GATE_HIGH_dsram_mydesign_0_mydesign_395
                       Small             slow_vdd1v2
SNPS_CLOCK_GATE_HIGH_dsram_mydesign_0_mydesign_396
                       Small             slow_vdd1v2
SNPS_CLOCK_GATE_HIGH_dsram_mydesign_0_mydesign_397
                       Small             slow_vdd1v2
SNPS_CLOCK_GATE_HIGH_dsram_mydesign_0_mydesign_398
                       Small             slow_vdd1v2
SNPS_CLOCK_GATE_HIGH_dsram_mydesign_0_mydesign_399
                       Small             slow_vdd1v2
SNPS_CLOCK_GATE_HIGH_dsram_mydesign_0_mydesign_400
                       Small             slow_vdd1v2
SNPS_CLOCK_GATE_HIGH_dsram_mydesign_0_mydesign_401
                       Small             slow_vdd1v2
SNPS_CLOCK_GATE_HIGH_dsram_mydesign_0_mydesign_402
                       Small             slow_vdd1v2
SNPS_CLOCK_GATE_HIGH_dsram_mydesign_0_mydesign_403
                       Small             slow_vdd1v2
SNPS_CLOCK_GATE_HIGH_dsram_mydesign_0_mydesign_404
                       Small             slow_vdd1v2
SNPS_CLOCK_GATE_HIGH_dsram_mydesign_0_mydesign_405
                       Small             slow_vdd1v2
SNPS_CLOCK_GATE_HIGH_dsram_mydesign_0_mydesign_406
                       Small             slow_vdd1v2
SNPS_CLOCK_GATE_HIGH_dsram_mydesign_0_mydesign_407
                       Small             slow_vdd1v2
SNPS_CLOCK_GATE_HIGH_dsram_mydesign_0_mydesign_408
                       Small             slow_vdd1v2
SNPS_CLOCK_GATE_HIGH_dsram_mydesign_0_mydesign_409
                       Small             slow_vdd1v2
SNPS_CLOCK_GATE_HIGH_dsram_mydesign_0_mydesign_410
                       Small             slow_vdd1v2
SNPS_CLOCK_GATE_HIGH_dsram_mydesign_0_mydesign_411
                       Small             slow_vdd1v2
SNPS_CLOCK_GATE_HIGH_dsram_mydesign_0_mydesign_412
                       Small             slow_vdd1v2
SNPS_CLOCK_GATE_HIGH_dsram_mydesign_0_mydesign_413
                       Small             slow_vdd1v2
SNPS_CLOCK_GATE_HIGH_dsram_mydesign_0_mydesign_414
                       Small             slow_vdd1v2
SNPS_CLOCK_GATE_HIGH_dsram_mydesign_0_mydesign_415
                       Small             slow_vdd1v2
SNPS_CLOCK_GATE_HIGH_dsram_mydesign_0_mydesign_416
                       Small             slow_vdd1v2
SNPS_CLOCK_GATE_HIGH_dsram_mydesign_0_mydesign_417
                       Small             slow_vdd1v2
SNPS_CLOCK_GATE_HIGH_dsram_mydesign_0_mydesign_418
                       Small             slow_vdd1v2
SNPS_CLOCK_GATE_HIGH_dsram_mydesign_0_mydesign_419
                       Small             slow_vdd1v2
SNPS_CLOCK_GATE_HIGH_dsram_mydesign_0_mydesign_420
                       Small             slow_vdd1v2
SNPS_CLOCK_GATE_HIGH_dsram_mydesign_0_mydesign_421
                       Small             slow_vdd1v2
SNPS_CLOCK_GATE_HIGH_dsram_mydesign_0_mydesign_422
                       Small             slow_vdd1v2
SNPS_CLOCK_GATE_HIGH_dsram_mydesign_0_mydesign_423
                       Small             slow_vdd1v2
SNPS_CLOCK_GATE_HIGH_dsram_mydesign_0_mydesign_424
                       Small             slow_vdd1v2
SNPS_CLOCK_GATE_HIGH_dsram_mydesign_0_mydesign_425
                       Small             slow_vdd1v2
SNPS_CLOCK_GATE_HIGH_dsram_mydesign_0_mydesign_426
                       Small             slow_vdd1v2
SNPS_CLOCK_GATE_HIGH_dsram_mydesign_0_mydesign_427
                       Small             slow_vdd1v2
SNPS_CLOCK_GATE_HIGH_dsram_mydesign_0_mydesign_428
                       Small             slow_vdd1v2
SNPS_CLOCK_GATE_HIGH_dsram_mydesign_0_mydesign_429
                       Small             slow_vdd1v2
SNPS_CLOCK_GATE_HIGH_dsram_mydesign_0_mydesign_430
                       Small             slow_vdd1v2
SNPS_CLOCK_GATE_HIGH_dsram_mydesign_0_mydesign_431
                       Small             slow_vdd1v2
SNPS_CLOCK_GATE_HIGH_dsram_mydesign_0_mydesign_432
                       Small             slow_vdd1v2
SNPS_CLOCK_GATE_HIGH_dsram_mydesign_0_mydesign_433
                       Small             slow_vdd1v2
SNPS_CLOCK_GATE_HIGH_dsram_mydesign_0_mydesign_434
                       Small             slow_vdd1v2
SNPS_CLOCK_GATE_HIGH_dsram_mydesign_0_mydesign_435
                       Small             slow_vdd1v2
SNPS_CLOCK_GATE_HIGH_dsram_mydesign_0_mydesign_436
                       Small             slow_vdd1v2
SNPS_CLOCK_GATE_HIGH_dsram_mydesign_0_mydesign_437
                       Small             slow_vdd1v2
SNPS_CLOCK_GATE_HIGH_dsram_mydesign_0_mydesign_438
                       Small             slow_vdd1v2
SNPS_CLOCK_GATE_HIGH_dsram_mydesign_0_mydesign_439
                       Small             slow_vdd1v2
SNPS_CLOCK_GATE_HIGH_dsram_mydesign_0_mydesign_440
                       Small             slow_vdd1v2
SNPS_CLOCK_GATE_HIGH_dsram_mydesign_0_mydesign_441
                       Small             slow_vdd1v2
SNPS_CLOCK_GATE_HIGH_dsram_mydesign_0_mydesign_442
                       Small             slow_vdd1v2
SNPS_CLOCK_GATE_HIGH_dsram_mydesign_0_mydesign_443
                       Small             slow_vdd1v2
SNPS_CLOCK_GATE_HIGH_dsram_mydesign_0_mydesign_444
                       Small             slow_vdd1v2
SNPS_CLOCK_GATE_HIGH_dsram_mydesign_0_mydesign_445
                       Small             slow_vdd1v2
SNPS_CLOCK_GATE_HIGH_dsram_mydesign_0_mydesign_446
                       Small             slow_vdd1v2
SNPS_CLOCK_GATE_HIGH_dsram_mydesign_0_mydesign_447
                       Small             slow_vdd1v2
SNPS_CLOCK_GATE_HIGH_dsram_mydesign_0_mydesign_448
                       Small             slow_vdd1v2
SNPS_CLOCK_GATE_HIGH_dsram_mydesign_0_mydesign_449
                       Small             slow_vdd1v2
SNPS_CLOCK_GATE_HIGH_dsram_mydesign_0_mydesign_450
                       Small             slow_vdd1v2
SNPS_CLOCK_GATE_HIGH_dsram_mydesign_0_mydesign_451
                       Small             slow_vdd1v2
SNPS_CLOCK_GATE_HIGH_dsram_mydesign_0_mydesign_452
                       Small             slow_vdd1v2
SNPS_CLOCK_GATE_HIGH_dsram_mydesign_0_mydesign_453
                       Small             slow_vdd1v2
SNPS_CLOCK_GATE_HIGH_dsram_mydesign_0_mydesign_454
                       Small             slow_vdd1v2
SNPS_CLOCK_GATE_HIGH_dsram_mydesign_0_mydesign_455
                       Small             slow_vdd1v2
SNPS_CLOCK_GATE_HIGH_dsram_mydesign_0_mydesign_456
                       Small             slow_vdd1v2
SNPS_CLOCK_GATE_HIGH_dsram_mydesign_0_mydesign_457
                       Small             slow_vdd1v2
SNPS_CLOCK_GATE_HIGH_dsram_mydesign_0_mydesign_458
                       Small             slow_vdd1v2
SNPS_CLOCK_GATE_HIGH_dsram_mydesign_0_mydesign_459
                       Small             slow_vdd1v2
SNPS_CLOCK_GATE_HIGH_dsram_mydesign_0_mydesign_460
                       Small             slow_vdd1v2
SNPS_CLOCK_GATE_HIGH_dsram_mydesign_0_mydesign_461
                       Small             slow_vdd1v2
SNPS_CLOCK_GATE_HIGH_dsram_mydesign_0_mydesign_462
                       Small             slow_vdd1v2
SNPS_CLOCK_GATE_HIGH_dsram_mydesign_0_mydesign_463
                       Small             slow_vdd1v2
SNPS_CLOCK_GATE_HIGH_dsram_mydesign_0_mydesign_464
                       Small             slow_vdd1v2
SNPS_CLOCK_GATE_HIGH_dsram_mydesign_0_mydesign_465
                       Small             slow_vdd1v2
SNPS_CLOCK_GATE_HIGH_dsram_mydesign_0_mydesign_466
                       Small             slow_vdd1v2
SNPS_CLOCK_GATE_HIGH_dsram_mydesign_0_mydesign_467
                       Small             slow_vdd1v2
SNPS_CLOCK_GATE_HIGH_dsram_mydesign_0_mydesign_468
                       Small             slow_vdd1v2
SNPS_CLOCK_GATE_HIGH_dsram_mydesign_0_mydesign_469
                       Small             slow_vdd1v2
SNPS_CLOCK_GATE_HIGH_dsram_mydesign_0_mydesign_470
                       Small             slow_vdd1v2
SNPS_CLOCK_GATE_HIGH_dsram_mydesign_0_mydesign_471
                       Small             slow_vdd1v2
SNPS_CLOCK_GATE_HIGH_dsram_mydesign_0_mydesign_472
                       Small             slow_vdd1v2
SNPS_CLOCK_GATE_HIGH_dsram_mydesign_0_mydesign_473
                       Small             slow_vdd1v2
SNPS_CLOCK_GATE_HIGH_dsram_mydesign_0_mydesign_474
                       Small             slow_vdd1v2
SNPS_CLOCK_GATE_HIGH_dsram_mydesign_0_mydesign_475
                       Small             slow_vdd1v2
SNPS_CLOCK_GATE_HIGH_dsram_mydesign_0_mydesign_476
                       Small             slow_vdd1v2
SNPS_CLOCK_GATE_HIGH_dsram_mydesign_0_mydesign_477
                       Small             slow_vdd1v2
SNPS_CLOCK_GATE_HIGH_dsram_mydesign_0_mydesign_478
                       Small             slow_vdd1v2
SNPS_CLOCK_GATE_HIGH_dsram_mydesign_0_mydesign_479
                       Small             slow_vdd1v2
SNPS_CLOCK_GATE_HIGH_dsram_mydesign_0_mydesign_480
                       Small             slow_vdd1v2
SNPS_CLOCK_GATE_HIGH_dsram_mydesign_0_mydesign_481
                       Small             slow_vdd1v2
SNPS_CLOCK_GATE_HIGH_dsram_mydesign_0_mydesign_482
                       Small             slow_vdd1v2
SNPS_CLOCK_GATE_HIGH_dsram_mydesign_0_mydesign_483
                       Small             slow_vdd1v2
SNPS_CLOCK_GATE_HIGH_dsram_mydesign_0_mydesign_484
                       Small             slow_vdd1v2
SNPS_CLOCK_GATE_HIGH_dsram_mydesign_0_mydesign_485
                       Small             slow_vdd1v2
SNPS_CLOCK_GATE_HIGH_dsram_mydesign_0_mydesign_486
                       Small             slow_vdd1v2
SNPS_CLOCK_GATE_HIGH_dsram_mydesign_0_mydesign_487
                       Small             slow_vdd1v2
SNPS_CLOCK_GATE_HIGH_dsram_mydesign_0_mydesign_488
                       Small             slow_vdd1v2
SNPS_CLOCK_GATE_HIGH_dsram_mydesign_0_mydesign_489
                       Small             slow_vdd1v2
SNPS_CLOCK_GATE_HIGH_dsram_mydesign_0_mydesign_490
                       Small             slow_vdd1v2
SNPS_CLOCK_GATE_HIGH_dsram_mydesign_0_mydesign_491
                       Small             slow_vdd1v2
SNPS_CLOCK_GATE_HIGH_dsram_mydesign_0_mydesign_492
                       Small             slow_vdd1v2
SNPS_CLOCK_GATE_HIGH_dsram_mydesign_0_mydesign_493
                       Small             slow_vdd1v2
SNPS_CLOCK_GATE_HIGH_dsram_mydesign_0_mydesign_494
                       Small             slow_vdd1v2
SNPS_CLOCK_GATE_HIGH_dsram_mydesign_0_mydesign_495
                       Small             slow_vdd1v2
SNPS_CLOCK_GATE_HIGH_dsram_mydesign_0_mydesign_496
                       Small             slow_vdd1v2
SNPS_CLOCK_GATE_HIGH_dsram_mydesign_0_mydesign_497
                       Small             slow_vdd1v2
SNPS_CLOCK_GATE_HIGH_dsram_mydesign_0_mydesign_498
                       Small             slow_vdd1v2
SNPS_CLOCK_GATE_HIGH_dsram_mydesign_0_mydesign_499
                       Small             slow_vdd1v2
SNPS_CLOCK_GATE_HIGH_dsram_mydesign_0_mydesign_500
                       Small             slow_vdd1v2
SNPS_CLOCK_GATE_HIGH_dsram_mydesign_0_mydesign_501
                       Small             slow_vdd1v2
SNPS_CLOCK_GATE_HIGH_dsram_mydesign_0_mydesign_502
                       Small             slow_vdd1v2
SNPS_CLOCK_GATE_HIGH_dsram_mydesign_0_mydesign_503
                       Small             slow_vdd1v2
SNPS_CLOCK_GATE_HIGH_dsram_mydesign_0_mydesign_504
                       Small             slow_vdd1v2
SNPS_CLOCK_GATE_HIGH_dsram_mydesign_0_mydesign_505
                       Small             slow_vdd1v2
SNPS_CLOCK_GATE_HIGH_dsram_mydesign_0_mydesign_506
                       Small             slow_vdd1v2
SNPS_CLOCK_GATE_HIGH_dsram_mydesign_0_mydesign_507
                       Small             slow_vdd1v2
SNPS_CLOCK_GATE_HIGH_dsram_mydesign_0_mydesign_508
                       Small             slow_vdd1v2
SNPS_CLOCK_GATE_HIGH_dsram_mydesign_0_mydesign_509
                       Small             slow_vdd1v2
SNPS_CLOCK_GATE_HIGH_dsram_mydesign_0_mydesign_510
                       Small             slow_vdd1v2
SNPS_CLOCK_GATE_HIGH_dsram_mydesign_0_mydesign_511
                       Small             slow_vdd1v2
SNPS_CLOCK_GATE_HIGH_dsram_mydesign_0_mydesign_512
                       Small             slow_vdd1v2
SNPS_CLOCK_GATE_HIGH_dsram_mydesign_0_mydesign_513
                       Small             slow_vdd1v2
SNPS_CLOCK_GATE_HIGH_dsram_mydesign_0_mydesign_514
                       Small             slow_vdd1v2
SNPS_CLOCK_GATE_HIGH_dsram_mydesign_0_mydesign_515
                       Small             slow_vdd1v2
SNPS_CLOCK_GATE_HIGH_dsram_mydesign_0_mydesign_516
                       Small             slow_vdd1v2
SNPS_CLOCK_GATE_HIGH_dsram_mydesign_0_mydesign_517
                       Small             slow_vdd1v2
SNPS_CLOCK_GATE_HIGH_dsram_mydesign_0_mydesign_518
                       Small             slow_vdd1v2
SNPS_CLOCK_GATE_HIGH_dsram_mydesign_0_mydesign_519
                       Small             slow_vdd1v2
SNPS_CLOCK_GATE_HIGH_dsram_mydesign_0_mydesign_520
                       Small             slow_vdd1v2
SNPS_CLOCK_GATE_HIGH_dsram_mydesign_0_mydesign_521
                       Small             slow_vdd1v2
SNPS_CLOCK_GATE_HIGH_dsram_mydesign_0_mydesign_522
                       Small             slow_vdd1v2
SNPS_CLOCK_GATE_HIGH_dsram_mydesign_0_mydesign_523
                       Small             slow_vdd1v2
SNPS_CLOCK_GATE_HIGH_dsram_mydesign_0_mydesign_524
                       Small             slow_vdd1v2
SNPS_CLOCK_GATE_HIGH_dsram_mydesign_0_mydesign_525
                       Small             slow_vdd1v2
SNPS_CLOCK_GATE_HIGH_dsram_mydesign_0_mydesign_526
                       Small             slow_vdd1v2
SNPS_CLOCK_GATE_HIGH_dsram_mydesign_0_mydesign_527
                       Small             slow_vdd1v2
SNPS_CLOCK_GATE_HIGH_dsram_mydesign_0_mydesign_528
                       Small             slow_vdd1v2
SNPS_CLOCK_GATE_HIGH_dsram_mydesign_0_mydesign_529
                       Small             slow_vdd1v2
SNPS_CLOCK_GATE_HIGH_dsram_mydesign_0_mydesign_530
                       Small             slow_vdd1v2
SNPS_CLOCK_GATE_HIGH_dsram_mydesign_0_mydesign_531
                       Small             slow_vdd1v2
SNPS_CLOCK_GATE_HIGH_dsram_mydesign_0_mydesign_532
                       Small             slow_vdd1v2
SNPS_CLOCK_GATE_HIGH_dsram_mydesign_0_mydesign_533
                       Small             slow_vdd1v2
SNPS_CLOCK_GATE_HIGH_dsram_mydesign_0_mydesign_534
                       Small             slow_vdd1v2
SNPS_CLOCK_GATE_HIGH_dsram_mydesign_0_mydesign_535
                       Small             slow_vdd1v2
SNPS_CLOCK_GATE_HIGH_dsram_mydesign_0_mydesign_536
                       Small             slow_vdd1v2
SNPS_CLOCK_GATE_HIGH_dsram_mydesign_0_mydesign_537
                       Small             slow_vdd1v2
SNPS_CLOCK_GATE_HIGH_dsram_mydesign_0_mydesign_538
                       Small             slow_vdd1v2
SNPS_CLOCK_GATE_HIGH_dsram_mydesign_0_mydesign_539
                       Small             slow_vdd1v2
SNPS_CLOCK_GATE_HIGH_dsram_mydesign_0_mydesign_540
                       Small             slow_vdd1v2
SNPS_CLOCK_GATE_HIGH_dsram_mydesign_0_mydesign_541
                       Small             slow_vdd1v2
SNPS_CLOCK_GATE_HIGH_dsram_mydesign_0_mydesign_542
                       Small             slow_vdd1v2
SNPS_CLOCK_GATE_HIGH_dsram_mydesign_0_mydesign_543
                       Small             slow_vdd1v2
SNPS_CLOCK_GATE_HIGH_dsram_mydesign_0_mydesign_544
                       Small             slow_vdd1v2
SNPS_CLOCK_GATE_HIGH_dsram_mydesign_0_mydesign_545
                       Small             slow_vdd1v2
SNPS_CLOCK_GATE_HIGH_dsram_mydesign_0_mydesign_546
                       Small             slow_vdd1v2
SNPS_CLOCK_GATE_HIGH_dsram_mydesign_0_mydesign_547
                       Small             slow_vdd1v2
SNPS_CLOCK_GATE_HIGH_dsram_mydesign_0_mydesign_548
                       Small             slow_vdd1v2
SNPS_CLOCK_GATE_HIGH_dsram_mydesign_0_mydesign_549
                       Small             slow_vdd1v2
SNPS_CLOCK_GATE_HIGH_dsram_mydesign_0_mydesign_550
                       Small             slow_vdd1v2
SNPS_CLOCK_GATE_HIGH_dsram_mydesign_0_mydesign_551
                       Small             slow_vdd1v2
SNPS_CLOCK_GATE_HIGH_dsram_mydesign_0_mydesign_552
                       Small             slow_vdd1v2
SNPS_CLOCK_GATE_HIGH_dsram_mydesign_0_mydesign_553
                       Small             slow_vdd1v2
SNPS_CLOCK_GATE_HIGH_dsram_mydesign_0_mydesign_554
                       Small             slow_vdd1v2
SNPS_CLOCK_GATE_HIGH_dsram_mydesign_0_mydesign_555
                       Small             slow_vdd1v2
SNPS_CLOCK_GATE_HIGH_dsram_mydesign_0_mydesign_556
                       Small             slow_vdd1v2
SNPS_CLOCK_GATE_HIGH_dsram_mydesign_0_mydesign_557
                       Small             slow_vdd1v2
SNPS_CLOCK_GATE_HIGH_dsram_mydesign_0_mydesign_558
                       Small             slow_vdd1v2
SNPS_CLOCK_GATE_HIGH_dsram_mydesign_0_mydesign_559
                       Small             slow_vdd1v2
SNPS_CLOCK_GATE_HIGH_dsram_mydesign_0_mydesign_560
                       Small             slow_vdd1v2
SNPS_CLOCK_GATE_HIGH_dsram_mydesign_0_mydesign_561
                       Small             slow_vdd1v2
SNPS_CLOCK_GATE_HIGH_dsram_mydesign_0_mydesign_562
                       Small             slow_vdd1v2
SNPS_CLOCK_GATE_HIGH_dsram_mydesign_0_mydesign_563
                       Small             slow_vdd1v2
SNPS_CLOCK_GATE_HIGH_dsram_mydesign_0_mydesign_564
                       Small             slow_vdd1v2
SNPS_CLOCK_GATE_HIGH_dsram_mydesign_0_mydesign_565
                       Small             slow_vdd1v2
SNPS_CLOCK_GATE_HIGH_dsram_mydesign_0_mydesign_566
                       Small             slow_vdd1v2
SNPS_CLOCK_GATE_HIGH_dsram_mydesign_0_mydesign_567
                       Small             slow_vdd1v2
SNPS_CLOCK_GATE_HIGH_dsram_mydesign_0_mydesign_568
                       Small             slow_vdd1v2
SNPS_CLOCK_GATE_HIGH_dsram_mydesign_0_mydesign_569
                       Small             slow_vdd1v2
SNPS_CLOCK_GATE_HIGH_dsram_mydesign_0_mydesign_570
                       Small             slow_vdd1v2
SNPS_CLOCK_GATE_HIGH_dsram_mydesign_0_mydesign_571
                       Small             slow_vdd1v2
SNPS_CLOCK_GATE_HIGH_dsram_mydesign_0_mydesign_572
                       Small             slow_vdd1v2
SNPS_CLOCK_GATE_HIGH_dsram_mydesign_0_mydesign_573
                       Small             slow_vdd1v2
SNPS_CLOCK_GATE_HIGH_dsram_mydesign_0_mydesign_574
                       Small             slow_vdd1v2
SNPS_CLOCK_GATE_HIGH_dsram_mydesign_0_mydesign_575
                       Small             slow_vdd1v2
SNPS_CLOCK_GATE_HIGH_dsram_mydesign_0_mydesign_576
                       Small             slow_vdd1v2
SNPS_CLOCK_GATE_HIGH_dsram_mydesign_0_mydesign_577
                       Small             slow_vdd1v2
SNPS_CLOCK_GATE_HIGH_dsram_mydesign_0_mydesign_578
                       Small             slow_vdd1v2
SNPS_CLOCK_GATE_HIGH_dsram_mydesign_0_mydesign_579
                       Small             slow_vdd1v2
SNPS_CLOCK_GATE_HIGH_dsram_mydesign_0_mydesign_580
                       Small             slow_vdd1v2
SNPS_CLOCK_GATE_HIGH_dsram_mydesign_0_mydesign_581
                       Small             slow_vdd1v2
SNPS_CLOCK_GATE_HIGH_dsram_mydesign_0_mydesign_582
                       Small             slow_vdd1v2
SNPS_CLOCK_GATE_HIGH_dsram_mydesign_0_mydesign_583
                       Small             slow_vdd1v2
SNPS_CLOCK_GATE_HIGH_dsram_mydesign_0_mydesign_584
                       Small             slow_vdd1v2
SNPS_CLOCK_GATE_HIGH_dsram_mydesign_0_mydesign_585
                       Small             slow_vdd1v2
SNPS_CLOCK_GATE_HIGH_dsram_mydesign_0_mydesign_586
                       Small             slow_vdd1v2
SNPS_CLOCK_GATE_HIGH_dsram_mydesign_0_mydesign_587
                       Small             slow_vdd1v2
SNPS_CLOCK_GATE_HIGH_dsram_mydesign_0_mydesign_588
                       Small             slow_vdd1v2
SNPS_CLOCK_GATE_HIGH_dsram_mydesign_0_mydesign_589
                       Small             slow_vdd1v2
SNPS_CLOCK_GATE_HIGH_dsram_mydesign_0_mydesign_590
                       Small             slow_vdd1v2
SNPS_CLOCK_GATE_HIGH_dsram_mydesign_0_mydesign_591
                       Small             slow_vdd1v2
SNPS_CLOCK_GATE_HIGH_dsram_mydesign_0_mydesign_592
                       Small             slow_vdd1v2
SNPS_CLOCK_GATE_HIGH_dsram_mydesign_0_mydesign_593
                       Small             slow_vdd1v2
SNPS_CLOCK_GATE_HIGH_dsram_mydesign_0_mydesign_594
                       Small             slow_vdd1v2
SNPS_CLOCK_GATE_HIGH_dsram_mydesign_0_mydesign_595
                       Small             slow_vdd1v2
SNPS_CLOCK_GATE_HIGH_dsram_mydesign_0_mydesign_596
                       Small             slow_vdd1v2
SNPS_CLOCK_GATE_HIGH_dsram_mydesign_0_mydesign_597
                       Small             slow_vdd1v2
SNPS_CLOCK_GATE_HIGH_dsram_mydesign_0_mydesign_598
                       Small             slow_vdd1v2
SNPS_CLOCK_GATE_HIGH_dsram_mydesign_0_mydesign_599
                       Small             slow_vdd1v2
SNPS_CLOCK_GATE_HIGH_dsram_mydesign_0_mydesign_600
                       Small             slow_vdd1v2
SNPS_CLOCK_GATE_HIGH_dsram_mydesign_0_mydesign_601
                       Small             slow_vdd1v2
SNPS_CLOCK_GATE_HIGH_dsram_mydesign_0_mydesign_602
                       Small             slow_vdd1v2
SNPS_CLOCK_GATE_HIGH_dsram_mydesign_0_mydesign_603
                       Small             slow_vdd1v2
SNPS_CLOCK_GATE_HIGH_dsram_mydesign_0_mydesign_604
                       Small             slow_vdd1v2
SNPS_CLOCK_GATE_HIGH_dsram_mydesign_0_mydesign_605
                       Small             slow_vdd1v2
SNPS_CLOCK_GATE_HIGH_dsram_mydesign_0_mydesign_606
                       Small             slow_vdd1v2
SNPS_CLOCK_GATE_HIGH_dsram_mydesign_0_mydesign_607
                       Small             slow_vdd1v2
SNPS_CLOCK_GATE_HIGH_dsram_mydesign_0_mydesign_608
                       Small             slow_vdd1v2
SNPS_CLOCK_GATE_HIGH_dsram_mydesign_0_mydesign_609
                       Small             slow_vdd1v2
SNPS_CLOCK_GATE_HIGH_dsram_mydesign_0_mydesign_610
                       Small             slow_vdd1v2
SNPS_CLOCK_GATE_HIGH_dsram_mydesign_0_mydesign_611
                       Small             slow_vdd1v2
SNPS_CLOCK_GATE_HIGH_dsram_mydesign_0_mydesign_612
                       Small             slow_vdd1v2
SNPS_CLOCK_GATE_HIGH_dsram_mydesign_0_mydesign_613
                       Small             slow_vdd1v2
SNPS_CLOCK_GATE_HIGH_dsram_mydesign_0_mydesign_614
                       Small             slow_vdd1v2
SNPS_CLOCK_GATE_HIGH_dsram_mydesign_0_mydesign_615
                       Small             slow_vdd1v2
SNPS_CLOCK_GATE_HIGH_dsram_mydesign_0_mydesign_616
                       Small             slow_vdd1v2
SNPS_CLOCK_GATE_HIGH_dsram_mydesign_0_mydesign_617
                       Small             slow_vdd1v2
SNPS_CLOCK_GATE_HIGH_dsram_mydesign_0_mydesign_618
                       Small             slow_vdd1v2
SNPS_CLOCK_GATE_HIGH_dsram_mydesign_0_mydesign_619
                       Small             slow_vdd1v2
SNPS_CLOCK_GATE_HIGH_dsram_mydesign_0_mydesign_620
                       Small             slow_vdd1v2
SNPS_CLOCK_GATE_HIGH_dsram_mydesign_0_mydesign_621
                       Small             slow_vdd1v2
SNPS_CLOCK_GATE_HIGH_dsram_mydesign_0_mydesign_622
                       Small             slow_vdd1v2
SNPS_CLOCK_GATE_HIGH_dsram_mydesign_0_mydesign_623
                       Small             slow_vdd1v2
SNPS_CLOCK_GATE_HIGH_dsram_mydesign_0_mydesign_624
                       Small             slow_vdd1v2
SNPS_CLOCK_GATE_HIGH_dsram_mydesign_0_mydesign_625
                       Small             slow_vdd1v2
SNPS_CLOCK_GATE_HIGH_dsram_mydesign_0_mydesign_626
                       Small             slow_vdd1v2
SNPS_CLOCK_GATE_HIGH_dsram_mydesign_0_mydesign_627
                       Small             slow_vdd1v2
SNPS_CLOCK_GATE_HIGH_dsram_mydesign_0_mydesign_628
                       Small             slow_vdd1v2
SNPS_CLOCK_GATE_HIGH_dsram_mydesign_0_mydesign_629
                       Small             slow_vdd1v2
SNPS_CLOCK_GATE_HIGH_dsram_mydesign_0_mydesign_630
                       Small             slow_vdd1v2
SNPS_CLOCK_GATE_HIGH_dsram_mydesign_0_mydesign_631
                       Small             slow_vdd1v2
SNPS_CLOCK_GATE_HIGH_dsram_mydesign_0_mydesign_632
                       Small             slow_vdd1v2
SNPS_CLOCK_GATE_HIGH_dsram_mydesign_0_mydesign_633
                       Small             slow_vdd1v2
SNPS_CLOCK_GATE_HIGH_dsram_mydesign_0_mydesign_634
                       Small             slow_vdd1v2
SNPS_CLOCK_GATE_HIGH_dsram_mydesign_0_mydesign_635
                       Small             slow_vdd1v2
SNPS_CLOCK_GATE_HIGH_dsram_mydesign_0_mydesign_636
                       Small             slow_vdd1v2
SNPS_CLOCK_GATE_HIGH_dsram_mydesign_0_mydesign_637
                       Small             slow_vdd1v2
SNPS_CLOCK_GATE_HIGH_dsram_mydesign_0_mydesign_638
                       Small             slow_vdd1v2
SNPS_CLOCK_GATE_HIGH_dsram_mydesign_0_mydesign_639
                       Small             slow_vdd1v2
SNPS_CLOCK_GATE_HIGH_dsram_mydesign_0_mydesign_640
                       Small             slow_vdd1v2
SNPS_CLOCK_GATE_HIGH_dsram_mydesign_0_mydesign_641
                       Small             slow_vdd1v2
SNPS_CLOCK_GATE_HIGH_dsram_mydesign_0_mydesign_642
                       Small             slow_vdd1v2
SNPS_CLOCK_GATE_HIGH_dsram_mydesign_0_mydesign_643
                       Small             slow_vdd1v2
SNPS_CLOCK_GATE_HIGH_dsram_mydesign_0_mydesign_644
                       Small             slow_vdd1v2
SNPS_CLOCK_GATE_HIGH_dsram_mydesign_0_mydesign_645
                       Small             slow_vdd1v2
SNPS_CLOCK_GATE_HIGH_dsram_mydesign_0_mydesign_646
                       Small             slow_vdd1v2
SNPS_CLOCK_GATE_HIGH_dsram_mydesign_0_mydesign_647
                       Small             slow_vdd1v2
SNPS_CLOCK_GATE_HIGH_dsram_mydesign_0_mydesign_648
                       Small             slow_vdd1v2
SNPS_CLOCK_GATE_HIGH_dsram_mydesign_0_mydesign_649
                       Small             slow_vdd1v2
SNPS_CLOCK_GATE_HIGH_dsram_mydesign_0_mydesign_650
                       Small             slow_vdd1v2
SNPS_CLOCK_GATE_HIGH_dsram_mydesign_0_mydesign_651
                       Small             slow_vdd1v2
SNPS_CLOCK_GATE_HIGH_dsram_mydesign_0_mydesign_652
                       Small             slow_vdd1v2
SNPS_CLOCK_GATE_HIGH_dsram_mydesign_0_mydesign_653
                       Small             slow_vdd1v2
SNPS_CLOCK_GATE_HIGH_dsram_mydesign_0_mydesign_654
                       Small             slow_vdd1v2
SNPS_CLOCK_GATE_HIGH_dsram_mydesign_0_mydesign_655
                       Small             slow_vdd1v2
SNPS_CLOCK_GATE_HIGH_dsram_mydesign_0_mydesign_656
                       Small             slow_vdd1v2
SNPS_CLOCK_GATE_HIGH_dsram_mydesign_0_mydesign_657
                       Small             slow_vdd1v2
SNPS_CLOCK_GATE_HIGH_dsram_mydesign_0_mydesign_658
                       Small             slow_vdd1v2
SNPS_CLOCK_GATE_HIGH_dsram_mydesign_0_mydesign_659
                       Small             slow_vdd1v2
SNPS_CLOCK_GATE_HIGH_dsram_mydesign_0_mydesign_660
                       Small             slow_vdd1v2
SNPS_CLOCK_GATE_HIGH_dsram_mydesign_0_mydesign_661
                       Small             slow_vdd1v2
SNPS_CLOCK_GATE_HIGH_dsram_mydesign_0_mydesign_662
                       Small             slow_vdd1v2
SNPS_CLOCK_GATE_HIGH_dsram_mydesign_0_mydesign_663
                       Small             slow_vdd1v2
SNPS_CLOCK_GATE_HIGH_dsram_mydesign_0_mydesign_664
                       Small             slow_vdd1v2
SNPS_CLOCK_GATE_HIGH_dsram_mydesign_0_mydesign_665
                       Small             slow_vdd1v2
SNPS_CLOCK_GATE_HIGH_dsram_mydesign_0_mydesign_666
                       Small             slow_vdd1v2
SNPS_CLOCK_GATE_HIGH_dsram_mydesign_0_mydesign_667
                       Small             slow_vdd1v2
SNPS_CLOCK_GATE_HIGH_dsram_mydesign_0_mydesign_668
                       Small             slow_vdd1v2
SNPS_CLOCK_GATE_HIGH_dsram_mydesign_0_mydesign_669
                       Small             slow_vdd1v2
SNPS_CLOCK_GATE_HIGH_dsram_mydesign_0_mydesign_670
                       Small             slow_vdd1v2
SNPS_CLOCK_GATE_HIGH_dsram_mydesign_0_mydesign_671
                       Small             slow_vdd1v2
SNPS_CLOCK_GATE_HIGH_dsram_mydesign_0_mydesign_672
                       Small             slow_vdd1v2
SNPS_CLOCK_GATE_HIGH_dsram_mydesign_0_mydesign_673
                       Small             slow_vdd1v2
SNPS_CLOCK_GATE_HIGH_dsram_mydesign_0_mydesign_674
                       Small             slow_vdd1v2
SNPS_CLOCK_GATE_HIGH_dsram_mydesign_0_mydesign_675
                       Small             slow_vdd1v2
SNPS_CLOCK_GATE_HIGH_dsram_mydesign_0_mydesign_676
                       Small             slow_vdd1v2
SNPS_CLOCK_GATE_HIGH_dsram_mydesign_0_mydesign_677
                       Small             slow_vdd1v2
SNPS_CLOCK_GATE_HIGH_dsram_mydesign_0_mydesign_678
                       Small             slow_vdd1v2
SNPS_CLOCK_GATE_HIGH_dsram_mydesign_0_mydesign_679
                       Small             slow_vdd1v2
SNPS_CLOCK_GATE_HIGH_dsram_mydesign_0_mydesign_680
                       Small             slow_vdd1v2
SNPS_CLOCK_GATE_HIGH_dsram_mydesign_0_mydesign_681
                       Small             slow_vdd1v2
SNPS_CLOCK_GATE_HIGH_dsram_mydesign_0_mydesign_682
                       Small             slow_vdd1v2
SNPS_CLOCK_GATE_HIGH_dsram_mydesign_0_mydesign_683
                       Small             slow_vdd1v2
SNPS_CLOCK_GATE_HIGH_dsram_mydesign_0_mydesign_684
                       Small             slow_vdd1v2
SNPS_CLOCK_GATE_HIGH_dsram_mydesign_0_mydesign_685
                       Small             slow_vdd1v2
SNPS_CLOCK_GATE_HIGH_dsram_mydesign_0_mydesign_686
                       Small             slow_vdd1v2
SNPS_CLOCK_GATE_HIGH_dsram_mydesign_0_mydesign_687
                       Small             slow_vdd1v2
SNPS_CLOCK_GATE_HIGH_dsram_mydesign_0_mydesign_688
                       Small             slow_vdd1v2
SNPS_CLOCK_GATE_HIGH_dsram_mydesign_0_mydesign_689
                       Small             slow_vdd1v2
SNPS_CLOCK_GATE_HIGH_dsram_mydesign_0_mydesign_690
                       Small             slow_vdd1v2
SNPS_CLOCK_GATE_HIGH_dsram_mydesign_0_mydesign_691
                       Small             slow_vdd1v2
SNPS_CLOCK_GATE_HIGH_dsram_mydesign_0_mydesign_692
                       Small             slow_vdd1v2
SNPS_CLOCK_GATE_HIGH_dsram_mydesign_0_mydesign_693
                       Small             slow_vdd1v2
SNPS_CLOCK_GATE_HIGH_dsram_mydesign_0_mydesign_694
                       Small             slow_vdd1v2
SNPS_CLOCK_GATE_HIGH_dsram_mydesign_0_mydesign_695
                       Small             slow_vdd1v2
SNPS_CLOCK_GATE_HIGH_dsram_mydesign_0_mydesign_696
                       Small             slow_vdd1v2
SNPS_CLOCK_GATE_HIGH_dsram_mydesign_0_mydesign_697
                       Small             slow_vdd1v2
SNPS_CLOCK_GATE_HIGH_dsram_mydesign_0_mydesign_698
                       Small             slow_vdd1v2
SNPS_CLOCK_GATE_HIGH_dsram_mydesign_0_mydesign_699
                       Small             slow_vdd1v2
SNPS_CLOCK_GATE_HIGH_dsram_mydesign_0_mydesign_700
                       Small             slow_vdd1v2
SNPS_CLOCK_GATE_HIGH_dsram_mydesign_0_mydesign_701
                       Small             slow_vdd1v2
SNPS_CLOCK_GATE_HIGH_dsram_mydesign_0_mydesign_702
                       Small             slow_vdd1v2
SNPS_CLOCK_GATE_HIGH_dsram_mydesign_0_mydesign_703
                       Small             slow_vdd1v2
SNPS_CLOCK_GATE_HIGH_dsram_mydesign_0_mydesign_704
                       Small             slow_vdd1v2
SNPS_CLOCK_GATE_HIGH_dsram_mydesign_0_mydesign_705
                       Small             slow_vdd1v2
SNPS_CLOCK_GATE_HIGH_dsram_mydesign_0_mydesign_706
                       Small             slow_vdd1v2
SNPS_CLOCK_GATE_HIGH_dsram_mydesign_0_mydesign_707
                       Small             slow_vdd1v2
SNPS_CLOCK_GATE_HIGH_dsram_mydesign_0_mydesign_708
                       Small             slow_vdd1v2
SNPS_CLOCK_GATE_HIGH_dsram_mydesign_0_mydesign_709
                       Small             slow_vdd1v2
SNPS_CLOCK_GATE_HIGH_dsram_mydesign_0_mydesign_710
                       Small             slow_vdd1v2
SNPS_CLOCK_GATE_HIGH_dsram_mydesign_0_mydesign_711
                       Small             slow_vdd1v2
SNPS_CLOCK_GATE_HIGH_dsram_mydesign_0_mydesign_712
                       Small             slow_vdd1v2
SNPS_CLOCK_GATE_HIGH_dsram_mydesign_0_mydesign_713
                       Small             slow_vdd1v2
SNPS_CLOCK_GATE_HIGH_dsram_mydesign_0_mydesign_714
                       Small             slow_vdd1v2
SNPS_CLOCK_GATE_HIGH_dsram_mydesign_0_mydesign_715
                       Small             slow_vdd1v2
SNPS_CLOCK_GATE_HIGH_dsram_mydesign_0_mydesign_716
                       Small             slow_vdd1v2
SNPS_CLOCK_GATE_HIGH_dsram_mydesign_0_mydesign_717
                       Small             slow_vdd1v2
SNPS_CLOCK_GATE_HIGH_dsram_mydesign_0_mydesign_718
                       Small             slow_vdd1v2
SNPS_CLOCK_GATE_HIGH_dsram_mydesign_0_mydesign_719
                       Small             slow_vdd1v2
SNPS_CLOCK_GATE_HIGH_dsram_mydesign_0_mydesign_720
                       Small             slow_vdd1v2
SNPS_CLOCK_GATE_HIGH_dsram_mydesign_0_mydesign_721
                       Small             slow_vdd1v2
SNPS_CLOCK_GATE_HIGH_dsram_mydesign_0_mydesign_722
                       Small             slow_vdd1v2
SNPS_CLOCK_GATE_HIGH_dsram_mydesign_0_mydesign_723
                       Small             slow_vdd1v2
SNPS_CLOCK_GATE_HIGH_dsram_mydesign_0_mydesign_724
                       Small             slow_vdd1v2
SNPS_CLOCK_GATE_HIGH_dsram_mydesign_0_mydesign_725
                       Small             slow_vdd1v2
SNPS_CLOCK_GATE_HIGH_dsram_mydesign_0_mydesign_726
                       Small             slow_vdd1v2
SNPS_CLOCK_GATE_HIGH_dsram_mydesign_0_mydesign_727
                       Small             slow_vdd1v2
SNPS_CLOCK_GATE_HIGH_dsram_mydesign_0_mydesign_728
                       Small             slow_vdd1v2
SNPS_CLOCK_GATE_HIGH_dsram_mydesign_0_mydesign_729
                       Small             slow_vdd1v2
SNPS_CLOCK_GATE_HIGH_dsram_mydesign_0_mydesign_730
                       Small             slow_vdd1v2
SNPS_CLOCK_GATE_HIGH_dsram_mydesign_0_mydesign_731
                       Small             slow_vdd1v2
SNPS_CLOCK_GATE_HIGH_dsram_mydesign_0_mydesign_732
                       Small             slow_vdd1v2
SNPS_CLOCK_GATE_HIGH_dsram_mydesign_0_mydesign_733
                       Small             slow_vdd1v2
SNPS_CLOCK_GATE_HIGH_dsram_mydesign_0_mydesign_734
                       Small             slow_vdd1v2
SNPS_CLOCK_GATE_HIGH_dsram_mydesign_0_mydesign_735
                       Small             slow_vdd1v2
SNPS_CLOCK_GATE_HIGH_dsram_mydesign_0_mydesign_736
                       Small             slow_vdd1v2
SNPS_CLOCK_GATE_HIGH_dsram_mydesign_0_mydesign_737
                       Small             slow_vdd1v2
SNPS_CLOCK_GATE_HIGH_dsram_mydesign_0_mydesign_738
                       Small             slow_vdd1v2
SNPS_CLOCK_GATE_HIGH_dsram_mydesign_0_mydesign_739
                       Small             slow_vdd1v2
SNPS_CLOCK_GATE_HIGH_dsram_mydesign_0_mydesign_740
                       Small             slow_vdd1v2
SNPS_CLOCK_GATE_HIGH_dsram_mydesign_0_mydesign_741
                       Small             slow_vdd1v2
SNPS_CLOCK_GATE_HIGH_dsram_mydesign_0_mydesign_742
                       Small             slow_vdd1v2
SNPS_CLOCK_GATE_HIGH_dsram_mydesign_0_mydesign_743
                       Small             slow_vdd1v2
SNPS_CLOCK_GATE_HIGH_dsram_mydesign_0_mydesign_744
                       Small             slow_vdd1v2
SNPS_CLOCK_GATE_HIGH_dsram_mydesign_0_mydesign_745
                       Small             slow_vdd1v2
SNPS_CLOCK_GATE_HIGH_dsram_mydesign_0_mydesign_746
                       Small             slow_vdd1v2
SNPS_CLOCK_GATE_HIGH_dsram_mydesign_0_mydesign_747
                       Small             slow_vdd1v2
SNPS_CLOCK_GATE_HIGH_dsram_mydesign_0_mydesign_748
                       Small             slow_vdd1v2
SNPS_CLOCK_GATE_HIGH_dsram_mydesign_0_mydesign_749
                       Small             slow_vdd1v2
SNPS_CLOCK_GATE_HIGH_dsram_mydesign_0_mydesign_750
                       Small             slow_vdd1v2
SNPS_CLOCK_GATE_HIGH_dsram_mydesign_0_mydesign_751
                       Small             slow_vdd1v2
SNPS_CLOCK_GATE_HIGH_dsram_mydesign_0_mydesign_752
                       Small             slow_vdd1v2
SNPS_CLOCK_GATE_HIGH_dsram_mydesign_0_mydesign_753
                       Small             slow_vdd1v2
SNPS_CLOCK_GATE_HIGH_dsram_mydesign_0_mydesign_754
                       Small             slow_vdd1v2
SNPS_CLOCK_GATE_HIGH_dsram_mydesign_0_mydesign_755
                       Small             slow_vdd1v2
SNPS_CLOCK_GATE_HIGH_dsram_mydesign_0_mydesign_756
                       Small             slow_vdd1v2
SNPS_CLOCK_GATE_HIGH_dsram_mydesign_0_mydesign_757
                       Small             slow_vdd1v2
SNPS_CLOCK_GATE_HIGH_dsram_mydesign_0_mydesign_758
                       Small             slow_vdd1v2
SNPS_CLOCK_GATE_HIGH_dsram_mydesign_0_mydesign_759
                       Small             slow_vdd1v2
SNPS_CLOCK_GATE_HIGH_dsram_mydesign_0_mydesign_760
                       Small             slow_vdd1v2
SNPS_CLOCK_GATE_HIGH_dsram_mydesign_0_mydesign_761
                       Small             slow_vdd1v2
SNPS_CLOCK_GATE_HIGH_dsram_mydesign_0_mydesign_762
                       Small             slow_vdd1v2
SNPS_CLOCK_GATE_HIGH_dsram_mydesign_0_mydesign_763
                       Small             slow_vdd1v2
SNPS_CLOCK_GATE_HIGH_dsram_mydesign_0_mydesign_764
                       Small             slow_vdd1v2
SNPS_CLOCK_GATE_HIGH_dsram_mydesign_0_mydesign_765
                       Small             slow_vdd1v2
SNPS_CLOCK_GATE_HIGH_dsram_mydesign_0_mydesign_766
                       Small             slow_vdd1v2
SNPS_CLOCK_GATE_HIGH_dsram_mydesign_0_mydesign_767
                       Small             slow_vdd1v2
SNPS_CLOCK_GATE_HIGH_dsram_mydesign_0_mydesign_768
                       Small             slow_vdd1v2
SNPS_CLOCK_GATE_HIGH_dsram_mydesign_0_mydesign_769
                       Small             slow_vdd1v2
SNPS_CLOCK_GATE_HIGH_dsram_mydesign_0_mydesign_770
                       Small             slow_vdd1v2
SNPS_CLOCK_GATE_HIGH_dsram_mydesign_0_mydesign_771
                       Small             slow_vdd1v2
SNPS_CLOCK_GATE_HIGH_dsram_mydesign_0_mydesign_772
                       Small             slow_vdd1v2
SNPS_CLOCK_GATE_HIGH_dsram_mydesign_0_mydesign_773
                       Small             slow_vdd1v2
SNPS_CLOCK_GATE_HIGH_dsram_mydesign_0_mydesign_774
                       Small             slow_vdd1v2
SNPS_CLOCK_GATE_HIGH_dsram_mydesign_0_mydesign_775
                       Small             slow_vdd1v2
SNPS_CLOCK_GATE_HIGH_dsram_mydesign_0_mydesign_776
                       Small             slow_vdd1v2
SNPS_CLOCK_GATE_HIGH_dsram_mydesign_0_mydesign_777
                       Small             slow_vdd1v2
SNPS_CLOCK_GATE_HIGH_dsram_mydesign_0_mydesign_778
                       Small             slow_vdd1v2
SNPS_CLOCK_GATE_HIGH_dsram_mydesign_0_mydesign_779
                       Small             slow_vdd1v2
SNPS_CLOCK_GATE_HIGH_dsram_mydesign_0_mydesign_780
                       Small             slow_vdd1v2
SNPS_CLOCK_GATE_HIGH_dsram_mydesign_0_mydesign_781
                       Small             slow_vdd1v2
SNPS_CLOCK_GATE_HIGH_dsram_mydesign_0_mydesign_782
                       Small             slow_vdd1v2
SNPS_CLOCK_GATE_HIGH_dsram_mydesign_0_mydesign_783
                       Small             slow_vdd1v2
SNPS_CLOCK_GATE_HIGH_dsram_mydesign_0_mydesign_784
                       Small             slow_vdd1v2
SNPS_CLOCK_GATE_HIGH_dsram_mydesign_0_mydesign_785
                       Small             slow_vdd1v2
SNPS_CLOCK_GATE_HIGH_dsram_mydesign_0_mydesign_786
                       Small             slow_vdd1v2
SNPS_CLOCK_GATE_HIGH_dsram_mydesign_0_mydesign_787
                       Small             slow_vdd1v2
SNPS_CLOCK_GATE_HIGH_dsram_mydesign_0_mydesign_788
                       Small             slow_vdd1v2
SNPS_CLOCK_GATE_HIGH_dsram_mydesign_0_mydesign_789
                       Small             slow_vdd1v2
SNPS_CLOCK_GATE_HIGH_dsram_mydesign_0_mydesign_790
                       Small             slow_vdd1v2
SNPS_CLOCK_GATE_HIGH_dsram_mydesign_0_mydesign_791
                       Small             slow_vdd1v2
SNPS_CLOCK_GATE_HIGH_dsram_mydesign_0_mydesign_792
                       Small             slow_vdd1v2
SNPS_CLOCK_GATE_HIGH_dsram_mydesign_0_mydesign_793
                       Small             slow_vdd1v2
SNPS_CLOCK_GATE_HIGH_dsram_mydesign_0_mydesign_794
                       Small             slow_vdd1v2
SNPS_CLOCK_GATE_HIGH_dsram_mydesign_0_mydesign_795
                       Small             slow_vdd1v2
SNPS_CLOCK_GATE_HIGH_dsram_mydesign_0_mydesign_796
                       Small             slow_vdd1v2
SNPS_CLOCK_GATE_HIGH_dsram_mydesign_0_mydesign_797
                       Small             slow_vdd1v2
SNPS_CLOCK_GATE_HIGH_dsram_mydesign_0_mydesign_798
                       Small             slow_vdd1v2
SNPS_CLOCK_GATE_HIGH_dsram_mydesign_0_mydesign_799
                       Small             slow_vdd1v2
SNPS_CLOCK_GATE_HIGH_dsram_mydesign_0_mydesign_800
                       Small             slow_vdd1v2
SNPS_CLOCK_GATE_HIGH_dsram_mydesign_0_mydesign_801
                       Small             slow_vdd1v2
SNPS_CLOCK_GATE_HIGH_dsram_mydesign_0_mydesign_802
                       Small             slow_vdd1v2
SNPS_CLOCK_GATE_HIGH_dsram_mydesign_0_mydesign_803
                       Small             slow_vdd1v2
SNPS_CLOCK_GATE_HIGH_dsram_mydesign_0_mydesign_804
                       Small             slow_vdd1v2
SNPS_CLOCK_GATE_HIGH_dsram_mydesign_0_mydesign_805
                       Small             slow_vdd1v2
SNPS_CLOCK_GATE_HIGH_dsram_mydesign_0_mydesign_806
                       Small             slow_vdd1v2
SNPS_CLOCK_GATE_HIGH_dsram_mydesign_0_mydesign_807
                       Small             slow_vdd1v2
SNPS_CLOCK_GATE_HIGH_dsram_mydesign_0_mydesign_808
                       Small             slow_vdd1v2
SNPS_CLOCK_GATE_HIGH_dsram_mydesign_0_mydesign_809
                       Small             slow_vdd1v2
SNPS_CLOCK_GATE_HIGH_dsram_mydesign_0_mydesign_810
                       Small             slow_vdd1v2
SNPS_CLOCK_GATE_HIGH_dsram_mydesign_0_mydesign_811
                       Small             slow_vdd1v2
SNPS_CLOCK_GATE_HIGH_dsram_mydesign_0_mydesign_812
                       Small             slow_vdd1v2
SNPS_CLOCK_GATE_HIGH_dsram_mydesign_0_mydesign_813
                       Small             slow_vdd1v2
SNPS_CLOCK_GATE_HIGH_dsram_mydesign_0_mydesign_814
                       Small             slow_vdd1v2
SNPS_CLOCK_GATE_HIGH_dsram_mydesign_0_mydesign_815
                       Small             slow_vdd1v2
SNPS_CLOCK_GATE_HIGH_dsram_mydesign_0_mydesign_816
                       Small             slow_vdd1v2
SNPS_CLOCK_GATE_HIGH_dsram_mydesign_0_mydesign_817
                       Small             slow_vdd1v2
SNPS_CLOCK_GATE_HIGH_dsram_mydesign_0_mydesign_818
                       Small             slow_vdd1v2
SNPS_CLOCK_GATE_HIGH_dsram_mydesign_0_mydesign_819
                       Small             slow_vdd1v2
SNPS_CLOCK_GATE_HIGH_dsram_mydesign_0_mydesign_820
                       Small             slow_vdd1v2
SNPS_CLOCK_GATE_HIGH_dsram_mydesign_0_mydesign_821
                       Small             slow_vdd1v2
SNPS_CLOCK_GATE_HIGH_dsram_mydesign_0_mydesign_822
                       Small             slow_vdd1v2
SNPS_CLOCK_GATE_HIGH_dsram_mydesign_0_mydesign_823
                       Small             slow_vdd1v2
SNPS_CLOCK_GATE_HIGH_dsram_mydesign_0_mydesign_824
                       Small             slow_vdd1v2
SNPS_CLOCK_GATE_HIGH_dsram_mydesign_0_mydesign_825
                       Small             slow_vdd1v2
SNPS_CLOCK_GATE_HIGH_dsram_mydesign_0_mydesign_826
                       Small             slow_vdd1v2
SNPS_CLOCK_GATE_HIGH_dsram_mydesign_0_mydesign_827
                       Small             slow_vdd1v2
SNPS_CLOCK_GATE_HIGH_dsram_mydesign_0_mydesign_828
                       Small             slow_vdd1v2
SNPS_CLOCK_GATE_HIGH_dsram_mydesign_0_mydesign_829
                       Small             slow_vdd1v2
SNPS_CLOCK_GATE_HIGH_dsram_mydesign_0_mydesign_830
                       Small             slow_vdd1v2
SNPS_CLOCK_GATE_HIGH_dsram_mydesign_0_mydesign_831
                       Small             slow_vdd1v2
SNPS_CLOCK_GATE_HIGH_dsram_mydesign_0_mydesign_832
                       Small             slow_vdd1v2
SNPS_CLOCK_GATE_HIGH_dsram_mydesign_0_mydesign_833
                       Small             slow_vdd1v2
SNPS_CLOCK_GATE_HIGH_dsram_mydesign_0_mydesign_834
                       Small             slow_vdd1v2
SNPS_CLOCK_GATE_HIGH_dsram_mydesign_0_mydesign_835
                       Small             slow_vdd1v2
SNPS_CLOCK_GATE_HIGH_dsram_mydesign_0_mydesign_836
                       Small             slow_vdd1v2
SNPS_CLOCK_GATE_HIGH_dsram_mydesign_0_mydesign_837
                       Small             slow_vdd1v2
SNPS_CLOCK_GATE_HIGH_dsram_mydesign_0_mydesign_838
                       Small             slow_vdd1v2
SNPS_CLOCK_GATE_HIGH_dsram_mydesign_0_mydesign_839
                       Small             slow_vdd1v2
SNPS_CLOCK_GATE_HIGH_dsram_mydesign_0_mydesign_840
                       Small             slow_vdd1v2
SNPS_CLOCK_GATE_HIGH_dsram_mydesign_0_mydesign_841
                       Small             slow_vdd1v2
SNPS_CLOCK_GATE_HIGH_dsram_mydesign_0_mydesign_842
                       Small             slow_vdd1v2
SNPS_CLOCK_GATE_HIGH_dsram_mydesign_0_mydesign_843
                       Small             slow_vdd1v2
SNPS_CLOCK_GATE_HIGH_dsram_mydesign_0_mydesign_844
                       Small             slow_vdd1v2
SNPS_CLOCK_GATE_HIGH_dsram_mydesign_0_mydesign_845
                       Small             slow_vdd1v2
SNPS_CLOCK_GATE_HIGH_dsram_mydesign_0_mydesign_846
                       Small             slow_vdd1v2
SNPS_CLOCK_GATE_HIGH_dsram_mydesign_0_mydesign_847
                       Small             slow_vdd1v2
SNPS_CLOCK_GATE_HIGH_dsram_mydesign_0_mydesign_848
                       Small             slow_vdd1v2
SNPS_CLOCK_GATE_HIGH_dsram_mydesign_0_mydesign_849
                       Small             slow_vdd1v2
SNPS_CLOCK_GATE_HIGH_dsram_mydesign_0_mydesign_850
                       Small             slow_vdd1v2
SNPS_CLOCK_GATE_HIGH_dsram_mydesign_0_mydesign_851
                       Small             slow_vdd1v2
SNPS_CLOCK_GATE_HIGH_dsram_mydesign_0_mydesign_852
                       Small             slow_vdd1v2
SNPS_CLOCK_GATE_HIGH_dsram_mydesign_0_mydesign_853
                       Small             slow_vdd1v2
SNPS_CLOCK_GATE_HIGH_dsram_mydesign_0_mydesign_854
                       Small             slow_vdd1v2
SNPS_CLOCK_GATE_HIGH_dsram_mydesign_0_mydesign_855
                       Small             slow_vdd1v2
SNPS_CLOCK_GATE_HIGH_dsram_mydesign_0_mydesign_856
                       Small             slow_vdd1v2
SNPS_CLOCK_GATE_HIGH_dsram_mydesign_0_mydesign_857
                       Small             slow_vdd1v2
SNPS_CLOCK_GATE_HIGH_dsram_mydesign_0_mydesign_858
                       Small             slow_vdd1v2
SNPS_CLOCK_GATE_HIGH_dsram_mydesign_0_mydesign_859
                       Small             slow_vdd1v2
SNPS_CLOCK_GATE_HIGH_dsram_mydesign_0_mydesign_860
                       Small             slow_vdd1v2
SNPS_CLOCK_GATE_HIGH_dsram_mydesign_0_mydesign_861
                       Small             slow_vdd1v2
SNPS_CLOCK_GATE_HIGH_dsram_mydesign_0_mydesign_862
                       Small             slow_vdd1v2
SNPS_CLOCK_GATE_HIGH_dsram_mydesign_0_mydesign_863
                       Small             slow_vdd1v2
SNPS_CLOCK_GATE_HIGH_dsram_mydesign_0_mydesign_864
                       Small             slow_vdd1v2
SNPS_CLOCK_GATE_HIGH_dsram_mydesign_0_mydesign_865
                       Small             slow_vdd1v2
SNPS_CLOCK_GATE_HIGH_dsram_mydesign_0_mydesign_866
                       Small             slow_vdd1v2
SNPS_CLOCK_GATE_HIGH_dsram_mydesign_0_mydesign_867
                       Small             slow_vdd1v2
SNPS_CLOCK_GATE_HIGH_dsram_mydesign_0_mydesign_868
                       Small             slow_vdd1v2
SNPS_CLOCK_GATE_HIGH_dsram_mydesign_0_mydesign_869
                       Small             slow_vdd1v2
SNPS_CLOCK_GATE_HIGH_dsram_mydesign_0_mydesign_870
                       Small             slow_vdd1v2
SNPS_CLOCK_GATE_HIGH_dsram_mydesign_0_mydesign_871
                       Small             slow_vdd1v2
SNPS_CLOCK_GATE_HIGH_dsram_mydesign_0_mydesign_872
                       Small             slow_vdd1v2
SNPS_CLOCK_GATE_HIGH_dsram_mydesign_0_mydesign_873
                       Small             slow_vdd1v2
SNPS_CLOCK_GATE_HIGH_dsram_mydesign_0_mydesign_874
                       Small             slow_vdd1v2
SNPS_CLOCK_GATE_HIGH_dsram_mydesign_0_mydesign_875
                       Small             slow_vdd1v2
SNPS_CLOCK_GATE_HIGH_dsram_mydesign_0_mydesign_876
                       Small             slow_vdd1v2
SNPS_CLOCK_GATE_HIGH_dsram_mydesign_0_mydesign_877
                       Small             slow_vdd1v2
SNPS_CLOCK_GATE_HIGH_dsram_mydesign_0_mydesign_878
                       Small             slow_vdd1v2
SNPS_CLOCK_GATE_HIGH_dsram_mydesign_0_mydesign_879
                       Small             slow_vdd1v2
SNPS_CLOCK_GATE_HIGH_dsram_mydesign_0_mydesign_880
                       Small             slow_vdd1v2
SNPS_CLOCK_GATE_HIGH_dsram_mydesign_0_mydesign_881
                       Small             slow_vdd1v2
SNPS_CLOCK_GATE_HIGH_dsram_mydesign_0_mydesign_882
                       Small             slow_vdd1v2
SNPS_CLOCK_GATE_HIGH_dsram_mydesign_0_mydesign_883
                       Small             slow_vdd1v2
SNPS_CLOCK_GATE_HIGH_dsram_mydesign_0_mydesign_884
                       Small             slow_vdd1v2
SNPS_CLOCK_GATE_HIGH_dsram_mydesign_0_mydesign_885
                       Small             slow_vdd1v2
SNPS_CLOCK_GATE_HIGH_dsram_mydesign_0_mydesign_886
                       Small             slow_vdd1v2
SNPS_CLOCK_GATE_HIGH_dsram_mydesign_0_mydesign_887
                       Small             slow_vdd1v2
SNPS_CLOCK_GATE_HIGH_dsram_mydesign_0_mydesign_888
                       Small             slow_vdd1v2
SNPS_CLOCK_GATE_HIGH_dsram_mydesign_0_mydesign_889
                       Small             slow_vdd1v2
SNPS_CLOCK_GATE_HIGH_dsram_mydesign_0_mydesign_890
                       Small             slow_vdd1v2
SNPS_CLOCK_GATE_HIGH_dsram_mydesign_0_mydesign_891
                       Small             slow_vdd1v2
SNPS_CLOCK_GATE_HIGH_dsram_mydesign_0_mydesign_892
                       Small             slow_vdd1v2
SNPS_CLOCK_GATE_HIGH_dsram_mydesign_0_mydesign_893
                       Small             slow_vdd1v2
SNPS_CLOCK_GATE_HIGH_dsram_mydesign_0_mydesign_894
                       Small             slow_vdd1v2
SNPS_CLOCK_GATE_HIGH_dsram_mydesign_0_mydesign_895
                       Small             slow_vdd1v2
SNPS_CLOCK_GATE_HIGH_dsram_mydesign_0_mydesign_896
                       Small             slow_vdd1v2
SNPS_CLOCK_GATE_HIGH_dsram_mydesign_0_mydesign_897
                       Small             slow_vdd1v2
SNPS_CLOCK_GATE_HIGH_dsram_mydesign_0_mydesign_898
                       Small             slow_vdd1v2
SNPS_CLOCK_GATE_HIGH_dsram_mydesign_0_mydesign_899
                       Small             slow_vdd1v2
SNPS_CLOCK_GATE_HIGH_dsram_mydesign_0_mydesign_900
                       Small             slow_vdd1v2
SNPS_CLOCK_GATE_HIGH_dsram_mydesign_0_mydesign_901
                       Small             slow_vdd1v2
SNPS_CLOCK_GATE_HIGH_dsram_mydesign_0_mydesign_902
                       Small             slow_vdd1v2
SNPS_CLOCK_GATE_HIGH_dsram_mydesign_0_mydesign_903
                       Small             slow_vdd1v2
SNPS_CLOCK_GATE_HIGH_dsram_mydesign_0_mydesign_904
                       Small             slow_vdd1v2
SNPS_CLOCK_GATE_HIGH_dsram_mydesign_0_mydesign_905
                       Small             slow_vdd1v2
SNPS_CLOCK_GATE_HIGH_dsram_mydesign_0_mydesign_906
                       Small             slow_vdd1v2
SNPS_CLOCK_GATE_HIGH_dsram_mydesign_0_mydesign_907
                       Small             slow_vdd1v2
SNPS_CLOCK_GATE_HIGH_dsram_mydesign_0_mydesign_908
                       Small             slow_vdd1v2
SNPS_CLOCK_GATE_HIGH_dsram_mydesign_0_mydesign_909
                       Small             slow_vdd1v2
SNPS_CLOCK_GATE_HIGH_dsram_mydesign_0_mydesign_910
                       Small             slow_vdd1v2
SNPS_CLOCK_GATE_HIGH_dsram_mydesign_0_mydesign_911
                       Small             slow_vdd1v2
SNPS_CLOCK_GATE_HIGH_dsram_mydesign_0_mydesign_912
                       Small             slow_vdd1v2
SNPS_CLOCK_GATE_HIGH_dsram_mydesign_0_mydesign_913
                       Small             slow_vdd1v2
SNPS_CLOCK_GATE_HIGH_dsram_mydesign_0_mydesign_914
                       Small             slow_vdd1v2
SNPS_CLOCK_GATE_HIGH_dsram_mydesign_0_mydesign_915
                       Small             slow_vdd1v2
SNPS_CLOCK_GATE_HIGH_dsram_mydesign_0_mydesign_916
                       Small             slow_vdd1v2
SNPS_CLOCK_GATE_HIGH_dsram_mydesign_0_mydesign_917
                       Small             slow_vdd1v2
SNPS_CLOCK_GATE_HIGH_dsram_mydesign_0_mydesign_918
                       Small             slow_vdd1v2
SNPS_CLOCK_GATE_HIGH_dsram_mydesign_0_mydesign_919
                       Small             slow_vdd1v2
SNPS_CLOCK_GATE_HIGH_dsram_mydesign_0_mydesign_920
                       Small             slow_vdd1v2
SNPS_CLOCK_GATE_HIGH_dsram_mydesign_0_mydesign_921
                       Small             slow_vdd1v2
SNPS_CLOCK_GATE_HIGH_dsram_mydesign_0_mydesign_922
                       Small             slow_vdd1v2
SNPS_CLOCK_GATE_HIGH_dsram_mydesign_0_mydesign_923
                       Small             slow_vdd1v2
SNPS_CLOCK_GATE_HIGH_dsram_mydesign_0_mydesign_924
                       Small             slow_vdd1v2
SNPS_CLOCK_GATE_HIGH_dsram_mydesign_0_mydesign_925
                       Small             slow_vdd1v2
SNPS_CLOCK_GATE_HIGH_dsram_mydesign_0_mydesign_926
                       Small             slow_vdd1v2
SNPS_CLOCK_GATE_HIGH_dsram_mydesign_0_mydesign_927
                       Small             slow_vdd1v2
SNPS_CLOCK_GATE_HIGH_dsram_mydesign_0_mydesign_928
                       Small             slow_vdd1v2
SNPS_CLOCK_GATE_HIGH_dsram_mydesign_0_mydesign_929
                       Small             slow_vdd1v2
SNPS_CLOCK_GATE_HIGH_dsram_mydesign_0_mydesign_930
                       Small             slow_vdd1v2
SNPS_CLOCK_GATE_HIGH_dsram_mydesign_0_mydesign_931
                       Small             slow_vdd1v2
SNPS_CLOCK_GATE_HIGH_dsram_mydesign_0_mydesign_932
                       Small             slow_vdd1v2
SNPS_CLOCK_GATE_HIGH_dsram_mydesign_0_mydesign_933
                       Small             slow_vdd1v2
SNPS_CLOCK_GATE_HIGH_dsram_mydesign_0_mydesign_934
                       Small             slow_vdd1v2
SNPS_CLOCK_GATE_HIGH_dsram_mydesign_0_mydesign_935
                       Small             slow_vdd1v2
SNPS_CLOCK_GATE_HIGH_dsram_mydesign_0_mydesign_936
                       Small             slow_vdd1v2
SNPS_CLOCK_GATE_HIGH_dsram_mydesign_0_mydesign_937
                       Small             slow_vdd1v2
SNPS_CLOCK_GATE_HIGH_dsram_mydesign_0_mydesign_938
                       Small             slow_vdd1v2
SNPS_CLOCK_GATE_HIGH_dsram_mydesign_0_mydesign_939
                       Small             slow_vdd1v2
SNPS_CLOCK_GATE_HIGH_dsram_mydesign_0_mydesign_940
                       Small             slow_vdd1v2
SNPS_CLOCK_GATE_HIGH_dsram_mydesign_0_mydesign_941
                       Small             slow_vdd1v2
SNPS_CLOCK_GATE_HIGH_dsram_mydesign_0_mydesign_942
                       Small             slow_vdd1v2
SNPS_CLOCK_GATE_HIGH_dsram_mydesign_0_mydesign_943
                       Small             slow_vdd1v2
SNPS_CLOCK_GATE_HIGH_dsram_mydesign_0_mydesign_944
                       Small             slow_vdd1v2
SNPS_CLOCK_GATE_HIGH_dsram_mydesign_0_mydesign_945
                       Small             slow_vdd1v2
SNPS_CLOCK_GATE_HIGH_dsram_mydesign_0_mydesign_946
                       Small             slow_vdd1v2
SNPS_CLOCK_GATE_HIGH_dsram_mydesign_0_mydesign_947
                       Small             slow_vdd1v2
SNPS_CLOCK_GATE_HIGH_dsram_mydesign_0_mydesign_948
                       Small             slow_vdd1v2
SNPS_CLOCK_GATE_HIGH_dsram_mydesign_0_mydesign_949
                       Small             slow_vdd1v2
SNPS_CLOCK_GATE_HIGH_dsram_mydesign_0_mydesign_950
                       Small             slow_vdd1v2
SNPS_CLOCK_GATE_HIGH_dsram_mydesign_0_mydesign_951
                       Small             slow_vdd1v2
SNPS_CLOCK_GATE_HIGH_dsram_mydesign_0_mydesign_952
                       Small             slow_vdd1v2
SNPS_CLOCK_GATE_HIGH_dsram_mydesign_0_mydesign_953
                       Small             slow_vdd1v2
SNPS_CLOCK_GATE_HIGH_dsram_mydesign_0_mydesign_954
                       Small             slow_vdd1v2
SNPS_CLOCK_GATE_HIGH_dsram_mydesign_0_mydesign_955
                       Small             slow_vdd1v2
SNPS_CLOCK_GATE_HIGH_dsram_mydesign_0_mydesign_956
                       Small             slow_vdd1v2
SNPS_CLOCK_GATE_HIGH_dsram_mydesign_0_mydesign_957
                       Small             slow_vdd1v2
SNPS_CLOCK_GATE_HIGH_dsram_mydesign_0_mydesign_958
                       Small             slow_vdd1v2
SNPS_CLOCK_GATE_HIGH_dsram_mydesign_0_mydesign_959
                       Small             slow_vdd1v2
SNPS_CLOCK_GATE_HIGH_dsram_mydesign_0_mydesign_960
                       Small             slow_vdd1v2
SNPS_CLOCK_GATE_HIGH_dsram_mydesign_0_mydesign_961
                       Small             slow_vdd1v2
SNPS_CLOCK_GATE_HIGH_dsram_mydesign_0_mydesign_962
                       Small             slow_vdd1v2
SNPS_CLOCK_GATE_HIGH_dsram_mydesign_0_mydesign_963
                       Small             slow_vdd1v2
SNPS_CLOCK_GATE_HIGH_dsram_mydesign_0_mydesign_964
                       Small             slow_vdd1v2
SNPS_CLOCK_GATE_HIGH_dsram_mydesign_0_mydesign_965
                       Small             slow_vdd1v2
SNPS_CLOCK_GATE_HIGH_dsram_mydesign_0_mydesign_966
                       Small             slow_vdd1v2
SNPS_CLOCK_GATE_HIGH_dsram_mydesign_0_mydesign_967
                       Small             slow_vdd1v2
SNPS_CLOCK_GATE_HIGH_dsram_mydesign_0_mydesign_968
                       Small             slow_vdd1v2
SNPS_CLOCK_GATE_HIGH_dsram_mydesign_0_mydesign_969
                       Small             slow_vdd1v2
SNPS_CLOCK_GATE_HIGH_dsram_mydesign_0_mydesign_970
                       Small             slow_vdd1v2
SNPS_CLOCK_GATE_HIGH_dsram_mydesign_0_mydesign_971
                       Small             slow_vdd1v2
SNPS_CLOCK_GATE_HIGH_dsram_mydesign_0_mydesign_972
                       Small             slow_vdd1v2
SNPS_CLOCK_GATE_HIGH_dsram_mydesign_0_mydesign_973
                       Small             slow_vdd1v2
SNPS_CLOCK_GATE_HIGH_dsram_mydesign_0_mydesign_974
                       Small             slow_vdd1v2
SNPS_CLOCK_GATE_HIGH_dsram_mydesign_0_mydesign_975
                       Small             slow_vdd1v2
SNPS_CLOCK_GATE_HIGH_dsram_mydesign_0_mydesign_976
                       Small             slow_vdd1v2
SNPS_CLOCK_GATE_HIGH_dsram_mydesign_0_mydesign_977
                       Small             slow_vdd1v2
SNPS_CLOCK_GATE_HIGH_dsram_mydesign_0_mydesign_978
                       Small             slow_vdd1v2
SNPS_CLOCK_GATE_HIGH_dsram_mydesign_0_mydesign_979
                       Small             slow_vdd1v2
SNPS_CLOCK_GATE_HIGH_dsram_mydesign_0_mydesign_980
                       Small             slow_vdd1v2
SNPS_CLOCK_GATE_HIGH_dsram_mydesign_0_mydesign_981
                       Small             slow_vdd1v2
SNPS_CLOCK_GATE_HIGH_dsram_mydesign_0_mydesign_982
                       Small             slow_vdd1v2
SNPS_CLOCK_GATE_HIGH_dsram_mydesign_0_mydesign_983
                       Small             slow_vdd1v2
SNPS_CLOCK_GATE_HIGH_dsram_mydesign_0_mydesign_984
                       Small             slow_vdd1v2
SNPS_CLOCK_GATE_HIGH_dsram_mydesign_0_mydesign_985
                       Small             slow_vdd1v2
SNPS_CLOCK_GATE_HIGH_dsram_mydesign_0_mydesign_986
                       Small             slow_vdd1v2
SNPS_CLOCK_GATE_HIGH_dsram_mydesign_0_mydesign_987
                       Small             slow_vdd1v2
SNPS_CLOCK_GATE_HIGH_dsram_mydesign_0_mydesign_988
                       Small             slow_vdd1v2
SNPS_CLOCK_GATE_HIGH_dsram_mydesign_0_mydesign_989
                       Small             slow_vdd1v2
SNPS_CLOCK_GATE_HIGH_dsram_mydesign_0_mydesign_990
                       Small             slow_vdd1v2
SNPS_CLOCK_GATE_HIGH_dsram_mydesign_0_mydesign_991
                       Small             slow_vdd1v2
SNPS_CLOCK_GATE_HIGH_dsram_mydesign_0_mydesign_992
                       Small             slow_vdd1v2
SNPS_CLOCK_GATE_HIGH_dsram_mydesign_0_mydesign_993
                       Small             slow_vdd1v2
SNPS_CLOCK_GATE_HIGH_dsram_mydesign_0_mydesign_994
                       Small             slow_vdd1v2
SNPS_CLOCK_GATE_HIGH_dsram_mydesign_0_mydesign_995
                       Small             slow_vdd1v2
SNPS_CLOCK_GATE_HIGH_dsram_mydesign_0_mydesign_996
                       Small             slow_vdd1v2
SNPS_CLOCK_GATE_HIGH_dsram_mydesign_0_mydesign_997
                       Small             slow_vdd1v2
SNPS_CLOCK_GATE_HIGH_dsram_mydesign_0_mydesign_998
                       Small             slow_vdd1v2
SNPS_CLOCK_GATE_HIGH_dsram_mydesign_0_mydesign_999
                       Small             slow_vdd1v2
SNPS_CLOCK_GATE_HIGH_dsram_mydesign_0_mydesign_1000
                       Small             slow_vdd1v2
SNPS_CLOCK_GATE_HIGH_dsram_mydesign_0_mydesign_1001
                       Small             slow_vdd1v2
SNPS_CLOCK_GATE_HIGH_dsram_mydesign_0_mydesign_1002
                       Small             slow_vdd1v2
SNPS_CLOCK_GATE_HIGH_dsram_mydesign_0_mydesign_1003
                       Small             slow_vdd1v2
SNPS_CLOCK_GATE_HIGH_dsram_mydesign_0_mydesign_1004
                       Small             slow_vdd1v2
SNPS_CLOCK_GATE_HIGH_dsram_mydesign_0_mydesign_1005
                       Small             slow_vdd1v2
SNPS_CLOCK_GATE_HIGH_dsram_mydesign_0_mydesign_1006
                       Small             slow_vdd1v2
SNPS_CLOCK_GATE_HIGH_dsram_mydesign_0_mydesign_1007
                       Small             slow_vdd1v2
SNPS_CLOCK_GATE_HIGH_dsram_mydesign_0_mydesign_1008
                       Small             slow_vdd1v2
SNPS_CLOCK_GATE_HIGH_dsram_mydesign_0_mydesign_1009
                       Small             slow_vdd1v2
SNPS_CLOCK_GATE_HIGH_dsram_mydesign_0_mydesign_1010
                       Small             slow_vdd1v2
SNPS_CLOCK_GATE_HIGH_dsram_mydesign_0_mydesign_1011
                       Small             slow_vdd1v2
SNPS_CLOCK_GATE_HIGH_dsram_mydesign_0_mydesign_1012
                       Small             slow_vdd1v2
SNPS_CLOCK_GATE_HIGH_dsram_mydesign_0_mydesign_1013
                       Small             slow_vdd1v2
SNPS_CLOCK_GATE_HIGH_dsram_mydesign_0_mydesign_1014
                       Small             slow_vdd1v2
SNPS_CLOCK_GATE_HIGH_dsram_mydesign_0_mydesign_1015
                       Small             slow_vdd1v2
SNPS_CLOCK_GATE_HIGH_dsram_mydesign_0_mydesign_1016
                       Small             slow_vdd1v2
SNPS_CLOCK_GATE_HIGH_dsram_mydesign_0_mydesign_1017
                       Small             slow_vdd1v2
SNPS_CLOCK_GATE_HIGH_dsram_mydesign_0_mydesign_1018
                       Small             slow_vdd1v2
SNPS_CLOCK_GATE_HIGH_dsram_mydesign_0_mydesign_1019
                       Small             slow_vdd1v2
SNPS_CLOCK_GATE_HIGH_dsram_mydesign_0_mydesign_1020
                       Small             slow_vdd1v2
SNPS_CLOCK_GATE_HIGH_dsram_mydesign_0_mydesign_1021
                       Small             slow_vdd1v2
SNPS_CLOCK_GATE_HIGH_dsram_mydesign_0_mydesign_1022
                       Small             slow_vdd1v2
SNPS_CLOCK_GATE_HIGH_dsram_mydesign_0_mydesign_1023
                       Small             slow_vdd1v2
SNPS_CLOCK_GATE_HIGH_dsram_mydesign_0_mydesign_1024
                       Small             slow_vdd1v2
SNPS_CLOCK_GATE_HIGH_dsram_mydesign_0_mydesign_1025
                       Small             slow_vdd1v2
SNPS_CLOCK_GATE_HIGH_dsram_mydesign_0_mydesign_1026
                       Small             slow_vdd1v2
SNPS_CLOCK_GATE_HIGH_dsram_mydesign_0_mydesign_1027
                       Small             slow_vdd1v2
SNPS_CLOCK_GATE_HIGH_dsram_mydesign_0_mydesign_0
                       Small             slow_vdd1v2
SNPS_CLOCK_GATE_HIGH_dsram_mydesign_0_mydesign_1028
                       Small             slow_vdd1v2
SNPS_CLOCK_GATE_HIGH_dsram_mydesign_0_mydesign_1029
                       Small             slow_vdd1v2
SNPS_CLOCK_GATE_HIGH_dsram_mydesign_0_mydesign_1030
                       Small             slow_vdd1v2
SNPS_CLOCK_GATE_HIGH_dsram_mydesign_0_mydesign_1031
                       Small             slow_vdd1v2
SNPS_CLOCK_GATE_HIGH_dsram_mydesign_0_mydesign_1032
                       Small             slow_vdd1v2
SNPS_CLOCK_GATE_HIGH_dsram_mydesign_0_mydesign_1033
                       Small             slow_vdd1v2
SNPS_CLOCK_GATE_HIGH_dsram_mydesign_0_mydesign_1034
                       Small             slow_vdd1v2
SNPS_CLOCK_GATE_HIGH_dsram_mydesign_0_mydesign_1035
                       Small             slow_vdd1v2
SNPS_CLOCK_GATE_HIGH_dsram_mydesign_0_mydesign_1036
                       Small             slow_vdd1v2
SNPS_CLOCK_GATE_HIGH_dsram_mydesign_0_mydesign_1037
                       Small             slow_vdd1v2
SNPS_CLOCK_GATE_HIGH_dsram_mydesign_0_mydesign_1038
                       Small             slow_vdd1v2
SNPS_CLOCK_GATE_HIGH_dsram_mydesign_0_mydesign_1039
                       Small             slow_vdd1v2
SNPS_CLOCK_GATE_HIGH_dsram_mydesign_0_mydesign_1040
                       Small             slow_vdd1v2
SNPS_CLOCK_GATE_HIGH_dsram_mydesign_0_mydesign_1041
                       Small             slow_vdd1v2
SNPS_CLOCK_GATE_HIGH_dsram_mydesign_0_mydesign_1042
                       Small             slow_vdd1v2
SNPS_CLOCK_GATE_HIGH_dsram_mydesign_0_mydesign_1043
                       Small             slow_vdd1v2
SNPS_CLOCK_GATE_HIGH_dsram_mydesign_0_mydesign_1044
                       Small             slow_vdd1v2
SNPS_CLOCK_GATE_HIGH_dsram_mydesign_0_mydesign_1045
                       Small             slow_vdd1v2
SNPS_CLOCK_GATE_HIGH_dsram_mydesign_0_mydesign_1046
                       Small             slow_vdd1v2
SNPS_CLOCK_GATE_HIGH_dsram_mydesign_0_mydesign_1047
                       Small             slow_vdd1v2
SNPS_CLOCK_GATE_HIGH_dsram_mydesign_0_mydesign_1048
                       Small             slow_vdd1v2
SNPS_CLOCK_GATE_HIGH_dsram_mydesign_0_mydesign_1049
                       Small             slow_vdd1v2
SNPS_CLOCK_GATE_HIGH_dsram_mydesign_0_mydesign_1050
                       Small             slow_vdd1v2
SNPS_CLOCK_GATE_HIGH_dsram_mydesign_0_mydesign_1051
                       Small             slow_vdd1v2
SNPS_CLOCK_GATE_HIGH_dsram_mydesign_0_mydesign_1052
                       Small             slow_vdd1v2
SNPS_CLOCK_GATE_HIGH_dsram_mydesign_0_mydesign_1053
                       Small             slow_vdd1v2
SNPS_CLOCK_GATE_HIGH_dsram_mydesign_0_mydesign_1054
                       Small             slow_vdd1v2
SNPS_CLOCK_GATE_HIGH_dsram_mydesign_0_mydesign_1055
                       Small             slow_vdd1v2
SNPS_CLOCK_GATE_HIGH_dsram_mydesign_0_mydesign_1056
                       Small             slow_vdd1v2
SNPS_CLOCK_GATE_HIGH_dsram_mydesign_0_mydesign_1057
                       Small             slow_vdd1v2
SNPS_CLOCK_GATE_HIGH_dsram_mydesign_0_mydesign_1058
                       Small             slow_vdd1v2
SNPS_CLOCK_GATE_HIGH_dsram_mydesign_0_mydesign_1059
                       Small             slow_vdd1v2
SNPS_CLOCK_GATE_HIGH_dsram_mydesign_0_mydesign_1060
                       Small             slow_vdd1v2
SNPS_CLOCK_GATE_HIGH_dsram_mydesign_0_mydesign_1061
                       Small             slow_vdd1v2
SNPS_CLOCK_GATE_HIGH_dsram_mydesign_0_mydesign_1062
                       Small             slow_vdd1v2
SNPS_CLOCK_GATE_HIGH_dsram_mydesign_0_mydesign_1063
                       Small             slow_vdd1v2
SNPS_CLOCK_GATE_HIGH_dsram_mydesign_0_mydesign_1064
                       Small             slow_vdd1v2
SNPS_CLOCK_GATE_HIGH_dsram_mydesign_0_mydesign_1065
                       Small             slow_vdd1v2
SNPS_CLOCK_GATE_HIGH_dsram_mydesign_0_mydesign_1066
                       Small             slow_vdd1v2
SNPS_CLOCK_GATE_HIGH_dsram_mydesign_0_mydesign_1067
                       Small             slow_vdd1v2
SNPS_CLOCK_GATE_HIGH_dsram_mydesign_0_mydesign_1068
                       Small             slow_vdd1v2
SNPS_CLOCK_GATE_HIGH_dsram_mydesign_0_mydesign_1069
                       Small             slow_vdd1v2
SNPS_CLOCK_GATE_HIGH_dsram_mydesign_0_mydesign_1070
                       Small             slow_vdd1v2
SNPS_CLOCK_GATE_HIGH_dsram_mydesign_0_mydesign_1071
                       Small             slow_vdd1v2
SNPS_CLOCK_GATE_HIGH_dsram_mydesign_0_mydesign_1072
                       Small             slow_vdd1v2
SNPS_CLOCK_GATE_HIGH_dsram_mydesign_0_mydesign_1073
                       Small             slow_vdd1v2
SNPS_CLOCK_GATE_HIGH_dsram_mydesign_0_mydesign_1074
                       Small             slow_vdd1v2
SNPS_CLOCK_GATE_HIGH_dsram_mydesign_0_mydesign_1075
                       Small             slow_vdd1v2
SNPS_CLOCK_GATE_HIGH_dsram_mydesign_0_mydesign_1076
                       Small             slow_vdd1v2
SNPS_CLOCK_GATE_HIGH_dsram_mydesign_0_mydesign_1077
                       Small             slow_vdd1v2
SNPS_CLOCK_GATE_HIGH_dsram_mydesign_0_mydesign_1078
                       Small             slow_vdd1v2
SNPS_CLOCK_GATE_HIGH_dsram_mydesign_0_mydesign_1079
                       Small             slow_vdd1v2
SNPS_CLOCK_GATE_HIGH_dsram_mydesign_0_mydesign_1080
                       Small             slow_vdd1v2
SNPS_CLOCK_GATE_HIGH_dsram_mydesign_0_mydesign_1081
                       Small             slow_vdd1v2
SNPS_CLOCK_GATE_HIGH_dsram_mydesign_0_mydesign_1082
                       Small             slow_vdd1v2
SNPS_CLOCK_GATE_HIGH_dsram_mydesign_0_mydesign_1083
                       Small             slow_vdd1v2
SNPS_CLOCK_GATE_HIGH_dsram_mydesign_0_mydesign_1084
                       Small             slow_vdd1v2
SNPS_CLOCK_GATE_HIGH_dsram_mydesign_0_mydesign_1085
                       Small             slow_vdd1v2
SNPS_CLOCK_GATE_HIGH_dsram_mydesign_0_mydesign_1086
                       Small             slow_vdd1v2
SNPS_CLOCK_GATE_HIGH_dsram_mydesign_0_mydesign_1087
                       Small             slow_vdd1v2
SNPS_CLOCK_GATE_HIGH_dsram_mydesign_0_mydesign_1088
                       Small             slow_vdd1v2
SNPS_CLOCK_GATE_HIGH_dsram_mydesign_0_mydesign_1089
                       Small             slow_vdd1v2
SNPS_CLOCK_GATE_HIGH_dsram_mydesign_0_mydesign_1090
                       Small             slow_vdd1v2
SNPS_CLOCK_GATE_HIGH_dsram_mydesign_0_mydesign_1091
                       Small             slow_vdd1v2
SNPS_CLOCK_GATE_HIGH_dsram_mydesign_0_mydesign_1092
                       Small             slow_vdd1v2
SNPS_CLOCK_GATE_HIGH_dsram_mydesign_0_mydesign_1093
                       Small             slow_vdd1v2
SNPS_CLOCK_GATE_HIGH_dsram_mydesign_0_mydesign_1094
                       Small             slow_vdd1v2
SNPS_CLOCK_GATE_HIGH_dsram_mydesign_0_mydesign_1095
                       Small             slow_vdd1v2
SNPS_CLOCK_GATE_HIGH_dsram_mydesign_0_mydesign_1096
                       Small             slow_vdd1v2
SNPS_CLOCK_GATE_HIGH_dsram_mydesign_0_mydesign_1097
                       Small             slow_vdd1v2
SNPS_CLOCK_GATE_HIGH_dsram_mydesign_0_mydesign_1098
                       Small             slow_vdd1v2
SNPS_CLOCK_GATE_HIGH_dsram_mydesign_0_mydesign_1099
                       Small             slow_vdd1v2
SNPS_CLOCK_GATE_HIGH_dsram_mydesign_0_mydesign_1100
                       Small             slow_vdd1v2
SNPS_CLOCK_GATE_HIGH_dsram_mydesign_0_mydesign_1101
                       Small             slow_vdd1v2
SNPS_CLOCK_GATE_HIGH_dsram_mydesign_0_mydesign_1102
                       Small             slow_vdd1v2
SNPS_CLOCK_GATE_HIGH_dsram_mydesign_0_mydesign_1103
                       Small             slow_vdd1v2
SNPS_CLOCK_GATE_HIGH_dsram_mydesign_0_mydesign_1104
                       Small             slow_vdd1v2
SNPS_CLOCK_GATE_HIGH_dsram_mydesign_0_mydesign_1105
                       Small             slow_vdd1v2
SNPS_CLOCK_GATE_HIGH_dsram_mydesign_0_mydesign_1106
                       Small             slow_vdd1v2
SNPS_CLOCK_GATE_HIGH_dsram_mydesign_0_mydesign_1107
                       Small             slow_vdd1v2
SNPS_CLOCK_GATE_HIGH_dsram_mydesign_0_mydesign_1108
                       Small             slow_vdd1v2
SNPS_CLOCK_GATE_HIGH_dsram_mydesign_0_mydesign_1109
                       Small             slow_vdd1v2
SNPS_CLOCK_GATE_HIGH_dsram_mydesign_0_mydesign_1110
                       Small             slow_vdd1v2
SNPS_CLOCK_GATE_HIGH_dsram_mydesign_0_mydesign_1111
                       Small             slow_vdd1v2
SNPS_CLOCK_GATE_HIGH_dsram_mydesign_0_mydesign_1112
                       Small             slow_vdd1v2
SNPS_CLOCK_GATE_HIGH_dsram_mydesign_0_mydesign_1113
                       Small             slow_vdd1v2
SNPS_CLOCK_GATE_HIGH_dsram_mydesign_0_mydesign_1114
                       Small             slow_vdd1v2
SNPS_CLOCK_GATE_HIGH_dsram_mydesign_0_mydesign_1115
                       Small             slow_vdd1v2
SNPS_CLOCK_GATE_HIGH_dsram_mydesign_0_mydesign_1116
                       Small             slow_vdd1v2
SNPS_CLOCK_GATE_HIGH_dsram_mydesign_0_mydesign_1117
                       Small             slow_vdd1v2
SNPS_CLOCK_GATE_HIGH_dsram_mydesign_0_mydesign_1118
                       Small             slow_vdd1v2
SNPS_CLOCK_GATE_HIGH_dsram_mydesign_0_mydesign_1119
                       Small             slow_vdd1v2
SNPS_CLOCK_GATE_HIGH_dsram_mydesign_0_mydesign_1120
                       Small             slow_vdd1v2
SNPS_CLOCK_GATE_HIGH_dsram_mydesign_0_mydesign_1121
                       Small             slow_vdd1v2
SNPS_CLOCK_GATE_HIGH_dsram_mydesign_0_mydesign_1122
                       Small             slow_vdd1v2
SNPS_CLOCK_GATE_HIGH_dsram_mydesign_0_mydesign_1123
                       Small             slow_vdd1v2
SNPS_CLOCK_GATE_HIGH_dsram_mydesign_0_mydesign_1124
                       Small             slow_vdd1v2
SNPS_CLOCK_GATE_HIGH_dsram_mydesign_0_mydesign_1125
                       Small             slow_vdd1v2
SNPS_CLOCK_GATE_HIGH_dsram_mydesign_0_mydesign_1126
                       Small             slow_vdd1v2
SNPS_CLOCK_GATE_HIGH_dsram_mydesign_0_mydesign_1127
                       Small             slow_vdd1v2
SNPS_CLOCK_GATE_HIGH_dsram_mydesign_0_mydesign_1128
                       Small             slow_vdd1v2
SNPS_CLOCK_GATE_HIGH_dsram_mydesign_0_mydesign_1129
                       Small             slow_vdd1v2
SNPS_CLOCK_GATE_HIGH_dsram_mydesign_0_mydesign_1130
                       Small             slow_vdd1v2
SNPS_CLOCK_GATE_HIGH_dsram_mydesign_0_mydesign_1131
                       Small             slow_vdd1v2
SNPS_CLOCK_GATE_HIGH_dsram_mydesign_0_mydesign_1132
                       Small             slow_vdd1v2
SNPS_CLOCK_GATE_HIGH_dsram_mydesign_0_mydesign_1133
                       Small             slow_vdd1v2
SNPS_CLOCK_GATE_HIGH_dsram_mydesign_0_mydesign_1134
                       Small             slow_vdd1v2
SNPS_CLOCK_GATE_HIGH_dsram_mydesign_0_mydesign_1135
                       Small             slow_vdd1v2
SNPS_CLOCK_GATE_HIGH_dsram_mydesign_0_mydesign_1136
                       Small             slow_vdd1v2
SNPS_CLOCK_GATE_HIGH_dsram_mydesign_0_mydesign_1137
                       Small             slow_vdd1v2
SNPS_CLOCK_GATE_HIGH_dsram_mydesign_0_mydesign_1138
                       Small             slow_vdd1v2
SNPS_CLOCK_GATE_HIGH_dsram_mydesign_0_mydesign_1139
                       Small             slow_vdd1v2
SNPS_CLOCK_GATE_HIGH_dsram_mydesign_0_mydesign_1140
                       Small             slow_vdd1v2
SNPS_CLOCK_GATE_HIGH_dsram_mydesign_0_mydesign_1141
                       Small             slow_vdd1v2
SNPS_CLOCK_GATE_HIGH_dsram_mydesign_0_mydesign_1142
                       Small             slow_vdd1v2
SNPS_CLOCK_GATE_HIGH_dsram_mydesign_0_mydesign_1143
                       Small             slow_vdd1v2
SNPS_CLOCK_GATE_HIGH_dsram_mydesign_0_mydesign_1144
                       Small             slow_vdd1v2
SNPS_CLOCK_GATE_HIGH_dsram_mydesign_0_mydesign_1145
                       Small             slow_vdd1v2
SNPS_CLOCK_GATE_HIGH_dsram_mydesign_0_mydesign_1146
                       Small             slow_vdd1v2
SNPS_CLOCK_GATE_HIGH_dsram_mydesign_0_mydesign_1147
                       Small             slow_vdd1v2
SNPS_CLOCK_GATE_HIGH_dsram_mydesign_0_mydesign_1148
                       Small             slow_vdd1v2
SNPS_CLOCK_GATE_HIGH_dsram_mydesign_0_mydesign_1149
                       Small             slow_vdd1v2
SNPS_CLOCK_GATE_HIGH_dsram_mydesign_0_mydesign_1150
                       Small             slow_vdd1v2
SNPS_CLOCK_GATE_HIGH_dsram_mydesign_0_mydesign_1151
                       Small             slow_vdd1v2
SNPS_CLOCK_GATE_HIGH_dsram_mydesign_0_mydesign_1152
                       Small             slow_vdd1v2
SNPS_CLOCK_GATE_HIGH_dsram_mydesign_0_mydesign_1153
                       Small             slow_vdd1v2
SNPS_CLOCK_GATE_HIGH_dsram_mydesign_0_mydesign_1154
                       Small             slow_vdd1v2
SNPS_CLOCK_GATE_HIGH_dsram_mydesign_0_mydesign_1155
                       Small             slow_vdd1v2
SNPS_CLOCK_GATE_HIGH_dsram_mydesign_0_mydesign_1156
                       Small             slow_vdd1v2
SNPS_CLOCK_GATE_HIGH_dsram_mydesign_0_mydesign_1157
                       Small             slow_vdd1v2
SNPS_CLOCK_GATE_HIGH_dsram_mydesign_0_mydesign_1158
                       Small             slow_vdd1v2
SNPS_CLOCK_GATE_HIGH_dsram_mydesign_0_mydesign_1159
                       Small             slow_vdd1v2
SNPS_CLOCK_GATE_HIGH_dsram_mydesign_0_mydesign_1160
                       Small             slow_vdd1v2
SNPS_CLOCK_GATE_HIGH_dsram_mydesign_0_mydesign_1161
                       Small             slow_vdd1v2
SNPS_CLOCK_GATE_HIGH_dsram_mydesign_0_mydesign_1162
                       Small             slow_vdd1v2
SNPS_CLOCK_GATE_HIGH_dsram_mydesign_0_mydesign_1163
                       Small             slow_vdd1v2
SNPS_CLOCK_GATE_HIGH_dsram_mydesign_0_mydesign_1164
                       Small             slow_vdd1v2
SNPS_CLOCK_GATE_HIGH_dsram_mydesign_0_mydesign_1165
                       Small             slow_vdd1v2
SNPS_CLOCK_GATE_HIGH_dsram_mydesign_0_mydesign_1166
                       Small             slow_vdd1v2
SNPS_CLOCK_GATE_HIGH_dsram_mydesign_0_mydesign_1167
                       Small             slow_vdd1v2
SNPS_CLOCK_GATE_HIGH_dsram_mydesign_0_mydesign_1168
                       Small             slow_vdd1v2
SNPS_CLOCK_GATE_HIGH_dsram_mydesign_0_mydesign_1169
                       Small             slow_vdd1v2
SNPS_CLOCK_GATE_HIGH_dsram_mydesign_0_mydesign_1170
                       Small             slow_vdd1v2
SNPS_CLOCK_GATE_HIGH_dsram_mydesign_0_mydesign_1171
                       Small             slow_vdd1v2
SNPS_CLOCK_GATE_HIGH_dsram_mydesign_0_mydesign_1172
                       Small             slow_vdd1v2
SNPS_CLOCK_GATE_HIGH_dsram_mydesign_0_mydesign_1173
                       Small             slow_vdd1v2
SNPS_CLOCK_GATE_HIGH_dsram_mydesign_0_mydesign_1174
                       Small             slow_vdd1v2
SNPS_CLOCK_GATE_HIGH_dsram_mydesign_0_mydesign_1175
                       Small             slow_vdd1v2
SNPS_CLOCK_GATE_HIGH_dsram_mydesign_0_mydesign_1176
                       Small             slow_vdd1v2
SNPS_CLOCK_GATE_HIGH_dsram_mydesign_0_mydesign_1177
                       Small             slow_vdd1v2
SNPS_CLOCK_GATE_HIGH_dsram_mydesign_0_mydesign_1178
                       Small             slow_vdd1v2
SNPS_CLOCK_GATE_HIGH_dsram_mydesign_0_mydesign_1179
                       Small             slow_vdd1v2
SNPS_CLOCK_GATE_HIGH_dsram_mydesign_0_mydesign_1180
                       Small             slow_vdd1v2
SNPS_CLOCK_GATE_HIGH_dsram_mydesign_0_mydesign_1181
                       Small             slow_vdd1v2
SNPS_CLOCK_GATE_HIGH_dsram_mydesign_0_mydesign_1182
                       Small             slow_vdd1v2
SNPS_CLOCK_GATE_HIGH_dsram_mydesign_0_mydesign_1183
                       Small             slow_vdd1v2
SNPS_CLOCK_GATE_HIGH_dsram_mydesign_0_mydesign_1184
                       Small             slow_vdd1v2
SNPS_CLOCK_GATE_HIGH_dsram_mydesign_0_mydesign_1185
                       Small             slow_vdd1v2
SNPS_CLOCK_GATE_HIGH_dsram_mydesign_0_mydesign_1186
                       Small             slow_vdd1v2
SNPS_CLOCK_GATE_HIGH_dsram_mydesign_0_mydesign_1187
                       Small             slow_vdd1v2
SNPS_CLOCK_GATE_HIGH_dsram_mydesign_0_mydesign_1188
                       Small             slow_vdd1v2
SNPS_CLOCK_GATE_HIGH_dsram_mydesign_0_mydesign_1189
                       Small             slow_vdd1v2
SNPS_CLOCK_GATE_HIGH_dsram_mydesign_0_mydesign_1190
                       Small             slow_vdd1v2
SNPS_CLOCK_GATE_HIGH_dsram_mydesign_0_mydesign_1191
                       Small             slow_vdd1v2
SNPS_CLOCK_GATE_HIGH_dsram_mydesign_0_mydesign_1192
                       Small             slow_vdd1v2
SNPS_CLOCK_GATE_HIGH_dsram_mydesign_0_mydesign_1193
                       Small             slow_vdd1v2
SNPS_CLOCK_GATE_HIGH_dsram_mydesign_0_mydesign_1194
                       Small             slow_vdd1v2
SNPS_CLOCK_GATE_HIGH_dsram_mydesign_0_mydesign_1195
                       Small             slow_vdd1v2
SNPS_CLOCK_GATE_HIGH_dsram_mydesign_0_mydesign_1196
                       Small             slow_vdd1v2
SNPS_CLOCK_GATE_HIGH_dsram_mydesign_0_mydesign_1197
                       Small             slow_vdd1v2
SNPS_CLOCK_GATE_HIGH_dsram_mydesign_0_mydesign_1198
                       Small             slow_vdd1v2
SNPS_CLOCK_GATE_HIGH_dsram_mydesign_0_mydesign_1199
                       Small             slow_vdd1v2
SNPS_CLOCK_GATE_HIGH_dsram_mydesign_0_mydesign_1200
                       Small             slow_vdd1v2
SNPS_CLOCK_GATE_HIGH_dsram_mydesign_0_mydesign_1201
                       Small             slow_vdd1v2
SNPS_CLOCK_GATE_HIGH_dsram_mydesign_0_mydesign_1202
                       Small             slow_vdd1v2
SNPS_CLOCK_GATE_HIGH_dsram_mydesign_0_mydesign_1203
                       Small             slow_vdd1v2
SNPS_CLOCK_GATE_HIGH_dsram_mydesign_0_mydesign_1204
                       Small             slow_vdd1v2
SNPS_CLOCK_GATE_HIGH_dsram_mydesign_0_mydesign_1205
                       Small             slow_vdd1v2
SNPS_CLOCK_GATE_HIGH_dsram_mydesign_0_mydesign_1206
                       Small             slow_vdd1v2
SNPS_CLOCK_GATE_HIGH_dsram_mydesign_0_mydesign_1207
                       Small             slow_vdd1v2
SNPS_CLOCK_GATE_HIGH_dsram_mydesign_0_mydesign_1208
                       Small             slow_vdd1v2
SNPS_CLOCK_GATE_HIGH_dsram_mydesign_0_mydesign_1209
                       Small             slow_vdd1v2
SNPS_CLOCK_GATE_HIGH_dsram_mydesign_0_mydesign_1210
                       Small             slow_vdd1v2
SNPS_CLOCK_GATE_HIGH_dsram_mydesign_0_mydesign_1211
                       Small             slow_vdd1v2
SNPS_CLOCK_GATE_HIGH_dsram_mydesign_0_mydesign_1212
                       Small             slow_vdd1v2
SNPS_CLOCK_GATE_HIGH_dsram_mydesign_0_mydesign_1213
                       Small             slow_vdd1v2
SNPS_CLOCK_GATE_HIGH_dsram_mydesign_0_mydesign_1214
                       Small             slow_vdd1v2
SNPS_CLOCK_GATE_HIGH_dsram_mydesign_0_mydesign_1215
                       Small             slow_vdd1v2
SNPS_CLOCK_GATE_HIGH_dsram_mydesign_0_mydesign_1216
                       Small             slow_vdd1v2
SNPS_CLOCK_GATE_HIGH_dsram_mydesign_0_mydesign_1217
                       Small             slow_vdd1v2
SNPS_CLOCK_GATE_HIGH_dsram_mydesign_0_mydesign_1218
                       Small             slow_vdd1v2
SNPS_CLOCK_GATE_HIGH_dsram_mydesign_0_mydesign_1219
                       Small             slow_vdd1v2
SNPS_CLOCK_GATE_HIGH_dsram_mydesign_0_mydesign_1220
                       Small             slow_vdd1v2
SNPS_CLOCK_GATE_HIGH_dsram_mydesign_0_mydesign_1221
                       Small             slow_vdd1v2
SNPS_CLOCK_GATE_HIGH_dsram_mydesign_0_mydesign_1222
                       Small             slow_vdd1v2
SNPS_CLOCK_GATE_HIGH_dsram_mydesign_0_mydesign_1223
                       Small             slow_vdd1v2
SNPS_CLOCK_GATE_HIGH_dsram_mydesign_0_mydesign_1224
                       Small             slow_vdd1v2
SNPS_CLOCK_GATE_HIGH_dsram_mydesign_0_mydesign_1225
                       Small             slow_vdd1v2
SNPS_CLOCK_GATE_HIGH_dsram_mydesign_0_mydesign_1226
                       Small             slow_vdd1v2
SNPS_CLOCK_GATE_HIGH_dsram_mydesign_0_mydesign_1227
                       Small             slow_vdd1v2
SNPS_CLOCK_GATE_HIGH_dsram_mydesign_0_mydesign_1228
                       Small             slow_vdd1v2
SNPS_CLOCK_GATE_HIGH_dsram_mydesign_0_mydesign_1229
                       Small             slow_vdd1v2
SNPS_CLOCK_GATE_HIGH_dsram_mydesign_0_mydesign_1230
                       Small             slow_vdd1v2
SNPS_CLOCK_GATE_HIGH_dsram_mydesign_0_mydesign_1231
                       Small             slow_vdd1v2
SNPS_CLOCK_GATE_HIGH_dsram_mydesign_0_mydesign_1232
                       Small             slow_vdd1v2
SNPS_CLOCK_GATE_HIGH_dsram_mydesign_0_mydesign_1233
                       Small             slow_vdd1v2
SNPS_CLOCK_GATE_HIGH_dsram_mydesign_0_mydesign_1234
                       Small             slow_vdd1v2
SNPS_CLOCK_GATE_HIGH_dsram_mydesign_0_mydesign_1235
                       Small             slow_vdd1v2
SNPS_CLOCK_GATE_HIGH_dsram_mydesign_0_mydesign_1236
                       Small             slow_vdd1v2
SNPS_CLOCK_GATE_HIGH_dsram_mydesign_0_mydesign_1237
                       Small             slow_vdd1v2
SNPS_CLOCK_GATE_HIGH_dsram_mydesign_0_mydesign_1238
                       Small             slow_vdd1v2
SNPS_CLOCK_GATE_HIGH_dsram_mydesign_0_mydesign_1239
                       Small             slow_vdd1v2
SNPS_CLOCK_GATE_HIGH_dsram_mydesign_0_mydesign_1240
                       Small             slow_vdd1v2
SNPS_CLOCK_GATE_HIGH_dsram_mydesign_0_mydesign_1241
                       Small             slow_vdd1v2
SNPS_CLOCK_GATE_HIGH_dsram_mydesign_0_mydesign_1242
                       Small             slow_vdd1v2
SNPS_CLOCK_GATE_HIGH_dsram_mydesign_0_mydesign_1243
                       Small             slow_vdd1v2
SNPS_CLOCK_GATE_HIGH_dsram_mydesign_0_mydesign_1244
                       Small             slow_vdd1v2
SNPS_CLOCK_GATE_HIGH_dsram_mydesign_0_mydesign_1245
                       Small             slow_vdd1v2
SNPS_CLOCK_GATE_HIGH_dsram_mydesign_0_mydesign_1246
                       Small             slow_vdd1v2
SNPS_CLOCK_GATE_HIGH_dsram_mydesign_0_mydesign_1247
                       Small             slow_vdd1v2
SNPS_CLOCK_GATE_HIGH_dsram_mydesign_0_mydesign_1248
                       Small             slow_vdd1v2
SNPS_CLOCK_GATE_HIGH_dsram_mydesign_0_mydesign_1249
                       Small             slow_vdd1v2
SNPS_CLOCK_GATE_HIGH_dsram_mydesign_0_mydesign_1250
                       Small             slow_vdd1v2
SNPS_CLOCK_GATE_HIGH_dsram_mydesign_0_mydesign_1251
                       Small             slow_vdd1v2
SNPS_CLOCK_GATE_HIGH_dsram_mydesign_0_mydesign_1252
                       Small             slow_vdd1v2
SNPS_CLOCK_GATE_HIGH_dsram_mydesign_0_mydesign_1253
                       Small             slow_vdd1v2
SNPS_CLOCK_GATE_HIGH_dsram_mydesign_0_mydesign_1254
                       Small             slow_vdd1v2
SNPS_CLOCK_GATE_HIGH_dsram_mydesign_0_mydesign_1255
                       Small             slow_vdd1v2
SNPS_CLOCK_GATE_HIGH_dsram_mydesign_0_mydesign_1256
                       Small             slow_vdd1v2
SNPS_CLOCK_GATE_HIGH_dsram_mydesign_0_mydesign_1257
                       Small             slow_vdd1v2
SNPS_CLOCK_GATE_HIGH_dsram_mydesign_0_mydesign_1258
                       Small             slow_vdd1v2
SNPS_CLOCK_GATE_HIGH_dsram_mydesign_0_mydesign_1259
                       Small             slow_vdd1v2
SNPS_CLOCK_GATE_HIGH_dsram_mydesign_0_mydesign_1260
                       Small             slow_vdd1v2
SNPS_CLOCK_GATE_HIGH_dsram_mydesign_0_mydesign_1261
                       Small             slow_vdd1v2
SNPS_CLOCK_GATE_HIGH_dsram_mydesign_0_mydesign_1262
                       Small             slow_vdd1v2
SNPS_CLOCK_GATE_HIGH_dsram_mydesign_0_mydesign_1263
                       Small             slow_vdd1v2
SNPS_CLOCK_GATE_HIGH_dsram_mydesign_0_mydesign_1264
                       Small             slow_vdd1v2
SNPS_CLOCK_GATE_HIGH_dsram_mydesign_0_mydesign_1265
                       Small             slow_vdd1v2
SNPS_CLOCK_GATE_HIGH_dsram_mydesign_0_mydesign_1266
                       Small             slow_vdd1v2
SNPS_CLOCK_GATE_HIGH_dsram_mydesign_0_mydesign_1267
                       Small             slow_vdd1v2
SNPS_CLOCK_GATE_HIGH_dsram_mydesign_0_mydesign_1268
                       Small             slow_vdd1v2
SNPS_CLOCK_GATE_HIGH_dsram_mydesign_0_mydesign_1269
                       Small             slow_vdd1v2
SNPS_CLOCK_GATE_HIGH_dsram_mydesign_0_mydesign_1270
                       Small             slow_vdd1v2
SNPS_CLOCK_GATE_HIGH_dsram_mydesign_0_mydesign_1271
                       Small             slow_vdd1v2
SNPS_CLOCK_GATE_HIGH_dsram_mydesign_0_mydesign_1272
                       Small             slow_vdd1v2
SNPS_CLOCK_GATE_HIGH_dsram_mydesign_0_mydesign_1273
                       Small             slow_vdd1v2
SNPS_CLOCK_GATE_HIGH_dsram_mydesign_0_mydesign_1274
                       Small             slow_vdd1v2
SNPS_CLOCK_GATE_HIGH_dsram_mydesign_0_mydesign_1275
                       Small             slow_vdd1v2
SNPS_CLOCK_GATE_HIGH_dsram_mydesign_0_mydesign_1276
                       Small             slow_vdd1v2
SNPS_CLOCK_GATE_HIGH_dsram_mydesign_0_mydesign_1277
                       Small             slow_vdd1v2
SNPS_CLOCK_GATE_HIGH_dsram_mydesign_0_mydesign_1278
                       Small             slow_vdd1v2
SNPS_CLOCK_GATE_HIGH_dsram_mydesign_0_mydesign_1279
                       Small             slow_vdd1v2
SNPS_CLOCK_GATE_HIGH_dsram_mydesign_0_mydesign_1280
                       Small             slow_vdd1v2
SNPS_CLOCK_GATE_HIGH_dsram_mydesign_0_mydesign_1281
                       Small             slow_vdd1v2
SNPS_CLOCK_GATE_HIGH_dsram_mydesign_0_mydesign_1282
                       Small             slow_vdd1v2
SNPS_CLOCK_GATE_HIGH_dsram_mydesign_0_mydesign_1283
                       Small             slow_vdd1v2
SNPS_CLOCK_GATE_HIGH_dsram_mydesign_0_mydesign_1284
                       Small             slow_vdd1v2
SNPS_CLOCK_GATE_HIGH_dsram_mydesign_0_mydesign_1285
                       Small             slow_vdd1v2
SNPS_CLOCK_GATE_HIGH_dsram_mydesign_0_mydesign_1286
                       Small             slow_vdd1v2
SNPS_CLOCK_GATE_HIGH_dsram_mydesign_0_mydesign_1287
                       Small             slow_vdd1v2
SNPS_CLOCK_GATE_HIGH_dsram_mydesign_0_mydesign_1288
                       Small             slow_vdd1v2
SNPS_CLOCK_GATE_HIGH_dsram_mydesign_0_mydesign_1289
                       Small             slow_vdd1v2
SNPS_CLOCK_GATE_HIGH_dsram_mydesign_0_mydesign_1290
                       Small             slow_vdd1v2
SNPS_CLOCK_GATE_HIGH_dsram_mydesign_0_mydesign_1291
                       Small             slow_vdd1v2
SNPS_CLOCK_GATE_HIGH_dsram_mydesign_0_mydesign_1292
                       Small             slow_vdd1v2
SNPS_CLOCK_GATE_HIGH_dsram_mydesign_0_mydesign_1293
                       Small             slow_vdd1v2
SNPS_CLOCK_GATE_HIGH_dsram_mydesign_0_mydesign_1294
                       Small             slow_vdd1v2
SNPS_CLOCK_GATE_HIGH_dsram_mydesign_0_mydesign_1295
                       Small             slow_vdd1v2
SNPS_CLOCK_GATE_HIGH_dsram_mydesign_0_mydesign_1296
                       Small             slow_vdd1v2
SNPS_CLOCK_GATE_HIGH_dsram_mydesign_0_mydesign_1297
                       Small             slow_vdd1v2
SNPS_CLOCK_GATE_HIGH_dsram_mydesign_0_mydesign_1298
                       Small             slow_vdd1v2
SNPS_CLOCK_GATE_HIGH_dsram_mydesign_0_mydesign_1299
                       Small             slow_vdd1v2
SNPS_CLOCK_GATE_HIGH_dsram_mydesign_0_mydesign_1300
                       Small             slow_vdd1v2
SNPS_CLOCK_GATE_HIGH_dsram_mydesign_0_mydesign_1301
                       Small             slow_vdd1v2
SNPS_CLOCK_GATE_HIGH_dsram_mydesign_0_mydesign_1302
                       Small             slow_vdd1v2
SNPS_CLOCK_GATE_HIGH_dsram_mydesign_0_mydesign_1303
                       Small             slow_vdd1v2
SNPS_CLOCK_GATE_HIGH_dsram_mydesign_0_mydesign_1304
                       Small             slow_vdd1v2
SNPS_CLOCK_GATE_HIGH_dsram_mydesign_0_mydesign_1305
                       Small             slow_vdd1v2
SNPS_CLOCK_GATE_HIGH_dsram_mydesign_0_mydesign_1306
                       Small             slow_vdd1v2
SNPS_CLOCK_GATE_HIGH_dsram_mydesign_0_mydesign_1307
                       Small             slow_vdd1v2
SNPS_CLOCK_GATE_HIGH_dsram_mydesign_0_mydesign_1308
                       Small             slow_vdd1v2
SNPS_CLOCK_GATE_HIGH_dsram_mydesign_0_mydesign_1309
                       Small             slow_vdd1v2
SNPS_CLOCK_GATE_HIGH_dsram_mydesign_0_mydesign_1310
                       Small             slow_vdd1v2
SNPS_CLOCK_GATE_HIGH_dsram_mydesign_0_mydesign_1311
                       Small             slow_vdd1v2
SNPS_CLOCK_GATE_HIGH_dsram_mydesign_0_mydesign_1312
                       Small             slow_vdd1v2
SNPS_CLOCK_GATE_HIGH_dsram_mydesign_0_mydesign_1313
                       Small             slow_vdd1v2
SNPS_CLOCK_GATE_HIGH_dsram_mydesign_0_mydesign_1314
                       Small             slow_vdd1v2
SNPS_CLOCK_GATE_HIGH_dsram_mydesign_0_mydesign_1315
                       Small             slow_vdd1v2
SNPS_CLOCK_GATE_HIGH_dsram_mydesign_0_mydesign_1316
                       Small             slow_vdd1v2
SNPS_CLOCK_GATE_HIGH_dsram_mydesign_0_mydesign_1317
                       Small             slow_vdd1v2
SNPS_CLOCK_GATE_HIGH_dsram_mydesign_0_mydesign_1318
                       Small             slow_vdd1v2
SNPS_CLOCK_GATE_HIGH_dsram_mydesign_0_mydesign_1319
                       Small             slow_vdd1v2
SNPS_CLOCK_GATE_HIGH_dsram_mydesign_0_mydesign_1320
                       Small             slow_vdd1v2
SNPS_CLOCK_GATE_HIGH_dsram_mydesign_0_mydesign_1321
                       Small             slow_vdd1v2
SNPS_CLOCK_GATE_HIGH_dsram_mydesign_0_mydesign_1322
                       Small             slow_vdd1v2
SNPS_CLOCK_GATE_HIGH_dsram_mydesign_0_mydesign_1323
                       Small             slow_vdd1v2
SNPS_CLOCK_GATE_HIGH_dsram_mydesign_0_mydesign_1324
                       Small             slow_vdd1v2
SNPS_CLOCK_GATE_HIGH_dsram_mydesign_0_mydesign_1325
                       Small             slow_vdd1v2
SNPS_CLOCK_GATE_HIGH_dsram_mydesign_0_mydesign_1326
                       Small             slow_vdd1v2
SNPS_CLOCK_GATE_HIGH_dsram_mydesign_0_mydesign_1327
                       Small             slow_vdd1v2
SNPS_CLOCK_GATE_HIGH_dsram_mydesign_0_mydesign_1328
                       Small             slow_vdd1v2
SNPS_CLOCK_GATE_HIGH_dsram_mydesign_0_mydesign_1329
                       Small             slow_vdd1v2
SNPS_CLOCK_GATE_HIGH_dsram_mydesign_0_mydesign_1330
                       Small             slow_vdd1v2
SNPS_CLOCK_GATE_HIGH_dsram_mydesign_0_mydesign_1331
                       Small             slow_vdd1v2
SNPS_CLOCK_GATE_HIGH_dsram_mydesign_0_mydesign_1332
                       Small             slow_vdd1v2
SNPS_CLOCK_GATE_HIGH_dsram_mydesign_0_mydesign_1333
                       Small             slow_vdd1v2
SNPS_CLOCK_GATE_HIGH_dsram_mydesign_0_mydesign_1334
                       Small             slow_vdd1v2
SNPS_CLOCK_GATE_HIGH_dsram_mydesign_0_mydesign_1335
                       Small             slow_vdd1v2
SNPS_CLOCK_GATE_HIGH_dsram_mydesign_0_mydesign_1336
                       Small             slow_vdd1v2
SNPS_CLOCK_GATE_HIGH_dsram_mydesign_0_mydesign_1337
                       Small             slow_vdd1v2
SNPS_CLOCK_GATE_HIGH_dsram_mydesign_0_mydesign_1338
                       Small             slow_vdd1v2
SNPS_CLOCK_GATE_HIGH_dsram_mydesign_0_mydesign_1339
                       Small             slow_vdd1v2
SNPS_CLOCK_GATE_HIGH_dsram_mydesign_0_mydesign_1340
                       Small             slow_vdd1v2
SNPS_CLOCK_GATE_HIGH_dsram_mydesign_0_mydesign_1341
                       Small             slow_vdd1v2
SNPS_CLOCK_GATE_HIGH_dsram_mydesign_0_mydesign_1342
                       Small             slow_vdd1v2
SNPS_CLOCK_GATE_HIGH_dsram_mydesign_0_mydesign_1343
                       Small             slow_vdd1v2
SNPS_CLOCK_GATE_HIGH_dsram_mydesign_0_mydesign_1344
                       Small             slow_vdd1v2
SNPS_CLOCK_GATE_HIGH_dsram_mydesign_0_mydesign_1345
                       Small             slow_vdd1v2
SNPS_CLOCK_GATE_HIGH_dsram_mydesign_0_mydesign_1346
                       Small             slow_vdd1v2
SNPS_CLOCK_GATE_HIGH_dsram_mydesign_0_mydesign_1347
                       Small             slow_vdd1v2
SNPS_CLOCK_GATE_HIGH_dsram_mydesign_0_mydesign_1348
                       Small             slow_vdd1v2
SNPS_CLOCK_GATE_HIGH_dsram_mydesign_0_mydesign_1349
                       Small             slow_vdd1v2
SNPS_CLOCK_GATE_HIGH_dsram_mydesign_0_mydesign_1350
                       Small             slow_vdd1v2
SNPS_CLOCK_GATE_HIGH_dsram_mydesign_0_mydesign_1351
                       Small             slow_vdd1v2
SNPS_CLOCK_GATE_HIGH_dsram_mydesign_0_mydesign_1352
                       Small             slow_vdd1v2
SNPS_CLOCK_GATE_HIGH_dsram_mydesign_0_mydesign_1353
                       Small             slow_vdd1v2
SNPS_CLOCK_GATE_HIGH_dsram_mydesign_0_mydesign_1354
                       Small             slow_vdd1v2
SNPS_CLOCK_GATE_HIGH_dsram_mydesign_0_mydesign_1355
                       Small             slow_vdd1v2
SNPS_CLOCK_GATE_HIGH_dsram_mydesign_0_mydesign_1356
                       Small             slow_vdd1v2
SNPS_CLOCK_GATE_HIGH_dsram_mydesign_0_mydesign_1357
                       Small             slow_vdd1v2
SNPS_CLOCK_GATE_HIGH_dsram_mydesign_0_mydesign_1358
                       Small             slow_vdd1v2
SNPS_CLOCK_GATE_HIGH_dsram_mydesign_0_mydesign_1359
                       Small             slow_vdd1v2
SNPS_CLOCK_GATE_HIGH_dsram_mydesign_0_mydesign_1360
                       Small             slow_vdd1v2
SNPS_CLOCK_GATE_HIGH_dsram_mydesign_0_mydesign_1361
                       Small             slow_vdd1v2
SNPS_CLOCK_GATE_HIGH_dsram_mydesign_0_mydesign_1362
                       Small             slow_vdd1v2
SNPS_CLOCK_GATE_HIGH_dsram_mydesign_0_mydesign_1363
                       Small             slow_vdd1v2
SNPS_CLOCK_GATE_HIGH_dsram_mydesign_0_mydesign_1364
                       Small             slow_vdd1v2
SNPS_CLOCK_GATE_HIGH_dsram_mydesign_0_mydesign_1365
                       Small             slow_vdd1v2
SNPS_CLOCK_GATE_HIGH_dsram_mydesign_0_mydesign_1366
                       Small             slow_vdd1v2
SNPS_CLOCK_GATE_HIGH_dsram_mydesign_0_mydesign_1367
                       Small             slow_vdd1v2
SNPS_CLOCK_GATE_HIGH_dsram_mydesign_0_mydesign_1368
                       Small             slow_vdd1v2
SNPS_CLOCK_GATE_HIGH_dsram_mydesign_0_mydesign_1369
                       Small             slow_vdd1v2
SNPS_CLOCK_GATE_HIGH_dsram_mydesign_0_mydesign_1370
                       Small             slow_vdd1v2
SNPS_CLOCK_GATE_HIGH_dsram_mydesign_0_mydesign_1371
                       Small             slow_vdd1v2
SNPS_CLOCK_GATE_HIGH_dsram_mydesign_0_mydesign_1372
                       Small             slow_vdd1v2
SNPS_CLOCK_GATE_HIGH_dsram_mydesign_0_mydesign_1373
                       Small             slow_vdd1v2
SNPS_CLOCK_GATE_HIGH_dsram_mydesign_0_mydesign_1374
                       Small             slow_vdd1v2
SNPS_CLOCK_GATE_HIGH_dsram_mydesign_0_mydesign_1375
                       Small             slow_vdd1v2
SNPS_CLOCK_GATE_HIGH_dsram_mydesign_0_mydesign_1376
                       Small             slow_vdd1v2
SNPS_CLOCK_GATE_HIGH_dsram_mydesign_0_mydesign_1377
                       Small             slow_vdd1v2
SNPS_CLOCK_GATE_HIGH_dsram_mydesign_0_mydesign_1378
                       Small             slow_vdd1v2
SNPS_CLOCK_GATE_HIGH_dsram_mydesign_0_mydesign_1379
                       Small             slow_vdd1v2
SNPS_CLOCK_GATE_HIGH_dsram_mydesign_0_mydesign_1380
                       Small             slow_vdd1v2
SNPS_CLOCK_GATE_HIGH_dsram_mydesign_0_mydesign_1381
                       Small             slow_vdd1v2
SNPS_CLOCK_GATE_HIGH_dsram_mydesign_0_mydesign_1382
                       Small             slow_vdd1v2
SNPS_CLOCK_GATE_HIGH_dsram_mydesign_0_mydesign_1383
                       Small             slow_vdd1v2
SNPS_CLOCK_GATE_HIGH_dsram_mydesign_0_mydesign_1384
                       Small             slow_vdd1v2
SNPS_CLOCK_GATE_HIGH_dsram_mydesign_0_mydesign_1385
                       Small             slow_vdd1v2
SNPS_CLOCK_GATE_HIGH_dsram_mydesign_0_mydesign_1386
                       Small             slow_vdd1v2
SNPS_CLOCK_GATE_HIGH_dsram_mydesign_0_mydesign_1387
                       Small             slow_vdd1v2
SNPS_CLOCK_GATE_HIGH_dsram_mydesign_0_mydesign_1388
                       Small             slow_vdd1v2
SNPS_CLOCK_GATE_HIGH_dsram_mydesign_0_mydesign_1389
                       Small             slow_vdd1v2
SNPS_CLOCK_GATE_HIGH_dsram_mydesign_0_mydesign_1390
                       Small             slow_vdd1v2
SNPS_CLOCK_GATE_HIGH_dsram_mydesign_0_mydesign_1391
                       Small             slow_vdd1v2
SNPS_CLOCK_GATE_HIGH_dsram_mydesign_0_mydesign_1392
                       Small             slow_vdd1v2
SNPS_CLOCK_GATE_HIGH_dsram_mydesign_0_mydesign_1393
                       Small             slow_vdd1v2
SNPS_CLOCK_GATE_HIGH_dsram_mydesign_0_mydesign_1394
                       Small             slow_vdd1v2
SNPS_CLOCK_GATE_HIGH_dsram_mydesign_0_mydesign_1395
                       Small             slow_vdd1v2
SNPS_CLOCK_GATE_HIGH_dsram_mydesign_0_mydesign_1396
                       Small             slow_vdd1v2
SNPS_CLOCK_GATE_HIGH_dsram_mydesign_0_mydesign_1397
                       Small             slow_vdd1v2
SNPS_CLOCK_GATE_HIGH_dsram_mydesign_0_mydesign_1398
                       Small             slow_vdd1v2
SNPS_CLOCK_GATE_HIGH_dsram_mydesign_0_mydesign_1399
                       Small             slow_vdd1v2
SNPS_CLOCK_GATE_HIGH_dsram_mydesign_0_mydesign_1400
                       Small             slow_vdd1v2
SNPS_CLOCK_GATE_HIGH_dsram_mydesign_0_mydesign_1401
                       Small             slow_vdd1v2
SNPS_CLOCK_GATE_HIGH_dsram_mydesign_0_mydesign_1402
                       Small             slow_vdd1v2
SNPS_CLOCK_GATE_HIGH_dsram_mydesign_0_mydesign_1403
                       Small             slow_vdd1v2
SNPS_CLOCK_GATE_HIGH_dsram_mydesign_0_mydesign_1404
                       Small             slow_vdd1v2
SNPS_CLOCK_GATE_HIGH_dsram_mydesign_0_mydesign_1405
                       Small             slow_vdd1v2
SNPS_CLOCK_GATE_HIGH_dsram_mydesign_0_mydesign_1406
                       Small             slow_vdd1v2
SNPS_CLOCK_GATE_HIGH_dsram_mydesign_0_mydesign_1407
                       Small             slow_vdd1v2
SNPS_CLOCK_GATE_HIGH_dsram_mydesign_0_mydesign_1408
                       Small             slow_vdd1v2
SNPS_CLOCK_GATE_HIGH_dsram_mydesign_0_mydesign_1409
                       Small             slow_vdd1v2
SNPS_CLOCK_GATE_HIGH_dsram_mydesign_0_mydesign_1410
                       Small             slow_vdd1v2
SNPS_CLOCK_GATE_HIGH_dsram_mydesign_0_mydesign_1411
                       Small             slow_vdd1v2
SNPS_CLOCK_GATE_HIGH_dsram_mydesign_0_mydesign_1412
                       Small             slow_vdd1v2
SNPS_CLOCK_GATE_HIGH_dsram_mydesign_0_mydesign_1413
                       Small             slow_vdd1v2
SNPS_CLOCK_GATE_HIGH_dsram_mydesign_0_mydesign_1414
                       Small             slow_vdd1v2
SNPS_CLOCK_GATE_HIGH_dsram_mydesign_0_mydesign_1415
                       Small             slow_vdd1v2
SNPS_CLOCK_GATE_HIGH_dsram_mydesign_0_mydesign_1416
                       Small             slow_vdd1v2
SNPS_CLOCK_GATE_HIGH_dsram_mydesign_0_mydesign_1417
                       Small             slow_vdd1v2
SNPS_CLOCK_GATE_HIGH_dsram_mydesign_0_mydesign_1418
                       Small             slow_vdd1v2
SNPS_CLOCK_GATE_HIGH_dsram_mydesign_0_mydesign_1419
                       Small             slow_vdd1v2
SNPS_CLOCK_GATE_HIGH_dsram_mydesign_0_mydesign_1420
                       Small             slow_vdd1v2
SNPS_CLOCK_GATE_HIGH_dsram_mydesign_0_mydesign_1421
                       Small             slow_vdd1v2
SNPS_CLOCK_GATE_HIGH_dsram_mydesign_0_mydesign_1422
                       Small             slow_vdd1v2
SNPS_CLOCK_GATE_HIGH_dsram_mydesign_0_mydesign_1423
                       Small             slow_vdd1v2
SNPS_CLOCK_GATE_HIGH_dsram_mydesign_0_mydesign_1424
                       Small             slow_vdd1v2
SNPS_CLOCK_GATE_HIGH_dsram_mydesign_0_mydesign_1425
                       Small             slow_vdd1v2
SNPS_CLOCK_GATE_HIGH_dsram_mydesign_0_mydesign_1426
                       Small             slow_vdd1v2
SNPS_CLOCK_GATE_HIGH_dsram_mydesign_0_mydesign_1427
                       Small             slow_vdd1v2
SNPS_CLOCK_GATE_HIGH_dsram_mydesign_0_mydesign_1428
                       Small             slow_vdd1v2
SNPS_CLOCK_GATE_HIGH_dsram_mydesign_0_mydesign_1429
                       Small             slow_vdd1v2
SNPS_CLOCK_GATE_HIGH_dsram_mydesign_0_mydesign_1430
                       Small             slow_vdd1v2
SNPS_CLOCK_GATE_HIGH_dsram_mydesign_0_mydesign_1431
                       Small             slow_vdd1v2
SNPS_CLOCK_GATE_HIGH_dsram_mydesign_0_mydesign_1432
                       Small             slow_vdd1v2
SNPS_CLOCK_GATE_HIGH_dsram_mydesign_0_mydesign_1433
                       Small             slow_vdd1v2
SNPS_CLOCK_GATE_HIGH_dsram_mydesign_0_mydesign_1434
                       Small             slow_vdd1v2
SNPS_CLOCK_GATE_HIGH_dsram_mydesign_0_mydesign_1435
                       Small             slow_vdd1v2
SNPS_CLOCK_GATE_HIGH_dsram_mydesign_0_mydesign_1436
                       Small             slow_vdd1v2
SNPS_CLOCK_GATE_HIGH_dsram_mydesign_0_mydesign_1437
                       Small             slow_vdd1v2
SNPS_CLOCK_GATE_HIGH_dsram_mydesign_0_mydesign_1438
                       Small             slow_vdd1v2
SNPS_CLOCK_GATE_HIGH_dsram_mydesign_0_mydesign_1439
                       Small             slow_vdd1v2
SNPS_CLOCK_GATE_HIGH_dsram_mydesign_0_mydesign_1440
                       Small             slow_vdd1v2
SNPS_CLOCK_GATE_HIGH_dsram_mydesign_0_mydesign_1441
                       Small             slow_vdd1v2
SNPS_CLOCK_GATE_HIGH_dsram_mydesign_0_mydesign_1442
                       Small             slow_vdd1v2
SNPS_CLOCK_GATE_HIGH_dsram_mydesign_0_mydesign_1443
                       Small             slow_vdd1v2
SNPS_CLOCK_GATE_HIGH_dsram_mydesign_0_mydesign_1444
                       Small             slow_vdd1v2
SNPS_CLOCK_GATE_HIGH_dsram_mydesign_0_mydesign_1445
                       Small             slow_vdd1v2
SNPS_CLOCK_GATE_HIGH_dsram_mydesign_0_mydesign_1446
                       Small             slow_vdd1v2
SNPS_CLOCK_GATE_HIGH_dsram_mydesign_0_mydesign_1447
                       Small             slow_vdd1v2
SNPS_CLOCK_GATE_HIGH_dsram_mydesign_0_mydesign_1448
                       Small             slow_vdd1v2
SNPS_CLOCK_GATE_HIGH_dsram_mydesign_0_mydesign_1449
                       Small             slow_vdd1v2
SNPS_CLOCK_GATE_HIGH_dsram_mydesign_0_mydesign_1450
                       Small             slow_vdd1v2
SNPS_CLOCK_GATE_HIGH_dsram_mydesign_0_mydesign_1451
                       Small             slow_vdd1v2
SNPS_CLOCK_GATE_HIGH_dsram_mydesign_0_mydesign_1452
                       Small             slow_vdd1v2
SNPS_CLOCK_GATE_HIGH_dsram_mydesign_0_mydesign_1453
                       Small             slow_vdd1v2
SNPS_CLOCK_GATE_HIGH_dsram_mydesign_0_mydesign_1454
                       Small             slow_vdd1v2
SNPS_CLOCK_GATE_HIGH_dsram_mydesign_0_mydesign_1455
                       Small             slow_vdd1v2
SNPS_CLOCK_GATE_HIGH_dsram_mydesign_0_mydesign_1456
                       Small             slow_vdd1v2
SNPS_CLOCK_GATE_HIGH_dsram_mydesign_0_mydesign_1457
                       Small             slow_vdd1v2
SNPS_CLOCK_GATE_HIGH_dsram_mydesign_0_mydesign_1458
                       Small             slow_vdd1v2
SNPS_CLOCK_GATE_HIGH_dsram_mydesign_0_mydesign_1459
                       Small             slow_vdd1v2
SNPS_CLOCK_GATE_HIGH_dsram_mydesign_0_mydesign_1460
                       Small             slow_vdd1v2
SNPS_CLOCK_GATE_HIGH_dsram_mydesign_0_mydesign_1461
                       Small             slow_vdd1v2
SNPS_CLOCK_GATE_HIGH_dsram_mydesign_0_mydesign_1462
                       Small             slow_vdd1v2
SNPS_CLOCK_GATE_HIGH_dsram_mydesign_0_mydesign_1463
                       Small             slow_vdd1v2
SNPS_CLOCK_GATE_HIGH_dsram_mydesign_0_mydesign_1464
                       Small             slow_vdd1v2
SNPS_CLOCK_GATE_HIGH_dsram_mydesign_0_mydesign_1465
                       Small             slow_vdd1v2
SNPS_CLOCK_GATE_HIGH_dsram_mydesign_0_mydesign_1466
                       Small             slow_vdd1v2
SNPS_CLOCK_GATE_HIGH_dsram_mydesign_0_mydesign_1467
                       Small             slow_vdd1v2
SNPS_CLOCK_GATE_HIGH_dsram_mydesign_0_mydesign_1468
                       Small             slow_vdd1v2
SNPS_CLOCK_GATE_HIGH_dsram_mydesign_0_mydesign_1469
                       Small             slow_vdd1v2
SNPS_CLOCK_GATE_HIGH_dsram_mydesign_0_mydesign_1470
                       Small             slow_vdd1v2
SNPS_CLOCK_GATE_HIGH_dsram_mydesign_0_mydesign_1471
                       Small             slow_vdd1v2
SNPS_CLOCK_GATE_HIGH_dsram_mydesign_0_mydesign_1472
                       Small             slow_vdd1v2
SNPS_CLOCK_GATE_HIGH_dsram_mydesign_0_mydesign_1473
                       Small             slow_vdd1v2
SNPS_CLOCK_GATE_HIGH_dsram_mydesign_0_mydesign_1474
                       Small             slow_vdd1v2
SNPS_CLOCK_GATE_HIGH_dsram_mydesign_0_mydesign_1475
                       Small             slow_vdd1v2
SNPS_CLOCK_GATE_HIGH_dsram_mydesign_0_mydesign_1476
                       Small             slow_vdd1v2
SNPS_CLOCK_GATE_HIGH_dsram_mydesign_0_mydesign_1477
                       Small             slow_vdd1v2
SNPS_CLOCK_GATE_HIGH_dsram_mydesign_0_mydesign_1478
                       Small             slow_vdd1v2
SNPS_CLOCK_GATE_HIGH_dsram_mydesign_0_mydesign_1479
                       Small             slow_vdd1v2
SNPS_CLOCK_GATE_HIGH_dsram_mydesign_0_mydesign_1480
                       Small             slow_vdd1v2
SNPS_CLOCK_GATE_HIGH_dsram_mydesign_0_mydesign_1481
                       Small             slow_vdd1v2
SNPS_CLOCK_GATE_HIGH_dsram_mydesign_0_mydesign_1482
                       Small             slow_vdd1v2
SNPS_CLOCK_GATE_HIGH_dsram_mydesign_0_mydesign_1483
                       Small             slow_vdd1v2
SNPS_CLOCK_GATE_HIGH_dsram_mydesign_0_mydesign_1484
                       Small             slow_vdd1v2
SNPS_CLOCK_GATE_HIGH_dsram_mydesign_0_mydesign_1485
                       Small             slow_vdd1v2
SNPS_CLOCK_GATE_HIGH_dsram_mydesign_0_mydesign_1486
                       Small             slow_vdd1v2
SNPS_CLOCK_GATE_HIGH_dsram_mydesign_0_mydesign_1487
                       Small             slow_vdd1v2
SNPS_CLOCK_GATE_HIGH_dsram_mydesign_0_mydesign_1488
                       Small             slow_vdd1v2
SNPS_CLOCK_GATE_HIGH_dsram_mydesign_0_mydesign_1489
                       Small             slow_vdd1v2
SNPS_CLOCK_GATE_HIGH_dsram_mydesign_0_mydesign_1490
                       Small             slow_vdd1v2
SNPS_CLOCK_GATE_HIGH_dsram_mydesign_0_mydesign_1491
                       Small             slow_vdd1v2
SNPS_CLOCK_GATE_HIGH_dsram_mydesign_0_mydesign_1492
                       Small             slow_vdd1v2
SNPS_CLOCK_GATE_HIGH_dsram_mydesign_0_mydesign_1493
                       Small             slow_vdd1v2
SNPS_CLOCK_GATE_HIGH_dsram_mydesign_0_mydesign_1494
                       Small             slow_vdd1v2
SNPS_CLOCK_GATE_HIGH_dsram_mydesign_0_mydesign_1495
                       Small             slow_vdd1v2
SNPS_CLOCK_GATE_HIGH_dsram_mydesign_0_mydesign_1496
                       Small             slow_vdd1v2
SNPS_CLOCK_GATE_HIGH_dsram_mydesign_0_mydesign_1497
                       Small             slow_vdd1v2
SNPS_CLOCK_GATE_HIGH_dsram_mydesign_0_mydesign_1498
                       Small             slow_vdd1v2
SNPS_CLOCK_GATE_HIGH_dsram_mydesign_0_mydesign_1499
                       Small             slow_vdd1v2
SNPS_CLOCK_GATE_HIGH_dsram_mydesign_0_mydesign_1500
                       Small             slow_vdd1v2
SNPS_CLOCK_GATE_HIGH_dsram_mydesign_0_mydesign_1501
                       Small             slow_vdd1v2
SNPS_CLOCK_GATE_HIGH_dsram_mydesign_0_mydesign_1502
                       Small             slow_vdd1v2
SNPS_CLOCK_GATE_HIGH_dsram_mydesign_0_mydesign_1503
                       Small             slow_vdd1v2
SNPS_CLOCK_GATE_HIGH_dsram_mydesign_0_mydesign_1504
                       Small             slow_vdd1v2
SNPS_CLOCK_GATE_HIGH_dsram_mydesign_0_mydesign_1505
                       Small             slow_vdd1v2
SNPS_CLOCK_GATE_HIGH_dsram_mydesign_0_mydesign_1506
                       Small             slow_vdd1v2
SNPS_CLOCK_GATE_HIGH_dsram_mydesign_0_mydesign_1507
                       Small             slow_vdd1v2
SNPS_CLOCK_GATE_HIGH_dsram_mydesign_0_mydesign_1508
                       Small             slow_vdd1v2
SNPS_CLOCK_GATE_HIGH_dsram_mydesign_0_mydesign_1509
                       Small             slow_vdd1v2
SNPS_CLOCK_GATE_HIGH_dsram_mydesign_0_mydesign_1510
                       Small             slow_vdd1v2
SNPS_CLOCK_GATE_HIGH_dsram_mydesign_0_mydesign_1511
                       Small             slow_vdd1v2
SNPS_CLOCK_GATE_HIGH_dsram_mydesign_0_mydesign_1512
                       Small             slow_vdd1v2
SNPS_CLOCK_GATE_HIGH_dsram_mydesign_0_mydesign_1513
                       Small             slow_vdd1v2
SNPS_CLOCK_GATE_HIGH_dsram_mydesign_0_mydesign_1514
                       Small             slow_vdd1v2
SNPS_CLOCK_GATE_HIGH_dsram_mydesign_0_mydesign_1515
                       Small             slow_vdd1v2
SNPS_CLOCK_GATE_HIGH_dsram_mydesign_0_mydesign_1516
                       Small             slow_vdd1v2
SNPS_CLOCK_GATE_HIGH_dsram_mydesign_0_mydesign_1517
                       Small             slow_vdd1v2
SNPS_CLOCK_GATE_HIGH_dsram_mydesign_0_mydesign_1518
                       Small             slow_vdd1v2
SNPS_CLOCK_GATE_HIGH_dsram_mydesign_0_mydesign_1519
                       Small             slow_vdd1v2
SNPS_CLOCK_GATE_HIGH_dsram_mydesign_0_mydesign_1520
                       Small             slow_vdd1v2
SNPS_CLOCK_GATE_HIGH_dsram_mydesign_0_mydesign_1521
                       Small             slow_vdd1v2
SNPS_CLOCK_GATE_HIGH_dsram_mydesign_0_mydesign_1522
                       Small             slow_vdd1v2
SNPS_CLOCK_GATE_HIGH_dsram_mydesign_0_mydesign_1523
                       Small             slow_vdd1v2
SNPS_CLOCK_GATE_HIGH_dsram_mydesign_0_mydesign_1524
                       Small             slow_vdd1v2
SNPS_CLOCK_GATE_HIGH_dsram_mydesign_0_mydesign_1525
                       Small             slow_vdd1v2
SNPS_CLOCK_GATE_HIGH_dsram_mydesign_0_mydesign_1526
                       Small             slow_vdd1v2
SNPS_CLOCK_GATE_HIGH_dsram_mydesign_0_mydesign_1527
                       Small             slow_vdd1v2
SNPS_CLOCK_GATE_HIGH_dsram_mydesign_0_mydesign_1528
                       Small             slow_vdd1v2
SNPS_CLOCK_GATE_HIGH_dsram_mydesign_0_mydesign_1529
                       Small             slow_vdd1v2
SNPS_CLOCK_GATE_HIGH_dsram_mydesign_0_mydesign_1530
                       Small             slow_vdd1v2
SNPS_CLOCK_GATE_HIGH_dsram_mydesign_0_mydesign_1531
                       Small             slow_vdd1v2
SNPS_CLOCK_GATE_HIGH_dsram_mydesign_0_mydesign_1532
                       Small             slow_vdd1v2
SNPS_CLOCK_GATE_HIGH_dsram_mydesign_0_mydesign_1533
                       Small             slow_vdd1v2
SNPS_CLOCK_GATE_HIGH_dsram_mydesign_0_mydesign_1534
                       Small             slow_vdd1v2
SNPS_CLOCK_GATE_HIGH_dsram_mydesign_0_mydesign_1535
                       Small             slow_vdd1v2
SNPS_CLOCK_GATE_HIGH_dsram_mydesign_0_mydesign_1536
                       Small             slow_vdd1v2
SNPS_CLOCK_GATE_HIGH_dsram_mydesign_0_mydesign_1537
                       Small             slow_vdd1v2
SNPS_CLOCK_GATE_HIGH_dsram_mydesign_0_mydesign_1538
                       Small             slow_vdd1v2
SNPS_CLOCK_GATE_HIGH_dsram_mydesign_0_mydesign_1539
                       Small             slow_vdd1v2
SNPS_CLOCK_GATE_HIGH_dsram_mydesign_0_mydesign_1540
                       Small             slow_vdd1v2
SNPS_CLOCK_GATE_HIGH_dsram_mydesign_0_mydesign_1541
                       Small             slow_vdd1v2
SNPS_CLOCK_GATE_HIGH_dsram_mydesign_0_mydesign_1542
                       Small             slow_vdd1v2
SNPS_CLOCK_GATE_HIGH_dsram_mydesign_0_mydesign_1543
                       Small             slow_vdd1v2
SNPS_CLOCK_GATE_HIGH_dsram_mydesign_0_mydesign_1544
                       Small             slow_vdd1v2
SNPS_CLOCK_GATE_HIGH_dsram_mydesign_0_mydesign_1545
                       Small             slow_vdd1v2
SNPS_CLOCK_GATE_HIGH_dsram_mydesign_0_mydesign_1546
                       Small             slow_vdd1v2
SNPS_CLOCK_GATE_HIGH_dsram_mydesign_0_mydesign_1547
                       Small             slow_vdd1v2
SNPS_CLOCK_GATE_HIGH_dsram_mydesign_0_mydesign_1548
                       Small             slow_vdd1v2
SNPS_CLOCK_GATE_HIGH_dsram_mydesign_0_mydesign_1549
                       Small             slow_vdd1v2
SNPS_CLOCK_GATE_HIGH_dsram_mydesign_0_mydesign_1550
                       Small             slow_vdd1v2
SNPS_CLOCK_GATE_HIGH_dsram_mydesign_0_mydesign_1551
                       Small             slow_vdd1v2
SNPS_CLOCK_GATE_HIGH_dsram_mydesign_0_mydesign_1552
                       Small             slow_vdd1v2
SNPS_CLOCK_GATE_HIGH_dsram_mydesign_0_mydesign_1553
                       Small             slow_vdd1v2
SNPS_CLOCK_GATE_HIGH_dsram_mydesign_0_mydesign_1554
                       Small             slow_vdd1v2
SNPS_CLOCK_GATE_HIGH_dsram_mydesign_0_mydesign_1555
                       Small             slow_vdd1v2
SNPS_CLOCK_GATE_HIGH_dsram_mydesign_0_mydesign_1556
                       Small             slow_vdd1v2
SNPS_CLOCK_GATE_HIGH_dsram_mydesign_0_mydesign_1557
                       Small             slow_vdd1v2
SNPS_CLOCK_GATE_HIGH_dsram_mydesign_0_mydesign_1558
                       Small             slow_vdd1v2
SNPS_CLOCK_GATE_HIGH_dsram_mydesign_0_mydesign_1559
                       Small             slow_vdd1v2
SNPS_CLOCK_GATE_HIGH_dsram_mydesign_0_mydesign_1560
                       Small             slow_vdd1v2
SNPS_CLOCK_GATE_HIGH_dsram_mydesign_0_mydesign_1561
                       Small             slow_vdd1v2
SNPS_CLOCK_GATE_HIGH_dsram_mydesign_0_mydesign_1562
                       Small             slow_vdd1v2
SNPS_CLOCK_GATE_HIGH_dsram_mydesign_0_mydesign_1563
                       Small             slow_vdd1v2
SNPS_CLOCK_GATE_HIGH_dsram_mydesign_0_mydesign_1564
                       Small             slow_vdd1v2
SNPS_CLOCK_GATE_HIGH_dsram_mydesign_0_mydesign_1565
                       Small             slow_vdd1v2
SNPS_CLOCK_GATE_HIGH_dsram_mydesign_0_mydesign_1566
                       Small             slow_vdd1v2
SNPS_CLOCK_GATE_HIGH_dsram_mydesign_0_mydesign_1567
                       Small             slow_vdd1v2
SNPS_CLOCK_GATE_HIGH_dsram_mydesign_0_mydesign_1568
                       Small             slow_vdd1v2
SNPS_CLOCK_GATE_HIGH_dsram_mydesign_0_mydesign_1569
                       Small             slow_vdd1v2
SNPS_CLOCK_GATE_HIGH_dsram_mydesign_0_mydesign_1570
                       Small             slow_vdd1v2
SNPS_CLOCK_GATE_HIGH_dsram_mydesign_0_mydesign_1571
                       Small             slow_vdd1v2
SNPS_CLOCK_GATE_HIGH_dsram_mydesign_0_mydesign_1572
                       Small             slow_vdd1v2
SNPS_CLOCK_GATE_HIGH_dsram_mydesign_0_mydesign_1573
                       Small             slow_vdd1v2
SNPS_CLOCK_GATE_HIGH_dsram_mydesign_0_mydesign_1574
                       Small             slow_vdd1v2
SNPS_CLOCK_GATE_HIGH_dsram_mydesign_0_mydesign_1575
                       Small             slow_vdd1v2
SNPS_CLOCK_GATE_HIGH_dsram_mydesign_0_mydesign_1576
                       Small             slow_vdd1v2
SNPS_CLOCK_GATE_HIGH_dsram_mydesign_0_mydesign_1577
                       Small             slow_vdd1v2
SNPS_CLOCK_GATE_HIGH_dsram_mydesign_0_mydesign_1578
                       Small             slow_vdd1v2
SNPS_CLOCK_GATE_HIGH_dsram_mydesign_0_mydesign_1579
                       Small             slow_vdd1v2
SNPS_CLOCK_GATE_HIGH_dsram_mydesign_0_mydesign_1580
                       Small             slow_vdd1v2
SNPS_CLOCK_GATE_HIGH_dsram_mydesign_0_mydesign_1581
                       Small             slow_vdd1v2
SNPS_CLOCK_GATE_HIGH_dsram_mydesign_0_mydesign_1582
                       Small             slow_vdd1v2
SNPS_CLOCK_GATE_HIGH_dsram_mydesign_0_mydesign_1583
                       Small             slow_vdd1v2
SNPS_CLOCK_GATE_HIGH_dsram_mydesign_0_mydesign_1584
                       Small             slow_vdd1v2
SNPS_CLOCK_GATE_HIGH_dsram_mydesign_0_mydesign_1585
                       Small             slow_vdd1v2
SNPS_CLOCK_GATE_HIGH_dsram_mydesign_0_mydesign_1586
                       Small             slow_vdd1v2
SNPS_CLOCK_GATE_HIGH_dsram_mydesign_0_mydesign_1587
                       Small             slow_vdd1v2
SNPS_CLOCK_GATE_HIGH_dsram_mydesign_0_mydesign_1588
                       Small             slow_vdd1v2
SNPS_CLOCK_GATE_HIGH_dsram_mydesign_0_mydesign_1589
                       Small             slow_vdd1v2
SNPS_CLOCK_GATE_HIGH_dsram_mydesign_0_mydesign_1590
                       Small             slow_vdd1v2
SNPS_CLOCK_GATE_HIGH_dsram_mydesign_0_mydesign_1591
                       Small             slow_vdd1v2
SNPS_CLOCK_GATE_HIGH_dsram_mydesign_0_mydesign_1592
                       Small             slow_vdd1v2
SNPS_CLOCK_GATE_HIGH_dsram_mydesign_0_mydesign_1593
                       Small             slow_vdd1v2
SNPS_CLOCK_GATE_HIGH_dsram_mydesign_0_mydesign_1594
                       Small             slow_vdd1v2
SNPS_CLOCK_GATE_HIGH_dsram_mydesign_0_mydesign_1595
                       Small             slow_vdd1v2
SNPS_CLOCK_GATE_HIGH_dsram_mydesign_0_mydesign_1596
                       Small             slow_vdd1v2
SNPS_CLOCK_GATE_HIGH_dsram_mydesign_0_mydesign_1597
                       Small             slow_vdd1v2
SNPS_CLOCK_GATE_HIGH_dsram_mydesign_0_mydesign_1598
                       Small             slow_vdd1v2
SNPS_CLOCK_GATE_HIGH_dsram_mydesign_0_mydesign_1599
                       Small             slow_vdd1v2
SNPS_CLOCK_GATE_HIGH_dsram_mydesign_0_mydesign_1600
                       Small             slow_vdd1v2
SNPS_CLOCK_GATE_HIGH_dsram_mydesign_0_mydesign_1601
                       Small             slow_vdd1v2
SNPS_CLOCK_GATE_HIGH_dsram_mydesign_0_mydesign_1602
                       Small             slow_vdd1v2
SNPS_CLOCK_GATE_HIGH_dsram_mydesign_0_mydesign_1603
                       Small             slow_vdd1v2
SNPS_CLOCK_GATE_HIGH_dsram_mydesign_0_mydesign_1604
                       Small             slow_vdd1v2
SNPS_CLOCK_GATE_HIGH_dsram_mydesign_0_mydesign_1605
                       Small             slow_vdd1v2
SNPS_CLOCK_GATE_HIGH_dsram_mydesign_0_mydesign_1606
                       Small             slow_vdd1v2
SNPS_CLOCK_GATE_HIGH_dsram_mydesign_0_mydesign_1607
                       Small             slow_vdd1v2
SNPS_CLOCK_GATE_HIGH_dsram_mydesign_0_mydesign_1608
                       Small             slow_vdd1v2
SNPS_CLOCK_GATE_HIGH_dsram_mydesign_0_mydesign_1609
                       Small             slow_vdd1v2
SNPS_CLOCK_GATE_HIGH_dsram_mydesign_0_mydesign_1610
                       Small             slow_vdd1v2
SNPS_CLOCK_GATE_HIGH_dsram_mydesign_0_mydesign_1611
                       Small             slow_vdd1v2
SNPS_CLOCK_GATE_HIGH_dsram_mydesign_0_mydesign_1612
                       Small             slow_vdd1v2
SNPS_CLOCK_GATE_HIGH_dsram_mydesign_0_mydesign_1613
                       Small             slow_vdd1v2
SNPS_CLOCK_GATE_HIGH_dsram_mydesign_0_mydesign_1614
                       Small             slow_vdd1v2
SNPS_CLOCK_GATE_HIGH_dsram_mydesign_0_mydesign_1615
                       Small             slow_vdd1v2
SNPS_CLOCK_GATE_HIGH_dsram_mydesign_0_mydesign_1616
                       Small             slow_vdd1v2
SNPS_CLOCK_GATE_HIGH_dsram_mydesign_0_mydesign_1617
                       Small             slow_vdd1v2
SNPS_CLOCK_GATE_HIGH_dsram_mydesign_0_mydesign_1618
                       Small             slow_vdd1v2
SNPS_CLOCK_GATE_HIGH_dsram_mydesign_0_mydesign_1619
                       Small             slow_vdd1v2
SNPS_CLOCK_GATE_HIGH_dsram_mydesign_0_mydesign_1620
                       Small             slow_vdd1v2
SNPS_CLOCK_GATE_HIGH_dsram_mydesign_0_mydesign_1621
                       Small             slow_vdd1v2
SNPS_CLOCK_GATE_HIGH_dsram_mydesign_0_mydesign_1622
                       Small             slow_vdd1v2
SNPS_CLOCK_GATE_HIGH_dsram_mydesign_0_mydesign_1623
                       Small             slow_vdd1v2
SNPS_CLOCK_GATE_HIGH_dsram_mydesign_0_mydesign_1624
                       Small             slow_vdd1v2
SNPS_CLOCK_GATE_HIGH_dsram_mydesign_0_mydesign_1625
                       Small             slow_vdd1v2
SNPS_CLOCK_GATE_HIGH_dsram_mydesign_0_mydesign_1626
                       Small             slow_vdd1v2
SNPS_CLOCK_GATE_HIGH_dsram_mydesign_0_mydesign_1627
                       Small             slow_vdd1v2
SNPS_CLOCK_GATE_HIGH_dsram_mydesign_0_mydesign_1628
                       Small             slow_vdd1v2
SNPS_CLOCK_GATE_HIGH_dsram_mydesign_0_mydesign_1629
                       Small             slow_vdd1v2
SNPS_CLOCK_GATE_HIGH_dsram_mydesign_0_mydesign_1630
                       Small             slow_vdd1v2
SNPS_CLOCK_GATE_HIGH_dsram_mydesign_0_mydesign_1631
                       Small             slow_vdd1v2
SNPS_CLOCK_GATE_HIGH_dsram_mydesign_0_mydesign_1632
                       Small             slow_vdd1v2
SNPS_CLOCK_GATE_HIGH_dsram_mydesign_0_mydesign_1633
                       Small             slow_vdd1v2
SNPS_CLOCK_GATE_HIGH_dsram_mydesign_0_mydesign_1634
                       Small             slow_vdd1v2
SNPS_CLOCK_GATE_HIGH_dsram_mydesign_0_mydesign_1635
                       Small             slow_vdd1v2
SNPS_CLOCK_GATE_HIGH_dsram_mydesign_0_mydesign_1636
                       Small             slow_vdd1v2
SNPS_CLOCK_GATE_HIGH_dsram_mydesign_0_mydesign_1637
                       Small             slow_vdd1v2
SNPS_CLOCK_GATE_HIGH_dsram_mydesign_0_mydesign_1638
                       Small             slow_vdd1v2
SNPS_CLOCK_GATE_HIGH_dsram_mydesign_0_mydesign_1639
                       Small             slow_vdd1v2
SNPS_CLOCK_GATE_HIGH_dsram_mydesign_0_mydesign_1640
                       Small             slow_vdd1v2
SNPS_CLOCK_GATE_HIGH_dsram_mydesign_0_mydesign_1641
                       Small             slow_vdd1v2
SNPS_CLOCK_GATE_HIGH_dsram_mydesign_0_mydesign_1642
                       Small             slow_vdd1v2
SNPS_CLOCK_GATE_HIGH_dsram_mydesign_0_mydesign_1643
                       Small             slow_vdd1v2
SNPS_CLOCK_GATE_HIGH_dsram_mydesign_0_mydesign_1644
                       Small             slow_vdd1v2
SNPS_CLOCK_GATE_HIGH_dsram_mydesign_0_mydesign_1645
                       Small             slow_vdd1v2
SNPS_CLOCK_GATE_HIGH_dsram_mydesign_0_mydesign_1646
                       Small             slow_vdd1v2
SNPS_CLOCK_GATE_HIGH_dsram_mydesign_0_mydesign_1647
                       Small             slow_vdd1v2
SNPS_CLOCK_GATE_HIGH_dsram_mydesign_0_mydesign_1648
                       Small             slow_vdd1v2
SNPS_CLOCK_GATE_HIGH_dsram_mydesign_0_mydesign_1649
                       Small             slow_vdd1v2
SNPS_CLOCK_GATE_HIGH_dsram_mydesign_0_mydesign_1650
                       Small             slow_vdd1v2
SNPS_CLOCK_GATE_HIGH_dsram_mydesign_0_mydesign_1651
                       Small             slow_vdd1v2
SNPS_CLOCK_GATE_HIGH_dsram_mydesign_0_mydesign_1652
                       Small             slow_vdd1v2
SNPS_CLOCK_GATE_HIGH_dsram_mydesign_0_mydesign_1653
                       Small             slow_vdd1v2
SNPS_CLOCK_GATE_HIGH_dsram_mydesign_0_mydesign_1654
                       Small             slow_vdd1v2
SNPS_CLOCK_GATE_HIGH_dsram_mydesign_0_mydesign_1655
                       Small             slow_vdd1v2
SNPS_CLOCK_GATE_HIGH_dsram_mydesign_0_mydesign_1656
                       Small             slow_vdd1v2
SNPS_CLOCK_GATE_HIGH_dsram_mydesign_0_mydesign_1657
                       Small             slow_vdd1v2
SNPS_CLOCK_GATE_HIGH_dsram_mydesign_0_mydesign_1658
                       Small             slow_vdd1v2
SNPS_CLOCK_GATE_HIGH_dsram_mydesign_0_mydesign_1659
                       Small             slow_vdd1v2
SNPS_CLOCK_GATE_HIGH_dsram_mydesign_0_mydesign_1660
                       Small             slow_vdd1v2
SNPS_CLOCK_GATE_HIGH_dsram_mydesign_0_mydesign_1661
                       Small             slow_vdd1v2
SNPS_CLOCK_GATE_HIGH_dsram_mydesign_0_mydesign_1662
                       Small             slow_vdd1v2
SNPS_CLOCK_GATE_HIGH_dsram_mydesign_0_mydesign_1663
                       Small             slow_vdd1v2
SNPS_CLOCK_GATE_HIGH_dsram_mydesign_0_mydesign_1664
                       Small             slow_vdd1v2
SNPS_CLOCK_GATE_HIGH_dsram_mydesign_0_mydesign_1665
                       Small             slow_vdd1v2
SNPS_CLOCK_GATE_HIGH_dsram_mydesign_0_mydesign_1666
                       Small             slow_vdd1v2
SNPS_CLOCK_GATE_HIGH_dsram_mydesign_0_mydesign_1667
                       Small             slow_vdd1v2
SNPS_CLOCK_GATE_HIGH_dsram_mydesign_0_mydesign_1668
                       Small             slow_vdd1v2
SNPS_CLOCK_GATE_HIGH_dsram_mydesign_0_mydesign_1669
                       Small             slow_vdd1v2
SNPS_CLOCK_GATE_HIGH_dsram_mydesign_0_mydesign_1670
                       Small             slow_vdd1v2
SNPS_CLOCK_GATE_HIGH_dsram_mydesign_0_mydesign_1671
                       Small             slow_vdd1v2
SNPS_CLOCK_GATE_HIGH_dsram_mydesign_0_mydesign_1672
                       Small             slow_vdd1v2
SNPS_CLOCK_GATE_HIGH_dsram_mydesign_0_mydesign_1673
                       Small             slow_vdd1v2
SNPS_CLOCK_GATE_HIGH_dsram_mydesign_0_mydesign_1674
                       Small             slow_vdd1v2
SNPS_CLOCK_GATE_HIGH_dsram_mydesign_0_mydesign_1675
                       Small             slow_vdd1v2
SNPS_CLOCK_GATE_HIGH_dsram_mydesign_0_mydesign_1676
                       Small             slow_vdd1v2
SNPS_CLOCK_GATE_HIGH_dsram_mydesign_0_mydesign_1677
                       Small             slow_vdd1v2
SNPS_CLOCK_GATE_HIGH_dsram_mydesign_0_mydesign_1678
                       Small             slow_vdd1v2
SNPS_CLOCK_GATE_HIGH_dsram_mydesign_0_mydesign_1679
                       Small             slow_vdd1v2
SNPS_CLOCK_GATE_HIGH_dsram_mydesign_0_mydesign_1680
                       Small             slow_vdd1v2
SNPS_CLOCK_GATE_HIGH_dsram_mydesign_0_mydesign_1681
                       Small             slow_vdd1v2
SNPS_CLOCK_GATE_HIGH_dsram_mydesign_0_mydesign_1682
                       Small             slow_vdd1v2
SNPS_CLOCK_GATE_HIGH_dsram_mydesign_0_mydesign_1683
                       Small             slow_vdd1v2
SNPS_CLOCK_GATE_HIGH_dsram_mydesign_0_mydesign_1684
                       Small             slow_vdd1v2
SNPS_CLOCK_GATE_HIGH_dsram_mydesign_0_mydesign_1685
                       Small             slow_vdd1v2
SNPS_CLOCK_GATE_HIGH_dsram_mydesign_0_mydesign_1686
                       Small             slow_vdd1v2
SNPS_CLOCK_GATE_HIGH_dsram_mydesign_0_mydesign_1687
                       Small             slow_vdd1v2
SNPS_CLOCK_GATE_HIGH_dsram_mydesign_0_mydesign_1688
                       Small             slow_vdd1v2
SNPS_CLOCK_GATE_HIGH_dsram_mydesign_0_mydesign_1689
                       Small             slow_vdd1v2
SNPS_CLOCK_GATE_HIGH_dsram_mydesign_0_mydesign_1690
                       Small             slow_vdd1v2
SNPS_CLOCK_GATE_HIGH_dsram_mydesign_0_mydesign_1691
                       Small             slow_vdd1v2
SNPS_CLOCK_GATE_HIGH_dsram_mydesign_0_mydesign_1692
                       Small             slow_vdd1v2
SNPS_CLOCK_GATE_HIGH_dsram_mydesign_0_mydesign_1693
                       Small             slow_vdd1v2
SNPS_CLOCK_GATE_HIGH_dsram_mydesign_0_mydesign_1694
                       Small             slow_vdd1v2
SNPS_CLOCK_GATE_HIGH_dsram_mydesign_0_mydesign_1695
                       Small             slow_vdd1v2
SNPS_CLOCK_GATE_HIGH_dsram_mydesign_0_mydesign_1696
                       Small             slow_vdd1v2
SNPS_CLOCK_GATE_HIGH_dsram_mydesign_0_mydesign_1697
                       Small             slow_vdd1v2
SNPS_CLOCK_GATE_HIGH_dsram_mydesign_0_mydesign_1698
                       Small             slow_vdd1v2
SNPS_CLOCK_GATE_HIGH_dsram_mydesign_0_mydesign_1699
                       Small             slow_vdd1v2
SNPS_CLOCK_GATE_HIGH_dsram_mydesign_0_mydesign_1700
                       Small             slow_vdd1v2
SNPS_CLOCK_GATE_HIGH_dsram_mydesign_0_mydesign_1701
                       Small             slow_vdd1v2
SNPS_CLOCK_GATE_HIGH_dsram_mydesign_0_mydesign_1702
                       Small             slow_vdd1v2
SNPS_CLOCK_GATE_HIGH_dsram_mydesign_0_mydesign_1703
                       Small             slow_vdd1v2
SNPS_CLOCK_GATE_HIGH_dsram_mydesign_0_mydesign_1704
                       Small             slow_vdd1v2
SNPS_CLOCK_GATE_HIGH_dsram_mydesign_0_mydesign_1705
                       Small             slow_vdd1v2
SNPS_CLOCK_GATE_HIGH_dsram_mydesign_0_mydesign_1706
                       Small             slow_vdd1v2
SNPS_CLOCK_GATE_HIGH_dsram_mydesign_0_mydesign_1707
                       Small             slow_vdd1v2
SNPS_CLOCK_GATE_HIGH_dsram_mydesign_0_mydesign_1708
                       Small             slow_vdd1v2
SNPS_CLOCK_GATE_HIGH_dsram_mydesign_0_mydesign_1709
                       Small             slow_vdd1v2
SNPS_CLOCK_GATE_HIGH_dsram_mydesign_0_mydesign_1710
                       Small             slow_vdd1v2
SNPS_CLOCK_GATE_HIGH_dsram_mydesign_0_mydesign_1711
                       Small             slow_vdd1v2
SNPS_CLOCK_GATE_HIGH_dsram_mydesign_0_mydesign_1712
                       Small             slow_vdd1v2
SNPS_CLOCK_GATE_HIGH_dsram_mydesign_0_mydesign_1713
                       Small             slow_vdd1v2
SNPS_CLOCK_GATE_HIGH_dsram_mydesign_0_mydesign_1714
                       Small             slow_vdd1v2
SNPS_CLOCK_GATE_HIGH_dsram_mydesign_0_mydesign_1715
                       Small             slow_vdd1v2
SNPS_CLOCK_GATE_HIGH_dsram_mydesign_0_mydesign_1716
                       Small             slow_vdd1v2
SNPS_CLOCK_GATE_HIGH_dsram_mydesign_0_mydesign_1717
                       Small             slow_vdd1v2
SNPS_CLOCK_GATE_HIGH_dsram_mydesign_0_mydesign_1718
                       Small             slow_vdd1v2
SNPS_CLOCK_GATE_HIGH_dsram_mydesign_0_mydesign_1719
                       Small             slow_vdd1v2
SNPS_CLOCK_GATE_HIGH_dsram_mydesign_0_mydesign_1720
                       Small             slow_vdd1v2
SNPS_CLOCK_GATE_HIGH_dsram_mydesign_0_mydesign_1721
                       Small             slow_vdd1v2
SNPS_CLOCK_GATE_HIGH_dsram_mydesign_0_mydesign_1722
                       Small             slow_vdd1v2
SNPS_CLOCK_GATE_HIGH_dsram_mydesign_0_mydesign_1723
                       Small             slow_vdd1v2
SNPS_CLOCK_GATE_HIGH_dsram_mydesign_0_mydesign_1724
                       Small             slow_vdd1v2
SNPS_CLOCK_GATE_HIGH_dsram_mydesign_0_mydesign_1725
                       Small             slow_vdd1v2
SNPS_CLOCK_GATE_HIGH_dsram_mydesign_0_mydesign_1726
                       Small             slow_vdd1v2
SNPS_CLOCK_GATE_HIGH_dsram_mydesign_0_mydesign_1727
                       Small             slow_vdd1v2
SNPS_CLOCK_GATE_HIGH_dsram_mydesign_0_mydesign_1728
                       Small             slow_vdd1v2
SNPS_CLOCK_GATE_HIGH_dsram_mydesign_0_mydesign_1729
                       Small             slow_vdd1v2
SNPS_CLOCK_GATE_HIGH_dsram_mydesign_0_mydesign_1730
                       Small             slow_vdd1v2
SNPS_CLOCK_GATE_HIGH_dsram_mydesign_0_mydesign_1731
                       Small             slow_vdd1v2
SNPS_CLOCK_GATE_HIGH_dsram_mydesign_0_mydesign_1732
                       Small             slow_vdd1v2
SNPS_CLOCK_GATE_HIGH_dsram_mydesign_0_mydesign_1733
                       Small             slow_vdd1v2
SNPS_CLOCK_GATE_HIGH_dsram_mydesign_0_mydesign_1734
                       Small             slow_vdd1v2
SNPS_CLOCK_GATE_HIGH_dsram_mydesign_0_mydesign_1735
                       Small             slow_vdd1v2
SNPS_CLOCK_GATE_HIGH_dsram_mydesign_0_mydesign_1736
                       Small             slow_vdd1v2
SNPS_CLOCK_GATE_HIGH_dsram_mydesign_0_mydesign_1737
                       Small             slow_vdd1v2
SNPS_CLOCK_GATE_HIGH_dsram_mydesign_0_mydesign_1738
                       Small             slow_vdd1v2
SNPS_CLOCK_GATE_HIGH_dsram_mydesign_0_mydesign_1739
                       Small             slow_vdd1v2
SNPS_CLOCK_GATE_HIGH_dsram_mydesign_0_mydesign_1740
                       Small             slow_vdd1v2
SNPS_CLOCK_GATE_HIGH_dsram_mydesign_0_mydesign_1741
                       Small             slow_vdd1v2
SNPS_CLOCK_GATE_HIGH_dsram_mydesign_0_mydesign_1742
                       Small             slow_vdd1v2
SNPS_CLOCK_GATE_HIGH_dsram_mydesign_0_mydesign_1743
                       Small             slow_vdd1v2
SNPS_CLOCK_GATE_HIGH_dsram_mydesign_0_mydesign_1744
                       Small             slow_vdd1v2
SNPS_CLOCK_GATE_HIGH_dsram_mydesign_0_mydesign_1745
                       Small             slow_vdd1v2
SNPS_CLOCK_GATE_HIGH_dsram_mydesign_0_mydesign_1746
                       Small             slow_vdd1v2
SNPS_CLOCK_GATE_HIGH_dsram_mydesign_0_mydesign_1747
                       Small             slow_vdd1v2
SNPS_CLOCK_GATE_HIGH_dsram_mydesign_0_mydesign_1748
                       Small             slow_vdd1v2
SNPS_CLOCK_GATE_HIGH_dsram_mydesign_0_mydesign_1749
                       Small             slow_vdd1v2
SNPS_CLOCK_GATE_HIGH_dsram_mydesign_0_mydesign_1750
                       Small             slow_vdd1v2
SNPS_CLOCK_GATE_HIGH_dsram_mydesign_0_mydesign_1751
                       Small             slow_vdd1v2
SNPS_CLOCK_GATE_HIGH_dsram_mydesign_0_mydesign_1752
                       Small             slow_vdd1v2
SNPS_CLOCK_GATE_HIGH_dsram_mydesign_0_mydesign_1753
                       Small             slow_vdd1v2
SNPS_CLOCK_GATE_HIGH_dsram_mydesign_0_mydesign_1754
                       Small             slow_vdd1v2
SNPS_CLOCK_GATE_HIGH_dsram_mydesign_0_mydesign_1755
                       Small             slow_vdd1v2
SNPS_CLOCK_GATE_HIGH_dsram_mydesign_0_mydesign_1756
                       Small             slow_vdd1v2
SNPS_CLOCK_GATE_HIGH_dsram_mydesign_0_mydesign_1757
                       Small             slow_vdd1v2
SNPS_CLOCK_GATE_HIGH_dsram_mydesign_0_mydesign_1758
                       Small             slow_vdd1v2
SNPS_CLOCK_GATE_HIGH_dsram_mydesign_0_mydesign_1759
                       Small             slow_vdd1v2
SNPS_CLOCK_GATE_HIGH_dsram_mydesign_0_mydesign_1760
                       Small             slow_vdd1v2
SNPS_CLOCK_GATE_HIGH_dsram_mydesign_0_mydesign_1761
                       Small             slow_vdd1v2
SNPS_CLOCK_GATE_HIGH_dsram_mydesign_0_mydesign_1762
                       Small             slow_vdd1v2
SNPS_CLOCK_GATE_HIGH_dsram_mydesign_0_mydesign_1763
                       Small             slow_vdd1v2
SNPS_CLOCK_GATE_HIGH_dsram_mydesign_0_mydesign_1764
                       Small             slow_vdd1v2
SNPS_CLOCK_GATE_HIGH_dsram_mydesign_0_mydesign_1765
                       Small             slow_vdd1v2
SNPS_CLOCK_GATE_HIGH_dsram_mydesign_0_mydesign_1766
                       Small             slow_vdd1v2
SNPS_CLOCK_GATE_HIGH_dsram_mydesign_0_mydesign_1767
                       Small             slow_vdd1v2
SNPS_CLOCK_GATE_HIGH_dsram_mydesign_0_mydesign_1768
                       Small             slow_vdd1v2
SNPS_CLOCK_GATE_HIGH_dsram_mydesign_0_mydesign_1769
                       Small             slow_vdd1v2
SNPS_CLOCK_GATE_HIGH_dsram_mydesign_0_mydesign_1770
                       Small             slow_vdd1v2
SNPS_CLOCK_GATE_HIGH_dsram_mydesign_0_mydesign_1771
                       Small             slow_vdd1v2
SNPS_CLOCK_GATE_HIGH_dsram_mydesign_0_mydesign_1772
                       Small             slow_vdd1v2
SNPS_CLOCK_GATE_HIGH_dsram_mydesign_0_mydesign_1773
                       Small             slow_vdd1v2
SNPS_CLOCK_GATE_HIGH_dsram_mydesign_0_mydesign_1774
                       Small             slow_vdd1v2
SNPS_CLOCK_GATE_HIGH_dsram_mydesign_0_mydesign_1775
                       Small             slow_vdd1v2
SNPS_CLOCK_GATE_HIGH_dsram_mydesign_0_mydesign_1776
                       Small             slow_vdd1v2
SNPS_CLOCK_GATE_HIGH_dsram_mydesign_0_mydesign_1777
                       Small             slow_vdd1v2
SNPS_CLOCK_GATE_HIGH_dsram_mydesign_0_mydesign_1778
                       Small             slow_vdd1v2
SNPS_CLOCK_GATE_HIGH_dsram_mydesign_0_mydesign_1779
                       Small             slow_vdd1v2
SNPS_CLOCK_GATE_HIGH_dsram_mydesign_0_mydesign_1780
                       Small             slow_vdd1v2
SNPS_CLOCK_GATE_HIGH_dsram_mydesign_0_mydesign_1781
                       Small             slow_vdd1v2
SNPS_CLOCK_GATE_HIGH_dsram_mydesign_0_mydesign_1782
                       Small             slow_vdd1v2
SNPS_CLOCK_GATE_HIGH_dsram_mydesign_0_mydesign_1783
                       Small             slow_vdd1v2
SNPS_CLOCK_GATE_HIGH_dsram_mydesign_0_mydesign_1784
                       Small             slow_vdd1v2
SNPS_CLOCK_GATE_HIGH_dsram_mydesign_0_mydesign_1785
                       Small             slow_vdd1v2
SNPS_CLOCK_GATE_HIGH_dsram_mydesign_0_mydesign_1786
                       Small             slow_vdd1v2
SNPS_CLOCK_GATE_HIGH_dsram_mydesign_0_mydesign_1787
                       Small             slow_vdd1v2
SNPS_CLOCK_GATE_HIGH_dsram_mydesign_0_mydesign_1788
                       Small             slow_vdd1v2
SNPS_CLOCK_GATE_HIGH_dsram_mydesign_0_mydesign_1789
                       Small             slow_vdd1v2
SNPS_CLOCK_GATE_HIGH_dsram_mydesign_0_mydesign_1790
                       Small             slow_vdd1v2
SNPS_CLOCK_GATE_HIGH_dsram_mydesign_0_mydesign_1791
                       Small             slow_vdd1v2
SNPS_CLOCK_GATE_HIGH_dsram_mydesign_0_mydesign_1792
                       Small             slow_vdd1v2
SNPS_CLOCK_GATE_HIGH_dsram_mydesign_0_mydesign_1793
                       Small             slow_vdd1v2
SNPS_CLOCK_GATE_HIGH_dsram_mydesign_0_mydesign_1794
                       Small             slow_vdd1v2
SNPS_CLOCK_GATE_HIGH_dsram_mydesign_0_mydesign_1795
                       Small             slow_vdd1v2
SNPS_CLOCK_GATE_HIGH_dsram_mydesign_0_mydesign_1796
                       Small             slow_vdd1v2
SNPS_CLOCK_GATE_HIGH_dsram_mydesign_0_mydesign_1797
                       Small             slow_vdd1v2
SNPS_CLOCK_GATE_HIGH_dsram_mydesign_0_mydesign_1798
                       Small             slow_vdd1v2
SNPS_CLOCK_GATE_HIGH_dsram_mydesign_0_mydesign_1799
                       Small             slow_vdd1v2
SNPS_CLOCK_GATE_HIGH_dsram_mydesign_0_mydesign_1800
                       Small             slow_vdd1v2
SNPS_CLOCK_GATE_HIGH_dsram_mydesign_0_mydesign_1801
                       Small             slow_vdd1v2
SNPS_CLOCK_GATE_HIGH_dsram_mydesign_0_mydesign_1802
                       Small             slow_vdd1v2
SNPS_CLOCK_GATE_HIGH_dsram_mydesign_0_mydesign_1803
                       Small             slow_vdd1v2
SNPS_CLOCK_GATE_HIGH_dsram_mydesign_0_mydesign_1804
                       Small             slow_vdd1v2
SNPS_CLOCK_GATE_HIGH_dsram_mydesign_0_mydesign_1805
                       Small             slow_vdd1v2
SNPS_CLOCK_GATE_HIGH_dsram_mydesign_0_mydesign_1806
                       Small             slow_vdd1v2
SNPS_CLOCK_GATE_HIGH_dsram_mydesign_0_mydesign_1807
                       Small             slow_vdd1v2
SNPS_CLOCK_GATE_HIGH_dsram_mydesign_0_mydesign_1808
                       Small             slow_vdd1v2
SNPS_CLOCK_GATE_HIGH_dsram_mydesign_0_mydesign_1809
                       Small             slow_vdd1v2
SNPS_CLOCK_GATE_HIGH_dsram_mydesign_0_mydesign_1810
                       Small             slow_vdd1v2
SNPS_CLOCK_GATE_HIGH_dsram_mydesign_0_mydesign_1811
                       Small             slow_vdd1v2
SNPS_CLOCK_GATE_HIGH_dsram_mydesign_0_mydesign_1812
                       Small             slow_vdd1v2
SNPS_CLOCK_GATE_HIGH_dsram_mydesign_0_mydesign_1813
                       Small             slow_vdd1v2
SNPS_CLOCK_GATE_HIGH_dsram_mydesign_0_mydesign_1814
                       Small             slow_vdd1v2
SNPS_CLOCK_GATE_HIGH_dsram_mydesign_0_mydesign_1815
                       Small             slow_vdd1v2
SNPS_CLOCK_GATE_HIGH_dsram_mydesign_0_mydesign_1816
                       Small             slow_vdd1v2
SNPS_CLOCK_GATE_HIGH_dsram_mydesign_0_mydesign_1817
                       Small             slow_vdd1v2
SNPS_CLOCK_GATE_HIGH_dsram_mydesign_0_mydesign_1818
                       Small             slow_vdd1v2
SNPS_CLOCK_GATE_HIGH_dsram_mydesign_0_mydesign_1819
                       Small             slow_vdd1v2
SNPS_CLOCK_GATE_HIGH_dsram_mydesign_0_mydesign_1820
                       Small             slow_vdd1v2
SNPS_CLOCK_GATE_HIGH_dsram_mydesign_0_mydesign_1821
                       Small             slow_vdd1v2
SNPS_CLOCK_GATE_HIGH_dsram_mydesign_0_mydesign_1822
                       Small             slow_vdd1v2
SNPS_CLOCK_GATE_HIGH_dsram_mydesign_0_mydesign_1823
                       Small             slow_vdd1v2
SNPS_CLOCK_GATE_HIGH_dsram_mydesign_0_mydesign_1824
                       Small             slow_vdd1v2
SNPS_CLOCK_GATE_HIGH_dsram_mydesign_0_mydesign_1825
                       Small             slow_vdd1v2
SNPS_CLOCK_GATE_HIGH_dsram_mydesign_0_mydesign_1826
                       Small             slow_vdd1v2
SNPS_CLOCK_GATE_HIGH_dsram_mydesign_0_mydesign_1827
                       Small             slow_vdd1v2
SNPS_CLOCK_GATE_HIGH_dsram_mydesign_0_mydesign_1828
                       Small             slow_vdd1v2
SNPS_CLOCK_GATE_HIGH_dsram_mydesign_0_mydesign_1829
                       Small             slow_vdd1v2
SNPS_CLOCK_GATE_HIGH_dsram_mydesign_0_mydesign_1830
                       Small             slow_vdd1v2
SNPS_CLOCK_GATE_HIGH_dsram_mydesign_0_mydesign_1831
                       Small             slow_vdd1v2
SNPS_CLOCK_GATE_HIGH_dsram_mydesign_0_mydesign_1832
                       Small             slow_vdd1v2
SNPS_CLOCK_GATE_HIGH_dsram_mydesign_0_mydesign_1833
                       Small             slow_vdd1v2
SNPS_CLOCK_GATE_HIGH_dsram_mydesign_0_mydesign_1834
                       Small             slow_vdd1v2
SNPS_CLOCK_GATE_HIGH_dsram_mydesign_0_mydesign_1835
                       Small             slow_vdd1v2
SNPS_CLOCK_GATE_HIGH_dsram_mydesign_0_mydesign_1836
                       Small             slow_vdd1v2
SNPS_CLOCK_GATE_HIGH_dsram_mydesign_0_mydesign_1837
                       Small             slow_vdd1v2
SNPS_CLOCK_GATE_HIGH_dsram_mydesign_0_mydesign_1838
                       Small             slow_vdd1v2
SNPS_CLOCK_GATE_HIGH_dsram_mydesign_0_mydesign_1839
                       Small             slow_vdd1v2
SNPS_CLOCK_GATE_HIGH_dsram_mydesign_0_mydesign_1840
                       Small             slow_vdd1v2
SNPS_CLOCK_GATE_HIGH_dsram_mydesign_0_mydesign_1841
                       Small             slow_vdd1v2
SNPS_CLOCK_GATE_HIGH_dsram_mydesign_0_mydesign_1842
                       Small             slow_vdd1v2
SNPS_CLOCK_GATE_HIGH_dsram_mydesign_0_mydesign_1843
                       Small             slow_vdd1v2
SNPS_CLOCK_GATE_HIGH_dsram_mydesign_0_mydesign_1844
                       Small             slow_vdd1v2
SNPS_CLOCK_GATE_HIGH_dsram_mydesign_0_mydesign_1845
                       Small             slow_vdd1v2
SNPS_CLOCK_GATE_HIGH_dsram_mydesign_0_mydesign_1846
                       Small             slow_vdd1v2
SNPS_CLOCK_GATE_HIGH_dsram_mydesign_0_mydesign_1847
                       Small             slow_vdd1v2
SNPS_CLOCK_GATE_HIGH_dsram_mydesign_0_mydesign_1848
                       Small             slow_vdd1v2
SNPS_CLOCK_GATE_HIGH_dsram_mydesign_0_mydesign_1849
                       Small             slow_vdd1v2
SNPS_CLOCK_GATE_HIGH_dsram_mydesign_0_mydesign_1850
                       Small             slow_vdd1v2
SNPS_CLOCK_GATE_HIGH_dsram_mydesign_0_mydesign_1851
                       Small             slow_vdd1v2
SNPS_CLOCK_GATE_HIGH_dsram_mydesign_0_mydesign_1852
                       Small             slow_vdd1v2
SNPS_CLOCK_GATE_HIGH_dsram_mydesign_0_mydesign_1853
                       Small             slow_vdd1v2
SNPS_CLOCK_GATE_HIGH_dsram_mydesign_0_mydesign_1854
                       Small             slow_vdd1v2
SNPS_CLOCK_GATE_HIGH_dsram_mydesign_0_mydesign_1855
                       Small             slow_vdd1v2
SNPS_CLOCK_GATE_HIGH_dsram_mydesign_0_mydesign_1856
                       Small             slow_vdd1v2
SNPS_CLOCK_GATE_HIGH_dsram_mydesign_0_mydesign_1857
                       Small             slow_vdd1v2
SNPS_CLOCK_GATE_HIGH_dsram_mydesign_0_mydesign_1858
                       Small             slow_vdd1v2
SNPS_CLOCK_GATE_HIGH_dsram_mydesign_0_mydesign_1859
                       Small             slow_vdd1v2
SNPS_CLOCK_GATE_HIGH_dsram_mydesign_0_mydesign_1860
                       Small             slow_vdd1v2
SNPS_CLOCK_GATE_HIGH_dsram_mydesign_0_mydesign_1861
                       Small             slow_vdd1v2
SNPS_CLOCK_GATE_HIGH_dsram_mydesign_0_mydesign_1862
                       Small             slow_vdd1v2
SNPS_CLOCK_GATE_HIGH_dsram_mydesign_0_mydesign_1863
                       Small             slow_vdd1v2
SNPS_CLOCK_GATE_HIGH_dsram_mydesign_0_mydesign_1864
                       Small             slow_vdd1v2
SNPS_CLOCK_GATE_HIGH_dsram_mydesign_0_mydesign_1865
                       Small             slow_vdd1v2
SNPS_CLOCK_GATE_HIGH_dsram_mydesign_0_mydesign_1866
                       Small             slow_vdd1v2
SNPS_CLOCK_GATE_HIGH_dsram_mydesign_0_mydesign_1867
                       Small             slow_vdd1v2
SNPS_CLOCK_GATE_HIGH_dsram_mydesign_0_mydesign_1868
                       Small             slow_vdd1v2
SNPS_CLOCK_GATE_HIGH_dsram_mydesign_0_mydesign_1869
                       Small             slow_vdd1v2
SNPS_CLOCK_GATE_HIGH_dsram_mydesign_0_mydesign_1870
                       Small             slow_vdd1v2
SNPS_CLOCK_GATE_HIGH_dsram_mydesign_0_mydesign_1871
                       Small             slow_vdd1v2
SNPS_CLOCK_GATE_HIGH_dsram_mydesign_0_mydesign_1872
                       Small             slow_vdd1v2
SNPS_CLOCK_GATE_HIGH_dsram_mydesign_0_mydesign_1873
                       Small             slow_vdd1v2
SNPS_CLOCK_GATE_HIGH_dsram_mydesign_0_mydesign_1874
                       Small             slow_vdd1v2
SNPS_CLOCK_GATE_HIGH_dsram_mydesign_0_mydesign_1875
                       Small             slow_vdd1v2
SNPS_CLOCK_GATE_HIGH_dsram_mydesign_0_mydesign_1876
                       Small             slow_vdd1v2
SNPS_CLOCK_GATE_HIGH_dsram_mydesign_0_mydesign_1877
                       Small             slow_vdd1v2
SNPS_CLOCK_GATE_HIGH_dsram_mydesign_0_mydesign_1878
                       Small             slow_vdd1v2
SNPS_CLOCK_GATE_HIGH_dsram_mydesign_0_mydesign_1879
                       Small             slow_vdd1v2
SNPS_CLOCK_GATE_HIGH_dsram_mydesign_0_mydesign_1880
                       Small             slow_vdd1v2
SNPS_CLOCK_GATE_HIGH_dsram_mydesign_0_mydesign_1881
                       Small             slow_vdd1v2
SNPS_CLOCK_GATE_HIGH_dsram_mydesign_0_mydesign_1882
                       Small             slow_vdd1v2
SNPS_CLOCK_GATE_HIGH_dsram_mydesign_0_mydesign_1883
                       Small             slow_vdd1v2
SNPS_CLOCK_GATE_HIGH_dsram_mydesign_0_mydesign_1884
                       Small             slow_vdd1v2
SNPS_CLOCK_GATE_HIGH_dsram_mydesign_0_mydesign_1885
                       Small             slow_vdd1v2
SNPS_CLOCK_GATE_HIGH_dsram_mydesign_0_mydesign_1886
                       Small             slow_vdd1v2
SNPS_CLOCK_GATE_HIGH_dsram_mydesign_0_mydesign_1887
                       Small             slow_vdd1v2
SNPS_CLOCK_GATE_HIGH_dsram_mydesign_0_mydesign_1888
                       Small             slow_vdd1v2
SNPS_CLOCK_GATE_HIGH_dsram_mydesign_0_mydesign_1889
                       Small             slow_vdd1v2
SNPS_CLOCK_GATE_HIGH_dsram_mydesign_0_mydesign_1890
                       Small             slow_vdd1v2
SNPS_CLOCK_GATE_HIGH_dsram_mydesign_0_mydesign_1891
                       Small             slow_vdd1v2
SNPS_CLOCK_GATE_HIGH_dsram_mydesign_0_mydesign_1892
                       Small             slow_vdd1v2
SNPS_CLOCK_GATE_HIGH_dsram_mydesign_0_mydesign_1893
                       Small             slow_vdd1v2
SNPS_CLOCK_GATE_HIGH_dsram_mydesign_0_mydesign_1894
                       Small             slow_vdd1v2
SNPS_CLOCK_GATE_HIGH_dsram_mydesign_0_mydesign_1895
                       Small             slow_vdd1v2
SNPS_CLOCK_GATE_HIGH_dsram_mydesign_0_mydesign_1896
                       Small             slow_vdd1v2
SNPS_CLOCK_GATE_HIGH_dsram_mydesign_0_mydesign_1897
                       Small             slow_vdd1v2
SNPS_CLOCK_GATE_HIGH_dsram_mydesign_0_mydesign_1898
                       Small             slow_vdd1v2
SNPS_CLOCK_GATE_HIGH_dsram_mydesign_0_mydesign_1899
                       Small             slow_vdd1v2
SNPS_CLOCK_GATE_HIGH_dsram_mydesign_0_mydesign_1900
                       Small             slow_vdd1v2
SNPS_CLOCK_GATE_HIGH_dsram_mydesign_0_mydesign_1901
                       Small             slow_vdd1v2
SNPS_CLOCK_GATE_HIGH_dsram_mydesign_0_mydesign_1902
                       Small             slow_vdd1v2
SNPS_CLOCK_GATE_HIGH_dsram_mydesign_0_mydesign_1903
                       Small             slow_vdd1v2
SNPS_CLOCK_GATE_HIGH_dsram_mydesign_0_mydesign_1904
                       Small             slow_vdd1v2
SNPS_CLOCK_GATE_HIGH_dsram_mydesign_0_mydesign_1905
                       Small             slow_vdd1v2
SNPS_CLOCK_GATE_HIGH_dsram_mydesign_0_mydesign_1906
                       Small             slow_vdd1v2
SNPS_CLOCK_GATE_HIGH_dsram_mydesign_0_mydesign_1907
                       Small             slow_vdd1v2
SNPS_CLOCK_GATE_HIGH_dsram_mydesign_0_mydesign_1908
                       Small             slow_vdd1v2
SNPS_CLOCK_GATE_HIGH_dsram_mydesign_0_mydesign_1909
                       Small             slow_vdd1v2
SNPS_CLOCK_GATE_HIGH_dsram_mydesign_0_mydesign_1910
                       Small             slow_vdd1v2
SNPS_CLOCK_GATE_HIGH_dsram_mydesign_0_mydesign_1911
                       Small             slow_vdd1v2
SNPS_CLOCK_GATE_HIGH_dsram_mydesign_0_mydesign_1912
                       Small             slow_vdd1v2
SNPS_CLOCK_GATE_HIGH_dsram_mydesign_0_mydesign_1913
                       Small             slow_vdd1v2
SNPS_CLOCK_GATE_HIGH_dsram_mydesign_0_mydesign_1914
                       Small             slow_vdd1v2
SNPS_CLOCK_GATE_HIGH_dsram_mydesign_0_mydesign_1915
                       Small             slow_vdd1v2
SNPS_CLOCK_GATE_HIGH_dsram_mydesign_0_mydesign_1916
                       Small             slow_vdd1v2
SNPS_CLOCK_GATE_HIGH_dsram_mydesign_0_mydesign_1917
                       Small             slow_vdd1v2
SNPS_CLOCK_GATE_HIGH_dsram_mydesign_0_mydesign_1918
                       Small             slow_vdd1v2
SNPS_CLOCK_GATE_HIGH_dsram_mydesign_0_mydesign_1919
                       Small             slow_vdd1v2
SNPS_CLOCK_GATE_HIGH_dsram_mydesign_0_mydesign_1920
                       Small             slow_vdd1v2
SNPS_CLOCK_GATE_HIGH_dsram_mydesign_0_mydesign_1921
                       Small             slow_vdd1v2
SNPS_CLOCK_GATE_HIGH_dsram_mydesign_0_mydesign_1922
                       Small             slow_vdd1v2
SNPS_CLOCK_GATE_HIGH_dsram_mydesign_0_mydesign_1923
                       Small             slow_vdd1v2
SNPS_CLOCK_GATE_HIGH_dsram_mydesign_0_mydesign_1924
                       Small             slow_vdd1v2
SNPS_CLOCK_GATE_HIGH_dsram_mydesign_0_mydesign_1925
                       Small             slow_vdd1v2
SNPS_CLOCK_GATE_HIGH_dsram_mydesign_0_mydesign_1926
                       Small             slow_vdd1v2
SNPS_CLOCK_GATE_HIGH_dsram_mydesign_0_mydesign_1927
                       Small             slow_vdd1v2
SNPS_CLOCK_GATE_HIGH_dsram_mydesign_0_mydesign_1928
                       Small             slow_vdd1v2
SNPS_CLOCK_GATE_HIGH_dsram_mydesign_0_mydesign_1929
                       Small             slow_vdd1v2
SNPS_CLOCK_GATE_HIGH_dsram_mydesign_0_mydesign_1930
                       Small             slow_vdd1v2
SNPS_CLOCK_GATE_HIGH_dsram_mydesign_0_mydesign_1931
                       Small             slow_vdd1v2
SNPS_CLOCK_GATE_HIGH_dsram_mydesign_0_mydesign_1932
                       Small             slow_vdd1v2
SNPS_CLOCK_GATE_HIGH_dsram_mydesign_0_mydesign_1933
                       Small             slow_vdd1v2
SNPS_CLOCK_GATE_HIGH_dsram_mydesign_0_mydesign_1934
                       Small             slow_vdd1v2
SNPS_CLOCK_GATE_HIGH_dsram_mydesign_0_mydesign_1935
                       Small             slow_vdd1v2
SNPS_CLOCK_GATE_HIGH_dsram_mydesign_0_mydesign_1936
                       Small             slow_vdd1v2
SNPS_CLOCK_GATE_HIGH_dsram_mydesign_0_mydesign_1937
                       Small             slow_vdd1v2
SNPS_CLOCK_GATE_HIGH_dsram_mydesign_0_mydesign_1938
                       Small             slow_vdd1v2
SNPS_CLOCK_GATE_HIGH_dsram_mydesign_0_mydesign_1939
                       Small             slow_vdd1v2
SNPS_CLOCK_GATE_HIGH_dsram_mydesign_0_mydesign_1940
                       Small             slow_vdd1v2
SNPS_CLOCK_GATE_HIGH_dsram_mydesign_0_mydesign_1941
                       Small             slow_vdd1v2
SNPS_CLOCK_GATE_HIGH_dsram_mydesign_0_mydesign_1942
                       Small             slow_vdd1v2
SNPS_CLOCK_GATE_HIGH_dsram_mydesign_0_mydesign_1943
                       Small             slow_vdd1v2
SNPS_CLOCK_GATE_HIGH_dsram_mydesign_0_mydesign_1944
                       Small             slow_vdd1v2
SNPS_CLOCK_GATE_HIGH_dsram_mydesign_0_mydesign_1945
                       Small             slow_vdd1v2
SNPS_CLOCK_GATE_HIGH_dsram_mydesign_0_mydesign_1946
                       Small             slow_vdd1v2
SNPS_CLOCK_GATE_HIGH_dsram_mydesign_0_mydesign_1947
                       Small             slow_vdd1v2
SNPS_CLOCK_GATE_HIGH_dsram_mydesign_0_mydesign_1948
                       Small             slow_vdd1v2
SNPS_CLOCK_GATE_HIGH_dsram_mydesign_0_mydesign_1949
                       Small             slow_vdd1v2
SNPS_CLOCK_GATE_HIGH_dsram_mydesign_0_mydesign_1950
                       Small             slow_vdd1v2
SNPS_CLOCK_GATE_HIGH_dsram_mydesign_0_mydesign_1951
                       Small             slow_vdd1v2
SNPS_CLOCK_GATE_HIGH_dsram_mydesign_0_mydesign_1952
                       Small             slow_vdd1v2
SNPS_CLOCK_GATE_HIGH_dsram_mydesign_0_mydesign_1953
                       Small             slow_vdd1v2
SNPS_CLOCK_GATE_HIGH_dsram_mydesign_0_mydesign_1954
                       Small             slow_vdd1v2
SNPS_CLOCK_GATE_HIGH_dsram_mydesign_0_mydesign_1955
                       Small             slow_vdd1v2
SNPS_CLOCK_GATE_HIGH_dsram_mydesign_0_mydesign_1956
                       Small             slow_vdd1v2
SNPS_CLOCK_GATE_HIGH_dsram_mydesign_0_mydesign_1957
                       Small             slow_vdd1v2
SNPS_CLOCK_GATE_HIGH_dsram_mydesign_0_mydesign_1958
                       Small             slow_vdd1v2
SNPS_CLOCK_GATE_HIGH_dsram_mydesign_0_mydesign_1959
                       Small             slow_vdd1v2
SNPS_CLOCK_GATE_HIGH_dsram_mydesign_0_mydesign_1960
                       Small             slow_vdd1v2
SNPS_CLOCK_GATE_HIGH_dsram_mydesign_0_mydesign_1961
                       Small             slow_vdd1v2
SNPS_CLOCK_GATE_HIGH_dsram_mydesign_0_mydesign_1962
                       Small             slow_vdd1v2
SNPS_CLOCK_GATE_HIGH_dsram_mydesign_0_mydesign_1963
                       Small             slow_vdd1v2
SNPS_CLOCK_GATE_HIGH_dsram_mydesign_0_mydesign_1964
                       Small             slow_vdd1v2
SNPS_CLOCK_GATE_HIGH_dsram_mydesign_0_mydesign_1965
                       Small             slow_vdd1v2
SNPS_CLOCK_GATE_HIGH_dsram_mydesign_0_mydesign_1966
                       Small             slow_vdd1v2
SNPS_CLOCK_GATE_HIGH_dsram_mydesign_0_mydesign_1967
                       Small             slow_vdd1v2
SNPS_CLOCK_GATE_HIGH_dsram_mydesign_0_mydesign_1968
                       Small             slow_vdd1v2
SNPS_CLOCK_GATE_HIGH_dsram_mydesign_0_mydesign_1969
                       Small             slow_vdd1v2
SNPS_CLOCK_GATE_HIGH_dsram_mydesign_0_mydesign_1970
                       Small             slow_vdd1v2
SNPS_CLOCK_GATE_HIGH_dsram_mydesign_0_mydesign_1971
                       Small             slow_vdd1v2
SNPS_CLOCK_GATE_HIGH_dsram_mydesign_0_mydesign_1972
                       Small             slow_vdd1v2
SNPS_CLOCK_GATE_HIGH_dsram_mydesign_0_mydesign_1973
                       Small             slow_vdd1v2
SNPS_CLOCK_GATE_HIGH_dsram_mydesign_0_mydesign_1974
                       Small             slow_vdd1v2
SNPS_CLOCK_GATE_HIGH_dsram_mydesign_0_mydesign_1975
                       Small             slow_vdd1v2
SNPS_CLOCK_GATE_HIGH_dsram_mydesign_0_mydesign_1976
                       Small             slow_vdd1v2
SNPS_CLOCK_GATE_HIGH_dsram_mydesign_0_mydesign_1977
                       Small             slow_vdd1v2
SNPS_CLOCK_GATE_HIGH_dsram_mydesign_0_mydesign_1978
                       Small             slow_vdd1v2
SNPS_CLOCK_GATE_HIGH_dsram_mydesign_0_mydesign_1979
                       Small             slow_vdd1v2
SNPS_CLOCK_GATE_HIGH_dsram_mydesign_0_mydesign_1980
                       Small             slow_vdd1v2
SNPS_CLOCK_GATE_HIGH_dsram_mydesign_0_mydesign_1981
                       Small             slow_vdd1v2
SNPS_CLOCK_GATE_HIGH_dsram_mydesign_0_mydesign_1982
                       Small             slow_vdd1v2
SNPS_CLOCK_GATE_HIGH_dsram_mydesign_0_mydesign_1983
                       Small             slow_vdd1v2
SNPS_CLOCK_GATE_HIGH_dsram_mydesign_0_mydesign_1984
                       Small             slow_vdd1v2
SNPS_CLOCK_GATE_HIGH_dsram_mydesign_0_mydesign_1985
                       Small             slow_vdd1v2
SNPS_CLOCK_GATE_HIGH_dsram_mydesign_0_mydesign_1986
                       Small             slow_vdd1v2
SNPS_CLOCK_GATE_HIGH_dsram_mydesign_0_mydesign_1987
                       Small             slow_vdd1v2
SNPS_CLOCK_GATE_HIGH_dsram_mydesign_0_mydesign_1988
                       Small             slow_vdd1v2
SNPS_CLOCK_GATE_HIGH_dsram_mydesign_0_mydesign_1989
                       Small             slow_vdd1v2
SNPS_CLOCK_GATE_HIGH_dsram_mydesign_0_mydesign_1990
                       Small             slow_vdd1v2
SNPS_CLOCK_GATE_HIGH_dsram_mydesign_0_mydesign_1991
                       Small             slow_vdd1v2
SNPS_CLOCK_GATE_HIGH_dsram_mydesign_0_mydesign_1992
                       Small             slow_vdd1v2
SNPS_CLOCK_GATE_HIGH_dsram_mydesign_0_mydesign_1993
                       Small             slow_vdd1v2
SNPS_CLOCK_GATE_HIGH_dsram_mydesign_0_mydesign_1994
                       Small             slow_vdd1v2
SNPS_CLOCK_GATE_HIGH_dsram_mydesign_0_mydesign_1995
                       Small             slow_vdd1v2
SNPS_CLOCK_GATE_HIGH_dsram_mydesign_0_mydesign_1996
                       Small             slow_vdd1v2
SNPS_CLOCK_GATE_HIGH_dsram_mydesign_0_mydesign_1997
                       Small             slow_vdd1v2
SNPS_CLOCK_GATE_HIGH_dsram_mydesign_0_mydesign_1998
                       Small             slow_vdd1v2
SNPS_CLOCK_GATE_HIGH_dsram_mydesign_0_mydesign_1999
                       Small             slow_vdd1v2
SNPS_CLOCK_GATE_HIGH_dsram_mydesign_0_mydesign_2000
                       Small             slow_vdd1v2
SNPS_CLOCK_GATE_HIGH_dsram_mydesign_0_mydesign_2001
                       Small             slow_vdd1v2
SNPS_CLOCK_GATE_HIGH_dsram_mydesign_0_mydesign_2002
                       Small             slow_vdd1v2
SNPS_CLOCK_GATE_HIGH_dsram_mydesign_0_mydesign_2003
                       Small             slow_vdd1v2
SNPS_CLOCK_GATE_HIGH_dsram_mydesign_0_mydesign_2004
                       Small             slow_vdd1v2
SNPS_CLOCK_GATE_HIGH_dsram_mydesign_0_mydesign_2005
                       Small             slow_vdd1v2
SNPS_CLOCK_GATE_HIGH_dsram_mydesign_0_mydesign_2006
                       Small             slow_vdd1v2
SNPS_CLOCK_GATE_HIGH_dsram_mydesign_0_mydesign_2007
                       Small             slow_vdd1v2
SNPS_CLOCK_GATE_HIGH_dsram_mydesign_0_mydesign_2008
                       Small             slow_vdd1v2
SNPS_CLOCK_GATE_HIGH_dsram_mydesign_0_mydesign_2009
                       Small             slow_vdd1v2
SNPS_CLOCK_GATE_HIGH_dsram_mydesign_0_mydesign_2010
                       Small             slow_vdd1v2
SNPS_CLOCK_GATE_HIGH_dsram_mydesign_0_mydesign_2011
                       Small             slow_vdd1v2
SNPS_CLOCK_GATE_HIGH_dsram_mydesign_0_mydesign_2012
                       Small             slow_vdd1v2
SNPS_CLOCK_GATE_HIGH_dsram_mydesign_0_mydesign_2013
                       Small             slow_vdd1v2
SNPS_CLOCK_GATE_HIGH_dsram_mydesign_0_mydesign_2014
                       Small             slow_vdd1v2
SNPS_CLOCK_GATE_HIGH_dsram_mydesign_0_mydesign_2015
                       Small             slow_vdd1v2
SNPS_CLOCK_GATE_HIGH_dsram_mydesign_0_mydesign_2016
                       Small             slow_vdd1v2
SNPS_CLOCK_GATE_HIGH_dsram_mydesign_0_mydesign_2017
                       Small             slow_vdd1v2
SNPS_CLOCK_GATE_HIGH_dsram_mydesign_0_mydesign_2018
                       Small             slow_vdd1v2
SNPS_CLOCK_GATE_HIGH_dsram_mydesign_0_mydesign_2019
                       Small             slow_vdd1v2
SNPS_CLOCK_GATE_HIGH_dsram_mydesign_0_mydesign_2020
                       Small             slow_vdd1v2
SNPS_CLOCK_GATE_HIGH_dsram_mydesign_0_mydesign_2021
                       Small             slow_vdd1v2
SNPS_CLOCK_GATE_HIGH_dsram_mydesign_0_mydesign_2022
                       Small             slow_vdd1v2
SNPS_CLOCK_GATE_HIGH_dsram_mydesign_0_mydesign_2023
                       Small             slow_vdd1v2
SNPS_CLOCK_GATE_HIGH_dsram_mydesign_0_mydesign_2024
                       Small             slow_vdd1v2
SNPS_CLOCK_GATE_HIGH_dsram_mydesign_0_mydesign_2025
                       Small             slow_vdd1v2
SNPS_CLOCK_GATE_HIGH_dsram_mydesign_0_mydesign_2026
                       Small             slow_vdd1v2
SNPS_CLOCK_GATE_HIGH_dsram_mydesign_0_mydesign_2027
                       Small             slow_vdd1v2
SNPS_CLOCK_GATE_HIGH_dsram_mydesign_0_mydesign_2028
                       Small             slow_vdd1v2
SNPS_CLOCK_GATE_HIGH_dsram_mydesign_0_mydesign_2029
                       Small             slow_vdd1v2
SNPS_CLOCK_GATE_HIGH_dsram_mydesign_0_mydesign_2030
                       Small             slow_vdd1v2
SNPS_CLOCK_GATE_HIGH_dsram_mydesign_0_mydesign_2031
                       Small             slow_vdd1v2
SNPS_CLOCK_GATE_HIGH_dsram_mydesign_0_mydesign_2032
                       Small             slow_vdd1v2
SNPS_CLOCK_GATE_HIGH_dsram_mydesign_0_mydesign_2033
                       Small             slow_vdd1v2
SNPS_CLOCK_GATE_HIGH_dsram_mydesign_0_mydesign_2034
                       Small             slow_vdd1v2
SNPS_CLOCK_GATE_HIGH_dsram_mydesign_0_mydesign_2035
                       Small             slow_vdd1v2
SNPS_CLOCK_GATE_HIGH_dsram_mydesign_0_mydesign_2036
                       Small             slow_vdd1v2
SNPS_CLOCK_GATE_HIGH_dsram_mydesign_0_mydesign_2037
                       Small             slow_vdd1v2
SNPS_CLOCK_GATE_HIGH_dsram_mydesign_0_mydesign_2038
                       Small             slow_vdd1v2
SNPS_CLOCK_GATE_HIGH_dsram_mydesign_0_mydesign_2039
                       Small             slow_vdd1v2
SNPS_CLOCK_GATE_HIGH_dsram_mydesign_0_mydesign_2040
                       Small             slow_vdd1v2
SNPS_CLOCK_GATE_HIGH_dsram_mydesign_0_mydesign_2041
                       Small             slow_vdd1v2
SNPS_CLOCK_GATE_HIGH_dsram_mydesign_0_mydesign_2042
                       Small             slow_vdd1v2
SNPS_CLOCK_GATE_HIGH_dsram_mydesign_0_mydesign_2043
                       Small             slow_vdd1v2
SNPS_CLOCK_GATE_HIGH_dsram_mydesign_0_mydesign_2044
                       Small             slow_vdd1v2
SNPS_CLOCK_GATE_HIGH_dsram_mydesign_0_mydesign_2045
                       Small             slow_vdd1v2
SNPS_CLOCK_GATE_HIGH_dsram_mydesign_0_mydesign_2046
                       Small             slow_vdd1v2
SNPS_CLOCK_GATE_HIGH_dsram_mydesign_0_mydesign_2047
                       Small             slow_vdd1v2
SNPS_CLOCK_GATE_HIGH_dsram_mydesign_0_mydesign_2048
                       Small             slow_vdd1v2
SNPS_CLOCK_GATE_HIGH_dsram_mydesign_0_mydesign_2049
                       Small             slow_vdd1v2
SNPS_CLOCK_GATE_HIGH_dsram_mydesign_0_mydesign_2050
                       Small             slow_vdd1v2
SNPS_CLOCK_GATE_HIGH_dsram_mydesign_0_mydesign_2051
                       Small             slow_vdd1v2
SNPS_CLOCK_GATE_HIGH_dsram_mydesign_0_mydesign_2053
                       Small             slow_vdd1v2
SNPS_CLOCK_GATE_HIGH_dsram_mydesign_0_mydesign_2054
                       Small             slow_vdd1v2
SNPS_CLOCK_GATE_HIGH_regfile_mydesign_1
                       Small             slow_vdd1v2
SNPS_CLOCK_GATE_HIGH_regfile_mydesign_2
                       Small             slow_vdd1v2
SNPS_CLOCK_GATE_HIGH_regfile_mydesign_3
                       Small             slow_vdd1v2
SNPS_CLOCK_GATE_HIGH_regfile_mydesign_4
                       Small             slow_vdd1v2
SNPS_CLOCK_GATE_HIGH_regfile_mydesign_5
                       Small             slow_vdd1v2
SNPS_CLOCK_GATE_HIGH_regfile_mydesign_6
                       Small             slow_vdd1v2
SNPS_CLOCK_GATE_HIGH_regfile_mydesign_7
                       Small             slow_vdd1v2
SNPS_CLOCK_GATE_HIGH_regfile_mydesign_8
                       Small             slow_vdd1v2
SNPS_CLOCK_GATE_HIGH_regfile_mydesign_9
                       Small             slow_vdd1v2
SNPS_CLOCK_GATE_HIGH_regfile_mydesign_10
                       Small             slow_vdd1v2
SNPS_CLOCK_GATE_HIGH_regfile_mydesign_11
                       Small             slow_vdd1v2
SNPS_CLOCK_GATE_HIGH_regfile_mydesign_12
                       Small             slow_vdd1v2
SNPS_CLOCK_GATE_HIGH_regfile_mydesign_13
                       Small             slow_vdd1v2
SNPS_CLOCK_GATE_HIGH_regfile_mydesign_14
                       Small             slow_vdd1v2
SNPS_CLOCK_GATE_HIGH_regfile_mydesign_15
                       Small             slow_vdd1v2
SNPS_CLOCK_GATE_HIGH_regfile_mydesign_16
                       Small             slow_vdd1v2
SNPS_CLOCK_GATE_HIGH_regfile_mydesign_17
                       Small             slow_vdd1v2
SNPS_CLOCK_GATE_HIGH_regfile_mydesign_18
                       Small             slow_vdd1v2
SNPS_CLOCK_GATE_HIGH_regfile_mydesign_19
                       Small             slow_vdd1v2
SNPS_CLOCK_GATE_HIGH_regfile_mydesign_20
                       Small             slow_vdd1v2
SNPS_CLOCK_GATE_HIGH_regfile_mydesign_21
                       Small             slow_vdd1v2
SNPS_CLOCK_GATE_HIGH_regfile_mydesign_22
                       Small             slow_vdd1v2
SNPS_CLOCK_GATE_HIGH_regfile_mydesign_23
                       Small             slow_vdd1v2
SNPS_CLOCK_GATE_HIGH_regfile_mydesign_24
                       Small             slow_vdd1v2
SNPS_CLOCK_GATE_HIGH_regfile_mydesign_25
                       Small             slow_vdd1v2
SNPS_CLOCK_GATE_HIGH_regfile_mydesign_26
                       Small             slow_vdd1v2
SNPS_CLOCK_GATE_HIGH_regfile_mydesign_27
                       Small             slow_vdd1v2
SNPS_CLOCK_GATE_HIGH_regfile_mydesign_28
                       Small             slow_vdd1v2
SNPS_CLOCK_GATE_HIGH_regfile_mydesign_29
                       Small             slow_vdd1v2
SNPS_CLOCK_GATE_HIGH_regfile_mydesign_30
                       Small             slow_vdd1v2
SNPS_CLOCK_GATE_HIGH_regfile_mydesign_31
                       Small             slow_vdd1v2
SNPS_CLOCK_GATE_HIGH_regfile_mydesign_32
                       Small             slow_vdd1v2
SNPS_CLOCK_GATE_HIGH_regfile_mydesign_33
                       Small             slow_vdd1v2
SNPS_CLOCK_GATE_HIGH_regfile_mydesign_34
                       Small             slow_vdd1v2
SNPS_CLOCK_GATE_HIGH_regfile_mydesign_35
                       Small             slow_vdd1v2
SNPS_CLOCK_GATE_HIGH_regfile_mydesign_36
                       Small             slow_vdd1v2
SNPS_CLOCK_GATE_HIGH_regfile_mydesign_37
                       Small             slow_vdd1v2
SNPS_CLOCK_GATE_HIGH_regfile_mydesign_38
                       Small             slow_vdd1v2
SNPS_CLOCK_GATE_HIGH_regfile_mydesign_39
                       Small             slow_vdd1v2
SNPS_CLOCK_GATE_HIGH_regfile_mydesign_40
                       Small             slow_vdd1v2
SNPS_CLOCK_GATE_HIGH_regfile_mydesign_41
                       Small             slow_vdd1v2
SNPS_CLOCK_GATE_HIGH_regfile_mydesign_42
                       Small             slow_vdd1v2
SNPS_CLOCK_GATE_HIGH_regfile_mydesign_43
                       Small             slow_vdd1v2
SNPS_CLOCK_GATE_HIGH_regfile_mydesign_44
                       Small             slow_vdd1v2
SNPS_CLOCK_GATE_HIGH_regfile_mydesign_45
                       Small             slow_vdd1v2
SNPS_CLOCK_GATE_HIGH_regfile_mydesign_46
                       Small             slow_vdd1v2
SNPS_CLOCK_GATE_HIGH_regfile_mydesign_47
                       Small             slow_vdd1v2
SNPS_CLOCK_GATE_HIGH_regfile_mydesign_48
                       Small             slow_vdd1v2
SNPS_CLOCK_GATE_HIGH_regfile_mydesign_49
                       Small             slow_vdd1v2
SNPS_CLOCK_GATE_HIGH_regfile_mydesign_50
                       Small             slow_vdd1v2
SNPS_CLOCK_GATE_HIGH_regfile_mydesign_51
                       Small             slow_vdd1v2
SNPS_CLOCK_GATE_HIGH_regfile_mydesign_52
                       Small             slow_vdd1v2
SNPS_CLOCK_GATE_HIGH_regfile_mydesign_53
                       Small             slow_vdd1v2
SNPS_CLOCK_GATE_HIGH_regfile_mydesign_54
                       Small             slow_vdd1v2
SNPS_CLOCK_GATE_HIGH_regfile_mydesign_55
                       Small             slow_vdd1v2
SNPS_CLOCK_GATE_HIGH_regfile_mydesign_56
                       Small             slow_vdd1v2
SNPS_CLOCK_GATE_HIGH_regfile_mydesign_57
                       Small             slow_vdd1v2
SNPS_CLOCK_GATE_HIGH_regfile_mydesign_58
                       Small             slow_vdd1v2
SNPS_CLOCK_GATE_HIGH_regfile_mydesign_59
                       Small             slow_vdd1v2
SNPS_CLOCK_GATE_HIGH_regfile_mydesign_60
                       Small             slow_vdd1v2
SNPS_CLOCK_GATE_HIGH_regfile_mydesign_61
                       Small             slow_vdd1v2
SNPS_CLOCK_GATE_HIGH_regfile_mydesign_62
                       Small             slow_vdd1v2
SNPS_CLOCK_GATE_HIGH_regfile_mydesign_63
                       Small             slow_vdd1v2
SNPS_CLOCK_GATE_HIGH_regfile_mydesign_64
                       Small             slow_vdd1v2
SNPS_CLOCK_GATE_HIGH_regfile_mydesign_65
                       Small             slow_vdd1v2
SNPS_CLOCK_GATE_HIGH_regfile_mydesign_66
                       Small             slow_vdd1v2
SNPS_CLOCK_GATE_HIGH_regfile_mydesign_67
                       Small             slow_vdd1v2
SNPS_CLOCK_GATE_HIGH_regfile_mydesign_68
                       Small             slow_vdd1v2
SNPS_CLOCK_GATE_HIGH_regfile_mydesign_69
                       Small             slow_vdd1v2
SNPS_CLOCK_GATE_HIGH_regfile_mydesign_70
                       Small             slow_vdd1v2
SNPS_CLOCK_GATE_HIGH_regfile_mydesign_71
                       Small             slow_vdd1v2
SNPS_CLOCK_GATE_HIGH_regfile_mydesign_72
                       Small             slow_vdd1v2
SNPS_CLOCK_GATE_HIGH_regfile_mydesign_73
                       Small             slow_vdd1v2
SNPS_CLOCK_GATE_HIGH_regfile_mydesign_74
                       Small             slow_vdd1v2
SNPS_CLOCK_GATE_HIGH_regfile_mydesign_75
                       Small             slow_vdd1v2
SNPS_CLOCK_GATE_HIGH_regfile_mydesign_76
                       Small             slow_vdd1v2
SNPS_CLOCK_GATE_HIGH_regfile_mydesign_77
                       Small             slow_vdd1v2
SNPS_CLOCK_GATE_HIGH_regfile_mydesign_78
                       Small             slow_vdd1v2
SNPS_CLOCK_GATE_HIGH_regfile_mydesign_79
                       Small             slow_vdd1v2
SNPS_CLOCK_GATE_HIGH_regfile_mydesign_80
                       Small             slow_vdd1v2
SNPS_CLOCK_GATE_HIGH_regfile_mydesign_81
                       Small             slow_vdd1v2
SNPS_CLOCK_GATE_HIGH_regfile_mydesign_82
                       Small             slow_vdd1v2
SNPS_CLOCK_GATE_HIGH_regfile_mydesign_83
                       Small             slow_vdd1v2
SNPS_CLOCK_GATE_HIGH_regfile_mydesign_84
                       Small             slow_vdd1v2
SNPS_CLOCK_GATE_HIGH_regfile_mydesign_85
                       Small             slow_vdd1v2
SNPS_CLOCK_GATE_HIGH_regfile_mydesign_86
                       Small             slow_vdd1v2
SNPS_CLOCK_GATE_HIGH_regfile_mydesign_87
                       Small             slow_vdd1v2
SNPS_CLOCK_GATE_HIGH_regfile_mydesign_88
                       Small             slow_vdd1v2
SNPS_CLOCK_GATE_HIGH_regfile_mydesign_89
                       Small             slow_vdd1v2
SNPS_CLOCK_GATE_HIGH_regfile_mydesign_90
                       Small             slow_vdd1v2
SNPS_CLOCK_GATE_HIGH_regfile_mydesign_91
                       Small             slow_vdd1v2
SNPS_CLOCK_GATE_HIGH_regfile_mydesign_92
                       Small             slow_vdd1v2
SNPS_CLOCK_GATE_HIGH_regfile_mydesign_93
                       Small             slow_vdd1v2
SNPS_CLOCK_GATE_HIGH_regfile_mydesign_94
                       Small             slow_vdd1v2
SNPS_CLOCK_GATE_HIGH_regfile_mydesign_95
                       Small             slow_vdd1v2
SNPS_CLOCK_GATE_HIGH_regfile_mydesign_96
                       Small             slow_vdd1v2
SNPS_CLOCK_GATE_HIGH_regfile_mydesign_97
                       Small             slow_vdd1v2
SNPS_CLOCK_GATE_HIGH_regfile_mydesign_98
                       Small             slow_vdd1v2
SNPS_CLOCK_GATE_HIGH_regfile_mydesign_99
                       Small             slow_vdd1v2
SNPS_CLOCK_GATE_HIGH_regfile_mydesign_100
                       Small             slow_vdd1v2
SNPS_CLOCK_GATE_HIGH_regfile_mydesign_101
                       Small             slow_vdd1v2
SNPS_CLOCK_GATE_HIGH_regfile_mydesign_102
                       Small             slow_vdd1v2
SNPS_CLOCK_GATE_HIGH_regfile_mydesign_103
                       Small             slow_vdd1v2
SNPS_CLOCK_GATE_HIGH_regfile_mydesign_104
                       Small             slow_vdd1v2
SNPS_CLOCK_GATE_HIGH_regfile_mydesign_105
                       Small             slow_vdd1v2
SNPS_CLOCK_GATE_HIGH_regfile_mydesign_106
                       Small             slow_vdd1v2
SNPS_CLOCK_GATE_HIGH_regfile_mydesign_107
                       Small             slow_vdd1v2
SNPS_CLOCK_GATE_HIGH_regfile_mydesign_108
                       Small             slow_vdd1v2
SNPS_CLOCK_GATE_HIGH_regfile_mydesign_109
                       Small             slow_vdd1v2
SNPS_CLOCK_GATE_HIGH_regfile_mydesign_110
                       Small             slow_vdd1v2
SNPS_CLOCK_GATE_HIGH_regfile_mydesign_111
                       Small             slow_vdd1v2
SNPS_CLOCK_GATE_HIGH_regfile_mydesign_112
                       Small             slow_vdd1v2
SNPS_CLOCK_GATE_HIGH_regfile_mydesign_113
                       Small             slow_vdd1v2
SNPS_CLOCK_GATE_HIGH_regfile_mydesign_114
                       Small             slow_vdd1v2
SNPS_CLOCK_GATE_HIGH_regfile_mydesign_115
                       Small             slow_vdd1v2
SNPS_CLOCK_GATE_HIGH_regfile_mydesign_116
                       Small             slow_vdd1v2
SNPS_CLOCK_GATE_HIGH_regfile_mydesign_117
                       Small             slow_vdd1v2
SNPS_CLOCK_GATE_HIGH_regfile_mydesign_118
                       Small             slow_vdd1v2
SNPS_CLOCK_GATE_HIGH_regfile_mydesign_119
                       Small             slow_vdd1v2
SNPS_CLOCK_GATE_HIGH_regfile_mydesign_120
                       Small             slow_vdd1v2
SNPS_CLOCK_GATE_HIGH_regfile_mydesign_121
                       Small             slow_vdd1v2
SNPS_CLOCK_GATE_HIGH_regfile_mydesign_122
                       Small             slow_vdd1v2
SNPS_CLOCK_GATE_HIGH_regfile_mydesign_123
                       Small             slow_vdd1v2
SNPS_CLOCK_GATE_HIGH_regfile_mydesign_124
                       Small             slow_vdd1v2
SNPS_CLOCK_GATE_HIGH_regfile_mydesign_125
                       Small             slow_vdd1v2
SNPS_CLOCK_GATE_HIGH_regfile_mydesign_126
                       Small             slow_vdd1v2
SNPS_CLOCK_GATE_HIGH_regfile_mydesign_127
                       Small             slow_vdd1v2
SNPS_CLOCK_GATE_HIGH_IF_ID_mydesign_1
                       Small             slow_vdd1v2


Global Operating Voltage = 1.08 
Power-specific unit information :
    Voltage Units = 1V
    Capacitance Units = 1.000000pf
    Time Units = 1ns
    Dynamic Power Units = 1mW    (derived from V,C,T units)
    Leakage Power Units = 1pW


--------------------------------------------------------------------------------
                                       Switch   Int      Leak     Total
Hierarchy                              Power    Power    Power    Power    %
--------------------------------------------------------------------------------
top_pipe                                  0.111    1.777 3.75e+06    1.891 100.0
  top0 (top)                              0.108    1.734 3.74e+06    1.846  97.6
    EXE_stage (EXE_stage)              1.15e-03 1.75e-03 6.52e+04 2.97e-03   0.2
      alu (alu)                        1.10e-03 1.43e-03 6.23e+04 2.60e-03   0.1
    ID_EXE (ID_EXE)                    3.62e-04 5.04e-02 1.67e+04 5.08e-02   2.7
    ID_stage (ID_stage)                6.70e-02    0.987 1.98e+06    1.056  55.9
      dcache (dsram_mydesign_0)        3.09e-03    0.394 1.68e+06    0.399  21.1
      controller (controller)          1.07e-04 2.58e-04 1.26e+03 3.66e-04   0.0
      regfile (regfile)                6.37e-02    0.593 2.92e+05    0.656  34.7
    IF_ID (IF_ID)                      1.48e-03 3.43e-02 1.40e+04 3.58e-02   1.9
    IF_stage (IF_stage)                3.83e-02    0.661 1.66e+06    0.700  37.0
      icache (dsram_mydesign_1)        3.68e-02    0.649 1.66e+06    0.688  36.4
      PC (PC)                          1.12e-03 1.08e-02 5.54e+03 1.19e-02   0.6
1
