Information: Checking out the license 'DesignWare'. (SEC-104)
Information: Changed wire load model for 'quantization_1ch_GROUP_CHANNEL16_BW_RELU34_mydesign_0' from '(none)' to 'Small'. (OPT-170)
Information: Changed wire load model for 'quantization_1ch_GROUP_CHANNEL16_BW_RELU34_mydesign_1' from '(none)' to 'Small'. (OPT-170)
Information: Changed wire load model for 'quantization_1ch_GROUP_CHANNEL16_BW_RELU34_mydesign_2' from '(none)' to 'Small'. (OPT-170)
Information: Changed wire load model for 'quantization_1ch_GROUP_CHANNEL16_BW_RELU34_mydesign_3' from '(none)' to 'Small'. (OPT-170)
Information: Changed wire load model for 'ReLU_GROUP_CHANNEL16_BW_BIAS25_BW_RELU34' from '(none)' to 'Small'. (OPT-170)
Information: Changed wire load model for 'shifter_decoder' from '(none)' to 'Small'. (OPT-170)
Information: Changed wire load model for 'postproc_GROUP_CHANNEL16_BW_BIAS25_BW_RELU34' from '(none)' to 'Small'. (OPT-170)
Information: Changed wire load model for 'kernel_adder_BW_CONV1x120_BW_BIAS25_mydesign_0' from '(none)' to 'Small'. (OPT-170)
Information: Changed wire load model for 'kernel_adder_BW_CONV1x120_BW_BIAS25_mydesign_1' from '(none)' to 'Small'. (OPT-170)
Information: Changed wire load model for 'kernel_adder_BW_CONV1x120_BW_BIAS25_mydesign_2' from '(none)' to 'Small'. (OPT-170)
Information: Changed wire load model for 'kernel_adder_BW_CONV1x120_BW_BIAS25_mydesign_3' from '(none)' to 'Small'. (OPT-170)
Information: Changed wire load model for 'matmul_BW_MATMUL18_mydesign_0' from '(none)' to 'Small'. (OPT-170)
Information: Changed wire load model for 'matmul_BW_MATMUL18_mydesign_1' from '(none)' to 'Small'. (OPT-170)
Information: Changed wire load model for 'matmul_BW_MATMUL18_mydesign_2' from '(none)' to 'Small'. (OPT-170)
Information: Changed wire load model for 'matmul_BW_MATMUL18_mydesign_3' from '(none)' to 'Small'. (OPT-170)
Information: Changed wire load model for 'conv1x1_16to4ch_BW_MATMUL18_BW_CONV1x120_mydesign_0' from '(none)' to 'Small'. (OPT-170)
Information: Changed wire load model for 'matmul_BW_MATMUL18_mydesign_4' from '(none)' to 'Small'. (OPT-170)
Information: Changed wire load model for 'matmul_BW_MATMUL18_mydesign_5' from '(none)' to 'Small'. (OPT-170)
Information: Changed wire load model for 'matmul_BW_MATMUL18_mydesign_6' from '(none)' to 'Small'. (OPT-170)
Information: Changed wire load model for 'matmul_BW_MATMUL18_mydesign_7' from '(none)' to 'Small'. (OPT-170)
Information: Changed wire load model for 'conv1x1_16to4ch_BW_MATMUL18_BW_CONV1x120_mydesign_1' from '(none)' to 'Small'. (OPT-170)
Information: Changed wire load model for 'matmul_BW_MATMUL18_mydesign_8' from '(none)' to 'Small'. (OPT-170)
Information: Changed wire load model for 'matmul_BW_MATMUL18_mydesign_9' from '(none)' to 'Small'. (OPT-170)
Information: Changed wire load model for 'matmul_BW_MATMUL18_mydesign_10' from '(none)' to 'Small'. (OPT-170)
Information: Changed wire load model for 'matmul_BW_MATMUL18_mydesign_11' from '(none)' to 'Small'. (OPT-170)
Information: Changed wire load model for 'conv1x1_16to4ch_BW_MATMUL18_BW_CONV1x120_mydesign_2' from '(none)' to 'Small'. (OPT-170)
Information: Changed wire load model for 'matmul_BW_MATMUL18_mydesign_12' from '(none)' to 'Small'. (OPT-170)
Information: Changed wire load model for 'matmul_BW_MATMUL18_mydesign_13' from '(none)' to 'Small'. (OPT-170)
Information: Changed wire load model for 'matmul_BW_MATMUL18_mydesign_14' from '(none)' to 'Small'. (OPT-170)
Information: Changed wire load model for 'matmul_BW_MATMUL18_mydesign_15' from '(none)' to 'Small'. (OPT-170)
Information: Changed wire load model for 'conv1x1_16to4ch_BW_MATMUL18_BW_CONV1x120_mydesign_3' from '(none)' to 'Small'. (OPT-170)
Information: Changed wire load model for 'matmul_BW_MATMUL18_mydesign_16' from '(none)' to 'Small'. (OPT-170)
Information: Changed wire load model for 'matmul_BW_MATMUL18_mydesign_17' from '(none)' to 'Small'. (OPT-170)
Information: Changed wire load model for 'matmul_BW_MATMUL18_mydesign_18' from '(none)' to 'Small'. (OPT-170)
Information: Changed wire load model for 'matmul_BW_MATMUL18_mydesign_19' from '(none)' to 'Small'. (OPT-170)
Information: Changed wire load model for 'conv1x1_16to4ch_BW_MATMUL18_BW_CONV1x120_mydesign_4' from '(none)' to 'Small'. (OPT-170)
Information: Changed wire load model for 'matmul_BW_MATMUL18_mydesign_20' from '(none)' to 'Small'. (OPT-170)
Information: Changed wire load model for 'matmul_BW_MATMUL18_mydesign_21' from '(none)' to 'Small'. (OPT-170)
Information: Changed wire load model for 'matmul_BW_MATMUL18_mydesign_22' from '(none)' to 'Small'. (OPT-170)
Information: Changed wire load model for 'matmul_BW_MATMUL18_mydesign_23' from '(none)' to 'Small'. (OPT-170)
Information: Changed wire load model for 'conv1x1_16to4ch_BW_MATMUL18_BW_CONV1x120_mydesign_5' from '(none)' to 'Small'. (OPT-170)
Information: Changed wire load model for 'matmul_BW_MATMUL18_mydesign_24' from '(none)' to 'Small'. (OPT-170)
Information: Changed wire load model for 'matmul_BW_MATMUL18_mydesign_25' from '(none)' to 'Small'. (OPT-170)
Information: Changed wire load model for 'matmul_BW_MATMUL18_mydesign_26' from '(none)' to 'Small'. (OPT-170)
Information: Changed wire load model for 'matmul_BW_MATMUL18_mydesign_27' from '(none)' to 'Small'. (OPT-170)
Information: Changed wire load model for 'conv1x1_16to4ch_BW_MATMUL18_BW_CONV1x120_mydesign_6' from '(none)' to 'Small'. (OPT-170)
Information: Changed wire load model for 'matmul_BW_MATMUL18_mydesign_28' from '(none)' to 'Small'. (OPT-170)
Information: Changed wire load model for 'matmul_BW_MATMUL18_mydesign_29' from '(none)' to 'Small'. (OPT-170)
Information: Changed wire load model for 'matmul_BW_MATMUL18_mydesign_30' from '(none)' to 'Small'. (OPT-170)
Information: Changed wire load model for 'matmul_BW_MATMUL18_mydesign_31' from '(none)' to 'Small'. (OPT-170)
Information: Changed wire load model for 'conv1x1_16to4ch_BW_MATMUL18_BW_CONV1x120_mydesign_7' from '(none)' to 'Small'. (OPT-170)
Information: Changed wire load model for 'matmul_BW_MATMUL18_mydesign_32' from '(none)' to 'Small'. (OPT-170)
Information: Changed wire load model for 'matmul_BW_MATMUL18_mydesign_33' from '(none)' to 'Small'. (OPT-170)
Information: Changed wire load model for 'matmul_BW_MATMUL18_mydesign_34' from '(none)' to 'Small'. (OPT-170)
Information: Changed wire load model for 'matmul_BW_MATMUL18_mydesign_35' from '(none)' to 'Small'. (OPT-170)
Information: Changed wire load model for 'conv1x1_16to4ch_BW_MATMUL18_BW_CONV1x120_mydesign_8' from '(none)' to 'Small'. (OPT-170)
Information: Changed wire load model for 'conv3x3_16to4ch_BW_BIAS25' from '(none)' to 'Small'. (OPT-170)
Information: Changed wire load model for 'alt1' from '(none)' to 'Large'. (OPT-170)
Information: Changed wire load model for 'astr' from '(none)' to 'Large'. (OPT-170)
Information: Changed wire load model for 'alt1' from '(none)' to 'Large'. (OPT-170)
Information: Changed wire load model for 'astr' from '(none)' to 'Large'. (OPT-170)
Information: Changed wire load model for 'alt1' from '(none)' to 'Large'. (OPT-170)
Information: Changed wire load model for 'astr' from '(none)' to 'Large'. (OPT-170)
Information: Changed wire load model for 'alt1' from '(none)' to 'Large'. (OPT-170)
Information: Changed wire load model for 'apparch' from '(none)' to 'Large'. (OPT-170)
Information: Changed wire load model for 'DW01_add_width34' from '(none)' to 'Small'. (OPT-170)
Information: Changed wire load model for '*ADD_TC_OP_34_34_34' from '(none)' to 'Small'. (OPT-170)
Information: Changed wire load model for 'DW_leftsh' from '(none)' to 'Small'. (OPT-170)
Information: Changed wire load model for '*ASH_UNS_UNS_OP_23_4_23' from '(none)' to 'Small'. (OPT-170)
Information: Changed wire load model for 'DW_leftsh' from '(none)' to 'Small'. (OPT-170)
Information: Changed wire load model for '*ASH_UNS_UNS_OP_23_4_23' from '(none)' to 'Small'. (OPT-170)
Information: Changed wire load model for 'DW01_dec_width5' from '(none)' to 'Small'. (OPT-170)
Information: Changed wire load model for '*SUB_UNS_OP_4_1_5' from '(none)' to 'Small'. (OPT-170)
Information: Changed wire load model for 'DW01_cmp2_width34' from '(none)' to 'Small'. (OPT-170)
Information: Changed wire load model for '*LT_TC_OP_34_34_1' from '(none)' to 'Small'. (OPT-170)
Information: Changed wire load model for 'DW01_cmp2_width34' from '(none)' to 'Small'. (OPT-170)
Information: Changed wire load model for '*GT_TC_OP_34_34_1' from '(none)' to 'Small'. (OPT-170)
Information: Changed wire load model for 'DW_leftsh' from '(none)' to 'Small'. (OPT-170)
Information: Changed wire load model for '*ASH_UNS_UNS_OP_34_32_34' from '(none)' to 'Small'. (OPT-170)
Information: Changed wire load model for 'DW01_add_width34' from '(none)' to 'Small'. (OPT-170)
Information: Changed wire load model for '*ADD_TC_OP_34_34_34' from '(none)' to 'Small'. (OPT-170)
Information: Changed wire load model for 'DW_leftsh' from '(none)' to 'Small'. (OPT-170)
Information: Changed wire load model for '*ASH_UNS_UNS_OP_23_4_23' from '(none)' to 'Small'. (OPT-170)
Information: Changed wire load model for 'DW_leftsh' from '(none)' to 'Small'. (OPT-170)
Information: Changed wire load model for '*ASH_UNS_UNS_OP_23_4_23' from '(none)' to 'Small'. (OPT-170)
Information: Changed wire load model for 'DW01_dec_width5' from '(none)' to 'Small'. (OPT-170)
Information: Changed wire load model for '*SUB_UNS_OP_4_1_5' from '(none)' to 'Small'. (OPT-170)
Information: Changed wire load model for 'DW01_cmp2_width34' from '(none)' to 'Small'. (OPT-170)
Information: Changed wire load model for '*LT_TC_OP_34_34_1' from '(none)' to 'Small'. (OPT-170)
Information: Changed wire load model for 'DW01_cmp2_width34' from '(none)' to 'Small'. (OPT-170)
Information: Changed wire load model for '*GT_TC_OP_34_34_1' from '(none)' to 'Small'. (OPT-170)
Information: Changed wire load model for 'DW_leftsh' from '(none)' to 'Small'. (OPT-170)
Information: Changed wire load model for '*ASH_UNS_UNS_OP_34_32_34' from '(none)' to 'Small'. (OPT-170)
Information: Changed wire load model for 'DW01_add_width34' from '(none)' to 'Small'. (OPT-170)
Information: Changed wire load model for '*ADD_TC_OP_34_34_34' from '(none)' to 'Small'. (OPT-170)
Information: Changed wire load model for 'DW_leftsh' from '(none)' to 'Small'. (OPT-170)
Information: Changed wire load model for '*ASH_UNS_UNS_OP_23_4_23' from '(none)' to 'Small'. (OPT-170)
Information: Changed wire load model for 'DW_leftsh' from '(none)' to 'Small'. (OPT-170)
Information: Changed wire load model for '*ASH_UNS_UNS_OP_23_4_23' from '(none)' to 'Small'. (OPT-170)
Information: Changed wire load model for 'DW01_dec_width5' from '(none)' to 'Small'. (OPT-170)
Information: Changed wire load model for '*SUB_UNS_OP_4_1_5' from '(none)' to 'Small'. (OPT-170)
Information: Changed wire load model for 'DW01_cmp2_width34' from '(none)' to 'Small'. (OPT-170)
Information: Changed wire load model for '*LT_TC_OP_34_34_1' from '(none)' to 'Small'. (OPT-170)
Information: Changed wire load model for 'DW01_cmp2_width34' from '(none)' to 'Small'. (OPT-170)
Information: Changed wire load model for '*GT_TC_OP_34_34_1' from '(none)' to 'Small'. (OPT-170)
Information: Changed wire load model for 'DW_leftsh' from '(none)' to 'Small'. (OPT-170)
Information: Changed wire load model for '*ASH_UNS_UNS_OP_34_32_34' from '(none)' to 'Small'. (OPT-170)
Information: Changed wire load model for 'DW01_add_width34' from '(none)' to 'Small'. (OPT-170)
Information: Changed wire load model for '*ADD_TC_OP_34_34_34' from '(none)' to 'Small'. (OPT-170)
Information: Changed wire load model for 'DW_leftsh' from '(none)' to 'Small'. (OPT-170)
Information: Changed wire load model for '*ASH_UNS_UNS_OP_23_4_23' from '(none)' to 'Small'. (OPT-170)
Information: Changed wire load model for 'DW_leftsh' from '(none)' to 'Small'. (OPT-170)
Information: Changed wire load model for '*ASH_UNS_UNS_OP_23_4_23' from '(none)' to 'Small'. (OPT-170)
Information: Changed wire load model for 'DW01_dec_width5' from '(none)' to 'Small'. (OPT-170)
Information: Changed wire load model for '*SUB_UNS_OP_4_1_5' from '(none)' to 'Small'. (OPT-170)
Information: Changed wire load model for 'DW01_cmp2_width34' from '(none)' to 'Small'. (OPT-170)
Information: Changed wire load model for '*LT_TC_OP_34_34_1' from '(none)' to 'Small'. (OPT-170)
Information: Changed wire load model for 'DW01_cmp2_width34' from '(none)' to 'Small'. (OPT-170)
Information: Changed wire load model for '*GT_TC_OP_34_34_1' from '(none)' to 'Small'. (OPT-170)
Information: Changed wire load model for 'DW_leftsh' from '(none)' to 'Small'. (OPT-170)
Information: Changed wire load model for '*ASH_UNS_UNS_OP_34_32_34' from '(none)' to 'Small'. (OPT-170)
Information: Changed wire load model for 'DW01_cmp2_width25' from '(none)' to 'Small'. (OPT-170)
Information: Changed wire load model for '*LT_TC_OP_25_1_1' from '(none)' to 'Small'. (OPT-170)
Information: Changed wire load model for 'DW01_cmp2_width25' from '(none)' to 'Small'. (OPT-170)
Information: Changed wire load model for '*LT_TC_OP_25_1_1' from '(none)' to 'Small'. (OPT-170)
Information: Changed wire load model for 'DW01_cmp2_width25' from '(none)' to 'Small'. (OPT-170)
Information: Changed wire load model for '*LT_TC_OP_25_1_1' from '(none)' to 'Small'. (OPT-170)
Information: Changed wire load model for 'DW01_cmp2_width25' from '(none)' to 'Small'. (OPT-170)
Information: Changed wire load model for '*LT_TC_OP_25_1_1' from '(none)' to 'Small'. (OPT-170)
Information: Changed wire load model for 'DW01_sub_width4' from '(none)' to 'Small'. (OPT-170)
Information: Changed wire load model for '*SUB_UNS_OP_4_4_4' from '(none)' to 'Small'. (OPT-170)
Information: Changed wire load model for 'DW01_sub_width4' from '(none)' to 'Small'. (OPT-170)
Information: Changed wire load model for '*SUB_UNS_OP_4_4_4' from '(none)' to 'Small'. (OPT-170)
Information: Changed wire load model for 'DW01_sub_width4' from '(none)' to 'Small'. (OPT-170)
Information: Changed wire load model for '*SUB_UNS_OP_4_4_4' from '(none)' to 'Small'. (OPT-170)
Information: Changed wire load model for 'DW01_sub_width4' from '(none)' to 'Small'. (OPT-170)
Information: Changed wire load model for '*SUB_UNS_OP_4_4_4' from '(none)' to 'Small'. (OPT-170)
Information: Changed wire load model for 'DW01_add_width4' from '(none)' to 'Small'. (OPT-170)
Information: Changed wire load model for '*ADD_UNS_OP_4_4_4' from '(none)' to 'Small'. (OPT-170)
Information: Changed wire load model for 'DW01_add_width4' from '(none)' to 'Small'. (OPT-170)
Information: Changed wire load model for '*ADD_UNS_OP_4_4_4' from '(none)' to 'Small'. (OPT-170)
Information: Changed wire load model for 'DW01_add_width4' from '(none)' to 'Small'. (OPT-170)
Information: Changed wire load model for '*ADD_UNS_OP_4_4_4' from '(none)' to 'Small'. (OPT-170)
Information: Changed wire load model for 'DW01_add_width4' from '(none)' to 'Small'. (OPT-170)
Information: Changed wire load model for '*ADD_UNS_OP_4_4_4' from '(none)' to 'Small'. (OPT-170)
Information: Changed wire load model for 'DW01_add_width25' from '(none)' to 'Small'. (OPT-170)
Information: Changed wire load model for '*ADD_TC_OP_24_21_25' from '(none)' to 'Small'. (OPT-170)
Information: Changed wire load model for 'DW01_add_width24' from '(none)' to 'Small'. (OPT-170)
Information: Changed wire load model for '*ADD_TC_OP_24_20_24' from '(none)' to 'Small'. (OPT-170)
Information: Changed wire load model for 'DW01_add_width24' from '(none)' to 'Small'. (OPT-170)
Information: Changed wire load model for '*ADD_TC_OP_24_20_24' from '(none)' to 'Small'. (OPT-170)
Information: Changed wire load model for 'DW01_add_width24' from '(none)' to 'Small'. (OPT-170)
Information: Changed wire load model for '*ADD_TC_OP_24_20_24' from '(none)' to 'Small'. (OPT-170)
Information: Changed wire load model for 'DW01_add_width24' from '(none)' to 'Small'. (OPT-170)
Information: Changed wire load model for '*ADD_TC_OP_24_20_24' from '(none)' to 'Small'. (OPT-170)
Information: Changed wire load model for 'DW01_add_width24' from '(none)' to 'Small'. (OPT-170)
Information: Changed wire load model for '*ADD_TC_OP_23_20_24' from '(none)' to 'Small'. (OPT-170)
Information: Changed wire load model for 'DW01_add_width23' from '(none)' to 'Small'. (OPT-170)
Information: Changed wire load model for '*ADD_TC_OP_22_20_23' from '(none)' to 'Small'. (OPT-170)
Information: Changed wire load model for 'DW01_add_width22' from '(none)' to 'Small'. (OPT-170)
Information: Changed wire load model for '*ADD_TC_OP_21_20_22' from '(none)' to 'Small'. (OPT-170)
Information: Changed wire load model for 'DW01_sub_width5' from '(none)' to 'Small'. (OPT-170)
Information: Changed wire load model for '*SUB_UNS_OP_5_4_5' from '(none)' to 'Small'. (OPT-170)
Information: Changed wire load model for 'DW01_add_width21' from '(none)' to 'Small'. (OPT-170)
Information: Changed wire load model for '*ADD_TC_OP_20_20_21' from '(none)' to 'Small'. (OPT-170)
Information: Changed wire load model for 'DW01_add_width5' from '(none)' to 'Small'. (OPT-170)
Information: Changed wire load model for '*ADD_UNS_OP_4_4_5' from '(none)' to 'Small'. (OPT-170)
Information: Changed wire load model for 'DW_leftsh' from '(none)' to 'Small'. (OPT-170)
Information: Changed wire load model for '*ASH_UNS_UNS_OP_21_5_21' from '(none)' to 'Small'. (OPT-170)
Information: Changed wire load model for 'DW01_add_width25' from '(none)' to 'Small'. (OPT-170)
Information: Changed wire load model for '*ADD_TC_OP_24_21_25' from '(none)' to 'Small'. (OPT-170)
Information: Changed wire load model for 'DW01_add_width24' from '(none)' to 'Small'. (OPT-170)
Information: Changed wire load model for '*ADD_TC_OP_24_20_24' from '(none)' to 'Small'. (OPT-170)
Information: Changed wire load model for 'DW01_add_width24' from '(none)' to 'Small'. (OPT-170)
Information: Changed wire load model for '*ADD_TC_OP_24_20_24' from '(none)' to 'Small'. (OPT-170)
Information: Changed wire load model for 'DW01_add_width24' from '(none)' to 'Small'. (OPT-170)
Information: Changed wire load model for '*ADD_TC_OP_24_20_24' from '(none)' to 'Small'. (OPT-170)
Information: Changed wire load model for 'DW01_add_width24' from '(none)' to 'Small'. (OPT-170)
Information: Changed wire load model for '*ADD_TC_OP_24_20_24' from '(none)' to 'Small'. (OPT-170)
Information: Changed wire load model for 'DW01_add_width24' from '(none)' to 'Small'. (OPT-170)
Information: Changed wire load model for '*ADD_TC_OP_23_20_24' from '(none)' to 'Small'. (OPT-170)
Information: Changed wire load model for 'DW01_add_width23' from '(none)' to 'Small'. (OPT-170)
Information: Changed wire load model for '*ADD_TC_OP_22_20_23' from '(none)' to 'Small'. (OPT-170)
Information: Changed wire load model for 'DW01_add_width22' from '(none)' to 'Small'. (OPT-170)
Information: Changed wire load model for '*ADD_TC_OP_21_20_22' from '(none)' to 'Small'. (OPT-170)
Information: Changed wire load model for 'DW01_sub_width5' from '(none)' to 'Small'. (OPT-170)
Information: Changed wire load model for '*SUB_UNS_OP_5_4_5' from '(none)' to 'Small'. (OPT-170)
Information: Changed wire load model for 'DW01_add_width21' from '(none)' to 'Small'. (OPT-170)
Information: Changed wire load model for '*ADD_TC_OP_20_20_21' from '(none)' to 'Small'. (OPT-170)
Information: Changed wire load model for 'DW01_add_width5' from '(none)' to 'Small'. (OPT-170)
Information: Changed wire load model for '*ADD_UNS_OP_4_4_5' from '(none)' to 'Small'. (OPT-170)
Information: Changed wire load model for 'DW_leftsh' from '(none)' to 'Small'. (OPT-170)
Information: Changed wire load model for '*ASH_UNS_UNS_OP_21_5_21' from '(none)' to 'Small'. (OPT-170)
Information: Changed wire load model for 'DW01_add_width25' from '(none)' to 'Small'. (OPT-170)
Information: Changed wire load model for '*ADD_TC_OP_24_21_25' from '(none)' to 'Small'. (OPT-170)
Information: Changed wire load model for 'DW01_add_width24' from '(none)' to 'Small'. (OPT-170)
Information: Changed wire load model for '*ADD_TC_OP_24_20_24' from '(none)' to 'Small'. (OPT-170)
Information: Changed wire load model for 'DW01_add_width24' from '(none)' to 'Small'. (OPT-170)
Information: Changed wire load model for '*ADD_TC_OP_24_20_24' from '(none)' to 'Small'. (OPT-170)
Information: Changed wire load model for 'DW01_add_width24' from '(none)' to 'Small'. (OPT-170)
Information: Changed wire load model for '*ADD_TC_OP_24_20_24' from '(none)' to 'Small'. (OPT-170)
Information: Changed wire load model for 'DW01_add_width24' from '(none)' to 'Small'. (OPT-170)
Information: Changed wire load model for '*ADD_TC_OP_24_20_24' from '(none)' to 'Small'. (OPT-170)
Information: Changed wire load model for 'DW01_add_width24' from '(none)' to 'Small'. (OPT-170)
Information: Changed wire load model for '*ADD_TC_OP_23_20_24' from '(none)' to 'Small'. (OPT-170)
Information: Changed wire load model for 'DW01_add_width23' from '(none)' to 'Small'. (OPT-170)
Information: Changed wire load model for '*ADD_TC_OP_22_20_23' from '(none)' to 'Small'. (OPT-170)
Information: Changed wire load model for 'DW01_add_width22' from '(none)' to 'Small'. (OPT-170)
Information: Changed wire load model for '*ADD_TC_OP_21_20_22' from '(none)' to 'Small'. (OPT-170)
Information: Changed wire load model for 'DW01_sub_width5' from '(none)' to 'Small'. (OPT-170)
Information: Changed wire load model for '*SUB_UNS_OP_5_4_5' from '(none)' to 'Small'. (OPT-170)
Information: Changed wire load model for 'DW01_add_width21' from '(none)' to 'Small'. (OPT-170)
Information: Changed wire load model for '*ADD_TC_OP_20_20_21' from '(none)' to 'Small'. (OPT-170)
Information: Changed wire load model for 'DW01_add_width5' from '(none)' to 'Small'. (OPT-170)
Information: Changed wire load model for '*ADD_UNS_OP_4_4_5' from '(none)' to 'Small'. (OPT-170)
Information: Changed wire load model for 'DW_leftsh' from '(none)' to 'Small'. (OPT-170)
Information: Changed wire load model for '*ASH_UNS_UNS_OP_21_5_21' from '(none)' to 'Small'. (OPT-170)
Information: Changed wire load model for 'DW01_add_width25' from '(none)' to 'Small'. (OPT-170)
Information: Changed wire load model for '*ADD_TC_OP_24_21_25' from '(none)' to 'Small'. (OPT-170)
Information: Changed wire load model for 'DW01_add_width24' from '(none)' to 'Small'. (OPT-170)
Information: Changed wire load model for '*ADD_TC_OP_24_20_24' from '(none)' to 'Small'. (OPT-170)
Information: Changed wire load model for 'DW01_add_width24' from '(none)' to 'Small'. (OPT-170)
Information: Changed wire load model for '*ADD_TC_OP_24_20_24' from '(none)' to 'Small'. (OPT-170)
Information: Changed wire load model for 'DW01_add_width24' from '(none)' to 'Small'. (OPT-170)
Information: Changed wire load model for '*ADD_TC_OP_24_20_24' from '(none)' to 'Small'. (OPT-170)
Information: Changed wire load model for 'DW01_add_width24' from '(none)' to 'Small'. (OPT-170)
Information: Changed wire load model for '*ADD_TC_OP_24_20_24' from '(none)' to 'Small'. (OPT-170)
Information: Changed wire load model for 'DW01_add_width24' from '(none)' to 'Small'. (OPT-170)
Information: Changed wire load model for '*ADD_TC_OP_23_20_24' from '(none)' to 'Small'. (OPT-170)
Information: Changed wire load model for 'DW01_add_width23' from '(none)' to 'Small'. (OPT-170)
Information: Changed wire load model for '*ADD_TC_OP_22_20_23' from '(none)' to 'Small'. (OPT-170)
Information: Changed wire load model for 'DW01_add_width22' from '(none)' to 'Small'. (OPT-170)
Information: Changed wire load model for '*ADD_TC_OP_21_20_22' from '(none)' to 'Small'. (OPT-170)
Information: Changed wire load model for 'DW01_sub_width5' from '(none)' to 'Small'. (OPT-170)
Information: Changed wire load model for '*SUB_UNS_OP_5_4_5' from '(none)' to 'Small'. (OPT-170)
Information: Changed wire load model for 'DW01_add_width21' from '(none)' to 'Small'. (OPT-170)
Information: Changed wire load model for '*ADD_TC_OP_20_20_21' from '(none)' to 'Small'. (OPT-170)
Information: Changed wire load model for 'DW01_add_width5' from '(none)' to 'Small'. (OPT-170)
Information: Changed wire load model for '*ADD_UNS_OP_4_4_5' from '(none)' to 'Small'. (OPT-170)
Information: Changed wire load model for 'DW_leftsh' from '(none)' to 'Small'. (OPT-170)
Information: Changed wire load model for '*ASH_UNS_UNS_OP_21_5_21' from '(none)' to 'Small'. (OPT-170)
Information: Changed wire load model for 'DW01_add_width20' from '(none)' to 'Small'. (OPT-170)
Information: Changed wire load model for '*ADD_TC_OP_20_18_20' from '(none)' to 'Small'. (OPT-170)
Information: Changed wire load model for 'DW01_add_width20' from '(none)' to 'Small'. (OPT-170)
Information: Changed wire load model for '*ADD_TC_OP_20_18_20' from '(none)' to 'Small'. (OPT-170)
Information: Changed wire load model for 'DW01_add_width20' from '(none)' to 'Small'. (OPT-170)
Information: Changed wire load model for '*ADD_TC_OP_20_18_20' from '(none)' to 'Small'. (OPT-170)
Information: Changed wire load model for 'DW01_add_width20' from '(none)' to 'Small'. (OPT-170)
Information: Changed wire load model for '*ADD_TC_OP_20_18_20' from '(none)' to 'Small'. (OPT-170)
Information: Changed wire load model for 'DW01_add_width20' from '(none)' to 'Small'. (OPT-170)
Information: Changed wire load model for '*ADD_TC_OP_19_18_20' from '(none)' to 'Small'. (OPT-170)
Information: Changed wire load model for 'DW01_add_width20' from '(none)' to 'Small'. (OPT-170)
Information: Changed wire load model for '*ADD_TC_OP_19_18_20' from '(none)' to 'Small'. (OPT-170)
Information: Changed wire load model for 'DW01_add_width20' from '(none)' to 'Small'. (OPT-170)
Information: Changed wire load model for '*ADD_TC_OP_19_18_20' from '(none)' to 'Small'. (OPT-170)
Information: Changed wire load model for 'DW01_add_width20' from '(none)' to 'Small'. (OPT-170)
Information: Changed wire load model for '*ADD_TC_OP_19_18_20' from '(none)' to 'Small'. (OPT-170)
Information: Changed wire load model for 'DW01_add_width19' from '(none)' to 'Small'. (OPT-170)
Information: Changed wire load model for '*ADD_TC_OP_18_18_19' from '(none)' to 'Small'. (OPT-170)
Information: Changed wire load model for 'DW01_add_width19' from '(none)' to 'Small'. (OPT-170)
Information: Changed wire load model for '*ADD_TC_OP_18_18_19' from '(none)' to 'Small'. (OPT-170)
Information: Changed wire load model for 'DW01_add_width19' from '(none)' to 'Small'. (OPT-170)
Information: Changed wire load model for '*ADD_TC_OP_18_18_19' from '(none)' to 'Small'. (OPT-170)
Information: Changed wire load model for 'DW01_add_width19' from '(none)' to 'Small'. (OPT-170)
Information: Changed wire load model for '*ADD_TC_OP_18_18_19' from '(none)' to 'Small'. (OPT-170)
Information: Changed wire load model for 'DW01_add_width18' from '(none)' to 'Small'. (OPT-170)
Information: Changed wire load model for '*ADD_TC_OP_18_16_18' from '(none)' to 'Small'. (OPT-170)
Information: Changed wire load model for 'DW01_add_width18' from '(none)' to 'Small'. (OPT-170)
Information: Changed wire load model for '*ADD_TC_OP_18_16_18' from '(none)' to 'Small'. (OPT-170)
Information: Changed wire load model for 'DW01_add_width18' from '(none)' to 'Small'. (OPT-170)
Information: Changed wire load model for '*ADD_TC_OP_18_16_18' from '(none)' to 'Small'. (OPT-170)
Information: Changed wire load model for 'DW01_add_width18' from '(none)' to 'Small'. (OPT-170)
Information: Changed wire load model for '*ADD_TC_OP_18_16_18' from '(none)' to 'Small'. (OPT-170)
Information: Changed wire load model for 'DW01_add_width18' from '(none)' to 'Small'. (OPT-170)
Information: Changed wire load model for '*ADD_TC_OP_17_16_18' from '(none)' to 'Small'. (OPT-170)
Information: Changed wire load model for 'DW01_add_width18' from '(none)' to 'Small'. (OPT-170)
Information: Changed wire load model for '*ADD_TC_OP_17_16_18' from '(none)' to 'Small'. (OPT-170)
Information: Changed wire load model for 'DW01_add_width18' from '(none)' to 'Small'. (OPT-170)
Information: Changed wire load model for '*ADD_TC_OP_17_16_18' from '(none)' to 'Small'. (OPT-170)
Information: Changed wire load model for 'DW01_add_width18' from '(none)' to 'Small'. (OPT-170)
Information: Changed wire load model for '*ADD_TC_OP_17_16_18' from '(none)' to 'Small'. (OPT-170)
Information: Changed wire load model for 'DW01_add_width17' from '(none)' to 'Small'. (OPT-170)
Information: Changed wire load model for '*ADD_TC_OP_16_16_17' from '(none)' to 'Small'. (OPT-170)
Information: Changed wire load model for 'DW01_add_width17' from '(none)' to 'Small'. (OPT-170)
Information: Changed wire load model for '*ADD_TC_OP_16_16_17' from '(none)' to 'Small'. (OPT-170)
Information: Changed wire load model for 'DW01_add_width17' from '(none)' to 'Small'. (OPT-170)
Information: Changed wire load model for '*ADD_TC_OP_16_16_17' from '(none)' to 'Small'. (OPT-170)
Information: Changed wire load model for 'DW01_add_width17' from '(none)' to 'Small'. (OPT-170)
Information: Changed wire load model for '*ADD_TC_OP_16_16_17' from '(none)' to 'Small'. (OPT-170)
Information: Changed wire load model for 'DW02_mult' from '(none)' to 'Small'. (OPT-170)
Information: Changed wire load model for '*MULT_TC_OP_8_8_16' from '(none)' to 'Small'. (OPT-170)
Information: Changed wire load model for 'DW02_mult' from '(none)' to 'Small'. (OPT-170)
Information: Changed wire load model for '*MULT_TC_OP_8_8_16' from '(none)' to 'Small'. (OPT-170)
Information: Changed wire load model for 'DW02_mult' from '(none)' to 'Small'. (OPT-170)
Information: Changed wire load model for '*MULT_TC_OP_8_8_16' from '(none)' to 'Small'. (OPT-170)
Information: Changed wire load model for 'DW02_mult' from '(none)' to 'Small'. (OPT-170)
Information: Changed wire load model for '*MULT_TC_OP_8_8_16' from '(none)' to 'Small'. (OPT-170)
Information: Changed wire load model for 'DW02_mult' from '(none)' to 'Small'. (OPT-170)
Information: Changed wire load model for '*MULT_TC_OP_8_8_16' from '(none)' to 'Small'. (OPT-170)
Information: Changed wire load model for 'DW02_mult' from '(none)' to 'Small'. (OPT-170)
Information: Changed wire load model for '*MULT_TC_OP_8_8_16' from '(none)' to 'Small'. (OPT-170)
Information: Changed wire load model for 'DW02_mult' from '(none)' to 'Small'. (OPT-170)
Information: Changed wire load model for '*MULT_TC_OP_8_8_16' from '(none)' to 'Small'. (OPT-170)
Information: Changed wire load model for 'DW02_mult' from '(none)' to 'Small'. (OPT-170)
Information: Changed wire load model for '*MULT_TC_OP_8_8_16' from '(none)' to 'Small'. (OPT-170)
Information: Changed wire load model for 'DW02_mult' from '(none)' to 'Small'. (OPT-170)
Information: Changed wire load model for '*MULT_TC_OP_8_8_16' from '(none)' to 'Small'. (OPT-170)
Information: Changed wire load model for 'DW02_mult' from '(none)' to 'Small'. (OPT-170)
Information: Changed wire load model for '*MULT_TC_OP_8_8_16' from '(none)' to 'Small'. (OPT-170)
Information: Changed wire load model for 'DW02_mult' from '(none)' to 'Small'. (OPT-170)
Information: Changed wire load model for '*MULT_TC_OP_8_8_16' from '(none)' to 'Small'. (OPT-170)
Information: Changed wire load model for 'DW02_mult' from '(none)' to 'Small'. (OPT-170)
Information: Changed wire load model for '*MULT_TC_OP_8_8_16' from '(none)' to 'Small'. (OPT-170)
Information: Changed wire load model for 'DW02_mult' from '(none)' to 'Small'. (OPT-170)
Information: Changed wire load model for '*MULT_TC_OP_8_8_16' from '(none)' to 'Small'. (OPT-170)
Information: Changed wire load model for 'DW02_mult' from '(none)' to 'Small'. (OPT-170)
Information: Changed wire load model for '*MULT_TC_OP_8_8_16' from '(none)' to 'Small'. (OPT-170)
Information: Changed wire load model for 'DW02_mult' from '(none)' to 'Small'. (OPT-170)
Information: Changed wire load model for '*MULT_TC_OP_8_8_16' from '(none)' to 'Small'. (OPT-170)
Information: Changed wire load model for 'DW02_mult' from '(none)' to 'Small'. (OPT-170)
Information: Changed wire load model for '*MULT_TC_OP_8_8_16' from '(none)' to 'Small'. (OPT-170)
Information: Changed wire load model for 'DW01_add_width18' from '(none)' to 'Small'. (OPT-170)
Information: Changed wire load model for '*ADD_TC_OP_18_16_18' from '(none)' to 'Small'. (OPT-170)
Information: Changed wire load model for 'DW01_add_width18' from '(none)' to 'Small'. (OPT-170)
Information: Changed wire load model for '*ADD_TC_OP_18_16_18' from '(none)' to 'Small'. (OPT-170)
Information: Changed wire load model for 'DW01_add_width18' from '(none)' to 'Small'. (OPT-170)
Information: Changed wire load model for '*ADD_TC_OP_18_16_18' from '(none)' to 'Small'. (OPT-170)
Information: Changed wire load model for 'DW01_add_width18' from '(none)' to 'Small'. (OPT-170)
Information: Changed wire load model for '*ADD_TC_OP_18_16_18' from '(none)' to 'Small'. (OPT-170)
Information: Changed wire load model for 'DW01_add_width18' from '(none)' to 'Small'. (OPT-170)
Information: Changed wire load model for '*ADD_TC_OP_17_16_18' from '(none)' to 'Small'. (OPT-170)
Information: Changed wire load model for 'DW01_add_width18' from '(none)' to 'Small'. (OPT-170)
Information: Changed wire load model for '*ADD_TC_OP_17_16_18' from '(none)' to 'Small'. (OPT-170)
Information: Changed wire load model for 'DW01_add_width18' from '(none)' to 'Small'. (OPT-170)
Information: Changed wire load model for '*ADD_TC_OP_17_16_18' from '(none)' to 'Small'. (OPT-170)
Information: Changed wire load model for 'DW01_add_width18' from '(none)' to 'Small'. (OPT-170)
Information: Changed wire load model for '*ADD_TC_OP_17_16_18' from '(none)' to 'Small'. (OPT-170)
Information: Changed wire load model for 'DW01_add_width17' from '(none)' to 'Small'. (OPT-170)
Information: Changed wire load model for '*ADD_TC_OP_16_16_17' from '(none)' to 'Small'. (OPT-170)
Information: Changed wire load model for 'DW01_add_width17' from '(none)' to 'Small'. (OPT-170)
Information: Changed wire load model for '*ADD_TC_OP_16_16_17' from '(none)' to 'Small'. (OPT-170)
Information: Changed wire load model for 'DW01_add_width17' from '(none)' to 'Small'. (OPT-170)
Information: Changed wire load model for '*ADD_TC_OP_16_16_17' from '(none)' to 'Small'. (OPT-170)
Information: Changed wire load model for 'DW01_add_width17' from '(none)' to 'Small'. (OPT-170)
Information: Changed wire load model for '*ADD_TC_OP_16_16_17' from '(none)' to 'Small'. (OPT-170)
Information: Changed wire load model for 'DW02_mult' from '(none)' to 'Small'. (OPT-170)
Information: Changed wire load model for '*MULT_TC_OP_8_8_16' from '(none)' to 'Small'. (OPT-170)
Information: Changed wire load model for 'DW02_mult' from '(none)' to 'Small'. (OPT-170)
Information: Changed wire load model for '*MULT_TC_OP_8_8_16' from '(none)' to 'Small'. (OPT-170)
Information: Changed wire load model for 'DW02_mult' from '(none)' to 'Small'. (OPT-170)
Information: Changed wire load model for '*MULT_TC_OP_8_8_16' from '(none)' to 'Small'. (OPT-170)
Information: Changed wire load model for 'DW02_mult' from '(none)' to 'Small'. (OPT-170)
Information: Changed wire load model for '*MULT_TC_OP_8_8_16' from '(none)' to 'Small'. (OPT-170)
Information: Changed wire load model for 'DW02_mult' from '(none)' to 'Small'. (OPT-170)
Information: Changed wire load model for '*MULT_TC_OP_8_8_16' from '(none)' to 'Small'. (OPT-170)
Information: Changed wire load model for 'DW02_mult' from '(none)' to 'Small'. (OPT-170)
Information: Changed wire load model for '*MULT_TC_OP_8_8_16' from '(none)' to 'Small'. (OPT-170)
Information: Changed wire load model for 'DW02_mult' from '(none)' to 'Small'. (OPT-170)
Information: Changed wire load model for '*MULT_TC_OP_8_8_16' from '(none)' to 'Small'. (OPT-170)
Information: Changed wire load model for 'DW02_mult' from '(none)' to 'Small'. (OPT-170)
Information: Changed wire load model for '*MULT_TC_OP_8_8_16' from '(none)' to 'Small'. (OPT-170)
Information: Changed wire load model for 'DW02_mult' from '(none)' to 'Small'. (OPT-170)
Information: Changed wire load model for '*MULT_TC_OP_8_8_16' from '(none)' to 'Small'. (OPT-170)
Information: Changed wire load model for 'DW02_mult' from '(none)' to 'Small'. (OPT-170)
Information: Changed wire load model for '*MULT_TC_OP_8_8_16' from '(none)' to 'Small'. (OPT-170)
Information: Changed wire load model for 'DW02_mult' from '(none)' to 'Small'. (OPT-170)
Information: Changed wire load model for '*MULT_TC_OP_8_8_16' from '(none)' to 'Small'. (OPT-170)
Information: Changed wire load model for 'DW02_mult' from '(none)' to 'Small'. (OPT-170)
Information: Changed wire load model for '*MULT_TC_OP_8_8_16' from '(none)' to 'Small'. (OPT-170)
Information: Changed wire load model for 'DW02_mult' from '(none)' to 'Small'. (OPT-170)
Information: Changed wire load model for '*MULT_TC_OP_8_8_16' from '(none)' to 'Small'. (OPT-170)
Information: Changed wire load model for 'DW02_mult' from '(none)' to 'Small'. (OPT-170)
Information: Changed wire load model for '*MULT_TC_OP_8_8_16' from '(none)' to 'Small'. (OPT-170)
Information: Changed wire load model for 'DW02_mult' from '(none)' to 'Small'. (OPT-170)
Information: Changed wire load model for '*MULT_TC_OP_8_8_16' from '(none)' to 'Small'. (OPT-170)
Information: Changed wire load model for 'DW02_mult' from '(none)' to 'Small'. (OPT-170)
Information: Changed wire load model for '*MULT_TC_OP_8_8_16' from '(none)' to 'Small'. (OPT-170)
Information: Changed wire load model for 'DW01_add_width18' from '(none)' to 'Small'. (OPT-170)
Information: Changed wire load model for '*ADD_TC_OP_18_16_18' from '(none)' to 'Small'. (OPT-170)
Information: Changed wire load model for 'DW01_add_width18' from '(none)' to 'Small'. (OPT-170)
Information: Changed wire load model for '*ADD_TC_OP_18_16_18' from '(none)' to 'Small'. (OPT-170)
Information: Changed wire load model for 'DW01_add_width18' from '(none)' to 'Small'. (OPT-170)
Information: Changed wire load model for '*ADD_TC_OP_18_16_18' from '(none)' to 'Small'. (OPT-170)
Information: Changed wire load model for 'DW01_add_width18' from '(none)' to 'Small'. (OPT-170)
Information: Changed wire load model for '*ADD_TC_OP_18_16_18' from '(none)' to 'Small'. (OPT-170)
Information: Changed wire load model for 'DW01_add_width18' from '(none)' to 'Small'. (OPT-170)
Information: Changed wire load model for '*ADD_TC_OP_17_16_18' from '(none)' to 'Small'. (OPT-170)
Information: Changed wire load model for 'DW01_add_width18' from '(none)' to 'Small'. (OPT-170)
Information: Changed wire load model for '*ADD_TC_OP_17_16_18' from '(none)' to 'Small'. (OPT-170)
Information: Changed wire load model for 'DW01_add_width18' from '(none)' to 'Small'. (OPT-170)
Information: Changed wire load model for '*ADD_TC_OP_17_16_18' from '(none)' to 'Small'. (OPT-170)
Information: Changed wire load model for 'DW01_add_width18' from '(none)' to 'Small'. (OPT-170)
Information: Changed wire load model for '*ADD_TC_OP_17_16_18' from '(none)' to 'Small'. (OPT-170)
Information: Changed wire load model for 'DW01_add_width17' from '(none)' to 'Small'. (OPT-170)
Information: Changed wire load model for '*ADD_TC_OP_16_16_17' from '(none)' to 'Small'. (OPT-170)
Information: Changed wire load model for 'DW01_add_width17' from '(none)' to 'Small'. (OPT-170)
Information: Changed wire load model for '*ADD_TC_OP_16_16_17' from '(none)' to 'Small'. (OPT-170)
Information: Changed wire load model for 'DW01_add_width17' from '(none)' to 'Small'. (OPT-170)
Information: Changed wire load model for '*ADD_TC_OP_16_16_17' from '(none)' to 'Small'. (OPT-170)
Information: Changed wire load model for 'DW01_add_width17' from '(none)' to 'Small'. (OPT-170)
Information: Changed wire load model for '*ADD_TC_OP_16_16_17' from '(none)' to 'Small'. (OPT-170)
Information: Changed wire load model for 'DW02_mult' from '(none)' to 'Small'. (OPT-170)
Information: Changed wire load model for '*MULT_TC_OP_8_8_16' from '(none)' to 'Small'. (OPT-170)
Information: Changed wire load model for 'DW02_mult' from '(none)' to 'Small'. (OPT-170)
Information: Changed wire load model for '*MULT_TC_OP_8_8_16' from '(none)' to 'Small'. (OPT-170)
Information: Changed wire load model for 'DW02_mult' from '(none)' to 'Small'. (OPT-170)
Information: Changed wire load model for '*MULT_TC_OP_8_8_16' from '(none)' to 'Small'. (OPT-170)
Information: Changed wire load model for 'DW02_mult' from '(none)' to 'Small'. (OPT-170)
Information: Changed wire load model for '*MULT_TC_OP_8_8_16' from '(none)' to 'Small'. (OPT-170)
Information: Changed wire load model for 'DW02_mult' from '(none)' to 'Small'. (OPT-170)
Information: Changed wire load model for '*MULT_TC_OP_8_8_16' from '(none)' to 'Small'. (OPT-170)
Information: Changed wire load model for 'DW02_mult' from '(none)' to 'Small'. (OPT-170)
Information: Changed wire load model for '*MULT_TC_OP_8_8_16' from '(none)' to 'Small'. (OPT-170)
Information: Changed wire load model for 'DW02_mult' from '(none)' to 'Small'. (OPT-170)
Information: Changed wire load model for '*MULT_TC_OP_8_8_16' from '(none)' to 'Small'. (OPT-170)
Information: Changed wire load model for 'DW02_mult' from '(none)' to 'Small'. (OPT-170)
Information: Changed wire load model for '*MULT_TC_OP_8_8_16' from '(none)' to 'Small'. (OPT-170)
Information: Changed wire load model for 'DW02_mult' from '(none)' to 'Small'. (OPT-170)
Information: Changed wire load model for '*MULT_TC_OP_8_8_16' from '(none)' to 'Small'. (OPT-170)
Information: Changed wire load model for 'DW02_mult' from '(none)' to 'Small'. (OPT-170)
Information: Changed wire load model for '*MULT_TC_OP_8_8_16' from '(none)' to 'Small'. (OPT-170)
Information: Changed wire load model for 'DW02_mult' from '(none)' to 'Small'. (OPT-170)
Information: Changed wire load model for '*MULT_TC_OP_8_8_16' from '(none)' to 'Small'. (OPT-170)
Information: Changed wire load model for 'DW02_mult' from '(none)' to 'Small'. (OPT-170)
Information: Changed wire load model for '*MULT_TC_OP_8_8_16' from '(none)' to 'Small'. (OPT-170)
Information: Changed wire load model for 'DW02_mult' from '(none)' to 'Small'. (OPT-170)
Information: Changed wire load model for '*MULT_TC_OP_8_8_16' from '(none)' to 'Small'. (OPT-170)
Information: Changed wire load model for 'DW02_mult' from '(none)' to 'Small'. (OPT-170)
Information: Changed wire load model for '*MULT_TC_OP_8_8_16' from '(none)' to 'Small'. (OPT-170)
Information: Changed wire load model for 'DW02_mult' from '(none)' to 'Small'. (OPT-170)
Information: Changed wire load model for '*MULT_TC_OP_8_8_16' from '(none)' to 'Small'. (OPT-170)
Information: Changed wire load model for 'DW02_mult' from '(none)' to 'Small'. (OPT-170)
Information: Changed wire load model for '*MULT_TC_OP_8_8_16' from '(none)' to 'Small'. (OPT-170)
Information: Changed wire load model for 'DW01_add_width18' from '(none)' to 'Small'. (OPT-170)
Information: Changed wire load model for '*ADD_TC_OP_18_16_18' from '(none)' to 'Small'. (OPT-170)
Information: Changed wire load model for 'DW01_add_width18' from '(none)' to 'Small'. (OPT-170)
Information: Changed wire load model for '*ADD_TC_OP_18_16_18' from '(none)' to 'Small'. (OPT-170)
Information: Changed wire load model for 'DW01_add_width18' from '(none)' to 'Small'. (OPT-170)
Information: Changed wire load model for '*ADD_TC_OP_18_16_18' from '(none)' to 'Small'. (OPT-170)
Information: Changed wire load model for 'DW01_add_width18' from '(none)' to 'Small'. (OPT-170)
Information: Changed wire load model for '*ADD_TC_OP_18_16_18' from '(none)' to 'Small'. (OPT-170)
Information: Changed wire load model for 'DW01_add_width18' from '(none)' to 'Small'. (OPT-170)
Information: Changed wire load model for '*ADD_TC_OP_17_16_18' from '(none)' to 'Small'. (OPT-170)
Information: Changed wire load model for 'DW01_add_width18' from '(none)' to 'Small'. (OPT-170)
Information: Changed wire load model for '*ADD_TC_OP_17_16_18' from '(none)' to 'Small'. (OPT-170)
Information: Changed wire load model for 'DW01_add_width18' from '(none)' to 'Small'. (OPT-170)
Information: Changed wire load model for '*ADD_TC_OP_17_16_18' from '(none)' to 'Small'. (OPT-170)
Information: Changed wire load model for 'DW01_add_width18' from '(none)' to 'Small'. (OPT-170)
Information: Changed wire load model for '*ADD_TC_OP_17_16_18' from '(none)' to 'Small'. (OPT-170)
Information: Changed wire load model for 'DW01_add_width17' from '(none)' to 'Small'. (OPT-170)
Information: Changed wire load model for '*ADD_TC_OP_16_16_17' from '(none)' to 'Small'. (OPT-170)
Information: Changed wire load model for 'DW01_add_width17' from '(none)' to 'Small'. (OPT-170)
Information: Changed wire load model for '*ADD_TC_OP_16_16_17' from '(none)' to 'Small'. (OPT-170)
Information: Changed wire load model for 'DW01_add_width17' from '(none)' to 'Small'. (OPT-170)
Information: Changed wire load model for '*ADD_TC_OP_16_16_17' from '(none)' to 'Small'. (OPT-170)
Information: Changed wire load model for 'DW01_add_width17' from '(none)' to 'Small'. (OPT-170)
Information: Changed wire load model for '*ADD_TC_OP_16_16_17' from '(none)' to 'Small'. (OPT-170)
Information: Changed wire load model for 'DW02_mult' from '(none)' to 'Small'. (OPT-170)
Information: Changed wire load model for '*MULT_TC_OP_8_8_16' from '(none)' to 'Small'. (OPT-170)
Information: Changed wire load model for 'DW02_mult' from '(none)' to 'Small'. (OPT-170)
Information: Changed wire load model for '*MULT_TC_OP_8_8_16' from '(none)' to 'Small'. (OPT-170)
Information: Changed wire load model for 'DW02_mult' from '(none)' to 'Small'. (OPT-170)
Information: Changed wire load model for '*MULT_TC_OP_8_8_16' from '(none)' to 'Small'. (OPT-170)
Information: Changed wire load model for 'DW02_mult' from '(none)' to 'Small'. (OPT-170)
Information: Changed wire load model for '*MULT_TC_OP_8_8_16' from '(none)' to 'Small'. (OPT-170)
Information: Changed wire load model for 'DW02_mult' from '(none)' to 'Small'. (OPT-170)
Information: Changed wire load model for '*MULT_TC_OP_8_8_16' from '(none)' to 'Small'. (OPT-170)
Information: Changed wire load model for 'DW02_mult' from '(none)' to 'Small'. (OPT-170)
Information: Changed wire load model for '*MULT_TC_OP_8_8_16' from '(none)' to 'Small'. (OPT-170)
Information: Changed wire load model for 'DW02_mult' from '(none)' to 'Small'. (OPT-170)
Information: Changed wire load model for '*MULT_TC_OP_8_8_16' from '(none)' to 'Small'. (OPT-170)
Information: Changed wire load model for 'DW02_mult' from '(none)' to 'Small'. (OPT-170)
Information: Changed wire load model for '*MULT_TC_OP_8_8_16' from '(none)' to 'Small'. (OPT-170)
Information: Changed wire load model for 'DW02_mult' from '(none)' to 'Small'. (OPT-170)
Information: Changed wire load model for '*MULT_TC_OP_8_8_16' from '(none)' to 'Small'. (OPT-170)
Information: Changed wire load model for 'DW02_mult' from '(none)' to 'Small'. (OPT-170)
Information: Changed wire load model for '*MULT_TC_OP_8_8_16' from '(none)' to 'Small'. (OPT-170)
Information: Changed wire load model for 'DW02_mult' from '(none)' to 'Small'. (OPT-170)
Information: Changed wire load model for '*MULT_TC_OP_8_8_16' from '(none)' to 'Small'. (OPT-170)
Information: Changed wire load model for 'DW02_mult' from '(none)' to 'Small'. (OPT-170)
Information: Changed wire load model for '*MULT_TC_OP_8_8_16' from '(none)' to 'Small'. (OPT-170)
Information: Changed wire load model for 'DW02_mult' from '(none)' to 'Small'. (OPT-170)
Information: Changed wire load model for '*MULT_TC_OP_8_8_16' from '(none)' to 'Small'. (OPT-170)
Information: Changed wire load model for 'DW02_mult' from '(none)' to 'Small'. (OPT-170)
Information: Changed wire load model for '*MULT_TC_OP_8_8_16' from '(none)' to 'Small'. (OPT-170)
Information: Changed wire load model for 'DW02_mult' from '(none)' to 'Small'. (OPT-170)
Information: Changed wire load model for '*MULT_TC_OP_8_8_16' from '(none)' to 'Small'. (OPT-170)
Information: Changed wire load model for 'DW02_mult' from '(none)' to 'Small'. (OPT-170)
Information: Changed wire load model for '*MULT_TC_OP_8_8_16' from '(none)' to 'Small'. (OPT-170)
Information: Changed wire load model for 'DW01_add_width20' from '(none)' to 'Small'. (OPT-170)
Information: Changed wire load model for '*ADD_TC_OP_20_18_20' from '(none)' to 'Small'. (OPT-170)
Information: Changed wire load model for 'DW01_add_width20' from '(none)' to 'Small'. (OPT-170)
Information: Changed wire load model for '*ADD_TC_OP_20_18_20' from '(none)' to 'Small'. (OPT-170)
Information: Changed wire load model for 'DW01_add_width20' from '(none)' to 'Small'. (OPT-170)
Information: Changed wire load model for '*ADD_TC_OP_20_18_20' from '(none)' to 'Small'. (OPT-170)
Information: Changed wire load model for 'DW01_add_width20' from '(none)' to 'Small'. (OPT-170)
Information: Changed wire load model for '*ADD_TC_OP_20_18_20' from '(none)' to 'Small'. (OPT-170)
Information: Changed wire load model for 'DW01_add_width20' from '(none)' to 'Small'. (OPT-170)
Information: Changed wire load model for '*ADD_TC_OP_19_18_20' from '(none)' to 'Small'. (OPT-170)
Information: Changed wire load model for 'DW01_add_width20' from '(none)' to 'Small'. (OPT-170)
Information: Changed wire load model for '*ADD_TC_OP_19_18_20' from '(none)' to 'Small'. (OPT-170)
Information: Changed wire load model for 'DW01_add_width20' from '(none)' to 'Small'. (OPT-170)
Information: Changed wire load model for '*ADD_TC_OP_19_18_20' from '(none)' to 'Small'. (OPT-170)
Information: Changed wire load model for 'DW01_add_width20' from '(none)' to 'Small'. (OPT-170)
Information: Changed wire load model for '*ADD_TC_OP_19_18_20' from '(none)' to 'Small'. (OPT-170)
Information: Changed wire load model for 'DW01_add_width19' from '(none)' to 'Small'. (OPT-170)
Information: Changed wire load model for '*ADD_TC_OP_18_18_19' from '(none)' to 'Small'. (OPT-170)
Information: Changed wire load model for 'DW01_add_width19' from '(none)' to 'Small'. (OPT-170)
Information: Changed wire load model for '*ADD_TC_OP_18_18_19' from '(none)' to 'Small'. (OPT-170)
Information: Changed wire load model for 'DW01_add_width19' from '(none)' to 'Small'. (OPT-170)
Information: Changed wire load model for '*ADD_TC_OP_18_18_19' from '(none)' to 'Small'. (OPT-170)
Information: Changed wire load model for 'DW01_add_width19' from '(none)' to 'Small'. (OPT-170)
Information: Changed wire load model for '*ADD_TC_OP_18_18_19' from '(none)' to 'Small'. (OPT-170)
Information: Changed wire load model for 'DW01_add_width18' from '(none)' to 'Small'. (OPT-170)
Information: Changed wire load model for '*ADD_TC_OP_18_16_18' from '(none)' to 'Small'. (OPT-170)
Information: Changed wire load model for 'DW01_add_width18' from '(none)' to 'Small'. (OPT-170)
Information: Changed wire load model for '*ADD_TC_OP_18_16_18' from '(none)' to 'Small'. (OPT-170)
Information: Changed wire load model for 'DW01_add_width18' from '(none)' to 'Small'. (OPT-170)
Information: Changed wire load model for '*ADD_TC_OP_18_16_18' from '(none)' to 'Small'. (OPT-170)
Information: Changed wire load model for 'DW01_add_width18' from '(none)' to 'Small'. (OPT-170)
Information: Changed wire load model for '*ADD_TC_OP_18_16_18' from '(none)' to 'Small'. (OPT-170)
Information: Changed wire load model for 'DW01_add_width18' from '(none)' to 'Small'. (OPT-170)
Information: Changed wire load model for '*ADD_TC_OP_17_16_18' from '(none)' to 'Small'. (OPT-170)
Information: Changed wire load model for 'DW01_add_width18' from '(none)' to 'Small'. (OPT-170)
Information: Changed wire load model for '*ADD_TC_OP_17_16_18' from '(none)' to 'Small'. (OPT-170)
Information: Changed wire load model for 'DW01_add_width18' from '(none)' to 'Small'. (OPT-170)
Information: Changed wire load model for '*ADD_TC_OP_17_16_18' from '(none)' to 'Small'. (OPT-170)
Information: Changed wire load model for 'DW01_add_width18' from '(none)' to 'Small'. (OPT-170)
Information: Changed wire load model for '*ADD_TC_OP_17_16_18' from '(none)' to 'Small'. (OPT-170)
Information: Changed wire load model for 'DW01_add_width17' from '(none)' to 'Small'. (OPT-170)
Information: Changed wire load model for '*ADD_TC_OP_16_16_17' from '(none)' to 'Small'. (OPT-170)
Information: Changed wire load model for 'DW01_add_width17' from '(none)' to 'Small'. (OPT-170)
Information: Changed wire load model for '*ADD_TC_OP_16_16_17' from '(none)' to 'Small'. (OPT-170)
Information: Changed wire load model for 'DW01_add_width17' from '(none)' to 'Small'. (OPT-170)
Information: Changed wire load model for '*ADD_TC_OP_16_16_17' from '(none)' to 'Small'. (OPT-170)
Information: Changed wire load model for 'DW01_add_width17' from '(none)' to 'Small'. (OPT-170)
Information: Changed wire load model for '*ADD_TC_OP_16_16_17' from '(none)' to 'Small'. (OPT-170)
Information: Changed wire load model for 'DW02_mult' from '(none)' to 'Small'. (OPT-170)
Information: Changed wire load model for '*MULT_TC_OP_8_8_16' from '(none)' to 'Small'. (OPT-170)
Information: Changed wire load model for 'DW02_mult' from '(none)' to 'Small'. (OPT-170)
Information: Changed wire load model for '*MULT_TC_OP_8_8_16' from '(none)' to 'Small'. (OPT-170)
Information: Changed wire load model for 'DW02_mult' from '(none)' to 'Small'. (OPT-170)
Information: Changed wire load model for '*MULT_TC_OP_8_8_16' from '(none)' to 'Small'. (OPT-170)
Information: Changed wire load model for 'DW02_mult' from '(none)' to 'Small'. (OPT-170)
Information: Changed wire load model for '*MULT_TC_OP_8_8_16' from '(none)' to 'Small'. (OPT-170)
Information: Changed wire load model for 'DW02_mult' from '(none)' to 'Small'. (OPT-170)
Information: Changed wire load model for '*MULT_TC_OP_8_8_16' from '(none)' to 'Small'. (OPT-170)
Information: Changed wire load model for 'DW02_mult' from '(none)' to 'Small'. (OPT-170)
Information: Changed wire load model for '*MULT_TC_OP_8_8_16' from '(none)' to 'Small'. (OPT-170)
Information: Changed wire load model for 'DW02_mult' from '(none)' to 'Small'. (OPT-170)
Information: Changed wire load model for '*MULT_TC_OP_8_8_16' from '(none)' to 'Small'. (OPT-170)
Information: Changed wire load model for 'DW02_mult' from '(none)' to 'Small'. (OPT-170)
Information: Changed wire load model for '*MULT_TC_OP_8_8_16' from '(none)' to 'Small'. (OPT-170)
Information: Changed wire load model for 'DW02_mult' from '(none)' to 'Small'. (OPT-170)
Information: Changed wire load model for '*MULT_TC_OP_8_8_16' from '(none)' to 'Small'. (OPT-170)
Information: Changed wire load model for 'DW02_mult' from '(none)' to 'Small'. (OPT-170)
Information: Changed wire load model for '*MULT_TC_OP_8_8_16' from '(none)' to 'Small'. (OPT-170)
Information: Changed wire load model for 'DW02_mult' from '(none)' to 'Small'. (OPT-170)
Information: Changed wire load model for '*MULT_TC_OP_8_8_16' from '(none)' to 'Small'. (OPT-170)
Information: Changed wire load model for 'DW02_mult' from '(none)' to 'Small'. (OPT-170)
Information: Changed wire load model for '*MULT_TC_OP_8_8_16' from '(none)' to 'Small'. (OPT-170)
Information: Changed wire load model for 'DW02_mult' from '(none)' to 'Small'. (OPT-170)
Information: Changed wire load model for '*MULT_TC_OP_8_8_16' from '(none)' to 'Small'. (OPT-170)
Information: Changed wire load model for 'DW02_mult' from '(none)' to 'Small'. (OPT-170)
Information: Changed wire load model for '*MULT_TC_OP_8_8_16' from '(none)' to 'Small'. (OPT-170)
Information: Changed wire load model for 'DW02_mult' from '(none)' to 'Small'. (OPT-170)
Information: Changed wire load model for '*MULT_TC_OP_8_8_16' from '(none)' to 'Small'. (OPT-170)
Information: Changed wire load model for 'DW02_mult' from '(none)' to 'Small'. (OPT-170)
Information: Changed wire load model for '*MULT_TC_OP_8_8_16' from '(none)' to 'Small'. (OPT-170)
Information: Changed wire load model for 'DW01_add_width18' from '(none)' to 'Small'. (OPT-170)
Information: Changed wire load model for '*ADD_TC_OP_18_16_18' from '(none)' to 'Small'. (OPT-170)
Information: Changed wire load model for 'DW01_add_width18' from '(none)' to 'Small'. (OPT-170)
Information: Changed wire load model for '*ADD_TC_OP_18_16_18' from '(none)' to 'Small'. (OPT-170)
Information: Changed wire load model for 'DW01_add_width18' from '(none)' to 'Small'. (OPT-170)
Information: Changed wire load model for '*ADD_TC_OP_18_16_18' from '(none)' to 'Small'. (OPT-170)
Information: Changed wire load model for 'DW01_add_width18' from '(none)' to 'Small'. (OPT-170)
Information: Changed wire load model for '*ADD_TC_OP_18_16_18' from '(none)' to 'Small'. (OPT-170)
Information: Changed wire load model for 'DW01_add_width18' from '(none)' to 'Small'. (OPT-170)
Information: Changed wire load model for '*ADD_TC_OP_17_16_18' from '(none)' to 'Small'. (OPT-170)
Information: Changed wire load model for 'DW01_add_width18' from '(none)' to 'Small'. (OPT-170)
Information: Changed wire load model for '*ADD_TC_OP_17_16_18' from '(none)' to 'Small'. (OPT-170)
Information: Changed wire load model for 'DW01_add_width18' from '(none)' to 'Small'. (OPT-170)
Information: Changed wire load model for '*ADD_TC_OP_17_16_18' from '(none)' to 'Small'. (OPT-170)
Information: Changed wire load model for 'DW01_add_width18' from '(none)' to 'Small'. (OPT-170)
Information: Changed wire load model for '*ADD_TC_OP_17_16_18' from '(none)' to 'Small'. (OPT-170)
Information: Changed wire load model for 'DW01_add_width17' from '(none)' to 'Small'. (OPT-170)
Information: Changed wire load model for '*ADD_TC_OP_16_16_17' from '(none)' to 'Small'. (OPT-170)
Information: Changed wire load model for 'DW01_add_width17' from '(none)' to 'Small'. (OPT-170)
Information: Changed wire load model for '*ADD_TC_OP_16_16_17' from '(none)' to 'Small'. (OPT-170)
Information: Changed wire load model for 'DW01_add_width17' from '(none)' to 'Small'. (OPT-170)
Information: Changed wire load model for '*ADD_TC_OP_16_16_17' from '(none)' to 'Small'. (OPT-170)
Information: Changed wire load model for 'DW01_add_width17' from '(none)' to 'Small'. (OPT-170)
Information: Changed wire load model for '*ADD_TC_OP_16_16_17' from '(none)' to 'Small'. (OPT-170)
Information: Changed wire load model for 'DW02_mult' from '(none)' to 'Small'. (OPT-170)
Information: Changed wire load model for '*MULT_TC_OP_8_8_16' from '(none)' to 'Small'. (OPT-170)
Information: Changed wire load model for 'DW02_mult' from '(none)' to 'Small'. (OPT-170)
Information: Changed wire load model for '*MULT_TC_OP_8_8_16' from '(none)' to 'Small'. (OPT-170)
Information: Changed wire load model for 'DW02_mult' from '(none)' to 'Small'. (OPT-170)
Information: Changed wire load model for '*MULT_TC_OP_8_8_16' from '(none)' to 'Small'. (OPT-170)
Information: Changed wire load model for 'DW02_mult' from '(none)' to 'Small'. (OPT-170)
Information: Changed wire load model for '*MULT_TC_OP_8_8_16' from '(none)' to 'Small'. (OPT-170)
Information: Changed wire load model for 'DW02_mult' from '(none)' to 'Small'. (OPT-170)
Information: Changed wire load model for '*MULT_TC_OP_8_8_16' from '(none)' to 'Small'. (OPT-170)
Information: Changed wire load model for 'DW02_mult' from '(none)' to 'Small'. (OPT-170)
Information: Changed wire load model for '*MULT_TC_OP_8_8_16' from '(none)' to 'Small'. (OPT-170)
Information: Changed wire load model for 'DW02_mult' from '(none)' to 'Small'. (OPT-170)
Information: Changed wire load model for '*MULT_TC_OP_8_8_16' from '(none)' to 'Small'. (OPT-170)
Information: Changed wire load model for 'DW02_mult' from '(none)' to 'Small'. (OPT-170)
Information: Changed wire load model for '*MULT_TC_OP_8_8_16' from '(none)' to 'Small'. (OPT-170)
Information: Changed wire load model for 'DW02_mult' from '(none)' to 'Small'. (OPT-170)
Information: Changed wire load model for '*MULT_TC_OP_8_8_16' from '(none)' to 'Small'. (OPT-170)
Information: Changed wire load model for 'DW02_mult' from '(none)' to 'Small'. (OPT-170)
Information: Changed wire load model for '*MULT_TC_OP_8_8_16' from '(none)' to 'Small'. (OPT-170)
Information: Changed wire load model for 'DW02_mult' from '(none)' to 'Small'. (OPT-170)
Information: Changed wire load model for '*MULT_TC_OP_8_8_16' from '(none)' to 'Small'. (OPT-170)
Information: Changed wire load model for 'DW02_mult' from '(none)' to 'Small'. (OPT-170)
Information: Changed wire load model for '*MULT_TC_OP_8_8_16' from '(none)' to 'Small'. (OPT-170)
Information: Changed wire load model for 'DW02_mult' from '(none)' to 'Small'. (OPT-170)
Information: Changed wire load model for '*MULT_TC_OP_8_8_16' from '(none)' to 'Small'. (OPT-170)
Information: Changed wire load model for 'DW02_mult' from '(none)' to 'Small'. (OPT-170)
Information: Changed wire load model for '*MULT_TC_OP_8_8_16' from '(none)' to 'Small'. (OPT-170)
Information: Changed wire load model for 'DW02_mult' from '(none)' to 'Small'. (OPT-170)
Information: Changed wire load model for '*MULT_TC_OP_8_8_16' from '(none)' to 'Small'. (OPT-170)
Information: Changed wire load model for 'DW02_mult' from '(none)' to 'Small'. (OPT-170)
Information: Changed wire load model for '*MULT_TC_OP_8_8_16' from '(none)' to 'Small'. (OPT-170)
Information: Changed wire load model for 'DW01_add_width18' from '(none)' to 'Small'. (OPT-170)
Information: Changed wire load model for '*ADD_TC_OP_18_16_18' from '(none)' to 'Small'. (OPT-170)
Information: Changed wire load model for 'DW01_add_width18' from '(none)' to 'Small'. (OPT-170)
Information: Changed wire load model for '*ADD_TC_OP_18_16_18' from '(none)' to 'Small'. (OPT-170)
Information: Changed wire load model for 'DW01_add_width18' from '(none)' to 'Small'. (OPT-170)
Information: Changed wire load model for '*ADD_TC_OP_18_16_18' from '(none)' to 'Small'. (OPT-170)
Information: Changed wire load model for 'DW01_add_width18' from '(none)' to 'Small'. (OPT-170)
Information: Changed wire load model for '*ADD_TC_OP_18_16_18' from '(none)' to 'Small'. (OPT-170)
Information: Changed wire load model for 'DW01_add_width18' from '(none)' to 'Small'. (OPT-170)
Information: Changed wire load model for '*ADD_TC_OP_17_16_18' from '(none)' to 'Small'. (OPT-170)
Information: Changed wire load model for 'DW01_add_width18' from '(none)' to 'Small'. (OPT-170)
Information: Changed wire load model for '*ADD_TC_OP_17_16_18' from '(none)' to 'Small'. (OPT-170)
Information: Changed wire load model for 'DW01_add_width18' from '(none)' to 'Small'. (OPT-170)
Information: Changed wire load model for '*ADD_TC_OP_17_16_18' from '(none)' to 'Small'. (OPT-170)
Information: Changed wire load model for 'DW01_add_width18' from '(none)' to 'Small'. (OPT-170)
Information: Changed wire load model for '*ADD_TC_OP_17_16_18' from '(none)' to 'Small'. (OPT-170)
Information: Changed wire load model for 'DW01_add_width17' from '(none)' to 'Small'. (OPT-170)
Information: Changed wire load model for '*ADD_TC_OP_16_16_17' from '(none)' to 'Small'. (OPT-170)
Information: Changed wire load model for 'DW01_add_width17' from '(none)' to 'Small'. (OPT-170)
Information: Changed wire load model for '*ADD_TC_OP_16_16_17' from '(none)' to 'Small'. (OPT-170)
Information: Changed wire load model for 'DW01_add_width17' from '(none)' to 'Small'. (OPT-170)
Information: Changed wire load model for '*ADD_TC_OP_16_16_17' from '(none)' to 'Small'. (OPT-170)
Information: Changed wire load model for 'DW01_add_width17' from '(none)' to 'Small'. (OPT-170)
Information: Changed wire load model for '*ADD_TC_OP_16_16_17' from '(none)' to 'Small'. (OPT-170)
Information: Changed wire load model for 'DW02_mult' from '(none)' to 'Small'. (OPT-170)
Information: Changed wire load model for '*MULT_TC_OP_8_8_16' from '(none)' to 'Small'. (OPT-170)
Information: Changed wire load model for 'DW02_mult' from '(none)' to 'Small'. (OPT-170)
Information: Changed wire load model for '*MULT_TC_OP_8_8_16' from '(none)' to 'Small'. (OPT-170)
Information: Changed wire load model for 'DW02_mult' from '(none)' to 'Small'. (OPT-170)
Information: Changed wire load model for '*MULT_TC_OP_8_8_16' from '(none)' to 'Small'. (OPT-170)
Information: Changed wire load model for 'DW02_mult' from '(none)' to 'Small'. (OPT-170)
Information: Changed wire load model for '*MULT_TC_OP_8_8_16' from '(none)' to 'Small'. (OPT-170)
Information: Changed wire load model for 'DW02_mult' from '(none)' to 'Small'. (OPT-170)
Information: Changed wire load model for '*MULT_TC_OP_8_8_16' from '(none)' to 'Small'. (OPT-170)
Information: Changed wire load model for 'DW02_mult' from '(none)' to 'Small'. (OPT-170)
Information: Changed wire load model for '*MULT_TC_OP_8_8_16' from '(none)' to 'Small'. (OPT-170)
Information: Changed wire load model for 'DW02_mult' from '(none)' to 'Small'. (OPT-170)
Information: Changed wire load model for '*MULT_TC_OP_8_8_16' from '(none)' to 'Small'. (OPT-170)
Information: Changed wire load model for 'DW02_mult' from '(none)' to 'Small'. (OPT-170)
Information: Changed wire load model for '*MULT_TC_OP_8_8_16' from '(none)' to 'Small'. (OPT-170)
Information: Changed wire load model for 'DW02_mult' from '(none)' to 'Small'. (OPT-170)
Information: Changed wire load model for '*MULT_TC_OP_8_8_16' from '(none)' to 'Small'. (OPT-170)
Information: Changed wire load model for 'DW02_mult' from '(none)' to 'Small'. (OPT-170)
Information: Changed wire load model for '*MULT_TC_OP_8_8_16' from '(none)' to 'Small'. (OPT-170)
Information: Changed wire load model for 'DW02_mult' from '(none)' to 'Small'. (OPT-170)
Information: Changed wire load model for '*MULT_TC_OP_8_8_16' from '(none)' to 'Small'. (OPT-170)
Information: Changed wire load model for 'DW02_mult' from '(none)' to 'Small'. (OPT-170)
Information: Changed wire load model for '*MULT_TC_OP_8_8_16' from '(none)' to 'Small'. (OPT-170)
Information: Changed wire load model for 'DW02_mult' from '(none)' to 'Small'. (OPT-170)
Information: Changed wire load model for '*MULT_TC_OP_8_8_16' from '(none)' to 'Small'. (OPT-170)
Information: Changed wire load model for 'DW02_mult' from '(none)' to 'Small'. (OPT-170)
Information: Changed wire load model for '*MULT_TC_OP_8_8_16' from '(none)' to 'Small'. (OPT-170)
Information: Changed wire load model for 'DW02_mult' from '(none)' to 'Small'. (OPT-170)
Information: Changed wire load model for '*MULT_TC_OP_8_8_16' from '(none)' to 'Small'. (OPT-170)
Information: Changed wire load model for 'DW02_mult' from '(none)' to 'Small'. (OPT-170)
Information: Changed wire load model for '*MULT_TC_OP_8_8_16' from '(none)' to 'Small'. (OPT-170)
Information: Changed wire load model for 'DW01_add_width18' from '(none)' to 'Small'. (OPT-170)
Information: Changed wire load model for '*ADD_TC_OP_18_16_18' from '(none)' to 'Small'. (OPT-170)
Information: Changed wire load model for 'DW01_add_width18' from '(none)' to 'Small'. (OPT-170)
Information: Changed wire load model for '*ADD_TC_OP_18_16_18' from '(none)' to 'Small'. (OPT-170)
Information: Changed wire load model for 'DW01_add_width18' from '(none)' to 'Small'. (OPT-170)
Information: Changed wire load model for '*ADD_TC_OP_18_16_18' from '(none)' to 'Small'. (OPT-170)
Information: Changed wire load model for 'DW01_add_width18' from '(none)' to 'Small'. (OPT-170)
Information: Changed wire load model for '*ADD_TC_OP_18_16_18' from '(none)' to 'Small'. (OPT-170)
Information: Changed wire load model for 'DW01_add_width18' from '(none)' to 'Small'. (OPT-170)
Information: Changed wire load model for '*ADD_TC_OP_17_16_18' from '(none)' to 'Small'. (OPT-170)
Information: Changed wire load model for 'DW01_add_width18' from '(none)' to 'Small'. (OPT-170)
Information: Changed wire load model for '*ADD_TC_OP_17_16_18' from '(none)' to 'Small'. (OPT-170)
Information: Changed wire load model for 'DW01_add_width18' from '(none)' to 'Small'. (OPT-170)
Information: Changed wire load model for '*ADD_TC_OP_17_16_18' from '(none)' to 'Small'. (OPT-170)
Information: Changed wire load model for 'DW01_add_width18' from '(none)' to 'Small'. (OPT-170)
Information: Changed wire load model for '*ADD_TC_OP_17_16_18' from '(none)' to 'Small'. (OPT-170)
Information: Changed wire load model for 'DW01_add_width17' from '(none)' to 'Small'. (OPT-170)
Information: Changed wire load model for '*ADD_TC_OP_16_16_17' from '(none)' to 'Small'. (OPT-170)
Information: Changed wire load model for 'DW01_add_width17' from '(none)' to 'Small'. (OPT-170)
Information: Changed wire load model for '*ADD_TC_OP_16_16_17' from '(none)' to 'Small'. (OPT-170)
Information: Changed wire load model for 'DW01_add_width17' from '(none)' to 'Small'. (OPT-170)
Information: Changed wire load model for '*ADD_TC_OP_16_16_17' from '(none)' to 'Small'. (OPT-170)
Information: Changed wire load model for 'DW01_add_width17' from '(none)' to 'Small'. (OPT-170)
Information: Changed wire load model for '*ADD_TC_OP_16_16_17' from '(none)' to 'Small'. (OPT-170)
Information: Changed wire load model for 'DW02_mult' from '(none)' to 'Small'. (OPT-170)
Information: Changed wire load model for '*MULT_TC_OP_8_8_16' from '(none)' to 'Small'. (OPT-170)
Information: Changed wire load model for 'DW02_mult' from '(none)' to 'Small'. (OPT-170)
Information: Changed wire load model for '*MULT_TC_OP_8_8_16' from '(none)' to 'Small'. (OPT-170)
Information: Changed wire load model for 'DW02_mult' from '(none)' to 'Small'. (OPT-170)
Information: Changed wire load model for '*MULT_TC_OP_8_8_16' from '(none)' to 'Small'. (OPT-170)
Information: Changed wire load model for 'DW02_mult' from '(none)' to 'Small'. (OPT-170)
Information: Changed wire load model for '*MULT_TC_OP_8_8_16' from '(none)' to 'Small'. (OPT-170)
Information: Changed wire load model for 'DW02_mult' from '(none)' to 'Small'. (OPT-170)
Information: Changed wire load model for '*MULT_TC_OP_8_8_16' from '(none)' to 'Small'. (OPT-170)
Information: Changed wire load model for 'DW02_mult' from '(none)' to 'Small'. (OPT-170)
Information: Changed wire load model for '*MULT_TC_OP_8_8_16' from '(none)' to 'Small'. (OPT-170)
Information: Changed wire load model for 'DW02_mult' from '(none)' to 'Small'. (OPT-170)
Information: Changed wire load model for '*MULT_TC_OP_8_8_16' from '(none)' to 'Small'. (OPT-170)
Information: Changed wire load model for 'DW02_mult' from '(none)' to 'Small'. (OPT-170)
Information: Changed wire load model for '*MULT_TC_OP_8_8_16' from '(none)' to 'Small'. (OPT-170)
Information: Changed wire load model for 'DW02_mult' from '(none)' to 'Small'. (OPT-170)
Information: Changed wire load model for '*MULT_TC_OP_8_8_16' from '(none)' to 'Small'. (OPT-170)
Information: Changed wire load model for 'DW02_mult' from '(none)' to 'Small'. (OPT-170)
Information: Changed wire load model for '*MULT_TC_OP_8_8_16' from '(none)' to 'Small'. (OPT-170)
Information: Changed wire load model for 'DW02_mult' from '(none)' to 'Small'. (OPT-170)
Information: Changed wire load model for '*MULT_TC_OP_8_8_16' from '(none)' to 'Small'. (OPT-170)
Information: Changed wire load model for 'DW02_mult' from '(none)' to 'Small'. (OPT-170)
Information: Changed wire load model for '*MULT_TC_OP_8_8_16' from '(none)' to 'Small'. (OPT-170)
Information: Changed wire load model for 'DW02_mult' from '(none)' to 'Small'. (OPT-170)
Information: Changed wire load model for '*MULT_TC_OP_8_8_16' from '(none)' to 'Small'. (OPT-170)
Information: Changed wire load model for 'DW02_mult' from '(none)' to 'Small'. (OPT-170)
Information: Changed wire load model for '*MULT_TC_OP_8_8_16' from '(none)' to 'Small'. (OPT-170)
Information: Changed wire load model for 'DW02_mult' from '(none)' to 'Small'. (OPT-170)
Information: Changed wire load model for '*MULT_TC_OP_8_8_16' from '(none)' to 'Small'. (OPT-170)
Information: Changed wire load model for 'DW02_mult' from '(none)' to 'Small'. (OPT-170)
Information: Changed wire load model for '*MULT_TC_OP_8_8_16' from '(none)' to 'Small'. (OPT-170)
Information: Changed wire load model for 'DW01_add_width20' from '(none)' to 'Small'. (OPT-170)
Information: Changed wire load model for '*ADD_TC_OP_20_18_20' from '(none)' to 'Small'. (OPT-170)
Information: Changed wire load model for 'DW01_add_width20' from '(none)' to 'Small'. (OPT-170)
Information: Changed wire load model for '*ADD_TC_OP_20_18_20' from '(none)' to 'Small'. (OPT-170)
Information: Changed wire load model for 'DW01_add_width20' from '(none)' to 'Small'. (OPT-170)
Information: Changed wire load model for '*ADD_TC_OP_20_18_20' from '(none)' to 'Small'. (OPT-170)
Information: Changed wire load model for 'DW01_add_width20' from '(none)' to 'Small'. (OPT-170)
Information: Changed wire load model for '*ADD_TC_OP_20_18_20' from '(none)' to 'Small'. (OPT-170)
Information: Changed wire load model for 'DW01_add_width20' from '(none)' to 'Small'. (OPT-170)
Information: Changed wire load model for '*ADD_TC_OP_19_18_20' from '(none)' to 'Small'. (OPT-170)
Information: Changed wire load model for 'DW01_add_width20' from '(none)' to 'Small'. (OPT-170)
Information: Changed wire load model for '*ADD_TC_OP_19_18_20' from '(none)' to 'Small'. (OPT-170)
Information: Changed wire load model for 'DW01_add_width20' from '(none)' to 'Small'. (OPT-170)
Information: Changed wire load model for '*ADD_TC_OP_19_18_20' from '(none)' to 'Small'. (OPT-170)
Information: Changed wire load model for 'DW01_add_width20' from '(none)' to 'Small'. (OPT-170)
Information: Changed wire load model for '*ADD_TC_OP_19_18_20' from '(none)' to 'Small'. (OPT-170)
Information: Changed wire load model for 'DW01_add_width19' from '(none)' to 'Small'. (OPT-170)
Information: Changed wire load model for '*ADD_TC_OP_18_18_19' from '(none)' to 'Small'. (OPT-170)
Information: Changed wire load model for 'DW01_add_width19' from '(none)' to 'Small'. (OPT-170)
Information: Changed wire load model for '*ADD_TC_OP_18_18_19' from '(none)' to 'Small'. (OPT-170)
Information: Changed wire load model for 'DW01_add_width19' from '(none)' to 'Small'. (OPT-170)
Information: Changed wire load model for '*ADD_TC_OP_18_18_19' from '(none)' to 'Small'. (OPT-170)
Information: Changed wire load model for 'DW01_add_width19' from '(none)' to 'Small'. (OPT-170)
Information: Changed wire load model for '*ADD_TC_OP_18_18_19' from '(none)' to 'Small'. (OPT-170)
Information: Changed wire load model for 'DW01_add_width18' from '(none)' to 'Small'. (OPT-170)
Information: Changed wire load model for '*ADD_TC_OP_18_16_18' from '(none)' to 'Small'. (OPT-170)
Information: Changed wire load model for 'DW01_add_width18' from '(none)' to 'Small'. (OPT-170)
Information: Changed wire load model for '*ADD_TC_OP_18_16_18' from '(none)' to 'Small'. (OPT-170)
Information: Changed wire load model for 'DW01_add_width18' from '(none)' to 'Small'. (OPT-170)
Information: Changed wire load model for '*ADD_TC_OP_18_16_18' from '(none)' to 'Small'. (OPT-170)
Information: Changed wire load model for 'DW01_add_width18' from '(none)' to 'Small'. (OPT-170)
Information: Changed wire load model for '*ADD_TC_OP_18_16_18' from '(none)' to 'Small'. (OPT-170)
Information: Changed wire load model for 'DW01_add_width18' from '(none)' to 'Small'. (OPT-170)
Information: Changed wire load model for '*ADD_TC_OP_17_16_18' from '(none)' to 'Small'. (OPT-170)
Information: Changed wire load model for 'DW01_add_width18' from '(none)' to 'Small'. (OPT-170)
Information: Changed wire load model for '*ADD_TC_OP_17_16_18' from '(none)' to 'Small'. (OPT-170)
Information: Changed wire load model for 'DW01_add_width18' from '(none)' to 'Small'. (OPT-170)
Information: Changed wire load model for '*ADD_TC_OP_17_16_18' from '(none)' to 'Small'. (OPT-170)
Information: Changed wire load model for 'DW01_add_width18' from '(none)' to 'Small'. (OPT-170)
Information: Changed wire load model for '*ADD_TC_OP_17_16_18' from '(none)' to 'Small'. (OPT-170)
Information: Changed wire load model for 'DW01_add_width17' from '(none)' to 'Small'. (OPT-170)
Information: Changed wire load model for '*ADD_TC_OP_16_16_17' from '(none)' to 'Small'. (OPT-170)
Information: Changed wire load model for 'DW01_add_width17' from '(none)' to 'Small'. (OPT-170)
Information: Changed wire load model for '*ADD_TC_OP_16_16_17' from '(none)' to 'Small'. (OPT-170)
Information: Changed wire load model for 'DW01_add_width17' from '(none)' to 'Small'. (OPT-170)
Information: Changed wire load model for '*ADD_TC_OP_16_16_17' from '(none)' to 'Small'. (OPT-170)
Information: Changed wire load model for 'DW01_add_width17' from '(none)' to 'Small'. (OPT-170)
Information: Changed wire load model for '*ADD_TC_OP_16_16_17' from '(none)' to 'Small'. (OPT-170)
Information: Changed wire load model for 'DW02_mult' from '(none)' to 'Small'. (OPT-170)
Information: Changed wire load model for '*MULT_TC_OP_8_8_16' from '(none)' to 'Small'. (OPT-170)
Information: Changed wire load model for 'DW02_mult' from '(none)' to 'Small'. (OPT-170)
Information: Changed wire load model for '*MULT_TC_OP_8_8_16' from '(none)' to 'Small'. (OPT-170)
Information: Changed wire load model for 'DW02_mult' from '(none)' to 'Small'. (OPT-170)
Information: Changed wire load model for '*MULT_TC_OP_8_8_16' from '(none)' to 'Small'. (OPT-170)
Information: Changed wire load model for 'DW02_mult' from '(none)' to 'Small'. (OPT-170)
Information: Changed wire load model for '*MULT_TC_OP_8_8_16' from '(none)' to 'Small'. (OPT-170)
Information: Changed wire load model for 'DW02_mult' from '(none)' to 'Small'. (OPT-170)
Information: Changed wire load model for '*MULT_TC_OP_8_8_16' from '(none)' to 'Small'. (OPT-170)
Information: Changed wire load model for 'DW02_mult' from '(none)' to 'Small'. (OPT-170)
Information: Changed wire load model for '*MULT_TC_OP_8_8_16' from '(none)' to 'Small'. (OPT-170)
Information: Changed wire load model for 'DW02_mult' from '(none)' to 'Small'. (OPT-170)
Information: Changed wire load model for '*MULT_TC_OP_8_8_16' from '(none)' to 'Small'. (OPT-170)
Information: Changed wire load model for 'DW02_mult' from '(none)' to 'Small'. (OPT-170)
Information: Changed wire load model for '*MULT_TC_OP_8_8_16' from '(none)' to 'Small'. (OPT-170)
Information: Changed wire load model for 'DW02_mult' from '(none)' to 'Small'. (OPT-170)
Information: Changed wire load model for '*MULT_TC_OP_8_8_16' from '(none)' to 'Small'. (OPT-170)
Information: Changed wire load model for 'DW02_mult' from '(none)' to 'Small'. (OPT-170)
Information: Changed wire load model for '*MULT_TC_OP_8_8_16' from '(none)' to 'Small'. (OPT-170)
Information: Changed wire load model for 'DW02_mult' from '(none)' to 'Small'. (OPT-170)
Information: Changed wire load model for '*MULT_TC_OP_8_8_16' from '(none)' to 'Small'. (OPT-170)
Information: Changed wire load model for 'DW02_mult' from '(none)' to 'Small'. (OPT-170)
Information: Changed wire load model for '*MULT_TC_OP_8_8_16' from '(none)' to 'Small'. (OPT-170)
Information: Changed wire load model for 'DW02_mult' from '(none)' to 'Small'. (OPT-170)
Information: Changed wire load model for '*MULT_TC_OP_8_8_16' from '(none)' to 'Small'. (OPT-170)
Information: Changed wire load model for 'DW02_mult' from '(none)' to 'Small'. (OPT-170)
Information: Changed wire load model for '*MULT_TC_OP_8_8_16' from '(none)' to 'Small'. (OPT-170)
Information: Changed wire load model for 'DW02_mult' from '(none)' to 'Small'. (OPT-170)
Information: Changed wire load model for '*MULT_TC_OP_8_8_16' from '(none)' to 'Small'. (OPT-170)
Information: Changed wire load model for 'DW02_mult' from '(none)' to 'Small'. (OPT-170)
Information: Changed wire load model for '*MULT_TC_OP_8_8_16' from '(none)' to 'Small'. (OPT-170)
Information: Changed wire load model for 'DW01_add_width18' from '(none)' to 'Small'. (OPT-170)
Information: Changed wire load model for '*ADD_TC_OP_18_16_18' from '(none)' to 'Small'. (OPT-170)
Information: Changed wire load model for 'DW01_add_width18' from '(none)' to 'Small'. (OPT-170)
Information: Changed wire load model for '*ADD_TC_OP_18_16_18' from '(none)' to 'Small'. (OPT-170)
Information: Changed wire load model for 'DW01_add_width18' from '(none)' to 'Small'. (OPT-170)
Information: Changed wire load model for '*ADD_TC_OP_18_16_18' from '(none)' to 'Small'. (OPT-170)
Information: Changed wire load model for 'DW01_add_width18' from '(none)' to 'Small'. (OPT-170)
Information: Changed wire load model for '*ADD_TC_OP_18_16_18' from '(none)' to 'Small'. (OPT-170)
Information: Changed wire load model for 'DW01_add_width18' from '(none)' to 'Small'. (OPT-170)
Information: Changed wire load model for '*ADD_TC_OP_17_16_18' from '(none)' to 'Small'. (OPT-170)
Information: Changed wire load model for 'DW01_add_width18' from '(none)' to 'Small'. (OPT-170)
Information: Changed wire load model for '*ADD_TC_OP_17_16_18' from '(none)' to 'Small'. (OPT-170)
Information: Changed wire load model for 'DW01_add_width18' from '(none)' to 'Small'. (OPT-170)
Information: Changed wire load model for '*ADD_TC_OP_17_16_18' from '(none)' to 'Small'. (OPT-170)
Information: Changed wire load model for 'DW01_add_width18' from '(none)' to 'Small'. (OPT-170)
Information: Changed wire load model for '*ADD_TC_OP_17_16_18' from '(none)' to 'Small'. (OPT-170)
Information: Changed wire load model for 'DW01_add_width17' from '(none)' to 'Small'. (OPT-170)
Information: Changed wire load model for '*ADD_TC_OP_16_16_17' from '(none)' to 'Small'. (OPT-170)
Information: Changed wire load model for 'DW01_add_width17' from '(none)' to 'Small'. (OPT-170)
Information: Changed wire load model for '*ADD_TC_OP_16_16_17' from '(none)' to 'Small'. (OPT-170)
Information: Changed wire load model for 'DW01_add_width17' from '(none)' to 'Small'. (OPT-170)
Information: Changed wire load model for '*ADD_TC_OP_16_16_17' from '(none)' to 'Small'. (OPT-170)
Information: Changed wire load model for 'DW01_add_width17' from '(none)' to 'Small'. (OPT-170)
Information: Changed wire load model for '*ADD_TC_OP_16_16_17' from '(none)' to 'Small'. (OPT-170)
Information: Changed wire load model for 'DW02_mult' from '(none)' to 'Small'. (OPT-170)
Information: Changed wire load model for '*MULT_TC_OP_8_8_16' from '(none)' to 'Small'. (OPT-170)
Information: Changed wire load model for 'DW02_mult' from '(none)' to 'Small'. (OPT-170)
Information: Changed wire load model for '*MULT_TC_OP_8_8_16' from '(none)' to 'Small'. (OPT-170)
Information: Changed wire load model for 'DW02_mult' from '(none)' to 'Small'. (OPT-170)
Information: Changed wire load model for '*MULT_TC_OP_8_8_16' from '(none)' to 'Small'. (OPT-170)
Information: Changed wire load model for 'DW02_mult' from '(none)' to 'Small'. (OPT-170)
Information: Changed wire load model for '*MULT_TC_OP_8_8_16' from '(none)' to 'Small'. (OPT-170)
Information: Changed wire load model for 'DW02_mult' from '(none)' to 'Small'. (OPT-170)
Information: Changed wire load model for '*MULT_TC_OP_8_8_16' from '(none)' to 'Small'. (OPT-170)
Information: Changed wire load model for 'DW02_mult' from '(none)' to 'Small'. (OPT-170)
Information: Changed wire load model for '*MULT_TC_OP_8_8_16' from '(none)' to 'Small'. (OPT-170)
Information: Changed wire load model for 'DW02_mult' from '(none)' to 'Small'. (OPT-170)
Information: Changed wire load model for '*MULT_TC_OP_8_8_16' from '(none)' to 'Small'. (OPT-170)
Information: Changed wire load model for 'DW02_mult' from '(none)' to 'Small'. (OPT-170)
Information: Changed wire load model for '*MULT_TC_OP_8_8_16' from '(none)' to 'Small'. (OPT-170)
Information: Changed wire load model for 'DW02_mult' from '(none)' to 'Small'. (OPT-170)
Information: Changed wire load model for '*MULT_TC_OP_8_8_16' from '(none)' to 'Small'. (OPT-170)
Information: Changed wire load model for 'DW02_mult' from '(none)' to 'Small'. (OPT-170)
Information: Changed wire load model for '*MULT_TC_OP_8_8_16' from '(none)' to 'Small'. (OPT-170)
Information: Changed wire load model for 'DW02_mult' from '(none)' to 'Small'. (OPT-170)
Information: Changed wire load model for '*MULT_TC_OP_8_8_16' from '(none)' to 'Small'. (OPT-170)
Information: Changed wire load model for 'DW02_mult' from '(none)' to 'Small'. (OPT-170)
Information: Changed wire load model for '*MULT_TC_OP_8_8_16' from '(none)' to 'Small'. (OPT-170)
Information: Changed wire load model for 'DW02_mult' from '(none)' to 'Small'. (OPT-170)
Information: Changed wire load model for '*MULT_TC_OP_8_8_16' from '(none)' to 'Small'. (OPT-170)
Information: Changed wire load model for 'DW02_mult' from '(none)' to 'Small'. (OPT-170)
Information: Changed wire load model for '*MULT_TC_OP_8_8_16' from '(none)' to 'Small'. (OPT-170)
Information: Changed wire load model for 'DW02_mult' from '(none)' to 'Small'. (OPT-170)
Information: Changed wire load model for '*MULT_TC_OP_8_8_16' from '(none)' to 'Small'. (OPT-170)
Information: Changed wire load model for 'DW02_mult' from '(none)' to 'Small'. (OPT-170)
Information: Changed wire load model for '*MULT_TC_OP_8_8_16' from '(none)' to 'Small'. (OPT-170)
Information: Changed wire load model for 'DW01_add_width18' from '(none)' to 'Small'. (OPT-170)
Information: Changed wire load model for '*ADD_TC_OP_18_16_18' from '(none)' to 'Small'. (OPT-170)
Information: Changed wire load model for 'DW01_add_width18' from '(none)' to 'Small'. (OPT-170)
Information: Changed wire load model for '*ADD_TC_OP_18_16_18' from '(none)' to 'Small'. (OPT-170)
Information: Changed wire load model for 'DW01_add_width18' from '(none)' to 'Small'. (OPT-170)
Information: Changed wire load model for '*ADD_TC_OP_18_16_18' from '(none)' to 'Small'. (OPT-170)
Information: Changed wire load model for 'DW01_add_width18' from '(none)' to 'Small'. (OPT-170)
Information: Changed wire load model for '*ADD_TC_OP_18_16_18' from '(none)' to 'Small'. (OPT-170)
Information: Changed wire load model for 'DW01_add_width18' from '(none)' to 'Small'. (OPT-170)
Information: Changed wire load model for '*ADD_TC_OP_17_16_18' from '(none)' to 'Small'. (OPT-170)
Information: Changed wire load model for 'DW01_add_width18' from '(none)' to 'Small'. (OPT-170)
Information: Changed wire load model for '*ADD_TC_OP_17_16_18' from '(none)' to 'Small'. (OPT-170)
Information: Changed wire load model for 'DW01_add_width18' from '(none)' to 'Small'. (OPT-170)
Information: Changed wire load model for '*ADD_TC_OP_17_16_18' from '(none)' to 'Small'. (OPT-170)
Information: Changed wire load model for 'DW01_add_width18' from '(none)' to 'Small'. (OPT-170)
Information: Changed wire load model for '*ADD_TC_OP_17_16_18' from '(none)' to 'Small'. (OPT-170)
Information: Changed wire load model for 'DW01_add_width17' from '(none)' to 'Small'. (OPT-170)
Information: Changed wire load model for '*ADD_TC_OP_16_16_17' from '(none)' to 'Small'. (OPT-170)
Information: Changed wire load model for 'DW01_add_width17' from '(none)' to 'Small'. (OPT-170)
Information: Changed wire load model for '*ADD_TC_OP_16_16_17' from '(none)' to 'Small'. (OPT-170)
Information: Changed wire load model for 'DW01_add_width17' from '(none)' to 'Small'. (OPT-170)
Information: Changed wire load model for '*ADD_TC_OP_16_16_17' from '(none)' to 'Small'. (OPT-170)
Information: Changed wire load model for 'DW01_add_width17' from '(none)' to 'Small'. (OPT-170)
Information: Changed wire load model for '*ADD_TC_OP_16_16_17' from '(none)' to 'Small'. (OPT-170)
Information: Changed wire load model for 'DW02_mult' from '(none)' to 'Small'. (OPT-170)
Information: Changed wire load model for '*MULT_TC_OP_8_8_16' from '(none)' to 'Small'. (OPT-170)
Information: Changed wire load model for 'DW02_mult' from '(none)' to 'Small'. (OPT-170)
Information: Changed wire load model for '*MULT_TC_OP_8_8_16' from '(none)' to 'Small'. (OPT-170)
Information: Changed wire load model for 'DW02_mult' from '(none)' to 'Small'. (OPT-170)
Information: Changed wire load model for '*MULT_TC_OP_8_8_16' from '(none)' to 'Small'. (OPT-170)
Information: Changed wire load model for 'DW02_mult' from '(none)' to 'Small'. (OPT-170)
Information: Changed wire load model for '*MULT_TC_OP_8_8_16' from '(none)' to 'Small'. (OPT-170)
Information: Changed wire load model for 'DW02_mult' from '(none)' to 'Small'. (OPT-170)
Information: Changed wire load model for '*MULT_TC_OP_8_8_16' from '(none)' to 'Small'. (OPT-170)
Information: Changed wire load model for 'DW02_mult' from '(none)' to 'Small'. (OPT-170)
Information: Changed wire load model for '*MULT_TC_OP_8_8_16' from '(none)' to 'Small'. (OPT-170)
Information: Changed wire load model for 'DW02_mult' from '(none)' to 'Small'. (OPT-170)
Information: Changed wire load model for '*MULT_TC_OP_8_8_16' from '(none)' to 'Small'. (OPT-170)
Information: Changed wire load model for 'DW02_mult' from '(none)' to 'Small'. (OPT-170)
Information: Changed wire load model for '*MULT_TC_OP_8_8_16' from '(none)' to 'Small'. (OPT-170)
Information: Changed wire load model for 'DW02_mult' from '(none)' to 'Small'. (OPT-170)
Information: Changed wire load model for '*MULT_TC_OP_8_8_16' from '(none)' to 'Small'. (OPT-170)
Information: Changed wire load model for 'DW02_mult' from '(none)' to 'Small'. (OPT-170)
Information: Changed wire load model for '*MULT_TC_OP_8_8_16' from '(none)' to 'Small'. (OPT-170)
Information: Changed wire load model for 'DW02_mult' from '(none)' to 'Small'. (OPT-170)
Information: Changed wire load model for '*MULT_TC_OP_8_8_16' from '(none)' to 'Small'. (OPT-170)
Information: Changed wire load model for 'DW02_mult' from '(none)' to 'Small'. (OPT-170)
Information: Changed wire load model for '*MULT_TC_OP_8_8_16' from '(none)' to 'Small'. (OPT-170)
Information: Changed wire load model for 'DW02_mult' from '(none)' to 'Small'. (OPT-170)
Information: Changed wire load model for '*MULT_TC_OP_8_8_16' from '(none)' to 'Small'. (OPT-170)
Information: Changed wire load model for 'DW02_mult' from '(none)' to 'Small'. (OPT-170)
Information: Changed wire load model for '*MULT_TC_OP_8_8_16' from '(none)' to 'Small'. (OPT-170)
Information: Changed wire load model for 'DW02_mult' from '(none)' to 'Small'. (OPT-170)
Information: Changed wire load model for '*MULT_TC_OP_8_8_16' from '(none)' to 'Small'. (OPT-170)
Information: Changed wire load model for 'DW02_mult' from '(none)' to 'Small'. (OPT-170)
Information: Changed wire load model for '*MULT_TC_OP_8_8_16' from '(none)' to 'Small'. (OPT-170)
Information: Changed wire load model for 'DW01_add_width18' from '(none)' to 'Small'. (OPT-170)
Information: Changed wire load model for '*ADD_TC_OP_18_16_18' from '(none)' to 'Small'. (OPT-170)
Information: Changed wire load model for 'DW01_add_width18' from '(none)' to 'Small'. (OPT-170)
Information: Changed wire load model for '*ADD_TC_OP_18_16_18' from '(none)' to 'Small'. (OPT-170)
Information: Changed wire load model for 'DW01_add_width18' from '(none)' to 'Small'. (OPT-170)
Information: Changed wire load model for '*ADD_TC_OP_18_16_18' from '(none)' to 'Small'. (OPT-170)
Information: Changed wire load model for 'DW01_add_width18' from '(none)' to 'Small'. (OPT-170)
Information: Changed wire load model for '*ADD_TC_OP_18_16_18' from '(none)' to 'Small'. (OPT-170)
Information: Changed wire load model for 'DW01_add_width18' from '(none)' to 'Small'. (OPT-170)
Information: Changed wire load model for '*ADD_TC_OP_17_16_18' from '(none)' to 'Small'. (OPT-170)
Information: Changed wire load model for 'DW01_add_width18' from '(none)' to 'Small'. (OPT-170)
Information: Changed wire load model for '*ADD_TC_OP_17_16_18' from '(none)' to 'Small'. (OPT-170)
Information: Changed wire load model for 'DW01_add_width18' from '(none)' to 'Small'. (OPT-170)
Information: Changed wire load model for '*ADD_TC_OP_17_16_18' from '(none)' to 'Small'. (OPT-170)
Information: Changed wire load model for 'DW01_add_width18' from '(none)' to 'Small'. (OPT-170)
Information: Changed wire load model for '*ADD_TC_OP_17_16_18' from '(none)' to 'Small'. (OPT-170)
Information: Changed wire load model for 'DW01_add_width17' from '(none)' to 'Small'. (OPT-170)
Information: Changed wire load model for '*ADD_TC_OP_16_16_17' from '(none)' to 'Small'. (OPT-170)
Information: Changed wire load model for 'DW01_add_width17' from '(none)' to 'Small'. (OPT-170)
Information: Changed wire load model for '*ADD_TC_OP_16_16_17' from '(none)' to 'Small'. (OPT-170)
Information: Changed wire load model for 'DW01_add_width17' from '(none)' to 'Small'. (OPT-170)
Information: Changed wire load model for '*ADD_TC_OP_16_16_17' from '(none)' to 'Small'. (OPT-170)
Information: Changed wire load model for 'DW01_add_width17' from '(none)' to 'Small'. (OPT-170)
Information: Changed wire load model for '*ADD_TC_OP_16_16_17' from '(none)' to 'Small'. (OPT-170)
Information: Changed wire load model for 'DW02_mult' from '(none)' to 'Small'. (OPT-170)
Information: Changed wire load model for '*MULT_TC_OP_8_8_16' from '(none)' to 'Small'. (OPT-170)
Information: Changed wire load model for 'DW02_mult' from '(none)' to 'Small'. (OPT-170)
Information: Changed wire load model for '*MULT_TC_OP_8_8_16' from '(none)' to 'Small'. (OPT-170)
Information: Changed wire load model for 'DW02_mult' from '(none)' to 'Small'. (OPT-170)
Information: Changed wire load model for '*MULT_TC_OP_8_8_16' from '(none)' to 'Small'. (OPT-170)
Information: Changed wire load model for 'DW02_mult' from '(none)' to 'Small'. (OPT-170)
Information: Changed wire load model for '*MULT_TC_OP_8_8_16' from '(none)' to 'Small'. (OPT-170)
Information: Changed wire load model for 'DW02_mult' from '(none)' to 'Small'. (OPT-170)
Information: Changed wire load model for '*MULT_TC_OP_8_8_16' from '(none)' to 'Small'. (OPT-170)
Information: Changed wire load model for 'DW02_mult' from '(none)' to 'Small'. (OPT-170)
Information: Changed wire load model for '*MULT_TC_OP_8_8_16' from '(none)' to 'Small'. (OPT-170)
Information: Changed wire load model for 'DW02_mult' from '(none)' to 'Small'. (OPT-170)
Information: Changed wire load model for '*MULT_TC_OP_8_8_16' from '(none)' to 'Small'. (OPT-170)
Information: Changed wire load model for 'DW02_mult' from '(none)' to 'Small'. (OPT-170)
Information: Changed wire load model for '*MULT_TC_OP_8_8_16' from '(none)' to 'Small'. (OPT-170)
Information: Changed wire load model for 'DW02_mult' from '(none)' to 'Small'. (OPT-170)
Information: Changed wire load model for '*MULT_TC_OP_8_8_16' from '(none)' to 'Small'. (OPT-170)
Information: Changed wire load model for 'DW02_mult' from '(none)' to 'Small'. (OPT-170)
Information: Changed wire load model for '*MULT_TC_OP_8_8_16' from '(none)' to 'Small'. (OPT-170)
Information: Changed wire load model for 'DW02_mult' from '(none)' to 'Small'. (OPT-170)
Information: Changed wire load model for '*MULT_TC_OP_8_8_16' from '(none)' to 'Small'. (OPT-170)
Information: Changed wire load model for 'DW02_mult' from '(none)' to 'Small'. (OPT-170)
Information: Changed wire load model for '*MULT_TC_OP_8_8_16' from '(none)' to 'Small'. (OPT-170)
Information: Changed wire load model for 'DW02_mult' from '(none)' to 'Small'. (OPT-170)
Information: Changed wire load model for '*MULT_TC_OP_8_8_16' from '(none)' to 'Small'. (OPT-170)
Information: Changed wire load model for 'DW02_mult' from '(none)' to 'Small'. (OPT-170)
Information: Changed wire load model for '*MULT_TC_OP_8_8_16' from '(none)' to 'Small'. (OPT-170)
Information: Changed wire load model for 'DW02_mult' from '(none)' to 'Small'. (OPT-170)
Information: Changed wire load model for '*MULT_TC_OP_8_8_16' from '(none)' to 'Small'. (OPT-170)
Information: Changed wire load model for 'DW02_mult' from '(none)' to 'Small'. (OPT-170)
Information: Changed wire load model for '*MULT_TC_OP_8_8_16' from '(none)' to 'Small'. (OPT-170)
Information: Changed wire load model for 'DW01_add_width20' from '(none)' to 'Small'. (OPT-170)
Information: Changed wire load model for '*ADD_TC_OP_20_18_20' from '(none)' to 'Small'. (OPT-170)
Information: Changed wire load model for 'DW01_add_width20' from '(none)' to 'Small'. (OPT-170)
Information: Changed wire load model for '*ADD_TC_OP_20_18_20' from '(none)' to 'Small'. (OPT-170)
Information: Changed wire load model for 'DW01_add_width20' from '(none)' to 'Small'. (OPT-170)
Information: Changed wire load model for '*ADD_TC_OP_20_18_20' from '(none)' to 'Small'. (OPT-170)
Information: Changed wire load model for 'DW01_add_width20' from '(none)' to 'Small'. (OPT-170)
Information: Changed wire load model for '*ADD_TC_OP_20_18_20' from '(none)' to 'Small'. (OPT-170)
Information: Changed wire load model for 'DW01_add_width20' from '(none)' to 'Small'. (OPT-170)
Information: Changed wire load model for '*ADD_TC_OP_19_18_20' from '(none)' to 'Small'. (OPT-170)
Information: Changed wire load model for 'DW01_add_width20' from '(none)' to 'Small'. (OPT-170)
Information: Changed wire load model for '*ADD_TC_OP_19_18_20' from '(none)' to 'Small'. (OPT-170)
Information: Changed wire load model for 'DW01_add_width20' from '(none)' to 'Small'. (OPT-170)
Information: Changed wire load model for '*ADD_TC_OP_19_18_20' from '(none)' to 'Small'. (OPT-170)
Information: Changed wire load model for 'DW01_add_width20' from '(none)' to 'Small'. (OPT-170)
Information: Changed wire load model for '*ADD_TC_OP_19_18_20' from '(none)' to 'Small'. (OPT-170)
Information: Changed wire load model for 'DW01_add_width19' from '(none)' to 'Small'. (OPT-170)
Information: Changed wire load model for '*ADD_TC_OP_18_18_19' from '(none)' to 'Small'. (OPT-170)
Information: Changed wire load model for 'DW01_add_width19' from '(none)' to 'Small'. (OPT-170)
Information: Changed wire load model for '*ADD_TC_OP_18_18_19' from '(none)' to 'Small'. (OPT-170)
Information: Changed wire load model for 'DW01_add_width19' from '(none)' to 'Small'. (OPT-170)
Information: Changed wire load model for '*ADD_TC_OP_18_18_19' from '(none)' to 'Small'. (OPT-170)
Information: Changed wire load model for 'DW01_add_width19' from '(none)' to 'Small'. (OPT-170)
Information: Changed wire load model for '*ADD_TC_OP_18_18_19' from '(none)' to 'Small'. (OPT-170)
Information: Changed wire load model for 'DW01_add_width18' from '(none)' to 'Small'. (OPT-170)
Information: Changed wire load model for '*ADD_TC_OP_18_16_18' from '(none)' to 'Small'. (OPT-170)
Information: Changed wire load model for 'DW01_add_width18' from '(none)' to 'Small'. (OPT-170)
Information: Changed wire load model for '*ADD_TC_OP_18_16_18' from '(none)' to 'Small'. (OPT-170)
Information: Changed wire load model for 'DW01_add_width18' from '(none)' to 'Small'. (OPT-170)
Information: Changed wire load model for '*ADD_TC_OP_18_16_18' from '(none)' to 'Small'. (OPT-170)
Information: Changed wire load model for 'DW01_add_width18' from '(none)' to 'Small'. (OPT-170)
Information: Changed wire load model for '*ADD_TC_OP_18_16_18' from '(none)' to 'Small'. (OPT-170)
Information: Changed wire load model for 'DW01_add_width18' from '(none)' to 'Small'. (OPT-170)
Information: Changed wire load model for '*ADD_TC_OP_17_16_18' from '(none)' to 'Small'. (OPT-170)
Information: Changed wire load model for 'DW01_add_width18' from '(none)' to 'Small'. (OPT-170)
Information: Changed wire load model for '*ADD_TC_OP_17_16_18' from '(none)' to 'Small'. (OPT-170)
Information: Changed wire load model for 'DW01_add_width18' from '(none)' to 'Small'. (OPT-170)
Information: Changed wire load model for '*ADD_TC_OP_17_16_18' from '(none)' to 'Small'. (OPT-170)
Information: Changed wire load model for 'DW01_add_width18' from '(none)' to 'Small'. (OPT-170)
Information: Changed wire load model for '*ADD_TC_OP_17_16_18' from '(none)' to 'Small'. (OPT-170)
Information: Changed wire load model for 'DW01_add_width17' from '(none)' to 'Small'. (OPT-170)
Information: Changed wire load model for '*ADD_TC_OP_16_16_17' from '(none)' to 'Small'. (OPT-170)
Information: Changed wire load model for 'DW01_add_width17' from '(none)' to 'Small'. (OPT-170)
Information: Changed wire load model for '*ADD_TC_OP_16_16_17' from '(none)' to 'Small'. (OPT-170)
Information: Changed wire load model for 'DW01_add_width17' from '(none)' to 'Small'. (OPT-170)
Information: Changed wire load model for '*ADD_TC_OP_16_16_17' from '(none)' to 'Small'. (OPT-170)
Information: Changed wire load model for 'DW01_add_width17' from '(none)' to 'Small'. (OPT-170)
Information: Changed wire load model for '*ADD_TC_OP_16_16_17' from '(none)' to 'Small'. (OPT-170)
Information: Changed wire load model for 'DW02_mult' from '(none)' to 'Small'. (OPT-170)
Information: Changed wire load model for '*MULT_TC_OP_8_8_16' from '(none)' to 'Small'. (OPT-170)
Information: Changed wire load model for 'DW02_mult' from '(none)' to 'Small'. (OPT-170)
Information: Changed wire load model for '*MULT_TC_OP_8_8_16' from '(none)' to 'Small'. (OPT-170)
Information: Changed wire load model for 'DW02_mult' from '(none)' to 'Small'. (OPT-170)
Information: Changed wire load model for '*MULT_TC_OP_8_8_16' from '(none)' to 'Small'. (OPT-170)
Information: Changed wire load model for 'DW02_mult' from '(none)' to 'Small'. (OPT-170)
Information: Changed wire load model for '*MULT_TC_OP_8_8_16' from '(none)' to 'Small'. (OPT-170)
Information: Changed wire load model for 'DW02_mult' from '(none)' to 'Small'. (OPT-170)
Information: Changed wire load model for '*MULT_TC_OP_8_8_16' from '(none)' to 'Small'. (OPT-170)
Information: Changed wire load model for 'DW02_mult' from '(none)' to 'Small'. (OPT-170)
Information: Changed wire load model for '*MULT_TC_OP_8_8_16' from '(none)' to 'Small'. (OPT-170)
Information: Changed wire load model for 'DW02_mult' from '(none)' to 'Small'. (OPT-170)
Information: Changed wire load model for '*MULT_TC_OP_8_8_16' from '(none)' to 'Small'. (OPT-170)
Information: Changed wire load model for 'DW02_mult' from '(none)' to 'Small'. (OPT-170)
Information: Changed wire load model for '*MULT_TC_OP_8_8_16' from '(none)' to 'Small'. (OPT-170)
Information: Changed wire load model for 'DW02_mult' from '(none)' to 'Small'. (OPT-170)
Information: Changed wire load model for '*MULT_TC_OP_8_8_16' from '(none)' to 'Small'. (OPT-170)
Information: Changed wire load model for 'DW02_mult' from '(none)' to 'Small'. (OPT-170)
Information: Changed wire load model for '*MULT_TC_OP_8_8_16' from '(none)' to 'Small'. (OPT-170)
Information: Changed wire load model for 'DW02_mult' from '(none)' to 'Small'. (OPT-170)
Information: Changed wire load model for '*MULT_TC_OP_8_8_16' from '(none)' to 'Small'. (OPT-170)
Information: Changed wire load model for 'DW02_mult' from '(none)' to 'Small'. (OPT-170)
Information: Changed wire load model for '*MULT_TC_OP_8_8_16' from '(none)' to 'Small'. (OPT-170)
Information: Changed wire load model for 'DW02_mult' from '(none)' to 'Small'. (OPT-170)
Information: Changed wire load model for '*MULT_TC_OP_8_8_16' from '(none)' to 'Small'. (OPT-170)
Information: Changed wire load model for 'DW02_mult' from '(none)' to 'Small'. (OPT-170)
Information: Changed wire load model for '*MULT_TC_OP_8_8_16' from '(none)' to 'Small'. (OPT-170)
Information: Changed wire load model for 'DW02_mult' from '(none)' to 'Small'. (OPT-170)
Information: Changed wire load model for '*MULT_TC_OP_8_8_16' from '(none)' to 'Small'. (OPT-170)
Information: Changed wire load model for 'DW02_mult' from '(none)' to 'Small'. (OPT-170)
Information: Changed wire load model for '*MULT_TC_OP_8_8_16' from '(none)' to 'Small'. (OPT-170)
Information: Changed wire load model for 'DW01_add_width18' from '(none)' to 'Small'. (OPT-170)
Information: Changed wire load model for '*ADD_TC_OP_18_16_18' from '(none)' to 'Small'. (OPT-170)
Information: Changed wire load model for 'DW01_add_width18' from '(none)' to 'Small'. (OPT-170)
Information: Changed wire load model for '*ADD_TC_OP_18_16_18' from '(none)' to 'Small'. (OPT-170)
Information: Changed wire load model for 'DW01_add_width18' from '(none)' to 'Small'. (OPT-170)
Information: Changed wire load model for '*ADD_TC_OP_18_16_18' from '(none)' to 'Small'. (OPT-170)
Information: Changed wire load model for 'DW01_add_width18' from '(none)' to 'Small'. (OPT-170)
Information: Changed wire load model for '*ADD_TC_OP_18_16_18' from '(none)' to 'Small'. (OPT-170)
Information: Changed wire load model for 'DW01_add_width18' from '(none)' to 'Small'. (OPT-170)
Information: Changed wire load model for '*ADD_TC_OP_17_16_18' from '(none)' to 'Small'. (OPT-170)
Information: Changed wire load model for 'DW01_add_width18' from '(none)' to 'Small'. (OPT-170)
Information: Changed wire load model for '*ADD_TC_OP_17_16_18' from '(none)' to 'Small'. (OPT-170)
Information: Changed wire load model for 'DW01_add_width18' from '(none)' to 'Small'. (OPT-170)
Information: Changed wire load model for '*ADD_TC_OP_17_16_18' from '(none)' to 'Small'. (OPT-170)
Information: Changed wire load model for 'DW01_add_width18' from '(none)' to 'Small'. (OPT-170)
Information: Changed wire load model for '*ADD_TC_OP_17_16_18' from '(none)' to 'Small'. (OPT-170)
Information: Changed wire load model for 'DW01_add_width17' from '(none)' to 'Small'. (OPT-170)
Information: Changed wire load model for '*ADD_TC_OP_16_16_17' from '(none)' to 'Small'. (OPT-170)
Information: Changed wire load model for 'DW01_add_width17' from '(none)' to 'Small'. (OPT-170)
Information: Changed wire load model for '*ADD_TC_OP_16_16_17' from '(none)' to 'Small'. (OPT-170)
Information: Changed wire load model for 'DW01_add_width17' from '(none)' to 'Small'. (OPT-170)
Information: Changed wire load model for '*ADD_TC_OP_16_16_17' from '(none)' to 'Small'. (OPT-170)
Information: Changed wire load model for 'DW01_add_width17' from '(none)' to 'Small'. (OPT-170)
Information: Changed wire load model for '*ADD_TC_OP_16_16_17' from '(none)' to 'Small'. (OPT-170)
Information: Changed wire load model for 'DW02_mult' from '(none)' to 'Small'. (OPT-170)
Information: Changed wire load model for '*MULT_TC_OP_8_8_16' from '(none)' to 'Small'. (OPT-170)
Information: Changed wire load model for 'DW02_mult' from '(none)' to 'Small'. (OPT-170)
Information: Changed wire load model for '*MULT_TC_OP_8_8_16' from '(none)' to 'Small'. (OPT-170)
Information: Changed wire load model for 'DW02_mult' from '(none)' to 'Small'. (OPT-170)
Information: Changed wire load model for '*MULT_TC_OP_8_8_16' from '(none)' to 'Small'. (OPT-170)
Information: Changed wire load model for 'DW02_mult' from '(none)' to 'Small'. (OPT-170)
Information: Changed wire load model for '*MULT_TC_OP_8_8_16' from '(none)' to 'Small'. (OPT-170)
Information: Changed wire load model for 'DW02_mult' from '(none)' to 'Small'. (OPT-170)
Information: Changed wire load model for '*MULT_TC_OP_8_8_16' from '(none)' to 'Small'. (OPT-170)
Information: Changed wire load model for 'DW02_mult' from '(none)' to 'Small'. (OPT-170)
Information: Changed wire load model for '*MULT_TC_OP_8_8_16' from '(none)' to 'Small'. (OPT-170)
Information: Changed wire load model for 'DW02_mult' from '(none)' to 'Small'. (OPT-170)
Information: Changed wire load model for '*MULT_TC_OP_8_8_16' from '(none)' to 'Small'. (OPT-170)
Information: Changed wire load model for 'DW02_mult' from '(none)' to 'Small'. (OPT-170)
Information: Changed wire load model for '*MULT_TC_OP_8_8_16' from '(none)' to 'Small'. (OPT-170)
Information: Changed wire load model for 'DW02_mult' from '(none)' to 'Small'. (OPT-170)
Information: Changed wire load model for '*MULT_TC_OP_8_8_16' from '(none)' to 'Small'. (OPT-170)
Information: Changed wire load model for 'DW02_mult' from '(none)' to 'Small'. (OPT-170)
Information: Changed wire load model for '*MULT_TC_OP_8_8_16' from '(none)' to 'Small'. (OPT-170)
Information: Changed wire load model for 'DW02_mult' from '(none)' to 'Small'. (OPT-170)
Information: Changed wire load model for '*MULT_TC_OP_8_8_16' from '(none)' to 'Small'. (OPT-170)
Information: Changed wire load model for 'DW02_mult' from '(none)' to 'Small'. (OPT-170)
Information: Changed wire load model for '*MULT_TC_OP_8_8_16' from '(none)' to 'Small'. (OPT-170)
Information: Changed wire load model for 'DW02_mult' from '(none)' to 'Small'. (OPT-170)
Information: Changed wire load model for '*MULT_TC_OP_8_8_16' from '(none)' to 'Small'. (OPT-170)
Information: Changed wire load model for 'DW02_mult' from '(none)' to 'Small'. (OPT-170)
Information: Changed wire load model for '*MULT_TC_OP_8_8_16' from '(none)' to 'Small'. (OPT-170)
Information: Changed wire load model for 'DW02_mult' from '(none)' to 'Small'. (OPT-170)
Information: Changed wire load model for '*MULT_TC_OP_8_8_16' from '(none)' to 'Small'. (OPT-170)
Information: Changed wire load model for 'DW02_mult' from '(none)' to 'Small'. (OPT-170)
Information: Changed wire load model for '*MULT_TC_OP_8_8_16' from '(none)' to 'Small'. (OPT-170)
Information: Changed wire load model for 'DW01_add_width18' from '(none)' to 'Small'. (OPT-170)
Information: Changed wire load model for '*ADD_TC_OP_18_16_18' from '(none)' to 'Small'. (OPT-170)
Information: Changed wire load model for 'DW01_add_width18' from '(none)' to 'Small'. (OPT-170)
Information: Changed wire load model for '*ADD_TC_OP_18_16_18' from '(none)' to 'Small'. (OPT-170)
Information: Changed wire load model for 'DW01_add_width18' from '(none)' to 'Small'. (OPT-170)
Information: Changed wire load model for '*ADD_TC_OP_18_16_18' from '(none)' to 'Small'. (OPT-170)
Information: Changed wire load model for 'DW01_add_width18' from '(none)' to 'Small'. (OPT-170)
Information: Changed wire load model for '*ADD_TC_OP_18_16_18' from '(none)' to 'Small'. (OPT-170)
Information: Changed wire load model for 'DW01_add_width18' from '(none)' to 'Small'. (OPT-170)
Information: Changed wire load model for '*ADD_TC_OP_17_16_18' from '(none)' to 'Small'. (OPT-170)
Information: Changed wire load model for 'DW01_add_width18' from '(none)' to 'Small'. (OPT-170)
Information: Changed wire load model for '*ADD_TC_OP_17_16_18' from '(none)' to 'Small'. (OPT-170)
Information: Changed wire load model for 'DW01_add_width18' from '(none)' to 'Small'. (OPT-170)
Information: Changed wire load model for '*ADD_TC_OP_17_16_18' from '(none)' to 'Small'. (OPT-170)
Information: Changed wire load model for 'DW01_add_width18' from '(none)' to 'Small'. (OPT-170)
Information: Changed wire load model for '*ADD_TC_OP_17_16_18' from '(none)' to 'Small'. (OPT-170)
Information: Changed wire load model for 'DW01_add_width17' from '(none)' to 'Small'. (OPT-170)
Information: Changed wire load model for '*ADD_TC_OP_16_16_17' from '(none)' to 'Small'. (OPT-170)
Information: Changed wire load model for 'DW01_add_width17' from '(none)' to 'Small'. (OPT-170)
Information: Changed wire load model for '*ADD_TC_OP_16_16_17' from '(none)' to 'Small'. (OPT-170)
Information: Changed wire load model for 'DW01_add_width17' from '(none)' to 'Small'. (OPT-170)
Information: Changed wire load model for '*ADD_TC_OP_16_16_17' from '(none)' to 'Small'. (OPT-170)
Information: Changed wire load model for 'DW01_add_width17' from '(none)' to 'Small'. (OPT-170)
Information: Changed wire load model for '*ADD_TC_OP_16_16_17' from '(none)' to 'Small'. (OPT-170)
Information: Changed wire load model for 'DW02_mult' from '(none)' to 'Small'. (OPT-170)
Information: Changed wire load model for '*MULT_TC_OP_8_8_16' from '(none)' to 'Small'. (OPT-170)
Information: Changed wire load model for 'DW02_mult' from '(none)' to 'Small'. (OPT-170)
Information: Changed wire load model for '*MULT_TC_OP_8_8_16' from '(none)' to 'Small'. (OPT-170)
Information: Changed wire load model for 'DW02_mult' from '(none)' to 'Small'. (OPT-170)
Information: Changed wire load model for '*MULT_TC_OP_8_8_16' from '(none)' to 'Small'. (OPT-170)
Information: Changed wire load model for 'DW02_mult' from '(none)' to 'Small'. (OPT-170)
Information: Changed wire load model for '*MULT_TC_OP_8_8_16' from '(none)' to 'Small'. (OPT-170)
Information: Changed wire load model for 'DW02_mult' from '(none)' to 'Small'. (OPT-170)
Information: Changed wire load model for '*MULT_TC_OP_8_8_16' from '(none)' to 'Small'. (OPT-170)
Information: Changed wire load model for 'DW02_mult' from '(none)' to 'Small'. (OPT-170)
Information: Changed wire load model for '*MULT_TC_OP_8_8_16' from '(none)' to 'Small'. (OPT-170)
Information: Changed wire load model for 'DW02_mult' from '(none)' to 'Small'. (OPT-170)
Information: Changed wire load model for '*MULT_TC_OP_8_8_16' from '(none)' to 'Small'. (OPT-170)
Information: Changed wire load model for 'DW02_mult' from '(none)' to 'Small'. (OPT-170)
Information: Changed wire load model for '*MULT_TC_OP_8_8_16' from '(none)' to 'Small'. (OPT-170)
Information: Changed wire load model for 'DW02_mult' from '(none)' to 'Small'. (OPT-170)
Information: Changed wire load model for '*MULT_TC_OP_8_8_16' from '(none)' to 'Small'. (OPT-170)
Information: Changed wire load model for 'DW02_mult' from '(none)' to 'Small'. (OPT-170)
Information: Changed wire load model for '*MULT_TC_OP_8_8_16' from '(none)' to 'Small'. (OPT-170)
Information: Changed wire load model for 'DW02_mult' from '(none)' to 'Small'. (OPT-170)
Information: Changed wire load model for '*MULT_TC_OP_8_8_16' from '(none)' to 'Small'. (OPT-170)
Information: Changed wire load model for 'DW02_mult' from '(none)' to 'Small'. (OPT-170)
Information: Changed wire load model for '*MULT_TC_OP_8_8_16' from '(none)' to 'Small'. (OPT-170)
Information: Changed wire load model for 'DW02_mult' from '(none)' to 'Small'. (OPT-170)
Information: Changed wire load model for '*MULT_TC_OP_8_8_16' from '(none)' to 'Small'. (OPT-170)
Information: Changed wire load model for 'DW02_mult' from '(none)' to 'Small'. (OPT-170)
Information: Changed wire load model for '*MULT_TC_OP_8_8_16' from '(none)' to 'Small'. (OPT-170)
Information: Changed wire load model for 'DW02_mult' from '(none)' to 'Small'. (OPT-170)
Information: Changed wire load model for '*MULT_TC_OP_8_8_16' from '(none)' to 'Small'. (OPT-170)
Information: Changed wire load model for 'DW02_mult' from '(none)' to 'Small'. (OPT-170)
Information: Changed wire load model for '*MULT_TC_OP_8_8_16' from '(none)' to 'Small'. (OPT-170)
Information: Changed wire load model for 'DW01_add_width18' from '(none)' to 'Small'. (OPT-170)
Information: Changed wire load model for '*ADD_TC_OP_18_16_18' from '(none)' to 'Small'. (OPT-170)
Information: Changed wire load model for 'DW01_add_width18' from '(none)' to 'Small'. (OPT-170)
Information: Changed wire load model for '*ADD_TC_OP_18_16_18' from '(none)' to 'Small'. (OPT-170)
Information: Changed wire load model for 'DW01_add_width18' from '(none)' to 'Small'. (OPT-170)
Information: Changed wire load model for '*ADD_TC_OP_18_16_18' from '(none)' to 'Small'. (OPT-170)
Information: Changed wire load model for 'DW01_add_width18' from '(none)' to 'Small'. (OPT-170)
Information: Changed wire load model for '*ADD_TC_OP_18_16_18' from '(none)' to 'Small'. (OPT-170)
Information: Changed wire load model for 'DW01_add_width18' from '(none)' to 'Small'. (OPT-170)
Information: Changed wire load model for '*ADD_TC_OP_17_16_18' from '(none)' to 'Small'. (OPT-170)
Information: Changed wire load model for 'DW01_add_width18' from '(none)' to 'Small'. (OPT-170)
Information: Changed wire load model for '*ADD_TC_OP_17_16_18' from '(none)' to 'Small'. (OPT-170)
Information: Changed wire load model for 'DW01_add_width18' from '(none)' to 'Small'. (OPT-170)
Information: Changed wire load model for '*ADD_TC_OP_17_16_18' from '(none)' to 'Small'. (OPT-170)
Information: Changed wire load model for 'DW01_add_width18' from '(none)' to 'Small'. (OPT-170)
Information: Changed wire load model for '*ADD_TC_OP_17_16_18' from '(none)' to 'Small'. (OPT-170)
Information: Changed wire load model for 'DW01_add_width17' from '(none)' to 'Small'. (OPT-170)
Information: Changed wire load model for '*ADD_TC_OP_16_16_17' from '(none)' to 'Small'. (OPT-170)
Information: Changed wire load model for 'DW01_add_width17' from '(none)' to 'Small'. (OPT-170)
Information: Changed wire load model for '*ADD_TC_OP_16_16_17' from '(none)' to 'Small'. (OPT-170)
Information: Changed wire load model for 'DW01_add_width17' from '(none)' to 'Small'. (OPT-170)
Information: Changed wire load model for '*ADD_TC_OP_16_16_17' from '(none)' to 'Small'. (OPT-170)
Information: Changed wire load model for 'DW01_add_width17' from '(none)' to 'Small'. (OPT-170)
Information: Changed wire load model for '*ADD_TC_OP_16_16_17' from '(none)' to 'Small'. (OPT-170)
Information: Changed wire load model for 'DW02_mult' from '(none)' to 'Small'. (OPT-170)
Information: Changed wire load model for '*MULT_TC_OP_8_8_16' from '(none)' to 'Small'. (OPT-170)
Information: Changed wire load model for 'DW02_mult' from '(none)' to 'Small'. (OPT-170)
Information: Changed wire load model for '*MULT_TC_OP_8_8_16' from '(none)' to 'Small'. (OPT-170)
Information: Changed wire load model for 'DW02_mult' from '(none)' to 'Small'. (OPT-170)
Information: Changed wire load model for '*MULT_TC_OP_8_8_16' from '(none)' to 'Small'. (OPT-170)
Information: Changed wire load model for 'DW02_mult' from '(none)' to 'Small'. (OPT-170)
Information: Changed wire load model for '*MULT_TC_OP_8_8_16' from '(none)' to 'Small'. (OPT-170)
Information: Changed wire load model for 'DW02_mult' from '(none)' to 'Small'. (OPT-170)
Information: Changed wire load model for '*MULT_TC_OP_8_8_16' from '(none)' to 'Small'. (OPT-170)
Information: Changed wire load model for 'DW02_mult' from '(none)' to 'Small'. (OPT-170)
Information: Changed wire load model for '*MULT_TC_OP_8_8_16' from '(none)' to 'Small'. (OPT-170)
Information: Changed wire load model for 'DW02_mult' from '(none)' to 'Small'. (OPT-170)
Information: Changed wire load model for '*MULT_TC_OP_8_8_16' from '(none)' to 'Small'. (OPT-170)
Information: Changed wire load model for 'DW02_mult' from '(none)' to 'Small'. (OPT-170)
Information: Changed wire load model for '*MULT_TC_OP_8_8_16' from '(none)' to 'Small'. (OPT-170)
Information: Changed wire load model for 'DW02_mult' from '(none)' to 'Small'. (OPT-170)
Information: Changed wire load model for '*MULT_TC_OP_8_8_16' from '(none)' to 'Small'. (OPT-170)
Information: Changed wire load model for 'DW02_mult' from '(none)' to 'Small'. (OPT-170)
Information: Changed wire load model for '*MULT_TC_OP_8_8_16' from '(none)' to 'Small'. (OPT-170)
Information: Changed wire load model for 'DW02_mult' from '(none)' to 'Small'. (OPT-170)
Information: Changed wire load model for '*MULT_TC_OP_8_8_16' from '(none)' to 'Small'. (OPT-170)
Information: Changed wire load model for 'DW02_mult' from '(none)' to 'Small'. (OPT-170)
Information: Changed wire load model for '*MULT_TC_OP_8_8_16' from '(none)' to 'Small'. (OPT-170)
Information: Changed wire load model for 'DW02_mult' from '(none)' to 'Small'. (OPT-170)
Information: Changed wire load model for '*MULT_TC_OP_8_8_16' from '(none)' to 'Small'. (OPT-170)
Information: Changed wire load model for 'DW02_mult' from '(none)' to 'Small'. (OPT-170)
Information: Changed wire load model for '*MULT_TC_OP_8_8_16' from '(none)' to 'Small'. (OPT-170)
Information: Changed wire load model for 'DW02_mult' from '(none)' to 'Small'. (OPT-170)
Information: Changed wire load model for '*MULT_TC_OP_8_8_16' from '(none)' to 'Small'. (OPT-170)
Information: Changed wire load model for 'DW02_mult' from '(none)' to 'Small'. (OPT-170)
Information: Changed wire load model for '*MULT_TC_OP_8_8_16' from '(none)' to 'Small'. (OPT-170)
Information: Changed wire load model for 'DW01_add_width20' from '(none)' to 'Small'. (OPT-170)
Information: Changed wire load model for '*ADD_TC_OP_20_18_20' from '(none)' to 'Small'. (OPT-170)
Information: Changed wire load model for 'DW01_add_width20' from '(none)' to 'Small'. (OPT-170)
Information: Changed wire load model for '*ADD_TC_OP_20_18_20' from '(none)' to 'Small'. (OPT-170)
Information: Changed wire load model for 'DW01_add_width20' from '(none)' to 'Small'. (OPT-170)
Information: Changed wire load model for '*ADD_TC_OP_20_18_20' from '(none)' to 'Small'. (OPT-170)
Information: Changed wire load model for 'DW01_add_width20' from '(none)' to 'Small'. (OPT-170)
Information: Changed wire load model for '*ADD_TC_OP_20_18_20' from '(none)' to 'Small'. (OPT-170)
Information: Changed wire load model for 'DW01_add_width20' from '(none)' to 'Small'. (OPT-170)
Information: Changed wire load model for '*ADD_TC_OP_19_18_20' from '(none)' to 'Small'. (OPT-170)
Information: Changed wire load model for 'DW01_add_width20' from '(none)' to 'Small'. (OPT-170)
Information: Changed wire load model for '*ADD_TC_OP_19_18_20' from '(none)' to 'Small'. (OPT-170)
Information: Changed wire load model for 'DW01_add_width20' from '(none)' to 'Small'. (OPT-170)
Information: Changed wire load model for '*ADD_TC_OP_19_18_20' from '(none)' to 'Small'. (OPT-170)
Information: Changed wire load model for 'DW01_add_width20' from '(none)' to 'Small'. (OPT-170)
Information: Changed wire load model for '*ADD_TC_OP_19_18_20' from '(none)' to 'Small'. (OPT-170)
Information: Changed wire load model for 'DW01_add_width19' from '(none)' to 'Small'. (OPT-170)
Information: Changed wire load model for '*ADD_TC_OP_18_18_19' from '(none)' to 'Small'. (OPT-170)
Information: Changed wire load model for 'DW01_add_width19' from '(none)' to 'Small'. (OPT-170)
Information: Changed wire load model for '*ADD_TC_OP_18_18_19' from '(none)' to 'Small'. (OPT-170)
Information: Changed wire load model for 'DW01_add_width19' from '(none)' to 'Small'. (OPT-170)
Information: Changed wire load model for '*ADD_TC_OP_18_18_19' from '(none)' to 'Small'. (OPT-170)
Information: Changed wire load model for 'DW01_add_width19' from '(none)' to 'Small'. (OPT-170)
Information: Changed wire load model for '*ADD_TC_OP_18_18_19' from '(none)' to 'Small'. (OPT-170)
Information: Changed wire load model for 'DW01_add_width18' from '(none)' to 'Small'. (OPT-170)
Information: Changed wire load model for '*ADD_TC_OP_18_16_18' from '(none)' to 'Small'. (OPT-170)
Information: Changed wire load model for 'DW01_add_width18' from '(none)' to 'Small'. (OPT-170)
Information: Changed wire load model for '*ADD_TC_OP_18_16_18' from '(none)' to 'Small'. (OPT-170)
Information: Changed wire load model for 'DW01_add_width18' from '(none)' to 'Small'. (OPT-170)
Information: Changed wire load model for '*ADD_TC_OP_18_16_18' from '(none)' to 'Small'. (OPT-170)
Information: Changed wire load model for 'DW01_add_width18' from '(none)' to 'Small'. (OPT-170)
Information: Changed wire load model for '*ADD_TC_OP_18_16_18' from '(none)' to 'Small'. (OPT-170)
Information: Changed wire load model for 'DW01_add_width18' from '(none)' to 'Small'. (OPT-170)
Information: Changed wire load model for '*ADD_TC_OP_17_16_18' from '(none)' to 'Small'. (OPT-170)
Information: Changed wire load model for 'DW01_add_width18' from '(none)' to 'Small'. (OPT-170)
Information: Changed wire load model for '*ADD_TC_OP_17_16_18' from '(none)' to 'Small'. (OPT-170)
Information: Changed wire load model for 'DW01_add_width18' from '(none)' to 'Small'. (OPT-170)
Information: Changed wire load model for '*ADD_TC_OP_17_16_18' from '(none)' to 'Small'. (OPT-170)
Information: Changed wire load model for 'DW01_add_width18' from '(none)' to 'Small'. (OPT-170)
Information: Changed wire load model for '*ADD_TC_OP_17_16_18' from '(none)' to 'Small'. (OPT-170)
Information: Changed wire load model for 'DW01_add_width17' from '(none)' to 'Small'. (OPT-170)
Information: Changed wire load model for '*ADD_TC_OP_16_16_17' from '(none)' to 'Small'. (OPT-170)
Information: Changed wire load model for 'DW01_add_width17' from '(none)' to 'Small'. (OPT-170)
Information: Changed wire load model for '*ADD_TC_OP_16_16_17' from '(none)' to 'Small'. (OPT-170)
Information: Changed wire load model for 'DW01_add_width17' from '(none)' to 'Small'. (OPT-170)
Information: Changed wire load model for '*ADD_TC_OP_16_16_17' from '(none)' to 'Small'. (OPT-170)
Information: Changed wire load model for 'DW01_add_width17' from '(none)' to 'Small'. (OPT-170)
Information: Changed wire load model for '*ADD_TC_OP_16_16_17' from '(none)' to 'Small'. (OPT-170)
Information: Changed wire load model for 'DW02_mult' from '(none)' to 'Small'. (OPT-170)
Information: Changed wire load model for '*MULT_TC_OP_8_8_16' from '(none)' to 'Small'. (OPT-170)
Information: Changed wire load model for 'DW02_mult' from '(none)' to 'Small'. (OPT-170)
Information: Changed wire load model for '*MULT_TC_OP_8_8_16' from '(none)' to 'Small'. (OPT-170)
Information: Changed wire load model for 'DW02_mult' from '(none)' to 'Small'. (OPT-170)
Information: Changed wire load model for '*MULT_TC_OP_8_8_16' from '(none)' to 'Small'. (OPT-170)
Information: Changed wire load model for 'DW02_mult' from '(none)' to 'Small'. (OPT-170)
Information: Changed wire load model for '*MULT_TC_OP_8_8_16' from '(none)' to 'Small'. (OPT-170)
Information: Changed wire load model for 'DW02_mult' from '(none)' to 'Small'. (OPT-170)
Information: Changed wire load model for '*MULT_TC_OP_8_8_16' from '(none)' to 'Small'. (OPT-170)
Information: Changed wire load model for 'DW02_mult' from '(none)' to 'Small'. (OPT-170)
Information: Changed wire load model for '*MULT_TC_OP_8_8_16' from '(none)' to 'Small'. (OPT-170)
Information: Changed wire load model for 'DW02_mult' from '(none)' to 'Small'. (OPT-170)
Information: Changed wire load model for '*MULT_TC_OP_8_8_16' from '(none)' to 'Small'. (OPT-170)
Information: Changed wire load model for 'DW02_mult' from '(none)' to 'Small'. (OPT-170)
Information: Changed wire load model for '*MULT_TC_OP_8_8_16' from '(none)' to 'Small'. (OPT-170)
Information: Changed wire load model for 'DW02_mult' from '(none)' to 'Small'. (OPT-170)
Information: Changed wire load model for '*MULT_TC_OP_8_8_16' from '(none)' to 'Small'. (OPT-170)
Information: Changed wire load model for 'DW02_mult' from '(none)' to 'Small'. (OPT-170)
Information: Changed wire load model for '*MULT_TC_OP_8_8_16' from '(none)' to 'Small'. (OPT-170)
Information: Changed wire load model for 'DW02_mult' from '(none)' to 'Small'. (OPT-170)
Information: Changed wire load model for '*MULT_TC_OP_8_8_16' from '(none)' to 'Small'. (OPT-170)
Information: Changed wire load model for 'DW02_mult' from '(none)' to 'Small'. (OPT-170)
Information: Changed wire load model for '*MULT_TC_OP_8_8_16' from '(none)' to 'Small'. (OPT-170)
Information: Changed wire load model for 'DW02_mult' from '(none)' to 'Small'. (OPT-170)
Information: Changed wire load model for '*MULT_TC_OP_8_8_16' from '(none)' to 'Small'. (OPT-170)
Information: Changed wire load model for 'DW02_mult' from '(none)' to 'Small'. (OPT-170)
Information: Changed wire load model for '*MULT_TC_OP_8_8_16' from '(none)' to 'Small'. (OPT-170)
Information: Changed wire load model for 'DW02_mult' from '(none)' to 'Small'. (OPT-170)
Information: Changed wire load model for '*MULT_TC_OP_8_8_16' from '(none)' to 'Small'. (OPT-170)
Information: Changed wire load model for 'DW02_mult' from '(none)' to 'Small'. (OPT-170)
Information: Changed wire load model for '*MULT_TC_OP_8_8_16' from '(none)' to 'Small'. (OPT-170)
Information: Changed wire load model for 'DW01_add_width18' from '(none)' to 'Small'. (OPT-170)
Information: Changed wire load model for '*ADD_TC_OP_18_16_18' from '(none)' to 'Small'. (OPT-170)
Information: Changed wire load model for 'DW01_add_width18' from '(none)' to 'Small'. (OPT-170)
Information: Changed wire load model for '*ADD_TC_OP_18_16_18' from '(none)' to 'Small'. (OPT-170)
Information: Changed wire load model for 'DW01_add_width18' from '(none)' to 'Small'. (OPT-170)
Information: Changed wire load model for '*ADD_TC_OP_18_16_18' from '(none)' to 'Small'. (OPT-170)
Information: Changed wire load model for 'DW01_add_width18' from '(none)' to 'Small'. (OPT-170)
Information: Changed wire load model for '*ADD_TC_OP_18_16_18' from '(none)' to 'Small'. (OPT-170)
Information: Changed wire load model for 'DW01_add_width18' from '(none)' to 'Small'. (OPT-170)
Information: Changed wire load model for '*ADD_TC_OP_17_16_18' from '(none)' to 'Small'. (OPT-170)
Information: Changed wire load model for 'DW01_add_width18' from '(none)' to 'Small'. (OPT-170)
Information: Changed wire load model for '*ADD_TC_OP_17_16_18' from '(none)' to 'Small'. (OPT-170)
Information: Changed wire load model for 'DW01_add_width18' from '(none)' to 'Small'. (OPT-170)
Information: Changed wire load model for '*ADD_TC_OP_17_16_18' from '(none)' to 'Small'. (OPT-170)
Information: Changed wire load model for 'DW01_add_width18' from '(none)' to 'Small'. (OPT-170)
Information: Changed wire load model for '*ADD_TC_OP_17_16_18' from '(none)' to 'Small'. (OPT-170)
Information: Changed wire load model for 'DW01_add_width17' from '(none)' to 'Small'. (OPT-170)
Information: Changed wire load model for '*ADD_TC_OP_16_16_17' from '(none)' to 'Small'. (OPT-170)
Information: Changed wire load model for 'DW01_add_width17' from '(none)' to 'Small'. (OPT-170)
Information: Changed wire load model for '*ADD_TC_OP_16_16_17' from '(none)' to 'Small'. (OPT-170)
Information: Changed wire load model for 'DW01_add_width17' from '(none)' to 'Small'. (OPT-170)
Information: Changed wire load model for '*ADD_TC_OP_16_16_17' from '(none)' to 'Small'. (OPT-170)
Information: Changed wire load model for 'DW01_add_width17' from '(none)' to 'Small'. (OPT-170)
Information: Changed wire load model for '*ADD_TC_OP_16_16_17' from '(none)' to 'Small'. (OPT-170)
Information: Changed wire load model for 'DW02_mult' from '(none)' to 'Small'. (OPT-170)
Information: Changed wire load model for '*MULT_TC_OP_8_8_16' from '(none)' to 'Small'. (OPT-170)
Information: Changed wire load model for 'DW02_mult' from '(none)' to 'Small'. (OPT-170)
Information: Changed wire load model for '*MULT_TC_OP_8_8_16' from '(none)' to 'Small'. (OPT-170)
Information: Changed wire load model for 'DW02_mult' from '(none)' to 'Small'. (OPT-170)
Information: Changed wire load model for '*MULT_TC_OP_8_8_16' from '(none)' to 'Small'. (OPT-170)
Information: Changed wire load model for 'DW02_mult' from '(none)' to 'Small'. (OPT-170)
Information: Changed wire load model for '*MULT_TC_OP_8_8_16' from '(none)' to 'Small'. (OPT-170)
Information: Changed wire load model for 'DW02_mult' from '(none)' to 'Small'. (OPT-170)
Information: Changed wire load model for '*MULT_TC_OP_8_8_16' from '(none)' to 'Small'. (OPT-170)
Information: Changed wire load model for 'DW02_mult' from '(none)' to 'Small'. (OPT-170)
Information: Changed wire load model for '*MULT_TC_OP_8_8_16' from '(none)' to 'Small'. (OPT-170)
Information: Changed wire load model for 'DW02_mult' from '(none)' to 'Small'. (OPT-170)
Information: Changed wire load model for '*MULT_TC_OP_8_8_16' from '(none)' to 'Small'. (OPT-170)
Information: Changed wire load model for 'DW02_mult' from '(none)' to 'Small'. (OPT-170)
Information: Changed wire load model for '*MULT_TC_OP_8_8_16' from '(none)' to 'Small'. (OPT-170)
Information: Changed wire load model for 'DW02_mult' from '(none)' to 'Small'. (OPT-170)
Information: Changed wire load model for '*MULT_TC_OP_8_8_16' from '(none)' to 'Small'. (OPT-170)
Information: Changed wire load model for 'DW02_mult' from '(none)' to 'Small'. (OPT-170)
Information: Changed wire load model for '*MULT_TC_OP_8_8_16' from '(none)' to 'Small'. (OPT-170)
Information: Changed wire load model for 'DW02_mult' from '(none)' to 'Small'. (OPT-170)
Information: Changed wire load model for '*MULT_TC_OP_8_8_16' from '(none)' to 'Small'. (OPT-170)
Information: Changed wire load model for 'DW02_mult' from '(none)' to 'Small'. (OPT-170)
Information: Changed wire load model for '*MULT_TC_OP_8_8_16' from '(none)' to 'Small'. (OPT-170)
Information: Changed wire load model for 'DW02_mult' from '(none)' to 'Small'. (OPT-170)
Information: Changed wire load model for '*MULT_TC_OP_8_8_16' from '(none)' to 'Small'. (OPT-170)
Information: Changed wire load model for 'DW02_mult' from '(none)' to 'Small'. (OPT-170)
Information: Changed wire load model for '*MULT_TC_OP_8_8_16' from '(none)' to 'Small'. (OPT-170)
Information: Changed wire load model for 'DW02_mult' from '(none)' to 'Small'. (OPT-170)
Information: Changed wire load model for '*MULT_TC_OP_8_8_16' from '(none)' to 'Small'. (OPT-170)
Information: Changed wire load model for 'DW02_mult' from '(none)' to 'Small'. (OPT-170)
Information: Changed wire load model for '*MULT_TC_OP_8_8_16' from '(none)' to 'Small'. (OPT-170)
Information: Changed wire load model for 'DW01_add_width18' from '(none)' to 'Small'. (OPT-170)
Information: Changed wire load model for '*ADD_TC_OP_18_16_18' from '(none)' to 'Small'. (OPT-170)
Information: Changed wire load model for 'DW01_add_width18' from '(none)' to 'Small'. (OPT-170)
Information: Changed wire load model for '*ADD_TC_OP_18_16_18' from '(none)' to 'Small'. (OPT-170)
Information: Changed wire load model for 'DW01_add_width18' from '(none)' to 'Small'. (OPT-170)
Information: Changed wire load model for '*ADD_TC_OP_18_16_18' from '(none)' to 'Small'. (OPT-170)
Information: Changed wire load model for 'DW01_add_width18' from '(none)' to 'Small'. (OPT-170)
Information: Changed wire load model for '*ADD_TC_OP_18_16_18' from '(none)' to 'Small'. (OPT-170)
Information: Changed wire load model for 'DW01_add_width18' from '(none)' to 'Small'. (OPT-170)
Information: Changed wire load model for '*ADD_TC_OP_17_16_18' from '(none)' to 'Small'. (OPT-170)
Information: Changed wire load model for 'DW01_add_width18' from '(none)' to 'Small'. (OPT-170)
Information: Changed wire load model for '*ADD_TC_OP_17_16_18' from '(none)' to 'Small'. (OPT-170)
Information: Changed wire load model for 'DW01_add_width18' from '(none)' to 'Small'. (OPT-170)
Information: Changed wire load model for '*ADD_TC_OP_17_16_18' from '(none)' to 'Small'. (OPT-170)
Information: Changed wire load model for 'DW01_add_width18' from '(none)' to 'Small'. (OPT-170)
Information: Changed wire load model for '*ADD_TC_OP_17_16_18' from '(none)' to 'Small'. (OPT-170)
Information: Changed wire load model for 'DW01_add_width17' from '(none)' to 'Small'. (OPT-170)
Information: Changed wire load model for '*ADD_TC_OP_16_16_17' from '(none)' to 'Small'. (OPT-170)
Information: Changed wire load model for 'DW01_add_width17' from '(none)' to 'Small'. (OPT-170)
Information: Changed wire load model for '*ADD_TC_OP_16_16_17' from '(none)' to 'Small'. (OPT-170)
Information: Changed wire load model for 'DW01_add_width17' from '(none)' to 'Small'. (OPT-170)
Information: Changed wire load model for '*ADD_TC_OP_16_16_17' from '(none)' to 'Small'. (OPT-170)
Information: Changed wire load model for 'DW01_add_width17' from '(none)' to 'Small'. (OPT-170)
Information: Changed wire load model for '*ADD_TC_OP_16_16_17' from '(none)' to 'Small'. (OPT-170)
Information: Changed wire load model for 'DW02_mult' from '(none)' to 'Small'. (OPT-170)
Information: Changed wire load model for '*MULT_TC_OP_8_8_16' from '(none)' to 'Small'. (OPT-170)
Information: Changed wire load model for 'DW02_mult' from '(none)' to 'Small'. (OPT-170)
Information: Changed wire load model for '*MULT_TC_OP_8_8_16' from '(none)' to 'Small'. (OPT-170)
Information: Changed wire load model for 'DW02_mult' from '(none)' to 'Small'. (OPT-170)
Information: Changed wire load model for '*MULT_TC_OP_8_8_16' from '(none)' to 'Small'. (OPT-170)
Information: Changed wire load model for 'DW02_mult' from '(none)' to 'Small'. (OPT-170)
Information: Changed wire load model for '*MULT_TC_OP_8_8_16' from '(none)' to 'Small'. (OPT-170)
Information: Changed wire load model for 'DW02_mult' from '(none)' to 'Small'. (OPT-170)
Information: Changed wire load model for '*MULT_TC_OP_8_8_16' from '(none)' to 'Small'. (OPT-170)
Information: Changed wire load model for 'DW02_mult' from '(none)' to 'Small'. (OPT-170)
Information: Changed wire load model for '*MULT_TC_OP_8_8_16' from '(none)' to 'Small'. (OPT-170)
Information: Changed wire load model for 'DW02_mult' from '(none)' to 'Small'. (OPT-170)
Information: Changed wire load model for '*MULT_TC_OP_8_8_16' from '(none)' to 'Small'. (OPT-170)
Information: Changed wire load model for 'DW02_mult' from '(none)' to 'Small'. (OPT-170)
Information: Changed wire load model for '*MULT_TC_OP_8_8_16' from '(none)' to 'Small'. (OPT-170)
Information: Changed wire load model for 'DW02_mult' from '(none)' to 'Small'. (OPT-170)
Information: Changed wire load model for '*MULT_TC_OP_8_8_16' from '(none)' to 'Small'. (OPT-170)
Information: Changed wire load model for 'DW02_mult' from '(none)' to 'Small'. (OPT-170)
Information: Changed wire load model for '*MULT_TC_OP_8_8_16' from '(none)' to 'Small'. (OPT-170)
Information: Changed wire load model for 'DW02_mult' from '(none)' to 'Small'. (OPT-170)
Information: Changed wire load model for '*MULT_TC_OP_8_8_16' from '(none)' to 'Small'. (OPT-170)
Information: Changed wire load model for 'DW02_mult' from '(none)' to 'Small'. (OPT-170)
Information: Changed wire load model for '*MULT_TC_OP_8_8_16' from '(none)' to 'Small'. (OPT-170)
Information: Changed wire load model for 'DW02_mult' from '(none)' to 'Small'. (OPT-170)
Information: Changed wire load model for '*MULT_TC_OP_8_8_16' from '(none)' to 'Small'. (OPT-170)
Information: Changed wire load model for 'DW02_mult' from '(none)' to 'Small'. (OPT-170)
Information: Changed wire load model for '*MULT_TC_OP_8_8_16' from '(none)' to 'Small'. (OPT-170)
Information: Changed wire load model for 'DW02_mult' from '(none)' to 'Small'. (OPT-170)
Information: Changed wire load model for '*MULT_TC_OP_8_8_16' from '(none)' to 'Small'. (OPT-170)
Information: Changed wire load model for 'DW02_mult' from '(none)' to 'Small'. (OPT-170)
Information: Changed wire load model for '*MULT_TC_OP_8_8_16' from '(none)' to 'Small'. (OPT-170)
Information: Changed wire load model for 'DW01_add_width18' from '(none)' to 'Small'. (OPT-170)
Information: Changed wire load model for '*ADD_TC_OP_18_16_18' from '(none)' to 'Small'. (OPT-170)
Information: Changed wire load model for 'DW01_add_width18' from '(none)' to 'Small'. (OPT-170)
Information: Changed wire load model for '*ADD_TC_OP_18_16_18' from '(none)' to 'Small'. (OPT-170)
Information: Changed wire load model for 'DW01_add_width18' from '(none)' to 'Small'. (OPT-170)
Information: Changed wire load model for '*ADD_TC_OP_18_16_18' from '(none)' to 'Small'. (OPT-170)
Information: Changed wire load model for 'DW01_add_width18' from '(none)' to 'Small'. (OPT-170)
Information: Changed wire load model for '*ADD_TC_OP_18_16_18' from '(none)' to 'Small'. (OPT-170)
Information: Changed wire load model for 'DW01_add_width18' from '(none)' to 'Small'. (OPT-170)
Information: Changed wire load model for '*ADD_TC_OP_17_16_18' from '(none)' to 'Small'. (OPT-170)
Information: Changed wire load model for 'DW01_add_width18' from '(none)' to 'Small'. (OPT-170)
Information: Changed wire load model for '*ADD_TC_OP_17_16_18' from '(none)' to 'Small'. (OPT-170)
Information: Changed wire load model for 'DW01_add_width18' from '(none)' to 'Small'. (OPT-170)
Information: Changed wire load model for '*ADD_TC_OP_17_16_18' from '(none)' to 'Small'. (OPT-170)
Information: Changed wire load model for 'DW01_add_width18' from '(none)' to 'Small'. (OPT-170)
Information: Changed wire load model for '*ADD_TC_OP_17_16_18' from '(none)' to 'Small'. (OPT-170)
Information: Changed wire load model for 'DW01_add_width17' from '(none)' to 'Small'. (OPT-170)
Information: Changed wire load model for '*ADD_TC_OP_16_16_17' from '(none)' to 'Small'. (OPT-170)
Information: Changed wire load model for 'DW01_add_width17' from '(none)' to 'Small'. (OPT-170)
Information: Changed wire load model for '*ADD_TC_OP_16_16_17' from '(none)' to 'Small'. (OPT-170)
Information: Changed wire load model for 'DW01_add_width17' from '(none)' to 'Small'. (OPT-170)
Information: Changed wire load model for '*ADD_TC_OP_16_16_17' from '(none)' to 'Small'. (OPT-170)
Information: Changed wire load model for 'DW01_add_width17' from '(none)' to 'Small'. (OPT-170)
Information: Changed wire load model for '*ADD_TC_OP_16_16_17' from '(none)' to 'Small'. (OPT-170)
Information: Changed wire load model for 'DW02_mult' from '(none)' to 'Small'. (OPT-170)
Information: Changed wire load model for '*MULT_TC_OP_8_8_16' from '(none)' to 'Small'. (OPT-170)
Information: Changed wire load model for 'DW02_mult' from '(none)' to 'Small'. (OPT-170)
Information: Changed wire load model for '*MULT_TC_OP_8_8_16' from '(none)' to 'Small'. (OPT-170)
Information: Changed wire load model for 'DW02_mult' from '(none)' to 'Small'. (OPT-170)
Information: Changed wire load model for '*MULT_TC_OP_8_8_16' from '(none)' to 'Small'. (OPT-170)
Information: Changed wire load model for 'DW02_mult' from '(none)' to 'Small'. (OPT-170)
Information: Changed wire load model for '*MULT_TC_OP_8_8_16' from '(none)' to 'Small'. (OPT-170)
Information: Changed wire load model for 'DW02_mult' from '(none)' to 'Small'. (OPT-170)
Information: Changed wire load model for '*MULT_TC_OP_8_8_16' from '(none)' to 'Small'. (OPT-170)
Information: Changed wire load model for 'DW02_mult' from '(none)' to 'Small'. (OPT-170)
Information: Changed wire load model for '*MULT_TC_OP_8_8_16' from '(none)' to 'Small'. (OPT-170)
Information: Changed wire load model for 'DW02_mult' from '(none)' to 'Small'. (OPT-170)
Information: Changed wire load model for '*MULT_TC_OP_8_8_16' from '(none)' to 'Small'. (OPT-170)
Information: Changed wire load model for 'DW02_mult' from '(none)' to 'Small'. (OPT-170)
Information: Changed wire load model for '*MULT_TC_OP_8_8_16' from '(none)' to 'Small'. (OPT-170)
Information: Changed wire load model for 'DW02_mult' from '(none)' to 'Small'. (OPT-170)
Information: Changed wire load model for '*MULT_TC_OP_8_8_16' from '(none)' to 'Small'. (OPT-170)
Information: Changed wire load model for 'DW02_mult' from '(none)' to 'Small'. (OPT-170)
Information: Changed wire load model for '*MULT_TC_OP_8_8_16' from '(none)' to 'Small'. (OPT-170)
Information: Changed wire load model for 'DW02_mult' from '(none)' to 'Small'. (OPT-170)
Information: Changed wire load model for '*MULT_TC_OP_8_8_16' from '(none)' to 'Small'. (OPT-170)
Information: Changed wire load model for 'DW02_mult' from '(none)' to 'Small'. (OPT-170)
Information: Changed wire load model for '*MULT_TC_OP_8_8_16' from '(none)' to 'Small'. (OPT-170)
Information: Changed wire load model for 'DW02_mult' from '(none)' to 'Small'. (OPT-170)
Information: Changed wire load model for '*MULT_TC_OP_8_8_16' from '(none)' to 'Small'. (OPT-170)
Information: Changed wire load model for 'DW02_mult' from '(none)' to 'Small'. (OPT-170)
Information: Changed wire load model for '*MULT_TC_OP_8_8_16' from '(none)' to 'Small'. (OPT-170)
Information: Changed wire load model for 'DW02_mult' from '(none)' to 'Small'. (OPT-170)
Information: Changed wire load model for '*MULT_TC_OP_8_8_16' from '(none)' to 'Small'. (OPT-170)
Information: Changed wire load model for 'DW02_mult' from '(none)' to 'Small'. (OPT-170)
Information: Changed wire load model for '*MULT_TC_OP_8_8_16' from '(none)' to 'Small'. (OPT-170)
Information: Changed wire load model for 'DW01_add_width20' from '(none)' to 'Small'. (OPT-170)
Information: Changed wire load model for '*ADD_TC_OP_20_18_20' from '(none)' to 'Small'. (OPT-170)
Information: Changed wire load model for 'DW01_add_width20' from '(none)' to 'Small'. (OPT-170)
Information: Changed wire load model for '*ADD_TC_OP_20_18_20' from '(none)' to 'Small'. (OPT-170)
Information: Changed wire load model for 'DW01_add_width20' from '(none)' to 'Small'. (OPT-170)
Information: Changed wire load model for '*ADD_TC_OP_20_18_20' from '(none)' to 'Small'. (OPT-170)
Information: Changed wire load model for 'DW01_add_width20' from '(none)' to 'Small'. (OPT-170)
Information: Changed wire load model for '*ADD_TC_OP_20_18_20' from '(none)' to 'Small'. (OPT-170)
Information: Changed wire load model for 'DW01_add_width20' from '(none)' to 'Small'. (OPT-170)
Information: Changed wire load model for '*ADD_TC_OP_19_18_20' from '(none)' to 'Small'. (OPT-170)
Information: Changed wire load model for 'DW01_add_width20' from '(none)' to 'Small'. (OPT-170)
Information: Changed wire load model for '*ADD_TC_OP_19_18_20' from '(none)' to 'Small'. (OPT-170)
Information: Changed wire load model for 'DW01_add_width20' from '(none)' to 'Small'. (OPT-170)
Information: Changed wire load model for '*ADD_TC_OP_19_18_20' from '(none)' to 'Small'. (OPT-170)
Information: Changed wire load model for 'DW01_add_width20' from '(none)' to 'Small'. (OPT-170)
Information: Changed wire load model for '*ADD_TC_OP_19_18_20' from '(none)' to 'Small'. (OPT-170)
Information: Changed wire load model for 'DW01_add_width19' from '(none)' to 'Small'. (OPT-170)
Information: Changed wire load model for '*ADD_TC_OP_18_18_19' from '(none)' to 'Small'. (OPT-170)
Information: Changed wire load model for 'DW01_add_width19' from '(none)' to 'Small'. (OPT-170)
Information: Changed wire load model for '*ADD_TC_OP_18_18_19' from '(none)' to 'Small'. (OPT-170)
Information: Changed wire load model for 'DW01_add_width19' from '(none)' to 'Small'. (OPT-170)
Information: Changed wire load model for '*ADD_TC_OP_18_18_19' from '(none)' to 'Small'. (OPT-170)
Information: Changed wire load model for 'DW01_add_width19' from '(none)' to 'Small'. (OPT-170)
Information: Changed wire load model for '*ADD_TC_OP_18_18_19' from '(none)' to 'Small'. (OPT-170)
Information: Changed wire load model for 'DW01_add_width18' from '(none)' to 'Small'. (OPT-170)
Information: Changed wire load model for '*ADD_TC_OP_18_16_18' from '(none)' to 'Small'. (OPT-170)
Information: Changed wire load model for 'DW01_add_width18' from '(none)' to 'Small'. (OPT-170)
Information: Changed wire load model for '*ADD_TC_OP_18_16_18' from '(none)' to 'Small'. (OPT-170)
Information: Changed wire load model for 'DW01_add_width18' from '(none)' to 'Small'. (OPT-170)
Information: Changed wire load model for '*ADD_TC_OP_18_16_18' from '(none)' to 'Small'. (OPT-170)
Information: Changed wire load model for 'DW01_add_width18' from '(none)' to 'Small'. (OPT-170)
Information: Changed wire load model for '*ADD_TC_OP_18_16_18' from '(none)' to 'Small'. (OPT-170)
Information: Changed wire load model for 'DW01_add_width18' from '(none)' to 'Small'. (OPT-170)
Information: Changed wire load model for '*ADD_TC_OP_17_16_18' from '(none)' to 'Small'. (OPT-170)
Information: Changed wire load model for 'DW01_add_width18' from '(none)' to 'Small'. (OPT-170)
Information: Changed wire load model for '*ADD_TC_OP_17_16_18' from '(none)' to 'Small'. (OPT-170)
Information: Changed wire load model for 'DW01_add_width18' from '(none)' to 'Small'. (OPT-170)
Information: Changed wire load model for '*ADD_TC_OP_17_16_18' from '(none)' to 'Small'. (OPT-170)
Information: Changed wire load model for 'DW01_add_width18' from '(none)' to 'Small'. (OPT-170)
Information: Changed wire load model for '*ADD_TC_OP_17_16_18' from '(none)' to 'Small'. (OPT-170)
Information: Changed wire load model for 'DW01_add_width17' from '(none)' to 'Small'. (OPT-170)
Information: Changed wire load model for '*ADD_TC_OP_16_16_17' from '(none)' to 'Small'. (OPT-170)
Information: Changed wire load model for 'DW01_add_width17' from '(none)' to 'Small'. (OPT-170)
Information: Changed wire load model for '*ADD_TC_OP_16_16_17' from '(none)' to 'Small'. (OPT-170)
Information: Changed wire load model for 'DW01_add_width17' from '(none)' to 'Small'. (OPT-170)
Information: Changed wire load model for '*ADD_TC_OP_16_16_17' from '(none)' to 'Small'. (OPT-170)
Information: Changed wire load model for 'DW01_add_width17' from '(none)' to 'Small'. (OPT-170)
Information: Changed wire load model for '*ADD_TC_OP_16_16_17' from '(none)' to 'Small'. (OPT-170)
Information: Changed wire load model for 'DW02_mult' from '(none)' to 'Small'. (OPT-170)
Information: Changed wire load model for '*MULT_TC_OP_8_8_16' from '(none)' to 'Small'. (OPT-170)
Information: Changed wire load model for 'DW02_mult' from '(none)' to 'Small'. (OPT-170)
Information: Changed wire load model for '*MULT_TC_OP_8_8_16' from '(none)' to 'Small'. (OPT-170)
Information: Changed wire load model for 'DW02_mult' from '(none)' to 'Small'. (OPT-170)
Information: Changed wire load model for '*MULT_TC_OP_8_8_16' from '(none)' to 'Small'. (OPT-170)
Information: Changed wire load model for 'DW02_mult' from '(none)' to 'Small'. (OPT-170)
Information: Changed wire load model for '*MULT_TC_OP_8_8_16' from '(none)' to 'Small'. (OPT-170)
Information: Changed wire load model for 'DW02_mult' from '(none)' to 'Small'. (OPT-170)
Information: Changed wire load model for '*MULT_TC_OP_8_8_16' from '(none)' to 'Small'. (OPT-170)
Information: Changed wire load model for 'DW02_mult' from '(none)' to 'Small'. (OPT-170)
Information: Changed wire load model for '*MULT_TC_OP_8_8_16' from '(none)' to 'Small'. (OPT-170)
Information: Changed wire load model for 'DW02_mult' from '(none)' to 'Small'. (OPT-170)
Information: Changed wire load model for '*MULT_TC_OP_8_8_16' from '(none)' to 'Small'. (OPT-170)
Information: Changed wire load model for 'DW02_mult' from '(none)' to 'Small'. (OPT-170)
Information: Changed wire load model for '*MULT_TC_OP_8_8_16' from '(none)' to 'Small'. (OPT-170)
Information: Changed wire load model for 'DW02_mult' from '(none)' to 'Small'. (OPT-170)
Information: Changed wire load model for '*MULT_TC_OP_8_8_16' from '(none)' to 'Small'. (OPT-170)
Information: Changed wire load model for 'DW02_mult' from '(none)' to 'Small'. (OPT-170)
Information: Changed wire load model for '*MULT_TC_OP_8_8_16' from '(none)' to 'Small'. (OPT-170)
Information: Changed wire load model for 'DW02_mult' from '(none)' to 'Small'. (OPT-170)
Information: Changed wire load model for '*MULT_TC_OP_8_8_16' from '(none)' to 'Small'. (OPT-170)
Information: Changed wire load model for 'DW02_mult' from '(none)' to 'Small'. (OPT-170)
Information: Changed wire load model for '*MULT_TC_OP_8_8_16' from '(none)' to 'Small'. (OPT-170)
Information: Changed wire load model for 'DW02_mult' from '(none)' to 'Small'. (OPT-170)
Information: Changed wire load model for '*MULT_TC_OP_8_8_16' from '(none)' to 'Small'. (OPT-170)
Information: Changed wire load model for 'DW02_mult' from '(none)' to 'Small'. (OPT-170)
Information: Changed wire load model for '*MULT_TC_OP_8_8_16' from '(none)' to 'Small'. (OPT-170)
Information: Changed wire load model for 'DW02_mult' from '(none)' to 'Small'. (OPT-170)
Information: Changed wire load model for '*MULT_TC_OP_8_8_16' from '(none)' to 'Small'. (OPT-170)
Information: Changed wire load model for 'DW02_mult' from '(none)' to 'Small'. (OPT-170)
Information: Changed wire load model for '*MULT_TC_OP_8_8_16' from '(none)' to 'Small'. (OPT-170)
Information: Changed wire load model for 'DW01_add_width18' from '(none)' to 'Small'. (OPT-170)
Information: Changed wire load model for '*ADD_TC_OP_18_16_18' from '(none)' to 'Small'. (OPT-170)
Information: Changed wire load model for 'DW01_add_width18' from '(none)' to 'Small'. (OPT-170)
Information: Changed wire load model for '*ADD_TC_OP_18_16_18' from '(none)' to 'Small'. (OPT-170)
Information: Changed wire load model for 'DW01_add_width18' from '(none)' to 'Small'. (OPT-170)
Information: Changed wire load model for '*ADD_TC_OP_18_16_18' from '(none)' to 'Small'. (OPT-170)
Information: Changed wire load model for 'DW01_add_width18' from '(none)' to 'Small'. (OPT-170)
Information: Changed wire load model for '*ADD_TC_OP_18_16_18' from '(none)' to 'Small'. (OPT-170)
Information: Changed wire load model for 'DW01_add_width18' from '(none)' to 'Small'. (OPT-170)
Information: Changed wire load model for '*ADD_TC_OP_17_16_18' from '(none)' to 'Small'. (OPT-170)
Information: Changed wire load model for 'DW01_add_width18' from '(none)' to 'Small'. (OPT-170)
Information: Changed wire load model for '*ADD_TC_OP_17_16_18' from '(none)' to 'Small'. (OPT-170)
Information: Changed wire load model for 'DW01_add_width18' from '(none)' to 'Small'. (OPT-170)
Information: Changed wire load model for '*ADD_TC_OP_17_16_18' from '(none)' to 'Small'. (OPT-170)
Information: Changed wire load model for 'DW01_add_width18' from '(none)' to 'Small'. (OPT-170)
Information: Changed wire load model for '*ADD_TC_OP_17_16_18' from '(none)' to 'Small'. (OPT-170)
Information: Changed wire load model for 'DW01_add_width17' from '(none)' to 'Small'. (OPT-170)
Information: Changed wire load model for '*ADD_TC_OP_16_16_17' from '(none)' to 'Small'. (OPT-170)
Information: Changed wire load model for 'DW01_add_width17' from '(none)' to 'Small'. (OPT-170)
Information: Changed wire load model for '*ADD_TC_OP_16_16_17' from '(none)' to 'Small'. (OPT-170)
Information: Changed wire load model for 'DW01_add_width17' from '(none)' to 'Small'. (OPT-170)
Information: Changed wire load model for '*ADD_TC_OP_16_16_17' from '(none)' to 'Small'. (OPT-170)
Information: Changed wire load model for 'DW01_add_width17' from '(none)' to 'Small'. (OPT-170)
Information: Changed wire load model for '*ADD_TC_OP_16_16_17' from '(none)' to 'Small'. (OPT-170)
Information: Changed wire load model for 'DW02_mult' from '(none)' to 'Small'. (OPT-170)
Information: Changed wire load model for '*MULT_TC_OP_8_8_16' from '(none)' to 'Small'. (OPT-170)
Information: Changed wire load model for 'DW02_mult' from '(none)' to 'Small'. (OPT-170)
Information: Changed wire load model for '*MULT_TC_OP_8_8_16' from '(none)' to 'Small'. (OPT-170)
Information: Changed wire load model for 'DW02_mult' from '(none)' to 'Small'. (OPT-170)
Information: Changed wire load model for '*MULT_TC_OP_8_8_16' from '(none)' to 'Small'. (OPT-170)
Information: Changed wire load model for 'DW02_mult' from '(none)' to 'Small'. (OPT-170)
Information: Changed wire load model for '*MULT_TC_OP_8_8_16' from '(none)' to 'Small'. (OPT-170)
Information: Changed wire load model for 'DW02_mult' from '(none)' to 'Small'. (OPT-170)
Information: Changed wire load model for '*MULT_TC_OP_8_8_16' from '(none)' to 'Small'. (OPT-170)
Information: Changed wire load model for 'DW02_mult' from '(none)' to 'Small'. (OPT-170)
Information: Changed wire load model for '*MULT_TC_OP_8_8_16' from '(none)' to 'Small'. (OPT-170)
Information: Changed wire load model for 'DW02_mult' from '(none)' to 'Small'. (OPT-170)
Information: Changed wire load model for '*MULT_TC_OP_8_8_16' from '(none)' to 'Small'. (OPT-170)
Information: Changed wire load model for 'DW02_mult' from '(none)' to 'Small'. (OPT-170)
Information: Changed wire load model for '*MULT_TC_OP_8_8_16' from '(none)' to 'Small'. (OPT-170)
Information: Changed wire load model for 'DW02_mult' from '(none)' to 'Small'. (OPT-170)
Information: Changed wire load model for '*MULT_TC_OP_8_8_16' from '(none)' to 'Small'. (OPT-170)
Information: Changed wire load model for 'DW02_mult' from '(none)' to 'Small'. (OPT-170)
Information: Changed wire load model for '*MULT_TC_OP_8_8_16' from '(none)' to 'Small'. (OPT-170)
Information: Changed wire load model for 'DW02_mult' from '(none)' to 'Small'. (OPT-170)
Information: Changed wire load model for '*MULT_TC_OP_8_8_16' from '(none)' to 'Small'. (OPT-170)
Information: Changed wire load model for 'DW02_mult' from '(none)' to 'Small'. (OPT-170)
Information: Changed wire load model for '*MULT_TC_OP_8_8_16' from '(none)' to 'Small'. (OPT-170)
Information: Changed wire load model for 'DW02_mult' from '(none)' to 'Small'. (OPT-170)
Information: Changed wire load model for '*MULT_TC_OP_8_8_16' from '(none)' to 'Small'. (OPT-170)
Information: Changed wire load model for 'DW02_mult' from '(none)' to 'Small'. (OPT-170)
Information: Changed wire load model for '*MULT_TC_OP_8_8_16' from '(none)' to 'Small'. (OPT-170)
Information: Changed wire load model for 'DW02_mult' from '(none)' to 'Small'. (OPT-170)
Information: Changed wire load model for '*MULT_TC_OP_8_8_16' from '(none)' to 'Small'. (OPT-170)
Information: Changed wire load model for 'DW02_mult' from '(none)' to 'Small'. (OPT-170)
Information: Changed wire load model for '*MULT_TC_OP_8_8_16' from '(none)' to 'Small'. (OPT-170)
Information: Changed wire load model for 'DW01_add_width18' from '(none)' to 'Small'. (OPT-170)
Information: Changed wire load model for '*ADD_TC_OP_18_16_18' from '(none)' to 'Small'. (OPT-170)
Information: Changed wire load model for 'DW01_add_width18' from '(none)' to 'Small'. (OPT-170)
Information: Changed wire load model for '*ADD_TC_OP_18_16_18' from '(none)' to 'Small'. (OPT-170)
Information: Changed wire load model for 'DW01_add_width18' from '(none)' to 'Small'. (OPT-170)
Information: Changed wire load model for '*ADD_TC_OP_18_16_18' from '(none)' to 'Small'. (OPT-170)
Information: Changed wire load model for 'DW01_add_width18' from '(none)' to 'Small'. (OPT-170)
Information: Changed wire load model for '*ADD_TC_OP_18_16_18' from '(none)' to 'Small'. (OPT-170)
Information: Changed wire load model for 'DW01_add_width18' from '(none)' to 'Small'. (OPT-170)
Information: Changed wire load model for '*ADD_TC_OP_17_16_18' from '(none)' to 'Small'. (OPT-170)
Information: Changed wire load model for 'DW01_add_width18' from '(none)' to 'Small'. (OPT-170)
Information: Changed wire load model for '*ADD_TC_OP_17_16_18' from '(none)' to 'Small'. (OPT-170)
Information: Changed wire load model for 'DW01_add_width18' from '(none)' to 'Small'. (OPT-170)
Information: Changed wire load model for '*ADD_TC_OP_17_16_18' from '(none)' to 'Small'. (OPT-170)
Information: Changed wire load model for 'DW01_add_width18' from '(none)' to 'Small'. (OPT-170)
Information: Changed wire load model for '*ADD_TC_OP_17_16_18' from '(none)' to 'Small'. (OPT-170)
Information: Changed wire load model for 'DW01_add_width17' from '(none)' to 'Small'. (OPT-170)
Information: Changed wire load model for '*ADD_TC_OP_16_16_17' from '(none)' to 'Small'. (OPT-170)
Information: Changed wire load model for 'DW01_add_width17' from '(none)' to 'Small'. (OPT-170)
Information: Changed wire load model for '*ADD_TC_OP_16_16_17' from '(none)' to 'Small'. (OPT-170)
Information: Changed wire load model for 'DW01_add_width17' from '(none)' to 'Small'. (OPT-170)
Information: Changed wire load model for '*ADD_TC_OP_16_16_17' from '(none)' to 'Small'. (OPT-170)
Information: Changed wire load model for 'DW01_add_width17' from '(none)' to 'Small'. (OPT-170)
Information: Changed wire load model for '*ADD_TC_OP_16_16_17' from '(none)' to 'Small'. (OPT-170)
Information: Changed wire load model for 'DW02_mult' from '(none)' to 'Small'. (OPT-170)
Information: Changed wire load model for '*MULT_TC_OP_8_8_16' from '(none)' to 'Small'. (OPT-170)
Information: Changed wire load model for 'DW02_mult' from '(none)' to 'Small'. (OPT-170)
Information: Changed wire load model for '*MULT_TC_OP_8_8_16' from '(none)' to 'Small'. (OPT-170)
Information: Changed wire load model for 'DW02_mult' from '(none)' to 'Small'. (OPT-170)
Information: Changed wire load model for '*MULT_TC_OP_8_8_16' from '(none)' to 'Small'. (OPT-170)
Information: Changed wire load model for 'DW02_mult' from '(none)' to 'Small'. (OPT-170)
Information: Changed wire load model for '*MULT_TC_OP_8_8_16' from '(none)' to 'Small'. (OPT-170)
Information: Changed wire load model for 'DW02_mult' from '(none)' to 'Small'. (OPT-170)
Information: Changed wire load model for '*MULT_TC_OP_8_8_16' from '(none)' to 'Small'. (OPT-170)
Information: Changed wire load model for 'DW02_mult' from '(none)' to 'Small'. (OPT-170)
Information: Changed wire load model for '*MULT_TC_OP_8_8_16' from '(none)' to 'Small'. (OPT-170)
Information: Changed wire load model for 'DW02_mult' from '(none)' to 'Small'. (OPT-170)
Information: Changed wire load model for '*MULT_TC_OP_8_8_16' from '(none)' to 'Small'. (OPT-170)
Information: Changed wire load model for 'DW02_mult' from '(none)' to 'Small'. (OPT-170)
Information: Changed wire load model for '*MULT_TC_OP_8_8_16' from '(none)' to 'Small'. (OPT-170)
Information: Changed wire load model for 'DW02_mult' from '(none)' to 'Small'. (OPT-170)
Information: Changed wire load model for '*MULT_TC_OP_8_8_16' from '(none)' to 'Small'. (OPT-170)
Information: Changed wire load model for 'DW02_mult' from '(none)' to 'Small'. (OPT-170)
Information: Changed wire load model for '*MULT_TC_OP_8_8_16' from '(none)' to 'Small'. (OPT-170)
Information: Changed wire load model for 'DW02_mult' from '(none)' to 'Small'. (OPT-170)
Information: Changed wire load model for '*MULT_TC_OP_8_8_16' from '(none)' to 'Small'. (OPT-170)
Information: Changed wire load model for 'DW02_mult' from '(none)' to 'Small'. (OPT-170)
Information: Changed wire load model for '*MULT_TC_OP_8_8_16' from '(none)' to 'Small'. (OPT-170)
Information: Changed wire load model for 'DW02_mult' from '(none)' to 'Small'. (OPT-170)
Information: Changed wire load model for '*MULT_TC_OP_8_8_16' from '(none)' to 'Small'. (OPT-170)
Information: Changed wire load model for 'DW02_mult' from '(none)' to 'Small'. (OPT-170)
Information: Changed wire load model for '*MULT_TC_OP_8_8_16' from '(none)' to 'Small'. (OPT-170)
Information: Changed wire load model for 'DW02_mult' from '(none)' to 'Small'. (OPT-170)
Information: Changed wire load model for '*MULT_TC_OP_8_8_16' from '(none)' to 'Small'. (OPT-170)
Information: Changed wire load model for 'DW02_mult' from '(none)' to 'Small'. (OPT-170)
Information: Changed wire load model for '*MULT_TC_OP_8_8_16' from '(none)' to 'Small'. (OPT-170)
Information: Changed wire load model for 'DW01_add_width18' from '(none)' to 'Small'. (OPT-170)
Information: Changed wire load model for '*ADD_TC_OP_18_16_18' from '(none)' to 'Small'. (OPT-170)
Information: Changed wire load model for 'DW01_add_width18' from '(none)' to 'Small'. (OPT-170)
Information: Changed wire load model for '*ADD_TC_OP_18_16_18' from '(none)' to 'Small'. (OPT-170)
Information: Changed wire load model for 'DW01_add_width18' from '(none)' to 'Small'. (OPT-170)
Information: Changed wire load model for '*ADD_TC_OP_18_16_18' from '(none)' to 'Small'. (OPT-170)
Information: Changed wire load model for 'DW01_add_width18' from '(none)' to 'Small'. (OPT-170)
Information: Changed wire load model for '*ADD_TC_OP_18_16_18' from '(none)' to 'Small'. (OPT-170)
Information: Changed wire load model for 'DW01_add_width18' from '(none)' to 'Small'. (OPT-170)
Information: Changed wire load model for '*ADD_TC_OP_17_16_18' from '(none)' to 'Small'. (OPT-170)
Information: Changed wire load model for 'DW01_add_width18' from '(none)' to 'Small'. (OPT-170)
Information: Changed wire load model for '*ADD_TC_OP_17_16_18' from '(none)' to 'Small'. (OPT-170)
Information: Changed wire load model for 'DW01_add_width18' from '(none)' to 'Small'. (OPT-170)
Information: Changed wire load model for '*ADD_TC_OP_17_16_18' from '(none)' to 'Small'. (OPT-170)
Information: Changed wire load model for 'DW01_add_width18' from '(none)' to 'Small'. (OPT-170)
Information: Changed wire load model for '*ADD_TC_OP_17_16_18' from '(none)' to 'Small'. (OPT-170)
Information: Changed wire load model for 'DW01_add_width17' from '(none)' to 'Small'. (OPT-170)
Information: Changed wire load model for '*ADD_TC_OP_16_16_17' from '(none)' to 'Small'. (OPT-170)
Information: Changed wire load model for 'DW01_add_width17' from '(none)' to 'Small'. (OPT-170)
Information: Changed wire load model for '*ADD_TC_OP_16_16_17' from '(none)' to 'Small'. (OPT-170)
Information: Changed wire load model for 'DW01_add_width17' from '(none)' to 'Small'. (OPT-170)
Information: Changed wire load model for '*ADD_TC_OP_16_16_17' from '(none)' to 'Small'. (OPT-170)
Information: Changed wire load model for 'DW01_add_width17' from '(none)' to 'Small'. (OPT-170)
Information: Changed wire load model for '*ADD_TC_OP_16_16_17' from '(none)' to 'Small'. (OPT-170)
Information: Changed wire load model for 'DW02_mult' from '(none)' to 'Small'. (OPT-170)
Information: Changed wire load model for '*MULT_TC_OP_8_8_16' from '(none)' to 'Small'. (OPT-170)
Information: Changed wire load model for 'DW02_mult' from '(none)' to 'Small'. (OPT-170)
Information: Changed wire load model for '*MULT_TC_OP_8_8_16' from '(none)' to 'Small'. (OPT-170)
Information: Changed wire load model for 'DW02_mult' from '(none)' to 'Small'. (OPT-170)
Information: Changed wire load model for '*MULT_TC_OP_8_8_16' from '(none)' to 'Small'. (OPT-170)
Information: Changed wire load model for 'DW02_mult' from '(none)' to 'Small'. (OPT-170)
Information: Changed wire load model for '*MULT_TC_OP_8_8_16' from '(none)' to 'Small'. (OPT-170)
Information: Changed wire load model for 'DW02_mult' from '(none)' to 'Small'. (OPT-170)
Information: Changed wire load model for '*MULT_TC_OP_8_8_16' from '(none)' to 'Small'. (OPT-170)
Information: Changed wire load model for 'DW02_mult' from '(none)' to 'Small'. (OPT-170)
Information: Changed wire load model for '*MULT_TC_OP_8_8_16' from '(none)' to 'Small'. (OPT-170)
Information: Changed wire load model for 'DW02_mult' from '(none)' to 'Small'. (OPT-170)
Information: Changed wire load model for '*MULT_TC_OP_8_8_16' from '(none)' to 'Small'. (OPT-170)
Information: Changed wire load model for 'DW02_mult' from '(none)' to 'Small'. (OPT-170)
Information: Changed wire load model for '*MULT_TC_OP_8_8_16' from '(none)' to 'Small'. (OPT-170)
Information: Changed wire load model for 'DW02_mult' from '(none)' to 'Small'. (OPT-170)
Information: Changed wire load model for '*MULT_TC_OP_8_8_16' from '(none)' to 'Small'. (OPT-170)
Information: Changed wire load model for 'DW02_mult' from '(none)' to 'Small'. (OPT-170)
Information: Changed wire load model for '*MULT_TC_OP_8_8_16' from '(none)' to 'Small'. (OPT-170)
Information: Changed wire load model for 'DW02_mult' from '(none)' to 'Small'. (OPT-170)
Information: Changed wire load model for '*MULT_TC_OP_8_8_16' from '(none)' to 'Small'. (OPT-170)
Information: Changed wire load model for 'DW02_mult' from '(none)' to 'Small'. (OPT-170)
Information: Changed wire load model for '*MULT_TC_OP_8_8_16' from '(none)' to 'Small'. (OPT-170)
Information: Changed wire load model for 'DW02_mult' from '(none)' to 'Small'. (OPT-170)
Information: Changed wire load model for '*MULT_TC_OP_8_8_16' from '(none)' to 'Small'. (OPT-170)
Information: Changed wire load model for 'DW02_mult' from '(none)' to 'Small'. (OPT-170)
Information: Changed wire load model for '*MULT_TC_OP_8_8_16' from '(none)' to 'Small'. (OPT-170)
Information: Changed wire load model for 'DW02_mult' from '(none)' to 'Small'. (OPT-170)
Information: Changed wire load model for '*MULT_TC_OP_8_8_16' from '(none)' to 'Small'. (OPT-170)
Information: Changed wire load model for 'DW02_mult' from '(none)' to 'Small'. (OPT-170)
Information: Changed wire load model for '*MULT_TC_OP_8_8_16' from '(none)' to 'Small'. (OPT-170)
Information: Changed wire load model for 'DW01_add_width20' from '(none)' to 'Small'. (OPT-170)
Information: Changed wire load model for '*ADD_TC_OP_20_18_20' from '(none)' to 'Small'. (OPT-170)
Information: Changed wire load model for 'DW01_add_width20' from '(none)' to 'Small'. (OPT-170)
Information: Changed wire load model for '*ADD_TC_OP_20_18_20' from '(none)' to 'Small'. (OPT-170)
Information: Changed wire load model for 'DW01_add_width20' from '(none)' to 'Small'. (OPT-170)
Information: Changed wire load model for '*ADD_TC_OP_20_18_20' from '(none)' to 'Small'. (OPT-170)
Information: Changed wire load model for 'DW01_add_width20' from '(none)' to 'Small'. (OPT-170)
Information: Changed wire load model for '*ADD_TC_OP_20_18_20' from '(none)' to 'Small'. (OPT-170)
Information: Changed wire load model for 'DW01_add_width20' from '(none)' to 'Small'. (OPT-170)
Information: Changed wire load model for '*ADD_TC_OP_19_18_20' from '(none)' to 'Small'. (OPT-170)
Information: Changed wire load model for 'DW01_add_width20' from '(none)' to 'Small'. (OPT-170)
Information: Changed wire load model for '*ADD_TC_OP_19_18_20' from '(none)' to 'Small'. (OPT-170)
Information: Changed wire load model for 'DW01_add_width20' from '(none)' to 'Small'. (OPT-170)
Information: Changed wire load model for '*ADD_TC_OP_19_18_20' from '(none)' to 'Small'. (OPT-170)
Information: Changed wire load model for 'DW01_add_width20' from '(none)' to 'Small'. (OPT-170)
Information: Changed wire load model for '*ADD_TC_OP_19_18_20' from '(none)' to 'Small'. (OPT-170)
Information: Changed wire load model for 'DW01_add_width19' from '(none)' to 'Small'. (OPT-170)
Information: Changed wire load model for '*ADD_TC_OP_18_18_19' from '(none)' to 'Small'. (OPT-170)
Information: Changed wire load model for 'DW01_add_width19' from '(none)' to 'Small'. (OPT-170)
Information: Changed wire load model for '*ADD_TC_OP_18_18_19' from '(none)' to 'Small'. (OPT-170)
Information: Changed wire load model for 'DW01_add_width19' from '(none)' to 'Small'. (OPT-170)
Information: Changed wire load model for '*ADD_TC_OP_18_18_19' from '(none)' to 'Small'. (OPT-170)
Information: Changed wire load model for 'DW01_add_width19' from '(none)' to 'Small'. (OPT-170)
Information: Changed wire load model for '*ADD_TC_OP_18_18_19' from '(none)' to 'Small'. (OPT-170)
Information: Changed wire load model for 'DW01_add_width18' from '(none)' to 'Small'. (OPT-170)
Information: Changed wire load model for '*ADD_TC_OP_18_16_18' from '(none)' to 'Small'. (OPT-170)
Information: Changed wire load model for 'DW01_add_width18' from '(none)' to 'Small'. (OPT-170)
Information: Changed wire load model for '*ADD_TC_OP_18_16_18' from '(none)' to 'Small'. (OPT-170)
Information: Changed wire load model for 'DW01_add_width18' from '(none)' to 'Small'. (OPT-170)
Information: Changed wire load model for '*ADD_TC_OP_18_16_18' from '(none)' to 'Small'. (OPT-170)
Information: Changed wire load model for 'DW01_add_width18' from '(none)' to 'Small'. (OPT-170)
Information: Changed wire load model for '*ADD_TC_OP_18_16_18' from '(none)' to 'Small'. (OPT-170)
Information: Changed wire load model for 'DW01_add_width18' from '(none)' to 'Small'. (OPT-170)
Information: Changed wire load model for '*ADD_TC_OP_17_16_18' from '(none)' to 'Small'. (OPT-170)
Information: Changed wire load model for 'DW01_add_width18' from '(none)' to 'Small'. (OPT-170)
Information: Changed wire load model for '*ADD_TC_OP_17_16_18' from '(none)' to 'Small'. (OPT-170)
Information: Changed wire load model for 'DW01_add_width18' from '(none)' to 'Small'. (OPT-170)
Information: Changed wire load model for '*ADD_TC_OP_17_16_18' from '(none)' to 'Small'. (OPT-170)
Information: Changed wire load model for 'DW01_add_width18' from '(none)' to 'Small'. (OPT-170)
Information: Changed wire load model for '*ADD_TC_OP_17_16_18' from '(none)' to 'Small'. (OPT-170)
Information: Changed wire load model for 'DW01_add_width17' from '(none)' to 'Small'. (OPT-170)
Information: Changed wire load model for '*ADD_TC_OP_16_16_17' from '(none)' to 'Small'. (OPT-170)
Information: Changed wire load model for 'DW01_add_width17' from '(none)' to 'Small'. (OPT-170)
Information: Changed wire load model for '*ADD_TC_OP_16_16_17' from '(none)' to 'Small'. (OPT-170)
Information: Changed wire load model for 'DW01_add_width17' from '(none)' to 'Small'. (OPT-170)
Information: Changed wire load model for '*ADD_TC_OP_16_16_17' from '(none)' to 'Small'. (OPT-170)
Information: Changed wire load model for 'DW01_add_width17' from '(none)' to 'Small'. (OPT-170)
Information: Changed wire load model for '*ADD_TC_OP_16_16_17' from '(none)' to 'Small'. (OPT-170)
Information: Changed wire load model for 'DW02_mult' from '(none)' to 'Small'. (OPT-170)
Information: Changed wire load model for '*MULT_TC_OP_8_8_16' from '(none)' to 'Small'. (OPT-170)
Information: Changed wire load model for 'DW02_mult' from '(none)' to 'Small'. (OPT-170)
Information: Changed wire load model for '*MULT_TC_OP_8_8_16' from '(none)' to 'Small'. (OPT-170)
Information: Changed wire load model for 'DW02_mult' from '(none)' to 'Small'. (OPT-170)
Information: Changed wire load model for '*MULT_TC_OP_8_8_16' from '(none)' to 'Small'. (OPT-170)
Information: Changed wire load model for 'DW02_mult' from '(none)' to 'Small'. (OPT-170)
Information: Changed wire load model for '*MULT_TC_OP_8_8_16' from '(none)' to 'Small'. (OPT-170)
Information: Changed wire load model for 'DW02_mult' from '(none)' to 'Small'. (OPT-170)
Information: Changed wire load model for '*MULT_TC_OP_8_8_16' from '(none)' to 'Small'. (OPT-170)
Information: Changed wire load model for 'DW02_mult' from '(none)' to 'Small'. (OPT-170)
Information: Changed wire load model for '*MULT_TC_OP_8_8_16' from '(none)' to 'Small'. (OPT-170)
Information: Changed wire load model for 'DW02_mult' from '(none)' to 'Small'. (OPT-170)
Information: Changed wire load model for '*MULT_TC_OP_8_8_16' from '(none)' to 'Small'. (OPT-170)
Information: Changed wire load model for 'DW02_mult' from '(none)' to 'Small'. (OPT-170)
Information: Changed wire load model for '*MULT_TC_OP_8_8_16' from '(none)' to 'Small'. (OPT-170)
Information: Changed wire load model for 'DW02_mult' from '(none)' to 'Small'. (OPT-170)
Information: Changed wire load model for '*MULT_TC_OP_8_8_16' from '(none)' to 'Small'. (OPT-170)
Information: Changed wire load model for 'DW02_mult' from '(none)' to 'Small'. (OPT-170)
Information: Changed wire load model for '*MULT_TC_OP_8_8_16' from '(none)' to 'Small'. (OPT-170)
Information: Changed wire load model for 'DW02_mult' from '(none)' to 'Small'. (OPT-170)
Information: Changed wire load model for '*MULT_TC_OP_8_8_16' from '(none)' to 'Small'. (OPT-170)
Information: Changed wire load model for 'DW02_mult' from '(none)' to 'Small'. (OPT-170)
Information: Changed wire load model for '*MULT_TC_OP_8_8_16' from '(none)' to 'Small'. (OPT-170)
Information: Changed wire load model for 'DW02_mult' from '(none)' to 'Small'. (OPT-170)
Information: Changed wire load model for '*MULT_TC_OP_8_8_16' from '(none)' to 'Small'. (OPT-170)
Information: Changed wire load model for 'DW02_mult' from '(none)' to 'Small'. (OPT-170)
Information: Changed wire load model for '*MULT_TC_OP_8_8_16' from '(none)' to 'Small'. (OPT-170)
Information: Changed wire load model for 'DW02_mult' from '(none)' to 'Small'. (OPT-170)
Information: Changed wire load model for '*MULT_TC_OP_8_8_16' from '(none)' to 'Small'. (OPT-170)
Information: Changed wire load model for 'DW02_mult' from '(none)' to 'Small'. (OPT-170)
Information: Changed wire load model for '*MULT_TC_OP_8_8_16' from '(none)' to 'Small'. (OPT-170)
Information: Changed wire load model for 'DW01_add_width18' from '(none)' to 'Small'. (OPT-170)
Information: Changed wire load model for '*ADD_TC_OP_18_16_18' from '(none)' to 'Small'. (OPT-170)
Information: Changed wire load model for 'DW01_add_width18' from '(none)' to 'Small'. (OPT-170)
Information: Changed wire load model for '*ADD_TC_OP_18_16_18' from '(none)' to 'Small'. (OPT-170)
Information: Changed wire load model for 'DW01_add_width18' from '(none)' to 'Small'. (OPT-170)
Information: Changed wire load model for '*ADD_TC_OP_18_16_18' from '(none)' to 'Small'. (OPT-170)
Information: Changed wire load model for 'DW01_add_width18' from '(none)' to 'Small'. (OPT-170)
Information: Changed wire load model for '*ADD_TC_OP_18_16_18' from '(none)' to 'Small'. (OPT-170)
Information: Changed wire load model for 'DW01_add_width18' from '(none)' to 'Small'. (OPT-170)
Information: Changed wire load model for '*ADD_TC_OP_17_16_18' from '(none)' to 'Small'. (OPT-170)
Information: Changed wire load model for 'DW01_add_width18' from '(none)' to 'Small'. (OPT-170)
Information: Changed wire load model for '*ADD_TC_OP_17_16_18' from '(none)' to 'Small'. (OPT-170)
Information: Changed wire load model for 'DW01_add_width18' from '(none)' to 'Small'. (OPT-170)
Information: Changed wire load model for '*ADD_TC_OP_17_16_18' from '(none)' to 'Small'. (OPT-170)
Information: Changed wire load model for 'DW01_add_width18' from '(none)' to 'Small'. (OPT-170)
Information: Changed wire load model for '*ADD_TC_OP_17_16_18' from '(none)' to 'Small'. (OPT-170)
Information: Changed wire load model for 'DW01_add_width17' from '(none)' to 'Small'. (OPT-170)
Information: Changed wire load model for '*ADD_TC_OP_16_16_17' from '(none)' to 'Small'. (OPT-170)
Information: Changed wire load model for 'DW01_add_width17' from '(none)' to 'Small'. (OPT-170)
Information: Changed wire load model for '*ADD_TC_OP_16_16_17' from '(none)' to 'Small'. (OPT-170)
Information: Changed wire load model for 'DW01_add_width17' from '(none)' to 'Small'. (OPT-170)
Information: Changed wire load model for '*ADD_TC_OP_16_16_17' from '(none)' to 'Small'. (OPT-170)
Information: Changed wire load model for 'DW01_add_width17' from '(none)' to 'Small'. (OPT-170)
Information: Changed wire load model for '*ADD_TC_OP_16_16_17' from '(none)' to 'Small'. (OPT-170)
Information: Changed wire load model for 'DW02_mult' from '(none)' to 'Small'. (OPT-170)
Information: Changed wire load model for '*MULT_TC_OP_8_8_16' from '(none)' to 'Small'. (OPT-170)
Information: Changed wire load model for 'DW02_mult' from '(none)' to 'Small'. (OPT-170)
Information: Changed wire load model for '*MULT_TC_OP_8_8_16' from '(none)' to 'Small'. (OPT-170)
Information: Changed wire load model for 'DW02_mult' from '(none)' to 'Small'. (OPT-170)
Information: Changed wire load model for '*MULT_TC_OP_8_8_16' from '(none)' to 'Small'. (OPT-170)
Information: Changed wire load model for 'DW02_mult' from '(none)' to 'Small'. (OPT-170)
Information: Changed wire load model for '*MULT_TC_OP_8_8_16' from '(none)' to 'Small'. (OPT-170)
Information: Changed wire load model for 'DW02_mult' from '(none)' to 'Small'. (OPT-170)
Information: Changed wire load model for '*MULT_TC_OP_8_8_16' from '(none)' to 'Small'. (OPT-170)
Information: Changed wire load model for 'DW02_mult' from '(none)' to 'Small'. (OPT-170)
Information: Changed wire load model for '*MULT_TC_OP_8_8_16' from '(none)' to 'Small'. (OPT-170)
Information: Changed wire load model for 'DW02_mult' from '(none)' to 'Small'. (OPT-170)
Information: Changed wire load model for '*MULT_TC_OP_8_8_16' from '(none)' to 'Small'. (OPT-170)
Information: Changed wire load model for 'DW02_mult' from '(none)' to 'Small'. (OPT-170)
Information: Changed wire load model for '*MULT_TC_OP_8_8_16' from '(none)' to 'Small'. (OPT-170)
Information: Changed wire load model for 'DW02_mult' from '(none)' to 'Small'. (OPT-170)
Information: Changed wire load model for '*MULT_TC_OP_8_8_16' from '(none)' to 'Small'. (OPT-170)
Information: Changed wire load model for 'DW02_mult' from '(none)' to 'Small'. (OPT-170)
Information: Changed wire load model for '*MULT_TC_OP_8_8_16' from '(none)' to 'Small'. (OPT-170)
Information: Changed wire load model for 'DW02_mult' from '(none)' to 'Small'. (OPT-170)
Information: Changed wire load model for '*MULT_TC_OP_8_8_16' from '(none)' to 'Small'. (OPT-170)
Information: Changed wire load model for 'DW02_mult' from '(none)' to 'Small'. (OPT-170)
Information: Changed wire load model for '*MULT_TC_OP_8_8_16' from '(none)' to 'Small'. (OPT-170)
Information: Changed wire load model for 'DW02_mult' from '(none)' to 'Small'. (OPT-170)
Information: Changed wire load model for '*MULT_TC_OP_8_8_16' from '(none)' to 'Small'. (OPT-170)
Information: Changed wire load model for 'DW02_mult' from '(none)' to 'Small'. (OPT-170)
Information: Changed wire load model for '*MULT_TC_OP_8_8_16' from '(none)' to 'Small'. (OPT-170)
Information: Changed wire load model for 'DW02_mult' from '(none)' to 'Small'. (OPT-170)
Information: Changed wire load model for '*MULT_TC_OP_8_8_16' from '(none)' to 'Small'. (OPT-170)
Information: Changed wire load model for 'DW02_mult' from '(none)' to 'Small'. (OPT-170)
Information: Changed wire load model for '*MULT_TC_OP_8_8_16' from '(none)' to 'Small'. (OPT-170)
Information: Changed wire load model for 'DW01_add_width18' from '(none)' to 'Small'. (OPT-170)
Information: Changed wire load model for '*ADD_TC_OP_18_16_18' from '(none)' to 'Small'. (OPT-170)
Information: Changed wire load model for 'DW01_add_width18' from '(none)' to 'Small'. (OPT-170)
Information: Changed wire load model for '*ADD_TC_OP_18_16_18' from '(none)' to 'Small'. (OPT-170)
Information: Changed wire load model for 'DW01_add_width18' from '(none)' to 'Small'. (OPT-170)
Information: Changed wire load model for '*ADD_TC_OP_18_16_18' from '(none)' to 'Small'. (OPT-170)
Information: Changed wire load model for 'DW01_add_width18' from '(none)' to 'Small'. (OPT-170)
Information: Changed wire load model for '*ADD_TC_OP_18_16_18' from '(none)' to 'Small'. (OPT-170)
Information: Changed wire load model for 'DW01_add_width18' from '(none)' to 'Small'. (OPT-170)
Information: Changed wire load model for '*ADD_TC_OP_17_16_18' from '(none)' to 'Small'. (OPT-170)
Information: Changed wire load model for 'DW01_add_width18' from '(none)' to 'Small'. (OPT-170)
Information: Changed wire load model for '*ADD_TC_OP_17_16_18' from '(none)' to 'Small'. (OPT-170)
Information: Changed wire load model for 'DW01_add_width18' from '(none)' to 'Small'. (OPT-170)
Information: Changed wire load model for '*ADD_TC_OP_17_16_18' from '(none)' to 'Small'. (OPT-170)
Information: Changed wire load model for 'DW01_add_width18' from '(none)' to 'Small'. (OPT-170)
Information: Changed wire load model for '*ADD_TC_OP_17_16_18' from '(none)' to 'Small'. (OPT-170)
Information: Changed wire load model for 'DW01_add_width17' from '(none)' to 'Small'. (OPT-170)
Information: Changed wire load model for '*ADD_TC_OP_16_16_17' from '(none)' to 'Small'. (OPT-170)
Information: Changed wire load model for 'DW01_add_width17' from '(none)' to 'Small'. (OPT-170)
Information: Changed wire load model for '*ADD_TC_OP_16_16_17' from '(none)' to 'Small'. (OPT-170)
Information: Changed wire load model for 'DW01_add_width17' from '(none)' to 'Small'. (OPT-170)
Information: Changed wire load model for '*ADD_TC_OP_16_16_17' from '(none)' to 'Small'. (OPT-170)
Information: Changed wire load model for 'DW01_add_width17' from '(none)' to 'Small'. (OPT-170)
Information: Changed wire load model for '*ADD_TC_OP_16_16_17' from '(none)' to 'Small'. (OPT-170)
Information: Changed wire load model for 'DW02_mult' from '(none)' to 'Small'. (OPT-170)
Information: Changed wire load model for '*MULT_TC_OP_8_8_16' from '(none)' to 'Small'. (OPT-170)
Information: Changed wire load model for 'DW02_mult' from '(none)' to 'Small'. (OPT-170)
Information: Changed wire load model for '*MULT_TC_OP_8_8_16' from '(none)' to 'Small'. (OPT-170)
Information: Changed wire load model for 'DW02_mult' from '(none)' to 'Small'. (OPT-170)
Information: Changed wire load model for '*MULT_TC_OP_8_8_16' from '(none)' to 'Small'. (OPT-170)
Information: Changed wire load model for 'DW02_mult' from '(none)' to 'Small'. (OPT-170)
Information: Changed wire load model for '*MULT_TC_OP_8_8_16' from '(none)' to 'Small'. (OPT-170)
Information: Changed wire load model for 'DW02_mult' from '(none)' to 'Small'. (OPT-170)
Information: Changed wire load model for '*MULT_TC_OP_8_8_16' from '(none)' to 'Small'. (OPT-170)
Information: Changed wire load model for 'DW02_mult' from '(none)' to 'Small'. (OPT-170)
Information: Changed wire load model for '*MULT_TC_OP_8_8_16' from '(none)' to 'Small'. (OPT-170)
Information: Changed wire load model for 'DW02_mult' from '(none)' to 'Small'. (OPT-170)
Information: Changed wire load model for '*MULT_TC_OP_8_8_16' from '(none)' to 'Small'. (OPT-170)
Information: Changed wire load model for 'DW02_mult' from '(none)' to 'Small'. (OPT-170)
Information: Changed wire load model for '*MULT_TC_OP_8_8_16' from '(none)' to 'Small'. (OPT-170)
Information: Changed wire load model for 'DW02_mult' from '(none)' to 'Small'. (OPT-170)
Information: Changed wire load model for '*MULT_TC_OP_8_8_16' from '(none)' to 'Small'. (OPT-170)
Information: Changed wire load model for 'DW02_mult' from '(none)' to 'Small'. (OPT-170)
Information: Changed wire load model for '*MULT_TC_OP_8_8_16' from '(none)' to 'Small'. (OPT-170)
Information: Changed wire load model for 'DW02_mult' from '(none)' to 'Small'. (OPT-170)
Information: Changed wire load model for '*MULT_TC_OP_8_8_16' from '(none)' to 'Small'. (OPT-170)
Information: Changed wire load model for 'DW02_mult' from '(none)' to 'Small'. (OPT-170)
Information: Changed wire load model for '*MULT_TC_OP_8_8_16' from '(none)' to 'Small'. (OPT-170)
Information: Changed wire load model for 'DW02_mult' from '(none)' to 'Small'. (OPT-170)
Information: Changed wire load model for '*MULT_TC_OP_8_8_16' from '(none)' to 'Small'. (OPT-170)
Information: Changed wire load model for 'DW02_mult' from '(none)' to 'Small'. (OPT-170)
Information: Changed wire load model for '*MULT_TC_OP_8_8_16' from '(none)' to 'Small'. (OPT-170)
Information: Changed wire load model for 'DW02_mult' from '(none)' to 'Small'. (OPT-170)
Information: Changed wire load model for '*MULT_TC_OP_8_8_16' from '(none)' to 'Small'. (OPT-170)
Information: Changed wire load model for 'DW02_mult' from '(none)' to 'Small'. (OPT-170)
Information: Changed wire load model for '*MULT_TC_OP_8_8_16' from '(none)' to 'Small'. (OPT-170)
Information: Changed wire load model for 'DW01_add_width18' from '(none)' to 'Small'. (OPT-170)
Information: Changed wire load model for '*ADD_TC_OP_18_16_18' from '(none)' to 'Small'. (OPT-170)
Information: Changed wire load model for 'DW01_add_width18' from '(none)' to 'Small'. (OPT-170)
Information: Changed wire load model for '*ADD_TC_OP_18_16_18' from '(none)' to 'Small'. (OPT-170)
Information: Changed wire load model for 'DW01_add_width18' from '(none)' to 'Small'. (OPT-170)
Information: Changed wire load model for '*ADD_TC_OP_18_16_18' from '(none)' to 'Small'. (OPT-170)
Information: Changed wire load model for 'DW01_add_width18' from '(none)' to 'Small'. (OPT-170)
Information: Changed wire load model for '*ADD_TC_OP_18_16_18' from '(none)' to 'Small'. (OPT-170)
Information: Changed wire load model for 'DW01_add_width18' from '(none)' to 'Small'. (OPT-170)
Information: Changed wire load model for '*ADD_TC_OP_17_16_18' from '(none)' to 'Small'. (OPT-170)
Information: Changed wire load model for 'DW01_add_width18' from '(none)' to 'Small'. (OPT-170)
Information: Changed wire load model for '*ADD_TC_OP_17_16_18' from '(none)' to 'Small'. (OPT-170)
Information: Changed wire load model for 'DW01_add_width18' from '(none)' to 'Small'. (OPT-170)
Information: Changed wire load model for '*ADD_TC_OP_17_16_18' from '(none)' to 'Small'. (OPT-170)
Information: Changed wire load model for 'DW01_add_width18' from '(none)' to 'Small'. (OPT-170)
Information: Changed wire load model for '*ADD_TC_OP_17_16_18' from '(none)' to 'Small'. (OPT-170)
Information: Changed wire load model for 'DW01_add_width17' from '(none)' to 'Small'. (OPT-170)
Information: Changed wire load model for '*ADD_TC_OP_16_16_17' from '(none)' to 'Small'. (OPT-170)
Information: Changed wire load model for 'DW01_add_width17' from '(none)' to 'Small'. (OPT-170)
Information: Changed wire load model for '*ADD_TC_OP_16_16_17' from '(none)' to 'Small'. (OPT-170)
Information: Changed wire load model for 'DW01_add_width17' from '(none)' to 'Small'. (OPT-170)
Information: Changed wire load model for '*ADD_TC_OP_16_16_17' from '(none)' to 'Small'. (OPT-170)
Information: Changed wire load model for 'DW01_add_width17' from '(none)' to 'Small'. (OPT-170)
Information: Changed wire load model for '*ADD_TC_OP_16_16_17' from '(none)' to 'Small'. (OPT-170)
Information: Changed wire load model for 'DW02_mult' from '(none)' to 'Small'. (OPT-170)
Information: Changed wire load model for '*MULT_TC_OP_8_8_16' from '(none)' to 'Small'. (OPT-170)
Information: Changed wire load model for 'DW02_mult' from '(none)' to 'Small'. (OPT-170)
Information: Changed wire load model for '*MULT_TC_OP_8_8_16' from '(none)' to 'Small'. (OPT-170)
Information: Changed wire load model for 'DW02_mult' from '(none)' to 'Small'. (OPT-170)
Information: Changed wire load model for '*MULT_TC_OP_8_8_16' from '(none)' to 'Small'. (OPT-170)
Information: Changed wire load model for 'DW02_mult' from '(none)' to 'Small'. (OPT-170)
Information: Changed wire load model for '*MULT_TC_OP_8_8_16' from '(none)' to 'Small'. (OPT-170)
Information: Changed wire load model for 'DW02_mult' from '(none)' to 'Small'. (OPT-170)
Information: Changed wire load model for '*MULT_TC_OP_8_8_16' from '(none)' to 'Small'. (OPT-170)
Information: Changed wire load model for 'DW02_mult' from '(none)' to 'Small'. (OPT-170)
Information: Changed wire load model for '*MULT_TC_OP_8_8_16' from '(none)' to 'Small'. (OPT-170)
Information: Changed wire load model for 'DW02_mult' from '(none)' to 'Small'. (OPT-170)
Information: Changed wire load model for '*MULT_TC_OP_8_8_16' from '(none)' to 'Small'. (OPT-170)
Information: Changed wire load model for 'DW02_mult' from '(none)' to 'Small'. (OPT-170)
Information: Changed wire load model for '*MULT_TC_OP_8_8_16' from '(none)' to 'Small'. (OPT-170)
Information: Changed wire load model for 'DW02_mult' from '(none)' to 'Small'. (OPT-170)
Information: Changed wire load model for '*MULT_TC_OP_8_8_16' from '(none)' to 'Small'. (OPT-170)
Information: Changed wire load model for 'DW02_mult' from '(none)' to 'Small'. (OPT-170)
Information: Changed wire load model for '*MULT_TC_OP_8_8_16' from '(none)' to 'Small'. (OPT-170)
Information: Changed wire load model for 'DW02_mult' from '(none)' to 'Small'. (OPT-170)
Information: Changed wire load model for '*MULT_TC_OP_8_8_16' from '(none)' to 'Small'. (OPT-170)
Information: Changed wire load model for 'DW02_mult' from '(none)' to 'Small'. (OPT-170)
Information: Changed wire load model for '*MULT_TC_OP_8_8_16' from '(none)' to 'Small'. (OPT-170)
Information: Changed wire load model for 'DW02_mult' from '(none)' to 'Small'. (OPT-170)
Information: Changed wire load model for '*MULT_TC_OP_8_8_16' from '(none)' to 'Small'. (OPT-170)
Information: Changed wire load model for 'DW02_mult' from '(none)' to 'Small'. (OPT-170)
Information: Changed wire load model for '*MULT_TC_OP_8_8_16' from '(none)' to 'Small'. (OPT-170)
Information: Changed wire load model for 'DW02_mult' from '(none)' to 'Small'. (OPT-170)
Information: Changed wire load model for '*MULT_TC_OP_8_8_16' from '(none)' to 'Small'. (OPT-170)
Information: Changed wire load model for 'DW02_mult' from '(none)' to 'Small'. (OPT-170)
Information: Changed wire load model for '*MULT_TC_OP_8_8_16' from '(none)' to 'Small'. (OPT-170)
Information: Changed wire load model for 'DW01_add_width20' from '(none)' to 'Small'. (OPT-170)
Information: Changed wire load model for '*ADD_TC_OP_20_18_20' from '(none)' to 'Small'. (OPT-170)
Information: Changed wire load model for 'DW01_add_width20' from '(none)' to 'Small'. (OPT-170)
Information: Changed wire load model for '*ADD_TC_OP_20_18_20' from '(none)' to 'Small'. (OPT-170)
Information: Changed wire load model for 'DW01_add_width20' from '(none)' to 'Small'. (OPT-170)
Information: Changed wire load model for '*ADD_TC_OP_20_18_20' from '(none)' to 'Small'. (OPT-170)
Information: Changed wire load model for 'DW01_add_width20' from '(none)' to 'Small'. (OPT-170)
Information: Changed wire load model for '*ADD_TC_OP_20_18_20' from '(none)' to 'Small'. (OPT-170)
Information: Changed wire load model for 'DW01_add_width20' from '(none)' to 'Small'. (OPT-170)
Information: Changed wire load model for '*ADD_TC_OP_19_18_20' from '(none)' to 'Small'. (OPT-170)
Information: Changed wire load model for 'DW01_add_width20' from '(none)' to 'Small'. (OPT-170)
Information: Changed wire load model for '*ADD_TC_OP_19_18_20' from '(none)' to 'Small'. (OPT-170)
Information: Changed wire load model for 'DW01_add_width20' from '(none)' to 'Small'. (OPT-170)
Information: Changed wire load model for '*ADD_TC_OP_19_18_20' from '(none)' to 'Small'. (OPT-170)
Information: Changed wire load model for 'DW01_add_width20' from '(none)' to 'Small'. (OPT-170)
Information: Changed wire load model for '*ADD_TC_OP_19_18_20' from '(none)' to 'Small'. (OPT-170)
Information: Changed wire load model for 'DW01_add_width19' from '(none)' to 'Small'. (OPT-170)
Information: Changed wire load model for '*ADD_TC_OP_18_18_19' from '(none)' to 'Small'. (OPT-170)
Information: Changed wire load model for 'DW01_add_width19' from '(none)' to 'Small'. (OPT-170)
Information: Changed wire load model for '*ADD_TC_OP_18_18_19' from '(none)' to 'Small'. (OPT-170)
Information: Changed wire load model for 'DW01_add_width19' from '(none)' to 'Small'. (OPT-170)
Information: Changed wire load model for '*ADD_TC_OP_18_18_19' from '(none)' to 'Small'. (OPT-170)
Information: Changed wire load model for 'DW01_add_width19' from '(none)' to 'Small'. (OPT-170)
Information: Changed wire load model for '*ADD_TC_OP_18_18_19' from '(none)' to 'Small'. (OPT-170)
Information: Changed wire load model for 'DW01_add_width18' from '(none)' to 'Small'. (OPT-170)
Information: Changed wire load model for '*ADD_TC_OP_18_16_18' from '(none)' to 'Small'. (OPT-170)
Information: Changed wire load model for 'DW01_add_width18' from '(none)' to 'Small'. (OPT-170)
Information: Changed wire load model for '*ADD_TC_OP_18_16_18' from '(none)' to 'Small'. (OPT-170)
Information: Changed wire load model for 'DW01_add_width18' from '(none)' to 'Small'. (OPT-170)
Information: Changed wire load model for '*ADD_TC_OP_18_16_18' from '(none)' to 'Small'. (OPT-170)
Information: Changed wire load model for 'DW01_add_width18' from '(none)' to 'Small'. (OPT-170)
Information: Changed wire load model for '*ADD_TC_OP_18_16_18' from '(none)' to 'Small'. (OPT-170)
Information: Changed wire load model for 'DW01_add_width18' from '(none)' to 'Small'. (OPT-170)
Information: Changed wire load model for '*ADD_TC_OP_17_16_18' from '(none)' to 'Small'. (OPT-170)
Information: Changed wire load model for 'DW01_add_width18' from '(none)' to 'Small'. (OPT-170)
Information: Changed wire load model for '*ADD_TC_OP_17_16_18' from '(none)' to 'Small'. (OPT-170)
Information: Changed wire load model for 'DW01_add_width18' from '(none)' to 'Small'. (OPT-170)
Information: Changed wire load model for '*ADD_TC_OP_17_16_18' from '(none)' to 'Small'. (OPT-170)
Information: Changed wire load model for 'DW01_add_width18' from '(none)' to 'Small'. (OPT-170)
Information: Changed wire load model for '*ADD_TC_OP_17_16_18' from '(none)' to 'Small'. (OPT-170)
Information: Changed wire load model for 'DW01_add_width17' from '(none)' to 'Small'. (OPT-170)
Information: Changed wire load model for '*ADD_TC_OP_16_16_17' from '(none)' to 'Small'. (OPT-170)
Information: Changed wire load model for 'DW01_add_width17' from '(none)' to 'Small'. (OPT-170)
Information: Changed wire load model for '*ADD_TC_OP_16_16_17' from '(none)' to 'Small'. (OPT-170)
Information: Changed wire load model for 'DW01_add_width17' from '(none)' to 'Small'. (OPT-170)
Information: Changed wire load model for '*ADD_TC_OP_16_16_17' from '(none)' to 'Small'. (OPT-170)
Information: Changed wire load model for 'DW01_add_width17' from '(none)' to 'Small'. (OPT-170)
Information: Changed wire load model for '*ADD_TC_OP_16_16_17' from '(none)' to 'Small'. (OPT-170)
Information: Changed wire load model for 'DW02_mult' from '(none)' to 'Small'. (OPT-170)
Information: Changed wire load model for '*MULT_TC_OP_8_8_16' from '(none)' to 'Small'. (OPT-170)
Information: Changed wire load model for 'DW02_mult' from '(none)' to 'Small'. (OPT-170)
Information: Changed wire load model for '*MULT_TC_OP_8_8_16' from '(none)' to 'Small'. (OPT-170)
Information: Changed wire load model for 'DW02_mult' from '(none)' to 'Small'. (OPT-170)
Information: Changed wire load model for '*MULT_TC_OP_8_8_16' from '(none)' to 'Small'. (OPT-170)
Information: Changed wire load model for 'DW02_mult' from '(none)' to 'Small'. (OPT-170)
Information: Changed wire load model for '*MULT_TC_OP_8_8_16' from '(none)' to 'Small'. (OPT-170)
Information: Changed wire load model for 'DW02_mult' from '(none)' to 'Small'. (OPT-170)
Information: Changed wire load model for '*MULT_TC_OP_8_8_16' from '(none)' to 'Small'. (OPT-170)
Information: Changed wire load model for 'DW02_mult' from '(none)' to 'Small'. (OPT-170)
Information: Changed wire load model for '*MULT_TC_OP_8_8_16' from '(none)' to 'Small'. (OPT-170)
Information: Changed wire load model for 'DW02_mult' from '(none)' to 'Small'. (OPT-170)
Information: Changed wire load model for '*MULT_TC_OP_8_8_16' from '(none)' to 'Small'. (OPT-170)
Information: Changed wire load model for 'DW02_mult' from '(none)' to 'Small'. (OPT-170)
Information: Changed wire load model for '*MULT_TC_OP_8_8_16' from '(none)' to 'Small'. (OPT-170)
Information: Changed wire load model for 'DW02_mult' from '(none)' to 'Small'. (OPT-170)
Information: Changed wire load model for '*MULT_TC_OP_8_8_16' from '(none)' to 'Small'. (OPT-170)
Information: Changed wire load model for 'DW02_mult' from '(none)' to 'Small'. (OPT-170)
Information: Changed wire load model for '*MULT_TC_OP_8_8_16' from '(none)' to 'Small'. (OPT-170)
Information: Changed wire load model for 'DW02_mult' from '(none)' to 'Small'. (OPT-170)
Information: Changed wire load model for '*MULT_TC_OP_8_8_16' from '(none)' to 'Small'. (OPT-170)
Information: Changed wire load model for 'DW02_mult' from '(none)' to 'Small'. (OPT-170)
Information: Changed wire load model for '*MULT_TC_OP_8_8_16' from '(none)' to 'Small'. (OPT-170)
Information: Changed wire load model for 'DW02_mult' from '(none)' to 'Small'. (OPT-170)
Information: Changed wire load model for '*MULT_TC_OP_8_8_16' from '(none)' to 'Small'. (OPT-170)
Information: Changed wire load model for 'DW02_mult' from '(none)' to 'Small'. (OPT-170)
Information: Changed wire load model for '*MULT_TC_OP_8_8_16' from '(none)' to 'Small'. (OPT-170)
Information: Changed wire load model for 'DW02_mult' from '(none)' to 'Small'. (OPT-170)
Information: Changed wire load model for '*MULT_TC_OP_8_8_16' from '(none)' to 'Small'. (OPT-170)
Information: Changed wire load model for 'DW02_mult' from '(none)' to 'Small'. (OPT-170)
Information: Changed wire load model for '*MULT_TC_OP_8_8_16' from '(none)' to 'Small'. (OPT-170)
Information: Changed wire load model for 'DW01_add_width18' from '(none)' to 'Small'. (OPT-170)
Information: Changed wire load model for '*ADD_TC_OP_18_16_18' from '(none)' to 'Small'. (OPT-170)
Information: Changed wire load model for 'DW01_add_width18' from '(none)' to 'Small'. (OPT-170)
Information: Changed wire load model for '*ADD_TC_OP_18_16_18' from '(none)' to 'Small'. (OPT-170)
Information: Changed wire load model for 'DW01_add_width18' from '(none)' to 'Small'. (OPT-170)
Information: Changed wire load model for '*ADD_TC_OP_18_16_18' from '(none)' to 'Small'. (OPT-170)
Information: Changed wire load model for 'DW01_add_width18' from '(none)' to 'Small'. (OPT-170)
Information: Changed wire load model for '*ADD_TC_OP_18_16_18' from '(none)' to 'Small'. (OPT-170)
Information: Changed wire load model for 'DW01_add_width18' from '(none)' to 'Small'. (OPT-170)
Information: Changed wire load model for '*ADD_TC_OP_17_16_18' from '(none)' to 'Small'. (OPT-170)
Information: Changed wire load model for 'DW01_add_width18' from '(none)' to 'Small'. (OPT-170)
Information: Changed wire load model for '*ADD_TC_OP_17_16_18' from '(none)' to 'Small'. (OPT-170)
Information: Changed wire load model for 'DW01_add_width18' from '(none)' to 'Small'. (OPT-170)
Information: Changed wire load model for '*ADD_TC_OP_17_16_18' from '(none)' to 'Small'. (OPT-170)
Information: Changed wire load model for 'DW01_add_width18' from '(none)' to 'Small'. (OPT-170)
Information: Changed wire load model for '*ADD_TC_OP_17_16_18' from '(none)' to 'Small'. (OPT-170)
Information: Changed wire load model for 'DW01_add_width17' from '(none)' to 'Small'. (OPT-170)
Information: Changed wire load model for '*ADD_TC_OP_16_16_17' from '(none)' to 'Small'. (OPT-170)
Information: Changed wire load model for 'DW01_add_width17' from '(none)' to 'Small'. (OPT-170)
Information: Changed wire load model for '*ADD_TC_OP_16_16_17' from '(none)' to 'Small'. (OPT-170)
Information: Changed wire load model for 'DW01_add_width17' from '(none)' to 'Small'. (OPT-170)
Information: Changed wire load model for '*ADD_TC_OP_16_16_17' from '(none)' to 'Small'. (OPT-170)
Information: Changed wire load model for 'DW01_add_width17' from '(none)' to 'Small'. (OPT-170)
Information: Changed wire load model for '*ADD_TC_OP_16_16_17' from '(none)' to 'Small'. (OPT-170)
Information: Changed wire load model for 'DW02_mult' from '(none)' to 'Small'. (OPT-170)
Information: Changed wire load model for '*MULT_TC_OP_8_8_16' from '(none)' to 'Small'. (OPT-170)
Information: Changed wire load model for 'DW02_mult' from '(none)' to 'Small'. (OPT-170)
Information: Changed wire load model for '*MULT_TC_OP_8_8_16' from '(none)' to 'Small'. (OPT-170)
Information: Changed wire load model for 'DW02_mult' from '(none)' to 'Small'. (OPT-170)
Information: Changed wire load model for '*MULT_TC_OP_8_8_16' from '(none)' to 'Small'. (OPT-170)
Information: Changed wire load model for 'DW02_mult' from '(none)' to 'Small'. (OPT-170)
Information: Changed wire load model for '*MULT_TC_OP_8_8_16' from '(none)' to 'Small'. (OPT-170)
Information: Changed wire load model for 'DW02_mult' from '(none)' to 'Small'. (OPT-170)
Information: Changed wire load model for '*MULT_TC_OP_8_8_16' from '(none)' to 'Small'. (OPT-170)
Information: Changed wire load model for 'DW02_mult' from '(none)' to 'Small'. (OPT-170)
Information: Changed wire load model for '*MULT_TC_OP_8_8_16' from '(none)' to 'Small'. (OPT-170)
Information: Changed wire load model for 'DW02_mult' from '(none)' to 'Small'. (OPT-170)
Information: Changed wire load model for '*MULT_TC_OP_8_8_16' from '(none)' to 'Small'. (OPT-170)
Information: Changed wire load model for 'DW02_mult' from '(none)' to 'Small'. (OPT-170)
Information: Changed wire load model for '*MULT_TC_OP_8_8_16' from '(none)' to 'Small'. (OPT-170)
Information: Changed wire load model for 'DW02_mult' from '(none)' to 'Small'. (OPT-170)
Information: Changed wire load model for '*MULT_TC_OP_8_8_16' from '(none)' to 'Small'. (OPT-170)
Information: Changed wire load model for 'DW02_mult' from '(none)' to 'Small'. (OPT-170)
Information: Changed wire load model for '*MULT_TC_OP_8_8_16' from '(none)' to 'Small'. (OPT-170)
Information: Changed wire load model for 'DW02_mult' from '(none)' to 'Small'. (OPT-170)
Information: Changed wire load model for '*MULT_TC_OP_8_8_16' from '(none)' to 'Small'. (OPT-170)
Information: Changed wire load model for 'DW02_mult' from '(none)' to 'Small'. (OPT-170)
Information: Changed wire load model for '*MULT_TC_OP_8_8_16' from '(none)' to 'Small'. (OPT-170)
Information: Changed wire load model for 'DW02_mult' from '(none)' to 'Small'. (OPT-170)
Information: Changed wire load model for '*MULT_TC_OP_8_8_16' from '(none)' to 'Small'. (OPT-170)
Information: Changed wire load model for 'DW02_mult' from '(none)' to 'Small'. (OPT-170)
Information: Changed wire load model for '*MULT_TC_OP_8_8_16' from '(none)' to 'Small'. (OPT-170)
Information: Changed wire load model for 'DW02_mult' from '(none)' to 'Small'. (OPT-170)
Information: Changed wire load model for '*MULT_TC_OP_8_8_16' from '(none)' to 'Small'. (OPT-170)
Information: Changed wire load model for 'DW02_mult' from '(none)' to 'Small'. (OPT-170)
Information: Changed wire load model for '*MULT_TC_OP_8_8_16' from '(none)' to 'Small'. (OPT-170)
Information: Changed wire load model for 'DW01_add_width18' from '(none)' to 'Small'. (OPT-170)
Information: Changed wire load model for '*ADD_TC_OP_18_16_18' from '(none)' to 'Small'. (OPT-170)
Information: Changed wire load model for 'DW01_add_width18' from '(none)' to 'Small'. (OPT-170)
Information: Changed wire load model for '*ADD_TC_OP_18_16_18' from '(none)' to 'Small'. (OPT-170)
Information: Changed wire load model for 'DW01_add_width18' from '(none)' to 'Small'. (OPT-170)
Information: Changed wire load model for '*ADD_TC_OP_18_16_18' from '(none)' to 'Small'. (OPT-170)
Information: Changed wire load model for 'DW01_add_width18' from '(none)' to 'Small'. (OPT-170)
Information: Changed wire load model for '*ADD_TC_OP_18_16_18' from '(none)' to 'Small'. (OPT-170)
Information: Changed wire load model for 'DW01_add_width18' from '(none)' to 'Small'. (OPT-170)
Information: Changed wire load model for '*ADD_TC_OP_17_16_18' from '(none)' to 'Small'. (OPT-170)
Information: Changed wire load model for 'DW01_add_width18' from '(none)' to 'Small'. (OPT-170)
Information: Changed wire load model for '*ADD_TC_OP_17_16_18' from '(none)' to 'Small'. (OPT-170)
Information: Changed wire load model for 'DW01_add_width18' from '(none)' to 'Small'. (OPT-170)
Information: Changed wire load model for '*ADD_TC_OP_17_16_18' from '(none)' to 'Small'. (OPT-170)
Information: Changed wire load model for 'DW01_add_width18' from '(none)' to 'Small'. (OPT-170)
Information: Changed wire load model for '*ADD_TC_OP_17_16_18' from '(none)' to 'Small'. (OPT-170)
Information: Changed wire load model for 'DW01_add_width17' from '(none)' to 'Small'. (OPT-170)
Information: Changed wire load model for '*ADD_TC_OP_16_16_17' from '(none)' to 'Small'. (OPT-170)
Information: Changed wire load model for 'DW01_add_width17' from '(none)' to 'Small'. (OPT-170)
Information: Changed wire load model for '*ADD_TC_OP_16_16_17' from '(none)' to 'Small'. (OPT-170)
Information: Changed wire load model for 'DW01_add_width17' from '(none)' to 'Small'. (OPT-170)
Information: Changed wire load model for '*ADD_TC_OP_16_16_17' from '(none)' to 'Small'. (OPT-170)
Information: Changed wire load model for 'DW01_add_width17' from '(none)' to 'Small'. (OPT-170)
Information: Changed wire load model for '*ADD_TC_OP_16_16_17' from '(none)' to 'Small'. (OPT-170)
Information: Changed wire load model for 'DW02_mult' from '(none)' to 'Small'. (OPT-170)
Information: Changed wire load model for '*MULT_TC_OP_8_8_16' from '(none)' to 'Small'. (OPT-170)
Information: Changed wire load model for 'DW02_mult' from '(none)' to 'Small'. (OPT-170)
Information: Changed wire load model for '*MULT_TC_OP_8_8_16' from '(none)' to 'Small'. (OPT-170)
Information: Changed wire load model for 'DW02_mult' from '(none)' to 'Small'. (OPT-170)
Information: Changed wire load model for '*MULT_TC_OP_8_8_16' from '(none)' to 'Small'. (OPT-170)
Information: Changed wire load model for 'DW02_mult' from '(none)' to 'Small'. (OPT-170)
Information: Changed wire load model for '*MULT_TC_OP_8_8_16' from '(none)' to 'Small'. (OPT-170)
Information: Changed wire load model for 'DW02_mult' from '(none)' to 'Small'. (OPT-170)
Information: Changed wire load model for '*MULT_TC_OP_8_8_16' from '(none)' to 'Small'. (OPT-170)
Information: Changed wire load model for 'DW02_mult' from '(none)' to 'Small'. (OPT-170)
Information: Changed wire load model for '*MULT_TC_OP_8_8_16' from '(none)' to 'Small'. (OPT-170)
Information: Changed wire load model for 'DW02_mult' from '(none)' to 'Small'. (OPT-170)
Information: Changed wire load model for '*MULT_TC_OP_8_8_16' from '(none)' to 'Small'. (OPT-170)
Information: Changed wire load model for 'DW02_mult' from '(none)' to 'Small'. (OPT-170)
Information: Changed wire load model for '*MULT_TC_OP_8_8_16' from '(none)' to 'Small'. (OPT-170)
Information: Changed wire load model for 'DW02_mult' from '(none)' to 'Small'. (OPT-170)
Information: Changed wire load model for '*MULT_TC_OP_8_8_16' from '(none)' to 'Small'. (OPT-170)
Information: Changed wire load model for 'DW02_mult' from '(none)' to 'Small'. (OPT-170)
Information: Changed wire load model for '*MULT_TC_OP_8_8_16' from '(none)' to 'Small'. (OPT-170)
Information: Changed wire load model for 'DW02_mult' from '(none)' to 'Small'. (OPT-170)
Information: Changed wire load model for '*MULT_TC_OP_8_8_16' from '(none)' to 'Small'. (OPT-170)
Information: Changed wire load model for 'DW02_mult' from '(none)' to 'Small'. (OPT-170)
Information: Changed wire load model for '*MULT_TC_OP_8_8_16' from '(none)' to 'Small'. (OPT-170)
Information: Changed wire load model for 'DW02_mult' from '(none)' to 'Small'. (OPT-170)
Information: Changed wire load model for '*MULT_TC_OP_8_8_16' from '(none)' to 'Small'. (OPT-170)
Information: Changed wire load model for 'DW02_mult' from '(none)' to 'Small'. (OPT-170)
Information: Changed wire load model for '*MULT_TC_OP_8_8_16' from '(none)' to 'Small'. (OPT-170)
Information: Changed wire load model for 'DW02_mult' from '(none)' to 'Small'. (OPT-170)
Information: Changed wire load model for '*MULT_TC_OP_8_8_16' from '(none)' to 'Small'. (OPT-170)
Information: Changed wire load model for 'DW02_mult' from '(none)' to 'Small'. (OPT-170)
Information: Changed wire load model for '*MULT_TC_OP_8_8_16' from '(none)' to 'Small'. (OPT-170)
Information: Changed wire load model for 'DW01_add_width18' from '(none)' to 'Small'. (OPT-170)
Information: Changed wire load model for '*ADD_TC_OP_18_16_18' from '(none)' to 'Small'. (OPT-170)
Information: Changed wire load model for 'DW01_add_width18' from '(none)' to 'Small'. (OPT-170)
Information: Changed wire load model for '*ADD_TC_OP_18_16_18' from '(none)' to 'Small'. (OPT-170)
Information: Changed wire load model for 'DW01_add_width18' from '(none)' to 'Small'. (OPT-170)
Information: Changed wire load model for '*ADD_TC_OP_18_16_18' from '(none)' to 'Small'. (OPT-170)
Information: Changed wire load model for 'DW01_add_width18' from '(none)' to 'Small'. (OPT-170)
Information: Changed wire load model for '*ADD_TC_OP_18_16_18' from '(none)' to 'Small'. (OPT-170)
Information: Changed wire load model for 'DW01_add_width18' from '(none)' to 'Small'. (OPT-170)
Information: Changed wire load model for '*ADD_TC_OP_17_16_18' from '(none)' to 'Small'. (OPT-170)
Information: Changed wire load model for 'DW01_add_width18' from '(none)' to 'Small'. (OPT-170)
Information: Changed wire load model for '*ADD_TC_OP_17_16_18' from '(none)' to 'Small'. (OPT-170)
Information: Changed wire load model for 'DW01_add_width18' from '(none)' to 'Small'. (OPT-170)
Information: Changed wire load model for '*ADD_TC_OP_17_16_18' from '(none)' to 'Small'. (OPT-170)
Information: Changed wire load model for 'DW01_add_width18' from '(none)' to 'Small'. (OPT-170)
Information: Changed wire load model for '*ADD_TC_OP_17_16_18' from '(none)' to 'Small'. (OPT-170)
Information: Changed wire load model for 'DW01_add_width17' from '(none)' to 'Small'. (OPT-170)
Information: Changed wire load model for '*ADD_TC_OP_16_16_17' from '(none)' to 'Small'. (OPT-170)
Information: Changed wire load model for 'DW01_add_width17' from '(none)' to 'Small'. (OPT-170)
Information: Changed wire load model for '*ADD_TC_OP_16_16_17' from '(none)' to 'Small'. (OPT-170)
Information: Changed wire load model for 'DW01_add_width17' from '(none)' to 'Small'. (OPT-170)
Information: Changed wire load model for '*ADD_TC_OP_16_16_17' from '(none)' to 'Small'. (OPT-170)
Information: Changed wire load model for 'DW01_add_width17' from '(none)' to 'Small'. (OPT-170)
Information: Changed wire load model for '*ADD_TC_OP_16_16_17' from '(none)' to 'Small'. (OPT-170)
Information: Changed wire load model for 'DW02_mult' from '(none)' to 'Small'. (OPT-170)
Information: Changed wire load model for '*MULT_TC_OP_8_8_16' from '(none)' to 'Small'. (OPT-170)
Information: Changed wire load model for 'DW02_mult' from '(none)' to 'Small'. (OPT-170)
Information: Changed wire load model for '*MULT_TC_OP_8_8_16' from '(none)' to 'Small'. (OPT-170)
Information: Changed wire load model for 'DW02_mult' from '(none)' to 'Small'. (OPT-170)
Information: Changed wire load model for '*MULT_TC_OP_8_8_16' from '(none)' to 'Small'. (OPT-170)
Information: Changed wire load model for 'DW02_mult' from '(none)' to 'Small'. (OPT-170)
Information: Changed wire load model for '*MULT_TC_OP_8_8_16' from '(none)' to 'Small'. (OPT-170)
Information: Changed wire load model for 'DW02_mult' from '(none)' to 'Small'. (OPT-170)
Information: Changed wire load model for '*MULT_TC_OP_8_8_16' from '(none)' to 'Small'. (OPT-170)
Information: Changed wire load model for 'DW02_mult' from '(none)' to 'Small'. (OPT-170)
Information: Changed wire load model for '*MULT_TC_OP_8_8_16' from '(none)' to 'Small'. (OPT-170)
Information: Changed wire load model for 'DW02_mult' from '(none)' to 'Small'. (OPT-170)
Information: Changed wire load model for '*MULT_TC_OP_8_8_16' from '(none)' to 'Small'. (OPT-170)
Information: Changed wire load model for 'DW02_mult' from '(none)' to 'Small'. (OPT-170)
Information: Changed wire load model for '*MULT_TC_OP_8_8_16' from '(none)' to 'Small'. (OPT-170)
Information: Changed wire load model for 'DW02_mult' from '(none)' to 'Small'. (OPT-170)
Information: Changed wire load model for '*MULT_TC_OP_8_8_16' from '(none)' to 'Small'. (OPT-170)
Information: Changed wire load model for 'DW02_mult' from '(none)' to 'Small'. (OPT-170)
Information: Changed wire load model for '*MULT_TC_OP_8_8_16' from '(none)' to 'Small'. (OPT-170)
Information: Changed wire load model for 'DW02_mult' from '(none)' to 'Small'. (OPT-170)
Information: Changed wire load model for '*MULT_TC_OP_8_8_16' from '(none)' to 'Small'. (OPT-170)
Information: Changed wire load model for 'DW02_mult' from '(none)' to 'Small'. (OPT-170)
Information: Changed wire load model for '*MULT_TC_OP_8_8_16' from '(none)' to 'Small'. (OPT-170)
Information: Changed wire load model for 'DW02_mult' from '(none)' to 'Small'. (OPT-170)
Information: Changed wire load model for '*MULT_TC_OP_8_8_16' from '(none)' to 'Small'. (OPT-170)
Information: Changed wire load model for 'DW02_mult' from '(none)' to 'Small'. (OPT-170)
Information: Changed wire load model for '*MULT_TC_OP_8_8_16' from '(none)' to 'Small'. (OPT-170)
Information: Changed wire load model for 'DW02_mult' from '(none)' to 'Small'. (OPT-170)
Information: Changed wire load model for '*MULT_TC_OP_8_8_16' from '(none)' to 'Small'. (OPT-170)
Information: Changed wire load model for 'DW02_mult' from '(none)' to 'Small'. (OPT-170)
Information: Changed wire load model for '*MULT_TC_OP_8_8_16' from '(none)' to 'Small'. (OPT-170)
Information: Changed wire load model for 'DW01_add_width20' from '(none)' to 'Small'. (OPT-170)
Information: Changed wire load model for '*ADD_TC_OP_20_18_20' from '(none)' to 'Small'. (OPT-170)
Information: Changed wire load model for 'DW01_add_width20' from '(none)' to 'Small'. (OPT-170)
Information: Changed wire load model for '*ADD_TC_OP_20_18_20' from '(none)' to 'Small'. (OPT-170)
Information: Changed wire load model for 'DW01_add_width20' from '(none)' to 'Small'. (OPT-170)
Information: Changed wire load model for '*ADD_TC_OP_20_18_20' from '(none)' to 'Small'. (OPT-170)
Information: Changed wire load model for 'DW01_add_width20' from '(none)' to 'Small'. (OPT-170)
Information: Changed wire load model for '*ADD_TC_OP_20_18_20' from '(none)' to 'Small'. (OPT-170)
Information: Changed wire load model for 'DW01_add_width20' from '(none)' to 'Small'. (OPT-170)
Information: Changed wire load model for '*ADD_TC_OP_19_18_20' from '(none)' to 'Small'. (OPT-170)
Information: Changed wire load model for 'DW01_add_width20' from '(none)' to 'Small'. (OPT-170)
Information: Changed wire load model for '*ADD_TC_OP_19_18_20' from '(none)' to 'Small'. (OPT-170)
Information: Changed wire load model for 'DW01_add_width20' from '(none)' to 'Small'. (OPT-170)
Information: Changed wire load model for '*ADD_TC_OP_19_18_20' from '(none)' to 'Small'. (OPT-170)
Information: Changed wire load model for 'DW01_add_width20' from '(none)' to 'Small'. (OPT-170)
Information: Changed wire load model for '*ADD_TC_OP_19_18_20' from '(none)' to 'Small'. (OPT-170)
Information: Changed wire load model for 'DW01_add_width19' from '(none)' to 'Small'. (OPT-170)
Information: Changed wire load model for '*ADD_TC_OP_18_18_19' from '(none)' to 'Small'. (OPT-170)
Information: Changed wire load model for 'DW01_add_width19' from '(none)' to 'Small'. (OPT-170)
Information: Changed wire load model for '*ADD_TC_OP_18_18_19' from '(none)' to 'Small'. (OPT-170)
Information: Changed wire load model for 'DW01_add_width19' from '(none)' to 'Small'. (OPT-170)
Information: Changed wire load model for '*ADD_TC_OP_18_18_19' from '(none)' to 'Small'. (OPT-170)
Information: Changed wire load model for 'DW01_add_width19' from '(none)' to 'Small'. (OPT-170)
Information: Changed wire load model for '*ADD_TC_OP_18_18_19' from '(none)' to 'Small'. (OPT-170)
Information: Changed wire load model for 'DW01_add_width18' from '(none)' to 'Small'. (OPT-170)
Information: Changed wire load model for '*ADD_TC_OP_18_16_18' from '(none)' to 'Small'. (OPT-170)
Information: Changed wire load model for 'DW01_add_width18' from '(none)' to 'Small'. (OPT-170)
Information: Changed wire load model for '*ADD_TC_OP_18_16_18' from '(none)' to 'Small'. (OPT-170)
Information: Changed wire load model for 'DW01_add_width18' from '(none)' to 'Small'. (OPT-170)
Information: Changed wire load model for '*ADD_TC_OP_18_16_18' from '(none)' to 'Small'. (OPT-170)
Information: Changed wire load model for 'DW01_add_width18' from '(none)' to 'Small'. (OPT-170)
Information: Changed wire load model for '*ADD_TC_OP_18_16_18' from '(none)' to 'Small'. (OPT-170)
Information: Changed wire load model for 'DW01_add_width18' from '(none)' to 'Small'. (OPT-170)
Information: Changed wire load model for '*ADD_TC_OP_17_16_18' from '(none)' to 'Small'. (OPT-170)
Information: Changed wire load model for 'DW01_add_width18' from '(none)' to 'Small'. (OPT-170)
Information: Changed wire load model for '*ADD_TC_OP_17_16_18' from '(none)' to 'Small'. (OPT-170)
Information: Changed wire load model for 'DW01_add_width18' from '(none)' to 'Small'. (OPT-170)
Information: Changed wire load model for '*ADD_TC_OP_17_16_18' from '(none)' to 'Small'. (OPT-170)
Information: Changed wire load model for 'DW01_add_width18' from '(none)' to 'Small'. (OPT-170)
Information: Changed wire load model for '*ADD_TC_OP_17_16_18' from '(none)' to 'Small'. (OPT-170)
Information: Changed wire load model for 'DW01_add_width17' from '(none)' to 'Small'. (OPT-170)
Information: Changed wire load model for '*ADD_TC_OP_16_16_17' from '(none)' to 'Small'. (OPT-170)
Information: Changed wire load model for 'DW01_add_width17' from '(none)' to 'Small'. (OPT-170)
Information: Changed wire load model for '*ADD_TC_OP_16_16_17' from '(none)' to 'Small'. (OPT-170)
Information: Changed wire load model for 'DW01_add_width17' from '(none)' to 'Small'. (OPT-170)
Information: Changed wire load model for '*ADD_TC_OP_16_16_17' from '(none)' to 'Small'. (OPT-170)
Information: Changed wire load model for 'DW01_add_width17' from '(none)' to 'Small'. (OPT-170)
Information: Changed wire load model for '*ADD_TC_OP_16_16_17' from '(none)' to 'Small'. (OPT-170)
Information: Changed wire load model for 'DW02_mult' from '(none)' to 'Small'. (OPT-170)
Information: Changed wire load model for '*MULT_TC_OP_8_8_16' from '(none)' to 'Small'. (OPT-170)
Information: Changed wire load model for 'DW02_mult' from '(none)' to 'Small'. (OPT-170)
Information: Changed wire load model for '*MULT_TC_OP_8_8_16' from '(none)' to 'Small'. (OPT-170)
Information: Changed wire load model for 'DW02_mult' from '(none)' to 'Small'. (OPT-170)
Information: Changed wire load model for '*MULT_TC_OP_8_8_16' from '(none)' to 'Small'. (OPT-170)
Information: Changed wire load model for 'DW02_mult' from '(none)' to 'Small'. (OPT-170)
Information: Changed wire load model for '*MULT_TC_OP_8_8_16' from '(none)' to 'Small'. (OPT-170)
Information: Changed wire load model for 'DW02_mult' from '(none)' to 'Small'. (OPT-170)
Information: Changed wire load model for '*MULT_TC_OP_8_8_16' from '(none)' to 'Small'. (OPT-170)
Information: Changed wire load model for 'DW02_mult' from '(none)' to 'Small'. (OPT-170)
Information: Changed wire load model for '*MULT_TC_OP_8_8_16' from '(none)' to 'Small'. (OPT-170)
Information: Changed wire load model for 'DW02_mult' from '(none)' to 'Small'. (OPT-170)
Information: Changed wire load model for '*MULT_TC_OP_8_8_16' from '(none)' to 'Small'. (OPT-170)
Information: Changed wire load model for 'DW02_mult' from '(none)' to 'Small'. (OPT-170)
Information: Changed wire load model for '*MULT_TC_OP_8_8_16' from '(none)' to 'Small'. (OPT-170)
Information: Changed wire load model for 'DW02_mult' from '(none)' to 'Small'. (OPT-170)
Information: Changed wire load model for '*MULT_TC_OP_8_8_16' from '(none)' to 'Small'. (OPT-170)
Information: Changed wire load model for 'DW02_mult' from '(none)' to 'Small'. (OPT-170)
Information: Changed wire load model for '*MULT_TC_OP_8_8_16' from '(none)' to 'Small'. (OPT-170)
Information: Changed wire load model for 'DW02_mult' from '(none)' to 'Small'. (OPT-170)
Information: Changed wire load model for '*MULT_TC_OP_8_8_16' from '(none)' to 'Small'. (OPT-170)
Information: Changed wire load model for 'DW02_mult' from '(none)' to 'Small'. (OPT-170)
Information: Changed wire load model for '*MULT_TC_OP_8_8_16' from '(none)' to 'Small'. (OPT-170)
Information: Changed wire load model for 'DW02_mult' from '(none)' to 'Small'. (OPT-170)
Information: Changed wire load model for '*MULT_TC_OP_8_8_16' from '(none)' to 'Small'. (OPT-170)
Information: Changed wire load model for 'DW02_mult' from '(none)' to 'Small'. (OPT-170)
Information: Changed wire load model for '*MULT_TC_OP_8_8_16' from '(none)' to 'Small'. (OPT-170)
Information: Changed wire load model for 'DW02_mult' from '(none)' to 'Small'. (OPT-170)
Information: Changed wire load model for '*MULT_TC_OP_8_8_16' from '(none)' to 'Small'. (OPT-170)
Information: Changed wire load model for 'DW02_mult' from '(none)' to 'Small'. (OPT-170)
Information: Changed wire load model for '*MULT_TC_OP_8_8_16' from '(none)' to 'Small'. (OPT-170)
Information: Changed wire load model for 'DW01_add_width18' from '(none)' to 'Small'. (OPT-170)
Information: Changed wire load model for '*ADD_TC_OP_18_16_18' from '(none)' to 'Small'. (OPT-170)
Information: Changed wire load model for 'DW01_add_width18' from '(none)' to 'Small'. (OPT-170)
Information: Changed wire load model for '*ADD_TC_OP_18_16_18' from '(none)' to 'Small'. (OPT-170)
Information: Changed wire load model for 'DW01_add_width18' from '(none)' to 'Small'. (OPT-170)
Information: Changed wire load model for '*ADD_TC_OP_18_16_18' from '(none)' to 'Small'. (OPT-170)
Information: Changed wire load model for 'DW01_add_width18' from '(none)' to 'Small'. (OPT-170)
Information: Changed wire load model for '*ADD_TC_OP_18_16_18' from '(none)' to 'Small'. (OPT-170)
Information: Changed wire load model for 'DW01_add_width18' from '(none)' to 'Small'. (OPT-170)
Information: Changed wire load model for '*ADD_TC_OP_17_16_18' from '(none)' to 'Small'. (OPT-170)
Information: Changed wire load model for 'DW01_add_width18' from '(none)' to 'Small'. (OPT-170)
Information: Changed wire load model for '*ADD_TC_OP_17_16_18' from '(none)' to 'Small'. (OPT-170)
Information: Changed wire load model for 'DW01_add_width18' from '(none)' to 'Small'. (OPT-170)
Information: Changed wire load model for '*ADD_TC_OP_17_16_18' from '(none)' to 'Small'. (OPT-170)
Information: Changed wire load model for 'DW01_add_width18' from '(none)' to 'Small'. (OPT-170)
Information: Changed wire load model for '*ADD_TC_OP_17_16_18' from '(none)' to 'Small'. (OPT-170)
Information: Changed wire load model for 'DW01_add_width17' from '(none)' to 'Small'. (OPT-170)
Information: Changed wire load model for '*ADD_TC_OP_16_16_17' from '(none)' to 'Small'. (OPT-170)
Information: Changed wire load model for 'DW01_add_width17' from '(none)' to 'Small'. (OPT-170)
Information: Changed wire load model for '*ADD_TC_OP_16_16_17' from '(none)' to 'Small'. (OPT-170)
Information: Changed wire load model for 'DW01_add_width17' from '(none)' to 'Small'. (OPT-170)
Information: Changed wire load model for '*ADD_TC_OP_16_16_17' from '(none)' to 'Small'. (OPT-170)
Information: Changed wire load model for 'DW01_add_width17' from '(none)' to 'Small'. (OPT-170)
Information: Changed wire load model for '*ADD_TC_OP_16_16_17' from '(none)' to 'Small'. (OPT-170)
Information: Changed wire load model for 'DW02_mult' from '(none)' to 'Small'. (OPT-170)
Information: Changed wire load model for '*MULT_TC_OP_8_8_16' from '(none)' to 'Small'. (OPT-170)
Information: Changed wire load model for 'DW02_mult' from '(none)' to 'Small'. (OPT-170)
Information: Changed wire load model for '*MULT_TC_OP_8_8_16' from '(none)' to 'Small'. (OPT-170)
Information: Changed wire load model for 'DW02_mult' from '(none)' to 'Small'. (OPT-170)
Information: Changed wire load model for '*MULT_TC_OP_8_8_16' from '(none)' to 'Small'. (OPT-170)
Information: Changed wire load model for 'DW02_mult' from '(none)' to 'Small'. (OPT-170)
Information: Changed wire load model for '*MULT_TC_OP_8_8_16' from '(none)' to 'Small'. (OPT-170)
Information: Changed wire load model for 'DW02_mult' from '(none)' to 'Small'. (OPT-170)
Information: Changed wire load model for '*MULT_TC_OP_8_8_16' from '(none)' to 'Small'. (OPT-170)
Information: Changed wire load model for 'DW02_mult' from '(none)' to 'Small'. (OPT-170)
Information: Changed wire load model for '*MULT_TC_OP_8_8_16' from '(none)' to 'Small'. (OPT-170)
Information: Changed wire load model for 'DW02_mult' from '(none)' to 'Small'. (OPT-170)
Information: Changed wire load model for '*MULT_TC_OP_8_8_16' from '(none)' to 'Small'. (OPT-170)
Information: Changed wire load model for 'DW02_mult' from '(none)' to 'Small'. (OPT-170)
Information: Changed wire load model for '*MULT_TC_OP_8_8_16' from '(none)' to 'Small'. (OPT-170)
Information: Changed wire load model for 'DW02_mult' from '(none)' to 'Small'. (OPT-170)
Information: Changed wire load model for '*MULT_TC_OP_8_8_16' from '(none)' to 'Small'. (OPT-170)
Information: Changed wire load model for 'DW02_mult' from '(none)' to 'Small'. (OPT-170)
Information: Changed wire load model for '*MULT_TC_OP_8_8_16' from '(none)' to 'Small'. (OPT-170)
Information: Changed wire load model for 'DW02_mult' from '(none)' to 'Small'. (OPT-170)
Information: Changed wire load model for '*MULT_TC_OP_8_8_16' from '(none)' to 'Small'. (OPT-170)
Information: Changed wire load model for 'DW02_mult' from '(none)' to 'Small'. (OPT-170)
Information: Changed wire load model for '*MULT_TC_OP_8_8_16' from '(none)' to 'Small'. (OPT-170)
Information: Changed wire load model for 'DW02_mult' from '(none)' to 'Small'. (OPT-170)
Information: Changed wire load model for '*MULT_TC_OP_8_8_16' from '(none)' to 'Small'. (OPT-170)
Information: Changed wire load model for 'DW02_mult' from '(none)' to 'Small'. (OPT-170)
Information: Changed wire load model for '*MULT_TC_OP_8_8_16' from '(none)' to 'Small'. (OPT-170)
Information: Changed wire load model for 'DW02_mult' from '(none)' to 'Small'. (OPT-170)
Information: Changed wire load model for '*MULT_TC_OP_8_8_16' from '(none)' to 'Small'. (OPT-170)
Information: Changed wire load model for 'DW02_mult' from '(none)' to 'Small'. (OPT-170)
Information: Changed wire load model for '*MULT_TC_OP_8_8_16' from '(none)' to 'Small'. (OPT-170)
Information: Changed wire load model for 'DW01_add_width18' from '(none)' to 'Small'. (OPT-170)
Information: Changed wire load model for '*ADD_TC_OP_18_16_18' from '(none)' to 'Small'. (OPT-170)
Information: Changed wire load model for 'DW01_add_width18' from '(none)' to 'Small'. (OPT-170)
Information: Changed wire load model for '*ADD_TC_OP_18_16_18' from '(none)' to 'Small'. (OPT-170)
Information: Changed wire load model for 'DW01_add_width18' from '(none)' to 'Small'. (OPT-170)
Information: Changed wire load model for '*ADD_TC_OP_18_16_18' from '(none)' to 'Small'. (OPT-170)
Information: Changed wire load model for 'DW01_add_width18' from '(none)' to 'Small'. (OPT-170)
Information: Changed wire load model for '*ADD_TC_OP_18_16_18' from '(none)' to 'Small'. (OPT-170)
Information: Changed wire load model for 'DW01_add_width18' from '(none)' to 'Small'. (OPT-170)
Information: Changed wire load model for '*ADD_TC_OP_17_16_18' from '(none)' to 'Small'. (OPT-170)
Information: Changed wire load model for 'DW01_add_width18' from '(none)' to 'Small'. (OPT-170)
Information: Changed wire load model for '*ADD_TC_OP_17_16_18' from '(none)' to 'Small'. (OPT-170)
Information: Changed wire load model for 'DW01_add_width18' from '(none)' to 'Small'. (OPT-170)
Information: Changed wire load model for '*ADD_TC_OP_17_16_18' from '(none)' to 'Small'. (OPT-170)
Information: Changed wire load model for 'DW01_add_width18' from '(none)' to 'Small'. (OPT-170)
Information: Changed wire load model for '*ADD_TC_OP_17_16_18' from '(none)' to 'Small'. (OPT-170)
Information: Changed wire load model for 'DW01_add_width17' from '(none)' to 'Small'. (OPT-170)
Information: Changed wire load model for '*ADD_TC_OP_16_16_17' from '(none)' to 'Small'. (OPT-170)
Information: Changed wire load model for 'DW01_add_width17' from '(none)' to 'Small'. (OPT-170)
Information: Changed wire load model for '*ADD_TC_OP_16_16_17' from '(none)' to 'Small'. (OPT-170)
Information: Changed wire load model for 'DW01_add_width17' from '(none)' to 'Small'. (OPT-170)
Information: Changed wire load model for '*ADD_TC_OP_16_16_17' from '(none)' to 'Small'. (OPT-170)
Information: Changed wire load model for 'DW01_add_width17' from '(none)' to 'Small'. (OPT-170)
Information: Changed wire load model for '*ADD_TC_OP_16_16_17' from '(none)' to 'Small'. (OPT-170)
Information: Changed wire load model for 'DW02_mult' from '(none)' to 'Small'. (OPT-170)
Information: Changed wire load model for '*MULT_TC_OP_8_8_16' from '(none)' to 'Small'. (OPT-170)
Information: Changed wire load model for 'DW02_mult' from '(none)' to 'Small'. (OPT-170)
Information: Changed wire load model for '*MULT_TC_OP_8_8_16' from '(none)' to 'Small'. (OPT-170)
Information: Changed wire load model for 'DW02_mult' from '(none)' to 'Small'. (OPT-170)
Information: Changed wire load model for '*MULT_TC_OP_8_8_16' from '(none)' to 'Small'. (OPT-170)
Information: Changed wire load model for 'DW02_mult' from '(none)' to 'Small'. (OPT-170)
Information: Changed wire load model for '*MULT_TC_OP_8_8_16' from '(none)' to 'Small'. (OPT-170)
Information: Changed wire load model for 'DW02_mult' from '(none)' to 'Small'. (OPT-170)
Information: Changed wire load model for '*MULT_TC_OP_8_8_16' from '(none)' to 'Small'. (OPT-170)
Information: Changed wire load model for 'DW02_mult' from '(none)' to 'Small'. (OPT-170)
Information: Changed wire load model for '*MULT_TC_OP_8_8_16' from '(none)' to 'Small'. (OPT-170)
Information: Changed wire load model for 'DW02_mult' from '(none)' to 'Small'. (OPT-170)
Information: Changed wire load model for '*MULT_TC_OP_8_8_16' from '(none)' to 'Small'. (OPT-170)
Information: Changed wire load model for 'DW02_mult' from '(none)' to 'Small'. (OPT-170)
Information: Changed wire load model for '*MULT_TC_OP_8_8_16' from '(none)' to 'Small'. (OPT-170)
Information: Changed wire load model for 'DW02_mult' from '(none)' to 'Small'. (OPT-170)
Information: Changed wire load model for '*MULT_TC_OP_8_8_16' from '(none)' to 'Small'. (OPT-170)
Information: Changed wire load model for 'DW02_mult' from '(none)' to 'Small'. (OPT-170)
Information: Changed wire load model for '*MULT_TC_OP_8_8_16' from '(none)' to 'Small'. (OPT-170)
Information: Changed wire load model for 'DW02_mult' from '(none)' to 'Small'. (OPT-170)
Information: Changed wire load model for '*MULT_TC_OP_8_8_16' from '(none)' to 'Small'. (OPT-170)
Information: Changed wire load model for 'DW02_mult' from '(none)' to 'Small'. (OPT-170)
Information: Changed wire load model for '*MULT_TC_OP_8_8_16' from '(none)' to 'Small'. (OPT-170)
Information: Changed wire load model for 'DW02_mult' from '(none)' to 'Small'. (OPT-170)
Information: Changed wire load model for '*MULT_TC_OP_8_8_16' from '(none)' to 'Small'. (OPT-170)
Information: Changed wire load model for 'DW02_mult' from '(none)' to 'Small'. (OPT-170)
Information: Changed wire load model for '*MULT_TC_OP_8_8_16' from '(none)' to 'Small'. (OPT-170)
Information: Changed wire load model for 'DW02_mult' from '(none)' to 'Small'. (OPT-170)
Information: Changed wire load model for '*MULT_TC_OP_8_8_16' from '(none)' to 'Small'. (OPT-170)
Information: Changed wire load model for 'DW02_mult' from '(none)' to 'Small'. (OPT-170)
Information: Changed wire load model for '*MULT_TC_OP_8_8_16' from '(none)' to 'Small'. (OPT-170)
Information: Changed wire load model for 'DW01_add_width18' from '(none)' to 'Small'. (OPT-170)
Information: Changed wire load model for '*ADD_TC_OP_18_16_18' from '(none)' to 'Small'. (OPT-170)
Information: Changed wire load model for 'DW01_add_width18' from '(none)' to 'Small'. (OPT-170)
Information: Changed wire load model for '*ADD_TC_OP_18_16_18' from '(none)' to 'Small'. (OPT-170)
Information: Changed wire load model for 'DW01_add_width18' from '(none)' to 'Small'. (OPT-170)
Information: Changed wire load model for '*ADD_TC_OP_18_16_18' from '(none)' to 'Small'. (OPT-170)
Information: Changed wire load model for 'DW01_add_width18' from '(none)' to 'Small'. (OPT-170)
Information: Changed wire load model for '*ADD_TC_OP_18_16_18' from '(none)' to 'Small'. (OPT-170)
Information: Changed wire load model for 'DW01_add_width18' from '(none)' to 'Small'. (OPT-170)
Information: Changed wire load model for '*ADD_TC_OP_17_16_18' from '(none)' to 'Small'. (OPT-170)
Information: Changed wire load model for 'DW01_add_width18' from '(none)' to 'Small'. (OPT-170)
Information: Changed wire load model for '*ADD_TC_OP_17_16_18' from '(none)' to 'Small'. (OPT-170)
Information: Changed wire load model for 'DW01_add_width18' from '(none)' to 'Small'. (OPT-170)
Information: Changed wire load model for '*ADD_TC_OP_17_16_18' from '(none)' to 'Small'. (OPT-170)
Information: Changed wire load model for 'DW01_add_width18' from '(none)' to 'Small'. (OPT-170)
Information: Changed wire load model for '*ADD_TC_OP_17_16_18' from '(none)' to 'Small'. (OPT-170)
Information: Changed wire load model for 'DW01_add_width17' from '(none)' to 'Small'. (OPT-170)
Information: Changed wire load model for '*ADD_TC_OP_16_16_17' from '(none)' to 'Small'. (OPT-170)
Information: Changed wire load model for 'DW01_add_width17' from '(none)' to 'Small'. (OPT-170)
Information: Changed wire load model for '*ADD_TC_OP_16_16_17' from '(none)' to 'Small'. (OPT-170)
Information: Changed wire load model for 'DW01_add_width17' from '(none)' to 'Small'. (OPT-170)
Information: Changed wire load model for '*ADD_TC_OP_16_16_17' from '(none)' to 'Small'. (OPT-170)
Information: Changed wire load model for 'DW01_add_width17' from '(none)' to 'Small'. (OPT-170)
Information: Changed wire load model for '*ADD_TC_OP_16_16_17' from '(none)' to 'Small'. (OPT-170)
Information: Changed wire load model for 'DW02_mult' from '(none)' to 'Small'. (OPT-170)
Information: Changed wire load model for '*MULT_TC_OP_8_8_16' from '(none)' to 'Small'. (OPT-170)
Information: Changed wire load model for 'DW02_mult' from '(none)' to 'Small'. (OPT-170)
Information: Changed wire load model for '*MULT_TC_OP_8_8_16' from '(none)' to 'Small'. (OPT-170)
Information: Changed wire load model for 'DW02_mult' from '(none)' to 'Small'. (OPT-170)
Information: Changed wire load model for '*MULT_TC_OP_8_8_16' from '(none)' to 'Small'. (OPT-170)
Information: Changed wire load model for 'DW02_mult' from '(none)' to 'Small'. (OPT-170)
Information: Changed wire load model for '*MULT_TC_OP_8_8_16' from '(none)' to 'Small'. (OPT-170)
Information: Changed wire load model for 'DW02_mult' from '(none)' to 'Small'. (OPT-170)
Information: Changed wire load model for '*MULT_TC_OP_8_8_16' from '(none)' to 'Small'. (OPT-170)
Information: Changed wire load model for 'DW02_mult' from '(none)' to 'Small'. (OPT-170)
Information: Changed wire load model for '*MULT_TC_OP_8_8_16' from '(none)' to 'Small'. (OPT-170)
Information: Changed wire load model for 'DW02_mult' from '(none)' to 'Small'. (OPT-170)
Information: Changed wire load model for '*MULT_TC_OP_8_8_16' from '(none)' to 'Small'. (OPT-170)
Information: Changed wire load model for 'DW02_mult' from '(none)' to 'Small'. (OPT-170)
Information: Changed wire load model for '*MULT_TC_OP_8_8_16' from '(none)' to 'Small'. (OPT-170)
Information: Changed wire load model for 'DW02_mult' from '(none)' to 'Small'. (OPT-170)
Information: Changed wire load model for '*MULT_TC_OP_8_8_16' from '(none)' to 'Small'. (OPT-170)
Information: Changed wire load model for 'DW02_mult' from '(none)' to 'Small'. (OPT-170)
Information: Changed wire load model for '*MULT_TC_OP_8_8_16' from '(none)' to 'Small'. (OPT-170)
Information: Changed wire load model for 'DW02_mult' from '(none)' to 'Small'. (OPT-170)
Information: Changed wire load model for '*MULT_TC_OP_8_8_16' from '(none)' to 'Small'. (OPT-170)
Information: Changed wire load model for 'DW02_mult' from '(none)' to 'Small'. (OPT-170)
Information: Changed wire load model for '*MULT_TC_OP_8_8_16' from '(none)' to 'Small'. (OPT-170)
Information: Changed wire load model for 'DW02_mult' from '(none)' to 'Small'. (OPT-170)
Information: Changed wire load model for '*MULT_TC_OP_8_8_16' from '(none)' to 'Small'. (OPT-170)
Information: Changed wire load model for 'DW02_mult' from '(none)' to 'Small'. (OPT-170)
Information: Changed wire load model for '*MULT_TC_OP_8_8_16' from '(none)' to 'Small'. (OPT-170)
Information: Changed wire load model for 'DW02_mult' from '(none)' to 'Small'. (OPT-170)
Information: Changed wire load model for '*MULT_TC_OP_8_8_16' from '(none)' to 'Small'. (OPT-170)
Information: Changed wire load model for 'DW02_mult' from '(none)' to 'Small'. (OPT-170)
Information: Changed wire load model for '*MULT_TC_OP_8_8_16' from '(none)' to 'Small'. (OPT-170)
Information: Updating design information... (UID-85)
Warning: Design 'conv_top' contains 3 high-fanout nets. A fanout number of 1000 will be used for delay calculations involving these nets. (TIM-134)

Information: Checking generated_clocks...

Information: Checking loops...

Information: Checking no_input_delay...

Information: Checking unconstrained_endpoints...

Information: Checking pulse_clock_cell_type...

Information: Checking no_driving_cell...

Information: Checking partial_input_delay...
1
