
                           Design Compiler Graphical 
                                 DC Ultra (TM)
                                  DFTMAX (TM)
                              Power Compiler (TM)
                                 DesignWare (R)
                                 DC Expert (TM)
                               Design Vision (TM)
                               HDL Compiler (TM)
                               VHDL Compiler (TM)
                                  DFT Compiler
                               Design Compiler(R)

               Version R-2020.09-SP5 for linux64 - Apr 23, 2021 

                    Copyright (c) 1988 - 2021 Synopsys, Inc.
   This software and the associated documentation are proprietary to Synopsys,
 Inc. This software may only be used in accordance with the terms and conditions
 of a written license agreement with Synopsys, Inc. All other use, reproduction,
   or distribution of this software is strictly prohibited.  Licensed Products
     communicate with Synopsys servers for the purpose of providing software
    updates, detecting software piracy and verifying that customers are using
    Licensed Products in conformity with the applicable License Key for such
  Licensed Products. Synopsys will use information gathered in connection with
    this process to deliver software updates and pursue software pirates and
                                   infringers.

 Inclusivity & Diversity - Visit SolvNetPlus to read the "Synopsys Statement on
            Inclusivity and Diversity" (Refer to article 000036315 at
                        https://solvnetplus.synopsys.com)
Initializing...
# set your TOPLEVEL here
set TOPLEVEL "ViT_top"
ViT_top
# change your timing constraint here
set TEST_CYCLE 3.00 
3.00
source -echo -verbose 0_readfile.tcl 
set TOP_DIR $TOPLEVEL
ViT_top
set RPT_DIR report
report
set NET_DIR netlist
netlist
sh rm -rf ./$TOP_DIR
sh rm -rf ./$RPT_DIR
sh rm -rf ./$NET_DIR
sh mkdir ./$TOP_DIR
sh mkdir ./$RPT_DIR
sh mkdir ./$NET_DIR
# define a lib path here
define_design_lib $TOPLEVEL -path ./$TOPLEVEL
1
# Read Design File (add your files here)
set HDL_DIR "../hdl"
../hdl
analyze -library $TOPLEVEL -format verilog "$HDL_DIR/$TOPLEVEL.v"
Running PRESTO HDLC
Compiling source file ../hdl/ViT_top.v
Presto compilation completed successfully.
Loading db file '/usr/cadtool/GPDK45/gsclib045_svt_v4.4/gsclib045/db/slow_vdd1v2_basicCells_wl.db'
Loading db file '/usr/cad/synopsys/synthesis/cur/libraries/syn/dw_foundation.sldb'
1
# elaborate your design
elaborate $TOPLEVEL -architecture verilog -library $TOPLEVEL
Loading db file '/usr/cad/synopsys/synthesis/cur/libraries/syn/gtech.db'
Loading db file '/usr/cad/synopsys/synthesis/cur/libraries/syn/standard.sldb'
  Loading link library 'slow_vdd1v2'
  Loading link library 'gtech'
Running PRESTO HDLC
Warning:  ../hdl/ViT_top.v:203: signed to unsigned assignment occurs. (VER-318)
Warning:  ../hdl/ViT_top.v:224: signed to unsigned assignment occurs. (VER-318)
Warning:  ../hdl/ViT_top.v:307: unsigned to signed assignment occurs. (VER-318)
Warning:  ../hdl/ViT_top.v:308: unsigned to signed assignment occurs. (VER-318)
Warning:  ../hdl/ViT_top.v:309: unsigned to signed assignment occurs. (VER-318)
Warning:  ../hdl/ViT_top.v:310: unsigned to signed assignment occurs. (VER-318)
Warning:  ../hdl/ViT_top.v:311: unsigned to signed assignment occurs. (VER-318)
Warning:  ../hdl/ViT_top.v:312: unsigned to signed assignment occurs. (VER-318)
Warning:  ../hdl/ViT_top.v:313: unsigned to signed assignment occurs. (VER-318)
Warning:  ../hdl/ViT_top.v:314: unsigned to signed assignment occurs. (VER-318)
Warning:  ../hdl/ViT_top.v:316: unsigned to signed assignment occurs. (VER-318)
Warning:  ../hdl/ViT_top.v:317: unsigned to signed assignment occurs. (VER-318)
Warning:  ../hdl/ViT_top.v:318: unsigned to signed assignment occurs. (VER-318)
Warning:  ../hdl/ViT_top.v:319: unsigned to signed assignment occurs. (VER-318)
Warning:  ../hdl/ViT_top.v:320: unsigned to signed assignment occurs. (VER-318)
Warning:  ../hdl/ViT_top.v:321: unsigned to signed assignment occurs. (VER-318)
Warning:  ../hdl/ViT_top.v:322: unsigned to signed assignment occurs. (VER-318)
Warning:  ../hdl/ViT_top.v:323: unsigned to signed assignment occurs. (VER-318)
Warning:  ../hdl/ViT_top.v:325: unsigned to signed assignment occurs. (VER-318)
Warning:  ../hdl/ViT_top.v:326: unsigned to signed assignment occurs. (VER-318)
Warning:  ../hdl/ViT_top.v:327: unsigned to signed assignment occurs. (VER-318)
Warning:  ../hdl/ViT_top.v:328: unsigned to signed assignment occurs. (VER-318)
Warning:  ../hdl/ViT_top.v:329: unsigned to signed assignment occurs. (VER-318)
Warning:  ../hdl/ViT_top.v:330: unsigned to signed assignment occurs. (VER-318)
Warning:  ../hdl/ViT_top.v:331: unsigned to signed assignment occurs. (VER-318)
Warning:  ../hdl/ViT_top.v:332: unsigned to signed assignment occurs. (VER-318)
Warning:  ../hdl/ViT_top.v:334: unsigned to signed assignment occurs. (VER-318)
Warning:  ../hdl/ViT_top.v:335: unsigned to signed assignment occurs. (VER-318)
Warning:  ../hdl/ViT_top.v:336: unsigned to signed assignment occurs. (VER-318)
Warning:  ../hdl/ViT_top.v:337: unsigned to signed assignment occurs. (VER-318)
Warning:  ../hdl/ViT_top.v:338: unsigned to signed assignment occurs. (VER-318)
Warning:  ../hdl/ViT_top.v:339: unsigned to signed assignment occurs. (VER-318)
Warning:  ../hdl/ViT_top.v:340: unsigned to signed assignment occurs. (VER-318)
Warning:  ../hdl/ViT_top.v:341: unsigned to signed assignment occurs. (VER-318)
Warning:  ../hdl/ViT_top.v:379: signed to unsigned assignment occurs. (VER-318)
Warning:  ../hdl/ViT_top.v:659: signed to unsigned conversion occurs. (VER-318)
Warning:  ../hdl/ViT_top.v:755: unsigned to signed assignment occurs. (VER-318)
Warning:  ../hdl/ViT_top.v:759: unsigned to signed assignment occurs. (VER-318)
Warning:  ../hdl/ViT_top.v:764: unsigned to signed assignment occurs. (VER-318)
Warning:  ../hdl/ViT_top.v:864: unsigned to signed assignment occurs. (VER-318)
Warning:  ../hdl/ViT_top.v:866: unsigned to signed assignment occurs. (VER-318)
Warning:  ../hdl/ViT_top.v:888: unsigned to signed assignment occurs. (VER-318)
Warning:  ../hdl/ViT_top.v:889: unsigned to signed assignment occurs. (VER-318)
Warning:  ../hdl/ViT_top.v:890: unsigned to signed assignment occurs. (VER-318)
Warning:  ../hdl/ViT_top.v:891: unsigned to signed assignment occurs. (VER-318)
Warning:  ../hdl/ViT_top.v:892: unsigned to signed assignment occurs. (VER-318)
Warning:  ../hdl/ViT_top.v:893: unsigned to signed assignment occurs. (VER-318)
Warning:  ../hdl/ViT_top.v:894: unsigned to signed assignment occurs. (VER-318)
Warning:  ../hdl/ViT_top.v:895: unsigned to signed assignment occurs. (VER-318)
Warning:  ../hdl/ViT_top.v:896: unsigned to signed assignment occurs. (VER-318)
Warning:  ../hdl/ViT_top.v:897: unsigned to signed assignment occurs. (VER-318)
Warning:  ../hdl/ViT_top.v:898: unsigned to signed assignment occurs. (VER-318)
Warning:  ../hdl/ViT_top.v:899: unsigned to signed assignment occurs. (VER-318)
Warning:  ../hdl/ViT_top.v:900: unsigned to signed assignment occurs. (VER-318)
Warning:  ../hdl/ViT_top.v:901: unsigned to signed assignment occurs. (VER-318)
Warning:  ../hdl/ViT_top.v:902: unsigned to signed assignment occurs. (VER-318)
Warning:  ../hdl/ViT_top.v:903: unsigned to signed assignment occurs. (VER-318)
Warning:  ../hdl/ViT_top.v:929: signed to unsigned conversion occurs. (VER-318)
Warning:  ../hdl/ViT_top.v:931: signed to unsigned conversion occurs. (VER-318)
Warning:  ../hdl/ViT_top.v:947: signed to unsigned conversion occurs. (VER-318)
Warning:  ../hdl/ViT_top.v:954: signed to unsigned part selection occurs. (VER-318)
Warning:  ../hdl/ViT_top.v:968: signed to unsigned assignment occurs. (VER-318)
Warning:  ../hdl/ViT_top.v:970: signed to unsigned part selection occurs. (VER-318)
Warning:  ../hdl/ViT_top.v:1105: unsigned to signed assignment occurs. (VER-318)
Warning:  ../hdl/ViT_top.v:1106: unsigned to signed assignment occurs. (VER-318)
Warning:  ../hdl/ViT_top.v:1107: unsigned to signed assignment occurs. (VER-318)
Warning:  ../hdl/ViT_top.v:1108: unsigned to signed assignment occurs. (VER-318)
Warning:  ../hdl/ViT_top.v:1109: unsigned to signed assignment occurs. (VER-318)
Warning:  ../hdl/ViT_top.v:1110: unsigned to signed assignment occurs. (VER-318)
Warning:  ../hdl/ViT_top.v:1111: unsigned to signed assignment occurs. (VER-318)
Warning:  ../hdl/ViT_top.v:1112: unsigned to signed assignment occurs. (VER-318)
Warning:  ../hdl/ViT_top.v:1114: unsigned to signed assignment occurs. (VER-318)
Warning:  ../hdl/ViT_top.v:1115: unsigned to signed assignment occurs. (VER-318)
Warning:  ../hdl/ViT_top.v:1116: unsigned to signed assignment occurs. (VER-318)
Warning:  ../hdl/ViT_top.v:1117: unsigned to signed assignment occurs. (VER-318)
Warning:  ../hdl/ViT_top.v:1118: unsigned to signed assignment occurs. (VER-318)
Warning:  ../hdl/ViT_top.v:1119: unsigned to signed assignment occurs. (VER-318)
Warning:  ../hdl/ViT_top.v:1120: unsigned to signed assignment occurs. (VER-318)
Warning:  ../hdl/ViT_top.v:1121: unsigned to signed assignment occurs. (VER-318)
Warning:  ../hdl/ViT_top.v:1123: unsigned to signed assignment occurs. (VER-318)
Warning:  ../hdl/ViT_top.v:1124: unsigned to signed assignment occurs. (VER-318)
Warning:  ../hdl/ViT_top.v:1125: unsigned to signed assignment occurs. (VER-318)
Warning:  ../hdl/ViT_top.v:1126: unsigned to signed assignment occurs. (VER-318)
Warning:  ../hdl/ViT_top.v:1127: unsigned to signed assignment occurs. (VER-318)
Warning:  ../hdl/ViT_top.v:1128: unsigned to signed assignment occurs. (VER-318)
Warning:  ../hdl/ViT_top.v:1129: unsigned to signed assignment occurs. (VER-318)
Warning:  ../hdl/ViT_top.v:1130: unsigned to signed assignment occurs. (VER-318)
Warning:  ../hdl/ViT_top.v:1132: unsigned to signed assignment occurs. (VER-318)
Warning:  ../hdl/ViT_top.v:1133: unsigned to signed assignment occurs. (VER-318)
Warning:  ../hdl/ViT_top.v:1134: unsigned to signed assignment occurs. (VER-318)
Warning:  ../hdl/ViT_top.v:1135: unsigned to signed assignment occurs. (VER-318)
Warning:  ../hdl/ViT_top.v:1136: unsigned to signed assignment occurs. (VER-318)
Warning:  ../hdl/ViT_top.v:1137: unsigned to signed assignment occurs. (VER-318)
Warning:  ../hdl/ViT_top.v:1138: unsigned to signed assignment occurs. (VER-318)
Warning:  ../hdl/ViT_top.v:1139: unsigned to signed assignment occurs. (VER-318)
Warning:  ../hdl/ViT_top.v:1345: signed to unsigned conversion occurs. (VER-318)
Warning:  ../hdl/ViT_top.v:1346: signed to unsigned conversion occurs. (VER-318)
Warning:  ../hdl/ViT_top.v:1347: signed to unsigned conversion occurs. (VER-318)
Warning:  ../hdl/ViT_top.v:1348: signed to unsigned conversion occurs. (VER-318)
Warning:  ../hdl/ViT_top.v:1357: signed to unsigned part selection occurs. (VER-318)
Warning:  ../hdl/ViT_top.v:1358: signed to unsigned part selection occurs. (VER-318)
Warning:  ../hdl/ViT_top.v:1359: signed to unsigned part selection occurs. (VER-318)
Warning:  ../hdl/ViT_top.v:1360: signed to unsigned part selection occurs. (VER-318)
Warning:  ../hdl/ViT_top.v:1375: signed to unsigned assignment occurs. (VER-318)
Warning:  ../hdl/ViT_top.v:1377: signed to unsigned part selection occurs. (VER-318)
Warning:  ../hdl/ViT_top.v:1383: signed to unsigned assignment occurs. (VER-318)
Warning:  ../hdl/ViT_top.v:1385: signed to unsigned part selection occurs. (VER-318)
Warning:  ../hdl/ViT_top.v:1391: signed to unsigned assignment occurs. (VER-318)
Warning:  ../hdl/ViT_top.v:1393: signed to unsigned part selection occurs. (VER-318)
Warning:  ../hdl/ViT_top.v:1399: signed to unsigned assignment occurs. (VER-318)
Warning:  ../hdl/ViT_top.v:1401: signed to unsigned part selection occurs. (VER-318)

Statistics for case statements in always block at line 147 in file
	'../hdl/ViT_top.v'
===============================================
|           Line           |  full/ parallel  |
===============================================
|           148            |    auto/auto     |
===============================================

Statistics for case statements in always block at line 480 in file
	'../hdl/ViT_top.v'
===============================================
|           Line           |  full/ parallel  |
===============================================
|           481            |    auto/auto     |
===============================================

Statistics for case statements in always block at line 582 in file
	'../hdl/ViT_top.v'
===============================================
|           Line           |  full/ parallel  |
===============================================
|           583            |    auto/auto     |
===============================================

Statistics for case statements in always block at line 1184 in file
	'../hdl/ViT_top.v'
===============================================
|           Line           |  full/ parallel  |
===============================================
|           1186           |    auto/auto     |
|           1193           |    auto/auto     |
===============================================

Statistics for case statements in always block at line 1511 in file
	'../hdl/ViT_top.v'
===============================================
|           Line           |  full/ parallel  |
===============================================
|           1512           |    auto/auto     |
===============================================

Statistics for case statements in always block at line 1532 in file
	'../hdl/ViT_top.v'
===============================================
|           Line           |  full/ parallel  |
===============================================
|           1534           |    auto/auto     |
===============================================

Inferred memory devices in process
	in routine ViT_top line 139 in file
		'../hdl/ViT_top.v'.
===============================================================================
|    Register Name    |   Type    | Width | Bus | MB | AR | AS | SR | SS | ST |
===============================================================================
|    top_state_reg    | Flip-flop |   5   |  Y  | N  | N  | N  | Y  | N  | N  |
===============================================================================

Inferred memory devices in process
	in routine ViT_top line 195 in file
		'../hdl/ViT_top.v'.
===============================================================================
|    Register Name    |   Type    | Width | Bus | MB | AR | AS | SR | SS | ST |
===============================================================================
|     tmp_cnt_reg     | Flip-flop |   4   |  Y  | N  | N  | N  | Y  | N  | N  |
===============================================================================

Inferred memory devices in process
	in routine ViT_top line 210 in file
		'../hdl/ViT_top.v'.
===============================================================================
|    Register Name    |   Type    | Width | Bus | MB | AR | AS | SR | SS | ST |
===============================================================================
|    bias_reg_reg     | Flip-flop |  160  |  Y  | N  | N  | N  | N  | N  | N  |
===============================================================================

Inferred memory devices in process
	in routine ViT_top line 220 in file
		'../hdl/ViT_top.v'.
===============================================================================
|    Register Name    |   Type    | Width | Bus | MB | AR | AS | SR | SS | ST |
===============================================================================
|   bias_finish_reg   | Flip-flop |   1   |  N  | N  | N  | N  | Y  | N  | N  |
===============================================================================

Inferred memory devices in process
	in routine ViT_top line 229 in file
		'../hdl/ViT_top.v'.
===============================================================================
|    Register Name    |   Type    | Width | Bus | MB | AR | AS | SR | SS | ST |
===============================================================================
|  bias_addr_cnt_reg  | Flip-flop |   4   |  Y  | N  | N  | N  | N  | N  | N  |
===============================================================================

Inferred memory devices in process
	in routine ViT_top line 273 in file
		'../hdl/ViT_top.v'.
===============================================================================
|    Register Name    |   Type    | Width | Bus | MB | AR | AS | SR | SS | ST |
===============================================================================
|      cnt8_reg       | Flip-flop |   4   |  Y  | N  | N  | N  | Y  | N  | N  |
===============================================================================

Inferred memory devices in process
	in routine ViT_top line 281 in file
		'../hdl/ViT_top.v'.
===============================================================================
|    Register Name    |   Type    | Width | Bus | MB | AR | AS | SR | SS | ST |
===============================================================================
| sram_addr_cnt_a_reg | Flip-flop |   5   |  Y  | N  | N  | N  | N  | N  | N  |
===============================================================================

Inferred memory devices in process
	in routine ViT_top line 358 in file
		'../hdl/ViT_top.v'.
===============================================================================
|    Register Name    |   Type    | Width | Bus | MB | AR | AS | SR | SS | ST |
===============================================================================
|  a_bank0_reg_l_reg  | Flip-flop |  80   |  Y  | N  | N  | N  | N  | N  | N  |
|  a_bank0_reg_h_reg  | Flip-flop |  80   |  Y  | N  | N  | N  | N  | N  | N  |
|     valid_1_reg     | Flip-flop |   1   |  N  | N  | N  | N  | N  | N  | N  |
===============================================================================

Inferred memory devices in process
	in routine ViT_top line 384 in file
		'../hdl/ViT_top.v'.
===============================================================================
|    Register Name    |   Type    | Width | Bus | MB | AR | AS | SR | SS | ST |
===============================================================================
|  a_bank1_reg_l_reg  | Flip-flop |  80   |  Y  | N  | N  | N  | N  | N  | N  |
|  a_bank1_reg_h_reg  | Flip-flop |  80   |  Y  | N  | N  | N  | N  | N  | N  |
===============================================================================

Inferred memory devices in process
	in routine ViT_top line 408 in file
		'../hdl/ViT_top.v'.
===============================================================================
|    Register Name    |   Type    | Width | Bus | MB | AR | AS | SR | SS | ST |
===============================================================================
|  a_bank2_reg_l_reg  | Flip-flop |  80   |  Y  | N  | N  | N  | N  | N  | N  |
|  a_bank2_reg_h_reg  | Flip-flop |  80   |  Y  | N  | N  | N  | N  | N  | N  |
===============================================================================

Inferred memory devices in process
	in routine ViT_top line 432 in file
		'../hdl/ViT_top.v'.
===============================================================================
|    Register Name    |   Type    | Width | Bus | MB | AR | AS | SR | SS | ST |
===============================================================================
|  a_bank3_reg_l_reg  | Flip-flop |  80   |  Y  | N  | N  | N  | N  | N  | N  |
|  a_bank3_reg_h_reg  | Flip-flop |  80   |  Y  | N  | N  | N  | N  | N  | N  |
===============================================================================

Inferred memory devices in process
	in routine ViT_top line 457 in file
		'../hdl/ViT_top.v'.
===============================================================================
|    Register Name    |   Type    | Width | Bus | MB | AR | AS | SR | SS | ST |
===============================================================================
| a_bank_reg_h_d_reg  | Flip-flop |  80   |  Y  | N  | N  | N  | N  | N  | N  |
===============================================================================

Inferred memory devices in process
	in routine ViT_top line 561 in file
		'../hdl/ViT_top.v'.
===============================================================================
|    Register Name    |   Type    | Width | Bus | MB | AR | AS | SR | SS | ST |
===============================================================================
|     valid_2_reg     | Flip-flop |   1   |  N  | N  | N  | N  | N  | N  | N  |
|   token_mean_reg    | Flip-flop |  14   |  Y  | N  | N  | N  | N  | N  | N  |
===============================================================================

Inferred memory devices in process
	in routine ViT_top line 723 in file
		'../hdl/ViT_top.v'.
===============================================================================
|    Register Name    |   Type    | Width | Bus | MB | AR | AS | SR | SS | ST |
===============================================================================
|   sel_toggle_reg    | Flip-flop |   1   |  N  | N  | N  | N  | N  | N  | N  |
===============================================================================

Inferred memory devices in process
	in routine ViT_top line 732 in file
		'../hdl/ViT_top.v'.
====================================================================================
|      Register Name       |   Type    | Width | Bus | MB | AR | AS | SR | SS | ST |
====================================================================================
|  token_mae_sign_d1_reg   | Flip-flop |   1   |  N  | N  | N  | N  | N  | N  | N  |
|  token_mae_sign_d2_reg   | Flip-flop |   1   |  N  | N  | N  | N  | N  | N  | N  |
| a_bank_minus_sign_d4_reg | Flip-flop |  16   |  Y  | N  | N  | N  | N  | N  | N  |
|      valid_2_d3_reg      | Flip-flop |   1   |  N  | N  | N  | N  | N  | N  | N  |
|  token_mae_sign_d4_reg   | Flip-flop |   1   |  N  | N  | N  | N  | N  | N  | N  |
|    sel_toggle_d3_reg     | Flip-flop |   1   |  N  | N  | N  | N  | N  | N  | N  |
|    sel_toggle_d4_reg     | Flip-flop |   1   |  N  | N  | N  | N  | N  | N  | N  |
|    sel_toggle_d1_reg     | Flip-flop |   1   |  N  | N  | N  | N  | N  | N  | N  |
|  token_mae_sign_d3_reg   | Flip-flop |   1   |  N  | N  | N  | N  | N  | N  | N  |
|      valid_2_d1_reg      | Flip-flop |   1   |  N  | N  | N  | N  | N  | N  | N  |
| a_bank_minus_sign_d1_reg | Flip-flop |  16   |  Y  | N  | N  | N  | N  | N  | N  |
|      valid_2_d2_reg      | Flip-flop |   1   |  N  | N  | N  | N  | N  | N  | N  |
| a_bank_minus_sign_d2_reg | Flip-flop |  16   |  Y  | N  | N  | N  | N  | N  | N  |
|    sel_toggle_d2_reg     | Flip-flop |   1   |  N  | N  | N  | N  | N  | N  | N  |
| a_bank_minus_sign_d3_reg | Flip-flop |  16   |  Y  | N  | N  | N  | N  | N  | N  |
|      valid_2_d4_reg      | Flip-flop |   1   |  N  | N  | N  | N  | N  | N  | N  |
====================================================================================

Inferred memory devices in process
	in routine ViT_top line 854 in file
		'../hdl/ViT_top.v'.
===============================================================================
|    Register Name    |   Type    | Width | Bus | MB | AR | AS | SR | SS | ST |
===============================================================================
|  token_nor_reg_reg  | Flip-flop |  80   |  Y  | N  | N  | N  | N  | N  | N  |
===============================================================================

Inferred memory devices in process
	in routine ViT_top line 926 in file
		'../hdl/ViT_top.v'.
==================================================================================
|     Register Name      |   Type    | Width | Bus | MB | AR | AS | SR | SS | ST |
==================================================================================
|      valid_3_reg       | Flip-flop |   1   |  N  | N  | N  | N  | N  | N  | N  |
| token_x_nor_result_reg | Flip-flop |  160  |  Y  | N  | N  | N  | N  | N  | N  |
==================================================================================

Inferred memory devices in process
	in routine ViT_top line 1043 in file
		'../hdl/ViT_top.v'.
=================================================================================
|     Register Name     |   Type    | Width | Bus | MB | AR | AS | SR | SS | ST |
=================================================================================
| b_base_addr_cnt_b_reg | Flip-flop |   4   |  Y  | N  | N  | N  | Y  | N  | N  |
=================================================================================

Inferred memory devices in process
	in routine ViT_top line 1062 in file
		'../hdl/ViT_top.v'.
===============================================================================
|    Register Name    |   Type    | Width | Bus | MB | AR | AS | SR | SS | ST |
===============================================================================
| sram_b_wen_cnt_reg  | Flip-flop |   3   |  Y  | N  | N  | N  | N  | N  | N  |
===============================================================================

Inferred memory devices in process
	in routine ViT_top line 1095 in file
		'../hdl/ViT_top.v'.
===============================================================================
|    Register Name    |   Type    | Width | Bus | MB | AR | AS | SR | SS | ST |
===============================================================================
| sram_addr_cnt_b_reg | Flip-flop |   5   |  Y  | N  | N  | N  | N  | N  | N  |
===============================================================================

Inferred memory devices in process
	in routine ViT_top line 1177 in file
		'../hdl/ViT_top.v'.
===============================================================================
|    Register Name    |   Type    | Width | Bus | MB | AR | AS | SR | SS | ST |
===============================================================================
| weight_addr_cnt_reg | Flip-flop |   7   |  Y  | N  | N  | N  | Y  | N  | N  |
| weight_addr_cnt_reg | Flip-flop |   1   |  N  | N  | N  | N  | N  | Y  | N  |
===============================================================================

Inferred memory devices in process
	in routine ViT_top line 1205 in file
		'../hdl/ViT_top.v'.
===============================================================================
|    Register Name    |   Type    | Width | Bus | MB | AR | AS | SR | SS | ST |
===============================================================================
|     col_cnt_reg     | Flip-flop |   5   |  Y  | N  | N  | N  | Y  | N  | N  |
===============================================================================

Inferred memory devices in process
	in routine ViT_top line 1214 in file
		'../hdl/ViT_top.v'.
===============================================================================
|    Register Name    |   Type    | Width | Bus | MB | AR | AS | SR | SS | ST |
===============================================================================
|      phase_reg      | Flip-flop |   1   |  N  | N  | N  | N  | Y  | N  | N  |
===============================================================================

Inferred memory devices in process
	in routine ViT_top line 1292 in file
		'../hdl/ViT_top.v'.
===============================================================================
|    Register Name    |   Type    | Width | Bus | MB | AR | AS | SR | SS | ST |
===============================================================================
| bank2_proj_add_reg  | Flip-flop |  20   |  Y  | N  | N  | N  | N  | N  | N  |
| bank3_proj_add_reg  | Flip-flop |  20   |  Y  | N  | N  | N  | N  | N  | N  |
| bank0_proj_add_reg  | Flip-flop |  20   |  Y  | N  | N  | N  | N  | N  | N  |
| bank1_proj_add_reg  | Flip-flop |  20   |  Y  | N  | N  | N  | N  | N  | N  |
===============================================================================

Inferred memory devices in process
	in routine ViT_top line 1300 in file
		'../hdl/ViT_top.v'.
===============================================================================
|    Register Name    |   Type    | Width | Bus | MB | AR | AS | SR | SS | ST |
===============================================================================
|     valid_4_reg     | Flip-flop |   1   |  N  | N  | N  | N  | Y  | N  | N  |
===============================================================================

Inferred memory devices in process
	in routine ViT_top line 1324 in file
		'../hdl/ViT_top.v'.
===============================================================================
|    Register Name    |   Type    | Width | Bus | MB | AR | AS | SR | SS | ST |
===============================================================================
|     valid_5_reg     | Flip-flop |   1   |  N  | N  | N  | N  | Y  | N  | N  |
===============================================================================

Inferred memory devices in process
	in routine ViT_top line 1331 in file
		'../hdl/ViT_top.v'.
===============================================================================
|    Register Name    |   Type    | Width | Bus | MB | AR | AS | SR | SS | ST |
===============================================================================
| bank0_proj_reg_reg  | Flip-flop |  20   |  Y  | N  | N  | N  | N  | N  | N  |
| bank1_proj_reg_reg  | Flip-flop |  20   |  Y  | N  | N  | N  | N  | N  | N  |
| bank2_proj_reg_reg  | Flip-flop |  20   |  Y  | N  | N  | N  | N  | N  | N  |
| bank3_proj_reg_reg  | Flip-flop |  20   |  Y  | N  | N  | N  | N  | N  | N  |
===============================================================================

Inferred memory devices in process
	in routine ViT_top line 1491 in file
		'../hdl/ViT_top.v'.
================================================================================
|    Register Name     |   Type    | Width | Bus | MB | AR | AS | SR | SS | ST |
================================================================================
|  sram_c_ch_cnt_reg   | Flip-flop |   3   |  Y  | N  | N  | N  | Y  | N  | N  |
| sram_c_block_cnt_reg | Flip-flop |   4   |  Y  | N  | N  | N  | Y  | N  | N  |
| sram_c_proj_cnt_reg  | Flip-flop |   2   |  Y  | N  | N  | N  | Y  | N  | N  |
================================================================================
Information:  Complex logic will not be considered for set/reset inference. (ELAB-2008)
Presto compilation completed successfully. (ViT_top)
Elaborated 1 design.
Current design is now 'ViT_top'.
Information: Building the design 'DW_div_pipe_inst'. (HDL-193)
Presto compilation completed successfully. (DW_div_pipe_inst)
1
# Solve Multiple Instance
set uniquify_naming_style "%s_mydesign_%d"
%s_mydesign_%d
uniquify
Information: Uniquified 8 instances of design 'DW_div_pipe_inst'. (OPT-1056)
1
# link the design
current_design $TOPLEVEL
Current design is 'ViT_top'.
{ViT_top}
link

  Linking design 'ViT_top'
  Using the following designs and libraries:
  --------------------------------------------------------------------------
  * (9 designs)               /home/u110/u110022124/ICLAB/EE4292_HW5/syn/ViT_top.db, etc
  slow_vdd1v2 (library)       /usr/cadtool/GPDK45/gsclib045_svt_v4.4/gsclib045/db/slow_vdd1v2_basicCells_wl.db
  dw_foundation.sldb (library) /usr/cad/synopsys/synthesis/cur/libraries/syn/dw_foundation.sldb

1
1
source -echo -verbose 1_setting.tcl 
# Setting Design and I/O Environment
set_operating_conditions -library slow_vdd1v2 PVT_1P08V_125C
Using operating conditions 'PVT_1P08V_125C' found in library 'slow_vdd1v2'.
1
# Assume outputs go to DFF and inputs also come from DFF
set_driving_cell -library slow_vdd1v2 -lib_cell DFFHQX1 -pin {Q} [all_inputs]	
1
set_load [load_of "slow_vdd1v2/DFFHQX1/D"] [all_outputs]
1
# Setting wireload model
set_wire_load_mode enclosed
1
set_wire_load_model -name "Large" $TOPLEVEL
1
# Setting Timing Constraints
###  ceate your clock here
create_clock -name clk -period $TEST_CYCLE  [get_ports clk]
1
###  set clock constrain
set_ideal_network       [get_ports clk]
1
set_dont_touch_network  [all_clocks]
1
# I/O delay should depend on the real enironment. Here only shows an example of setting
set_input_delay  [expr $TEST_CYCLE*0.3]  -clock clk [remove_from_collection [all_inputs] [get_ports clk]]
1
set_output_delay [expr $TEST_CYCLE*0.3]  -clock clk [all_outputs]
1
# Setting DRC Constraint
# Defensive setting: default fanout_load 1.0 and our target max fanout # 20 => 1.0*20 = 20.0
# max_transition and max_capacitance are given in the cell library
set_max_fanout 20.0 $TOPLEVEL
1
# Area Constraint
set_max_area   0
1
1
source -echo -verbose 2_compile.tcl 
# this cell's verilog will cause ncverilog to hang 
# before synthesis settings
set case_analysis_with_logic_constants true
true
set_fix_multiple_port_nets -feedthroughs -outputs -constants -buffer_constants
1
####check design####
check_design > ./$RPT_DIR/check_design.log
check_timing > ./$RPT_DIR/check_timing.log
set_clock_gating_style -max_fanout 10

Current clock gating style....
Sequential cell: latch
Minimum bank bitwidth: 3
Minimum bank bitwidth for enhanced clock gating: 6
Maximum fanout: 10
Setup time for clock gate: 0.000000
Hold time for clock gate: 0.000000
Clock gating circuitry (positive edge): and
Clock gating circuitry (negative edge): or
 Note: inverter between clock gating circuitry 
       and (negative edge) register clock pin.
Control point insertion: none
Control signal for control point: scan_enable
Observation point insertion: false
Observation logic depth: 5
1
# Synthesis all design (using : compile_ultra)
# you can add "-gate_clock" to do gated-clock
# you can add "-incremental" for higher performance
compile_ultra -gate_clock -exact_map -no_autoungroup -no_seq_output_inversion -no_boundary_optimization
Warning: The value of variable 'compile_preserve_subdesign_interfaces' has been changed to true because '-no_boundary_optimization' is used. (OPT-133)
Information: Starting from 2013.12 release, constant propagation is enabled even when boundary optimization is disabled. (OPT-1318)
Information: Performing power optimization. (PWR-850)
Alib files are up-to-date.
Information: Evaluating DesignWare library utilization. (UISN-27)

============================================================================
| DesignWare Building Block Library  |         Version         | Available |
============================================================================
| Basic DW Building Blocks           | R-2020.09-DWBB_202009.5 |     *     |
| Licensed DW Building Blocks        | R-2020.09-DWBB_202009.5 |     *     |
============================================================================


Information: There are 2119 potential problems in your design. Please run 'check_design' for more information. (LINT-99)

  Simplifying Design 'ViT_top'

Loaded alib file './alib-52/slow_vdd1v2_basicCells_wl.db.alib'
Information: State dependent leakage is now switched from on to off.

  Beginning Pass 1 Mapping
  ------------------------
  Processing 'ViT_top'
Information: Added key list 'DesignWare' to design 'ViT_top'. (DDB-72)
Information: The register 'top_state_reg[3]' is a constant and will be removed. (OPT-1206)
Information: The register 'top_state_reg[4]' is a constant and will be removed. (OPT-1206)
 Implement Synthetic for 'ViT_top'.
Information: The register 'bank3_proj_reg_reg[0]' will be removed. (OPT-1207)
Information: The register 'bank3_proj_reg_reg[1]' will be removed. (OPT-1207)
Information: The register 'bank3_proj_reg_reg[2]' will be removed. (OPT-1207)
Information: The register 'bank3_proj_reg_reg[3]' will be removed. (OPT-1207)
Information: The register 'bank3_proj_reg_reg[4]' will be removed. (OPT-1207)
Information: The register 'bank3_proj_reg_reg[5]' will be removed. (OPT-1207)
Information: The register 'bank2_proj_reg_reg[0]' will be removed. (OPT-1207)
Information: The register 'bank2_proj_reg_reg[1]' will be removed. (OPT-1207)
Information: The register 'bank2_proj_reg_reg[2]' will be removed. (OPT-1207)
Information: The register 'bank2_proj_reg_reg[3]' will be removed. (OPT-1207)
Information: The register 'bank2_proj_reg_reg[4]' will be removed. (OPT-1207)
Information: The register 'bank2_proj_reg_reg[5]' will be removed. (OPT-1207)
Information: The register 'bank1_proj_reg_reg[0]' will be removed. (OPT-1207)
Information: The register 'bank1_proj_reg_reg[1]' will be removed. (OPT-1207)
Information: The register 'bank1_proj_reg_reg[2]' will be removed. (OPT-1207)
Information: The register 'bank1_proj_reg_reg[3]' will be removed. (OPT-1207)
Information: The register 'bank1_proj_reg_reg[4]' will be removed. (OPT-1207)
Information: The register 'bank1_proj_reg_reg[5]' will be removed. (OPT-1207)
Information: The register 'bank0_proj_reg_reg[0]' will be removed. (OPT-1207)
Information: The register 'bank0_proj_reg_reg[1]' will be removed. (OPT-1207)
Information: The register 'bank0_proj_reg_reg[2]' will be removed. (OPT-1207)
Information: The register 'bank0_proj_reg_reg[3]' will be removed. (OPT-1207)
Information: The register 'bank0_proj_reg_reg[4]' will be removed. (OPT-1207)
Information: The register 'bank0_proj_reg_reg[5]' will be removed. (OPT-1207)
Information: The register 'token_x_nor_result_reg[7][0]' will be removed. (OPT-1207)
Information: The register 'token_x_nor_result_reg[7][1]' will be removed. (OPT-1207)
Information: The register 'token_x_nor_result_reg[7][2]' will be removed. (OPT-1207)
Information: The register 'token_x_nor_result_reg[7][3]' will be removed. (OPT-1207)
Information: The register 'token_x_nor_result_reg[7][4]' will be removed. (OPT-1207)
Information: The register 'token_x_nor_result_reg[7][5]' will be removed. (OPT-1207)
Information: The register 'token_x_nor_result_reg[6][0]' will be removed. (OPT-1207)
Information: The register 'token_x_nor_result_reg[6][1]' will be removed. (OPT-1207)
Information: The register 'token_x_nor_result_reg[6][2]' will be removed. (OPT-1207)
Information: The register 'token_x_nor_result_reg[6][3]' will be removed. (OPT-1207)
Information: The register 'token_x_nor_result_reg[6][4]' will be removed. (OPT-1207)
Information: The register 'token_x_nor_result_reg[6][5]' will be removed. (OPT-1207)
Information: The register 'token_x_nor_result_reg[5][0]' will be removed. (OPT-1207)
Information: The register 'token_x_nor_result_reg[5][1]' will be removed. (OPT-1207)
Information: The register 'token_x_nor_result_reg[5][2]' will be removed. (OPT-1207)
Information: The register 'token_x_nor_result_reg[5][3]' will be removed. (OPT-1207)
Information: The register 'token_x_nor_result_reg[5][4]' will be removed. (OPT-1207)
Information: The register 'token_x_nor_result_reg[5][5]' will be removed. (OPT-1207)
Information: The register 'token_x_nor_result_reg[4][0]' will be removed. (OPT-1207)
Information: The register 'token_x_nor_result_reg[4][1]' will be removed. (OPT-1207)
Information: The register 'token_x_nor_result_reg[4][2]' will be removed. (OPT-1207)
Information: The register 'token_x_nor_result_reg[4][3]' will be removed. (OPT-1207)
Information: The register 'token_x_nor_result_reg[4][4]' will be removed. (OPT-1207)
Information: The register 'token_x_nor_result_reg[4][5]' will be removed. (OPT-1207)
Information: The register 'token_x_nor_result_reg[3][0]' will be removed. (OPT-1207)
Information: The register 'token_x_nor_result_reg[3][1]' will be removed. (OPT-1207)
Information: The register 'token_x_nor_result_reg[3][2]' will be removed. (OPT-1207)
Information: The register 'token_x_nor_result_reg[3][3]' will be removed. (OPT-1207)
Information: The register 'token_x_nor_result_reg[3][4]' will be removed. (OPT-1207)
Information: The register 'token_x_nor_result_reg[3][5]' will be removed. (OPT-1207)
Information: The register 'token_x_nor_result_reg[2][0]' will be removed. (OPT-1207)
Information: The register 'token_x_nor_result_reg[2][1]' will be removed. (OPT-1207)
Information: The register 'token_x_nor_result_reg[2][2]' will be removed. (OPT-1207)
Information: The register 'token_x_nor_result_reg[2][3]' will be removed. (OPT-1207)
Information: The register 'token_x_nor_result_reg[2][4]' will be removed. (OPT-1207)
Information: The register 'token_x_nor_result_reg[2][5]' will be removed. (OPT-1207)
Information: The register 'token_x_nor_result_reg[1][0]' will be removed. (OPT-1207)
Information: The register 'token_x_nor_result_reg[1][1]' will be removed. (OPT-1207)
Information: The register 'token_x_nor_result_reg[1][2]' will be removed. (OPT-1207)
Information: The register 'token_x_nor_result_reg[1][3]' will be removed. (OPT-1207)
Information: The register 'token_x_nor_result_reg[1][4]' will be removed. (OPT-1207)
Information: The register 'token_x_nor_result_reg[1][5]' will be removed. (OPT-1207)
Information: The register 'token_x_nor_result_reg[0][0]' will be removed. (OPT-1207)
Information: The register 'token_x_nor_result_reg[0][1]' will be removed. (OPT-1207)
Information: The register 'token_x_nor_result_reg[0][2]' will be removed. (OPT-1207)
Information: The register 'token_x_nor_result_reg[0][3]' will be removed. (OPT-1207)
Information: The register 'token_x_nor_result_reg[0][4]' will be removed. (OPT-1207)
Information: The register 'token_x_nor_result_reg[0][5]' will be removed. (OPT-1207)
  Processing 'DW_div_pipe_inst_mydesign_0'
 Implement Synthetic for 'DW_div_pipe_inst_mydesign_0'.
Information: Performing clock-gating on design DW_div_pipe_inst_mydesign_0_DW_div_pipe_J1_0. (PWR-730)
  Processing 'DW_div_pipe_inst_mydesign_0_DW_div_J1_0'
  Processing 'SNPS_CLOCK_GATE_HIGH_ViT_top_mydesign_0'

  Updating timing information
Information: Updating design information... (UID-85)
Information: The library cell 'TIELO' in the library 'slow_vdd1v2' is not characterized for internal power. (PWR-536)
Information: The library cell 'TIEHI' in the library 'slow_vdd1v2' is not characterized for internal power. (PWR-536)
Information: The target library(s) contains cell(s), other than black boxes, that are not characterized for internal power. (PWR-24)
Information: Skipping clock gating on design DW_div_pipe_inst_mydesign_7, since there are no registers. (PWR-806)
Information: Skipping clock gating on design SNPS_CLOCK_GATE_HIGH_ViT_top_mydesign_0, since there are no registers. (PWR-806)
Information: Skipping clock gating on design ViT_top_RSOP_620, since there are no registers. (PWR-806)
Information: Skipping clock gating on design ViT_top_RSOP_621, since there are no registers. (PWR-806)
Information: Skipping clock gating on design ViT_top_RSOP_622, since there are no registers. (PWR-806)
Information: Skipping clock gating on design ViT_top_RSOP_623, since there are no registers. (PWR-806)
Information: Skipping clock gating on design ViT_top_RSOP_624, since there are no registers. (PWR-806)
Information: Skipping clock gating on design ViT_top_RSOP_625, since there are no registers. (PWR-806)
Information: Skipping clock gating on design ViT_top_RSOP_626, since there are no registers. (PWR-806)
Information: Skipping clock gating on design ViT_top_RSOP_627, since there are no registers. (PWR-806)
Information: Skipping clock gating on design ViT_top_DP_OP_633J1_127_5797_J1_0, since there are no registers. (PWR-806)
Information: Skipping clock gating on design ViT_top_DP_OP_632J1_126_5797_J1_0, since there are no registers. (PWR-806)
Information: Skipping clock gating on design ViT_top_DP_OP_631J1_125_5797_J1_0, since there are no registers. (PWR-806)
Information: Skipping clock gating on design ViT_top_DP_OP_630J1_124_5797_J1_0, since there are no registers. (PWR-806)
Information: Skipping clock gating on design ViT_top_DP_OP_629J1_123_1791_J1_0, since there are no registers. (PWR-806)
Information: Skipping clock gating on design ViT_top_DP_OP_628J1_122_4871_J1_0, since there are no registers. (PWR-806)
Information: Skipping clock gating on design ViT_top_DW01_inc_J1_0, since there are no registers. (PWR-806)
Information: Skipping clock gating on design ViT_top_DW01_inc_J1_1, since there are no registers. (PWR-806)
Information: Skipping clock gating on design ViT_top_DW01_inc_J1_2, since there are no registers. (PWR-806)
Information: Skipping clock gating on design ViT_top_DW01_inc_J1_3, since there are no registers. (PWR-806)
Information: Skipping clock gating on design ViT_top_DW01_inc_J1_4, since there are no registers. (PWR-806)
Information: Skipping clock gating on design ViT_top_DW01_inc_J1_5, since there are no registers. (PWR-806)
Information: Skipping clock gating on design ViT_top_DW01_inc_J1_6, since there are no registers. (PWR-806)
Information: Skipping clock gating on design ViT_top_DW01_inc_J1_7, since there are no registers. (PWR-806)
Information: Skipping clock gating on design ViT_top_DW01_inc_J1_8, since there are no registers. (PWR-806)
Information: Skipping clock gating on design ViT_top_DW01_inc_J1_9, since there are no registers. (PWR-806)
Information: Skipping clock gating on design ViT_top_DW01_inc_J1_10, since there are no registers. (PWR-806)
Information: Skipping clock gating on design ViT_top_DW01_inc_J1_11, since there are no registers. (PWR-806)
Information: Skipping clock gating on design ViT_top_DW01_inc_J1_12, since there are no registers. (PWR-806)
Information: Skipping clock gating on design ViT_top_DW01_inc_J1_13, since there are no registers. (PWR-806)
Information: Skipping clock gating on design ViT_top_DW01_inc_J1_14, since there are no registers. (PWR-806)
Information: Skipping clock gating on design ViT_top_DW01_inc_J1_15, since there are no registers. (PWR-806)
Information: Skipping clock gating on design ViT_top_DW01_inc_J1_16, since there are no registers. (PWR-806)
Information: Skipping clock gating on design ViT_top_DW01_inc_J1_17, since there are no registers. (PWR-806)
Information: Skipping clock gating on design ViT_top_DW01_inc_J1_18, since there are no registers. (PWR-806)
Information: Skipping clock gating on design ViT_top_DW01_inc_J1_19, since there are no registers. (PWR-806)
Information: Skipping clock gating on design ViT_top_DW01_inc_J1_20, since there are no registers. (PWR-806)
Information: Skipping clock gating on design ViT_top_DW01_inc_J1_21, since there are no registers. (PWR-806)
Information: Skipping clock gating on design ViT_top_DW01_inc_J1_22, since there are no registers. (PWR-806)
Information: Skipping clock gating on design ViT_top_DW01_inc_J1_23, since there are no registers. (PWR-806)
Information: Skipping clock gating on design ViT_top_DW01_inc_J1_24, since there are no registers. (PWR-806)
Information: Skipping clock gating on design ViT_top_DW01_inc_J1_25, since there are no registers. (PWR-806)
Information: Skipping clock gating on design ViT_top_DW01_inc_J1_26, since there are no registers. (PWR-806)
Information: Skipping clock gating on design ViT_top_DW01_sub_J1_0, since there are no registers. (PWR-806)
Information: Skipping clock gating on design ViT_top_DW01_sub_J1_1, since there are no registers. (PWR-806)
Information: Skipping clock gating on design ViT_top_DW01_sub_J1_2, since there are no registers. (PWR-806)
Information: Skipping clock gating on design ViT_top_DW01_sub_J1_3, since there are no registers. (PWR-806)
Information: Skipping clock gating on design ViT_top_DW01_sub_J1_4, since there are no registers. (PWR-806)
Information: Skipping clock gating on design ViT_top_DW01_sub_J1_5, since there are no registers. (PWR-806)
Information: Skipping clock gating on design ViT_top_DW01_sub_J1_6, since there are no registers. (PWR-806)
Information: Skipping clock gating on design ViT_top_DW01_sub_J1_7, since there are no registers. (PWR-806)
Information: Skipping clock gating on design ViT_top_DW01_sub_J1_8, since there are no registers. (PWR-806)
Information: Skipping clock gating on design ViT_top_DW01_sub_J1_9, since there are no registers. (PWR-806)
Information: Skipping clock gating on design ViT_top_DW01_sub_J1_10, since there are no registers. (PWR-806)
Information: Skipping clock gating on design ViT_top_DW01_sub_J1_11, since there are no registers. (PWR-806)
Information: Skipping clock gating on design ViT_top_DW01_sub_J1_12, since there are no registers. (PWR-806)
Information: Skipping clock gating on design ViT_top_DW01_sub_J1_13, since there are no registers. (PWR-806)
Information: Skipping clock gating on design ViT_top_DW01_sub_J1_14, since there are no registers. (PWR-806)
Information: Skipping clock gating on design ViT_top_DW01_sub_J1_15, since there are no registers. (PWR-806)
Information: Skipping clock gating on design ViT_top_DW01_inc_J1_27, since there are no registers. (PWR-806)
Information: Skipping clock gating on design ViT_top_DP_OP_190J1_128_360_J1_0, since there are no registers. (PWR-806)
Information: Skipping clock gating on design ViT_top_DP_OP_191J1_130_7572_J1_0, since there are no registers. (PWR-806)
Information: Skipping clock gating on design ViT_top_DP_OP_192J1_132_3748_J1_0, since there are no registers. (PWR-806)
Information: Skipping clock gating on design ViT_top_DP_OP_193J1_134_1009_J1_0, since there are no registers. (PWR-806)
Information: Skipping clock gating on design ViT_top_DP_OP_194J1_136_9274_J1_0, since there are no registers. (PWR-806)
Information: Skipping clock gating on design ViT_top_DP_OP_195J1_138_6519_J1_0, since there are no registers. (PWR-806)
Information: Skipping clock gating on design ViT_top_DP_OP_196J1_140_2711_J1_0, since there are no registers. (PWR-806)
Information: Skipping clock gating on design ViT_top_DP_OP_197J1_142_9923_J1_0, since there are no registers. (PWR-806)
Information: Skipping clock gating on design DW_div_pipe_inst_mydesign_0_DW_div_J1_0_mydesign_7, since there are no registers. (PWR-806)
Information: Skipping clock gating on design DW_div_pipe_inst_mydesign_0_DW01_add_J1_0_mydesign_7, since there are no registers. (PWR-806)
Information: Skipping clock gating on design DW_div_pipe_inst_mydesign_0_DW01_add_J1_1_mydesign_7, since there are no registers. (PWR-806)
Information: Skipping clock gating on design DW_div_pipe_inst_mydesign_0_DW01_add_J1_2_mydesign_7, since there are no registers. (PWR-806)
Information: Skipping clock gating on design DW_div_pipe_inst_mydesign_0_DW01_add_J1_3_mydesign_7, since there are no registers. (PWR-806)
Information: Skipping clock gating on design DW_div_pipe_inst_mydesign_0_DW01_add_J1_4_mydesign_7, since there are no registers. (PWR-806)
Information: Skipping clock gating on design DW_div_pipe_inst_mydesign_0_DW01_add_J1_5_mydesign_7, since there are no registers. (PWR-806)
Information: Skipping clock gating on design DW_div_pipe_inst_mydesign_0_DW01_add_J1_6_mydesign_7, since there are no registers. (PWR-806)
Information: Skipping clock gating on design DW_div_pipe_inst_mydesign_0_DW01_add_J1_7_mydesign_7, since there are no registers. (PWR-806)
Information: Skipping clock gating on design DW_div_pipe_inst_mydesign_0_DW01_add_J1_8_mydesign_7, since there are no registers. (PWR-806)
Information: Skipping clock gating on design DW_div_pipe_inst_mydesign_0_DW01_add_J1_9_mydesign_7, since there are no registers. (PWR-806)
Information: Skipping clock gating on design DW_div_pipe_inst_mydesign_0_DW01_add_J1_10_mydesign_7, since there are no registers. (PWR-806)
Information: Skipping clock gating on design DW_div_pipe_inst_mydesign_0_DW01_add_J1_11_mydesign_7, since there are no registers. (PWR-806)
Information: Skipping clock gating on design DW_div_pipe_inst_mydesign_0_DW01_add_J1_12_mydesign_7, since there are no registers. (PWR-806)
Information: Skipping clock gating on design DW_div_pipe_inst_mydesign_0_DW01_add_J1_13_mydesign_7, since there are no registers. (PWR-806)
Information: Skipping clock gating on design DW_div_pipe_inst_mydesign_0_DW01_add_J1_14_mydesign_7, since there are no registers. (PWR-806)
Information: Skipping clock gating on design DW_div_pipe_inst_mydesign_0_DW01_add_J1_15_mydesign_7, since there are no registers. (PWR-806)
Information: Skipping clock gating on design DW_div_pipe_inst_mydesign_0_DW01_add_J1_16_mydesign_7, since there are no registers. (PWR-806)
Information: Skipping clock gating on design DW_div_pipe_inst_mydesign_0_DW01_add_J1_17_mydesign_7, since there are no registers. (PWR-806)
Information: Skipping clock gating on design DW_div_pipe_inst_mydesign_0_DW01_add_J1_18_mydesign_7, since there are no registers. (PWR-806)
Information: Skipping clock gating on design DW_div_pipe_inst_mydesign_0, since there are no registers. (PWR-806)
Information: Skipping clock gating on design DW_div_pipe_inst_mydesign_1, since there are no registers. (PWR-806)
Information: Skipping clock gating on design DW_div_pipe_inst_mydesign_2, since there are no registers. (PWR-806)
Information: Skipping clock gating on design DW_div_pipe_inst_mydesign_3, since there are no registers. (PWR-806)
Information: Skipping clock gating on design DW_div_pipe_inst_mydesign_4, since there are no registers. (PWR-806)
Information: Skipping clock gating on design DW_div_pipe_inst_mydesign_5, since there are no registers. (PWR-806)
Information: Skipping clock gating on design DW_div_pipe_inst_mydesign_6, since there are no registers. (PWR-806)
Information: Skipping clock gating on design SNPS_CLOCK_GATE_HIGH_ViT_top_mydesign_1, since there are no registers. (PWR-806)
Information: Skipping clock gating on design SNPS_CLOCK_GATE_HIGH_ViT_top_mydesign_2, since there are no registers. (PWR-806)
Information: Skipping clock gating on design SNPS_CLOCK_GATE_HIGH_ViT_top_mydesign_3, since there are no registers. (PWR-806)
Information: Skipping clock gating on design SNPS_CLOCK_GATE_HIGH_ViT_top_mydesign_4, since there are no registers. (PWR-806)
Information: Skipping clock gating on design SNPS_CLOCK_GATE_HIGH_ViT_top_mydesign_5, since there are no registers. (PWR-806)
Information: Skipping clock gating on design SNPS_CLOCK_GATE_HIGH_ViT_top_mydesign_6, since there are no registers. (PWR-806)
Information: Skipping clock gating on design SNPS_CLOCK_GATE_HIGH_ViT_top_mydesign_7, since there are no registers. (PWR-806)
Information: Skipping clock gating on design SNPS_CLOCK_GATE_HIGH_ViT_top_mydesign_8, since there are no registers. (PWR-806)
Information: Skipping clock gating on design SNPS_CLOCK_GATE_HIGH_ViT_top_mydesign_9, since there are no registers. (PWR-806)
Information: Skipping clock gating on design SNPS_CLOCK_GATE_HIGH_ViT_top_mydesign_10, since there are no registers. (PWR-806)
Information: Skipping clock gating on design SNPS_CLOCK_GATE_HIGH_ViT_top_mydesign_11, since there are no registers. (PWR-806)
Information: Skipping clock gating on design SNPS_CLOCK_GATE_HIGH_ViT_top_mydesign_12, since there are no registers. (PWR-806)
Information: Skipping clock gating on design SNPS_CLOCK_GATE_HIGH_ViT_top_mydesign_13, since there are no registers. (PWR-806)
Information: Skipping clock gating on design SNPS_CLOCK_GATE_HIGH_ViT_top_mydesign_14, since there are no registers. (PWR-806)
Information: Skipping clock gating on design SNPS_CLOCK_GATE_HIGH_ViT_top_mydesign_15, since there are no registers. (PWR-806)
Information: Skipping clock gating on design SNPS_CLOCK_GATE_HIGH_ViT_top_mydesign_16, since there are no registers. (PWR-806)
Information: Skipping clock gating on design SNPS_CLOCK_GATE_HIGH_ViT_top_mydesign_17, since there are no registers. (PWR-806)
Information: Skipping clock gating on design SNPS_CLOCK_GATE_HIGH_ViT_top_mydesign_18, since there are no registers. (PWR-806)
Information: Skipping clock gating on design SNPS_CLOCK_GATE_HIGH_ViT_top_mydesign_19, since there are no registers. (PWR-806)
Information: Skipping clock gating on design SNPS_CLOCK_GATE_HIGH_ViT_top_mydesign_20, since there are no registers. (PWR-806)
Information: Skipping clock gating on design SNPS_CLOCK_GATE_HIGH_ViT_top_mydesign_21, since there are no registers. (PWR-806)
Information: Skipping clock gating on design SNPS_CLOCK_GATE_HIGH_ViT_top_mydesign_22, since there are no registers. (PWR-806)
Information: Skipping clock gating on design SNPS_CLOCK_GATE_HIGH_ViT_top_mydesign_23, since there are no registers. (PWR-806)
Information: Skipping clock gating on design SNPS_CLOCK_GATE_HIGH_ViT_top_mydesign_24, since there are no registers. (PWR-806)
Information: Skipping clock gating on design SNPS_CLOCK_GATE_HIGH_ViT_top_mydesign_25, since there are no registers. (PWR-806)
Information: Skipping clock gating on design SNPS_CLOCK_GATE_HIGH_ViT_top_mydesign_26, since there are no registers. (PWR-806)
Information: Skipping clock gating on design SNPS_CLOCK_GATE_HIGH_ViT_top_mydesign_27, since there are no registers. (PWR-806)
Information: Skipping clock gating on design SNPS_CLOCK_GATE_HIGH_ViT_top_mydesign_28, since there are no registers. (PWR-806)
Information: Skipping clock gating on design SNPS_CLOCK_GATE_HIGH_ViT_top_mydesign_29, since there are no registers. (PWR-806)
Information: Skipping clock gating on design SNPS_CLOCK_GATE_HIGH_ViT_top_mydesign_30, since there are no registers. (PWR-806)
Information: Skipping clock gating on design SNPS_CLOCK_GATE_HIGH_ViT_top_mydesign_31, since there are no registers. (PWR-806)
Information: Skipping clock gating on design SNPS_CLOCK_GATE_HIGH_ViT_top_mydesign_32, since there are no registers. (PWR-806)
Information: Skipping clock gating on design SNPS_CLOCK_GATE_HIGH_ViT_top_mydesign_33, since there are no registers. (PWR-806)
Information: Skipping clock gating on design SNPS_CLOCK_GATE_HIGH_ViT_top_mydesign_34, since there are no registers. (PWR-806)
Information: Skipping clock gating on design SNPS_CLOCK_GATE_HIGH_ViT_top_mydesign_35, since there are no registers. (PWR-806)
Information: Skipping clock gating on design SNPS_CLOCK_GATE_HIGH_ViT_top_mydesign_36, since there are no registers. (PWR-806)
Information: Skipping clock gating on design SNPS_CLOCK_GATE_HIGH_ViT_top_mydesign_37, since there are no registers. (PWR-806)
Information: Skipping clock gating on design SNPS_CLOCK_GATE_HIGH_ViT_top_mydesign_38, since there are no registers. (PWR-806)
Information: Skipping clock gating on design SNPS_CLOCK_GATE_HIGH_ViT_top_mydesign_39, since there are no registers. (PWR-806)
Information: Skipping clock gating on design SNPS_CLOCK_GATE_HIGH_ViT_top_mydesign_40, since there are no registers. (PWR-806)
Information: Skipping clock gating on design SNPS_CLOCK_GATE_HIGH_ViT_top_mydesign_41, since there are no registers. (PWR-806)
Information: Skipping clock gating on design SNPS_CLOCK_GATE_HIGH_ViT_top_mydesign_42, since there are no registers. (PWR-806)
Information: Skipping clock gating on design SNPS_CLOCK_GATE_HIGH_ViT_top_mydesign_43, since there are no registers. (PWR-806)
Information: Skipping clock gating on design SNPS_CLOCK_GATE_HIGH_ViT_top_mydesign_44, since there are no registers. (PWR-806)
Information: Skipping clock gating on design SNPS_CLOCK_GATE_HIGH_ViT_top_mydesign_45, since there are no registers. (PWR-806)
Information: Skipping clock gating on design SNPS_CLOCK_GATE_HIGH_ViT_top_mydesign_46, since there are no registers. (PWR-806)
Information: Skipping clock gating on design SNPS_CLOCK_GATE_HIGH_ViT_top_mydesign_47, since there are no registers. (PWR-806)
Information: Skipping clock gating on design SNPS_CLOCK_GATE_HIGH_ViT_top_mydesign_48, since there are no registers. (PWR-806)
Information: Skipping clock gating on design SNPS_CLOCK_GATE_HIGH_ViT_top_mydesign_49, since there are no registers. (PWR-806)
Information: Skipping clock gating on design SNPS_CLOCK_GATE_HIGH_ViT_top_mydesign_50, since there are no registers. (PWR-806)
Information: Skipping clock gating on design SNPS_CLOCK_GATE_HIGH_ViT_top_mydesign_51, since there are no registers. (PWR-806)
Information: Skipping clock gating on design SNPS_CLOCK_GATE_HIGH_ViT_top_mydesign_52, since there are no registers. (PWR-806)
Information: Skipping clock gating on design SNPS_CLOCK_GATE_HIGH_ViT_top_mydesign_53, since there are no registers. (PWR-806)
Information: Skipping clock gating on design SNPS_CLOCK_GATE_HIGH_ViT_top_mydesign_54, since there are no registers. (PWR-806)
Information: Skipping clock gating on design SNPS_CLOCK_GATE_HIGH_ViT_top_mydesign_55, since there are no registers. (PWR-806)
Information: Skipping clock gating on design SNPS_CLOCK_GATE_HIGH_ViT_top_mydesign_56, since there are no registers. (PWR-806)
Information: Skipping clock gating on design SNPS_CLOCK_GATE_HIGH_ViT_top_mydesign_57, since there are no registers. (PWR-806)
Information: Skipping clock gating on design SNPS_CLOCK_GATE_HIGH_ViT_top_mydesign_58, since there are no registers. (PWR-806)
Information: Skipping clock gating on design SNPS_CLOCK_GATE_HIGH_ViT_top_mydesign_59, since there are no registers. (PWR-806)
Information: Skipping clock gating on design SNPS_CLOCK_GATE_HIGH_ViT_top_mydesign_60, since there are no registers. (PWR-806)
Information: Skipping clock gating on design SNPS_CLOCK_GATE_HIGH_ViT_top_mydesign_61, since there are no registers. (PWR-806)
Information: Skipping clock gating on design SNPS_CLOCK_GATE_HIGH_ViT_top_mydesign_62, since there are no registers. (PWR-806)
Information: Skipping clock gating on design SNPS_CLOCK_GATE_HIGH_ViT_top_mydesign_63, since there are no registers. (PWR-806)
Information: Skipping clock gating on design SNPS_CLOCK_GATE_HIGH_ViT_top_mydesign_64, since there are no registers. (PWR-806)
Information: Skipping clock gating on design SNPS_CLOCK_GATE_HIGH_ViT_top_mydesign_65, since there are no registers. (PWR-806)
Information: Skipping clock gating on design SNPS_CLOCK_GATE_HIGH_ViT_top_mydesign_66, since there are no registers. (PWR-806)
Information: Skipping clock gating on design SNPS_CLOCK_GATE_HIGH_ViT_top_mydesign_67, since there are no registers. (PWR-806)
Information: Skipping clock gating on design SNPS_CLOCK_GATE_HIGH_ViT_top_mydesign_68, since there are no registers. (PWR-806)
Information: Skipping clock gating on design SNPS_CLOCK_GATE_HIGH_ViT_top_mydesign_69, since there are no registers. (PWR-806)
Information: Skipping clock gating on design SNPS_CLOCK_GATE_HIGH_ViT_top_mydesign_70, since there are no registers. (PWR-806)
Information: Skipping clock gating on design SNPS_CLOCK_GATE_HIGH_ViT_top_mydesign_71, since there are no registers. (PWR-806)
Information: Skipping clock gating on design SNPS_CLOCK_GATE_HIGH_ViT_top_mydesign_72, since there are no registers. (PWR-806)
Information: Skipping clock gating on design SNPS_CLOCK_GATE_HIGH_ViT_top_mydesign_73, since there are no registers. (PWR-806)
Information: Skipping clock gating on design SNPS_CLOCK_GATE_HIGH_ViT_top_mydesign_74, since there are no registers. (PWR-806)
Information: Skipping clock gating on design SNPS_CLOCK_GATE_HIGH_ViT_top_mydesign_75, since there are no registers. (PWR-806)
Information: Skipping clock gating on design SNPS_CLOCK_GATE_HIGH_ViT_top_mydesign_76, since there are no registers. (PWR-806)
Information: Skipping clock gating on design SNPS_CLOCK_GATE_HIGH_ViT_top_mydesign_77, since there are no registers. (PWR-806)
Information: Skipping clock gating on design SNPS_CLOCK_GATE_HIGH_ViT_top_mydesign_78, since there are no registers. (PWR-806)
Information: Skipping clock gating on design SNPS_CLOCK_GATE_HIGH_ViT_top_mydesign_79, since there are no registers. (PWR-806)
Information: Skipping clock gating on design SNPS_CLOCK_GATE_HIGH_ViT_top_mydesign_80, since there are no registers. (PWR-806)
Information: Skipping clock gating on design SNPS_CLOCK_GATE_HIGH_ViT_top_mydesign_81, since there are no registers. (PWR-806)
Information: Skipping clock gating on design SNPS_CLOCK_GATE_HIGH_ViT_top_mydesign_82, since there are no registers. (PWR-806)
Information: Skipping clock gating on design SNPS_CLOCK_GATE_HIGH_ViT_top_mydesign_83, since there are no registers. (PWR-806)
Information: Skipping clock gating on design SNPS_CLOCK_GATE_HIGH_ViT_top_mydesign_84, since there are no registers. (PWR-806)
Information: Skipping clock gating on design SNPS_CLOCK_GATE_HIGH_ViT_top_mydesign_85, since there are no registers. (PWR-806)
Information: Skipping clock gating on design SNPS_CLOCK_GATE_HIGH_ViT_top_mydesign_86, since there are no registers. (PWR-806)
Information: Skipping clock gating on design SNPS_CLOCK_GATE_HIGH_ViT_top_mydesign_87, since there are no registers. (PWR-806)
Information: Skipping clock gating on design SNPS_CLOCK_GATE_HIGH_ViT_top_mydesign_88, since there are no registers. (PWR-806)
Information: Skipping clock gating on design SNPS_CLOCK_GATE_HIGH_ViT_top_mydesign_89, since there are no registers. (PWR-806)
Information: Skipping clock gating on design SNPS_CLOCK_GATE_HIGH_ViT_top_mydesign_90, since there are no registers. (PWR-806)
Information: Skipping clock gating on design SNPS_CLOCK_GATE_HIGH_ViT_top_mydesign_91, since there are no registers. (PWR-806)
Information: Skipping clock gating on design SNPS_CLOCK_GATE_HIGH_ViT_top_mydesign_92, since there are no registers. (PWR-806)
Information: Skipping clock gating on design SNPS_CLOCK_GATE_HIGH_ViT_top_mydesign_93, since there are no registers. (PWR-806)
Information: Skipping clock gating on design SNPS_CLOCK_GATE_HIGH_ViT_top_mydesign_94, since there are no registers. (PWR-806)
Information: Skipping clock gating on design SNPS_CLOCK_GATE_HIGH_ViT_top_mydesign_95, since there are no registers. (PWR-806)
Information: Skipping clock gating on design DW_div_pipe_inst_mydesign_0_DW_div_J1_0_mydesign_0, since there are no registers. (PWR-806)
Information: Skipping clock gating on design DW_div_pipe_inst_mydesign_0_DW_div_J1_0_mydesign_1, since there are no registers. (PWR-806)
Information: Skipping clock gating on design DW_div_pipe_inst_mydesign_0_DW_div_J1_0_mydesign_2, since there are no registers. (PWR-806)
Information: Skipping clock gating on design DW_div_pipe_inst_mydesign_0_DW_div_J1_0_mydesign_3, since there are no registers. (PWR-806)
Information: Skipping clock gating on design DW_div_pipe_inst_mydesign_0_DW_div_J1_0_mydesign_4, since there are no registers. (PWR-806)
Information: Skipping clock gating on design DW_div_pipe_inst_mydesign_0_DW_div_J1_0_mydesign_5, since there are no registers. (PWR-806)
Information: Skipping clock gating on design DW_div_pipe_inst_mydesign_0_DW_div_J1_0_mydesign_6, since there are no registers. (PWR-806)
Information: Skipping clock gating on design DW_div_pipe_inst_mydesign_0_DW01_add_J1_0_mydesign_0, since there are no registers. (PWR-806)
Information: Skipping clock gating on design DW_div_pipe_inst_mydesign_0_DW01_add_J1_0_mydesign_1, since there are no registers. (PWR-806)
Information: Skipping clock gating on design DW_div_pipe_inst_mydesign_0_DW01_add_J1_0_mydesign_2, since there are no registers. (PWR-806)
Information: Skipping clock gating on design DW_div_pipe_inst_mydesign_0_DW01_add_J1_0_mydesign_3, since there are no registers. (PWR-806)
Information: Skipping clock gating on design DW_div_pipe_inst_mydesign_0_DW01_add_J1_0_mydesign_4, since there are no registers. (PWR-806)
Information: Skipping clock gating on design DW_div_pipe_inst_mydesign_0_DW01_add_J1_0_mydesign_5, since there are no registers. (PWR-806)
Information: Skipping clock gating on design DW_div_pipe_inst_mydesign_0_DW01_add_J1_0_mydesign_6, since there are no registers. (PWR-806)
Information: Skipping clock gating on design DW_div_pipe_inst_mydesign_0_DW01_add_J1_1_mydesign_0, since there are no registers. (PWR-806)
Information: Skipping clock gating on design DW_div_pipe_inst_mydesign_0_DW01_add_J1_1_mydesign_1, since there are no registers. (PWR-806)
Information: Skipping clock gating on design DW_div_pipe_inst_mydesign_0_DW01_add_J1_1_mydesign_2, since there are no registers. (PWR-806)
Information: Skipping clock gating on design DW_div_pipe_inst_mydesign_0_DW01_add_J1_1_mydesign_3, since there are no registers. (PWR-806)
Information: Skipping clock gating on design DW_div_pipe_inst_mydesign_0_DW01_add_J1_1_mydesign_4, since there are no registers. (PWR-806)
Information: Skipping clock gating on design DW_div_pipe_inst_mydesign_0_DW01_add_J1_1_mydesign_5, since there are no registers. (PWR-806)
Information: Skipping clock gating on design DW_div_pipe_inst_mydesign_0_DW01_add_J1_1_mydesign_6, since there are no registers. (PWR-806)
Information: Skipping clock gating on design DW_div_pipe_inst_mydesign_0_DW01_add_J1_2_mydesign_0, since there are no registers. (PWR-806)
Information: Skipping clock gating on design DW_div_pipe_inst_mydesign_0_DW01_add_J1_2_mydesign_1, since there are no registers. (PWR-806)
Information: Skipping clock gating on design DW_div_pipe_inst_mydesign_0_DW01_add_J1_2_mydesign_2, since there are no registers. (PWR-806)
Information: Skipping clock gating on design DW_div_pipe_inst_mydesign_0_DW01_add_J1_2_mydesign_3, since there are no registers. (PWR-806)
Information: Skipping clock gating on design DW_div_pipe_inst_mydesign_0_DW01_add_J1_2_mydesign_4, since there are no registers. (PWR-806)
Information: Skipping clock gating on design DW_div_pipe_inst_mydesign_0_DW01_add_J1_2_mydesign_5, since there are no registers. (PWR-806)
Information: Skipping clock gating on design DW_div_pipe_inst_mydesign_0_DW01_add_J1_2_mydesign_6, since there are no registers. (PWR-806)
Information: Skipping clock gating on design DW_div_pipe_inst_mydesign_0_DW01_add_J1_3_mydesign_0, since there are no registers. (PWR-806)
Information: Skipping clock gating on design DW_div_pipe_inst_mydesign_0_DW01_add_J1_3_mydesign_1, since there are no registers. (PWR-806)
Information: Skipping clock gating on design DW_div_pipe_inst_mydesign_0_DW01_add_J1_3_mydesign_2, since there are no registers. (PWR-806)
Information: Skipping clock gating on design DW_div_pipe_inst_mydesign_0_DW01_add_J1_3_mydesign_3, since there are no registers. (PWR-806)
Information: Skipping clock gating on design DW_div_pipe_inst_mydesign_0_DW01_add_J1_3_mydesign_4, since there are no registers. (PWR-806)
Information: Skipping clock gating on design DW_div_pipe_inst_mydesign_0_DW01_add_J1_3_mydesign_5, since there are no registers. (PWR-806)
Information: Skipping clock gating on design DW_div_pipe_inst_mydesign_0_DW01_add_J1_3_mydesign_6, since there are no registers. (PWR-806)
Information: Skipping clock gating on design DW_div_pipe_inst_mydesign_0_DW01_add_J1_4_mydesign_0, since there are no registers. (PWR-806)
Information: Skipping clock gating on design DW_div_pipe_inst_mydesign_0_DW01_add_J1_4_mydesign_1, since there are no registers. (PWR-806)
Information: Skipping clock gating on design DW_div_pipe_inst_mydesign_0_DW01_add_J1_4_mydesign_2, since there are no registers. (PWR-806)
Information: Skipping clock gating on design DW_div_pipe_inst_mydesign_0_DW01_add_J1_4_mydesign_3, since there are no registers. (PWR-806)
Information: Skipping clock gating on design DW_div_pipe_inst_mydesign_0_DW01_add_J1_4_mydesign_4, since there are no registers. (PWR-806)
Information: Skipping clock gating on design DW_div_pipe_inst_mydesign_0_DW01_add_J1_4_mydesign_5, since there are no registers. (PWR-806)
Information: Skipping clock gating on design DW_div_pipe_inst_mydesign_0_DW01_add_J1_4_mydesign_6, since there are no registers. (PWR-806)
Information: Skipping clock gating on design DW_div_pipe_inst_mydesign_0_DW01_add_J1_5_mydesign_0, since there are no registers. (PWR-806)
Information: Skipping clock gating on design DW_div_pipe_inst_mydesign_0_DW01_add_J1_5_mydesign_1, since there are no registers. (PWR-806)
Information: Skipping clock gating on design DW_div_pipe_inst_mydesign_0_DW01_add_J1_5_mydesign_2, since there are no registers. (PWR-806)
Information: Skipping clock gating on design DW_div_pipe_inst_mydesign_0_DW01_add_J1_5_mydesign_3, since there are no registers. (PWR-806)
Information: Skipping clock gating on design DW_div_pipe_inst_mydesign_0_DW01_add_J1_5_mydesign_4, since there are no registers. (PWR-806)
Information: Skipping clock gating on design DW_div_pipe_inst_mydesign_0_DW01_add_J1_5_mydesign_5, since there are no registers. (PWR-806)
Information: Skipping clock gating on design DW_div_pipe_inst_mydesign_0_DW01_add_J1_5_mydesign_6, since there are no registers. (PWR-806)
Information: Skipping clock gating on design DW_div_pipe_inst_mydesign_0_DW01_add_J1_6_mydesign_0, since there are no registers. (PWR-806)
Information: Skipping clock gating on design DW_div_pipe_inst_mydesign_0_DW01_add_J1_6_mydesign_1, since there are no registers. (PWR-806)
Information: Skipping clock gating on design DW_div_pipe_inst_mydesign_0_DW01_add_J1_6_mydesign_2, since there are no registers. (PWR-806)
Information: Skipping clock gating on design DW_div_pipe_inst_mydesign_0_DW01_add_J1_6_mydesign_3, since there are no registers. (PWR-806)
Information: Skipping clock gating on design DW_div_pipe_inst_mydesign_0_DW01_add_J1_6_mydesign_4, since there are no registers. (PWR-806)
Information: Skipping clock gating on design DW_div_pipe_inst_mydesign_0_DW01_add_J1_6_mydesign_5, since there are no registers. (PWR-806)
Information: Skipping clock gating on design DW_div_pipe_inst_mydesign_0_DW01_add_J1_6_mydesign_6, since there are no registers. (PWR-806)
Information: Skipping clock gating on design DW_div_pipe_inst_mydesign_0_DW01_add_J1_7_mydesign_0, since there are no registers. (PWR-806)
Information: Skipping clock gating on design DW_div_pipe_inst_mydesign_0_DW01_add_J1_7_mydesign_1, since there are no registers. (PWR-806)
Information: Skipping clock gating on design DW_div_pipe_inst_mydesign_0_DW01_add_J1_7_mydesign_2, since there are no registers. (PWR-806)
Information: Skipping clock gating on design DW_div_pipe_inst_mydesign_0_DW01_add_J1_7_mydesign_3, since there are no registers. (PWR-806)
Information: Skipping clock gating on design DW_div_pipe_inst_mydesign_0_DW01_add_J1_7_mydesign_4, since there are no registers. (PWR-806)
Information: Skipping clock gating on design DW_div_pipe_inst_mydesign_0_DW01_add_J1_7_mydesign_5, since there are no registers. (PWR-806)
Information: Skipping clock gating on design DW_div_pipe_inst_mydesign_0_DW01_add_J1_7_mydesign_6, since there are no registers. (PWR-806)
Information: Skipping clock gating on design DW_div_pipe_inst_mydesign_0_DW01_add_J1_8_mydesign_0, since there are no registers. (PWR-806)
Information: Skipping clock gating on design DW_div_pipe_inst_mydesign_0_DW01_add_J1_8_mydesign_1, since there are no registers. (PWR-806)
Information: Skipping clock gating on design DW_div_pipe_inst_mydesign_0_DW01_add_J1_8_mydesign_2, since there are no registers. (PWR-806)
Information: Skipping clock gating on design DW_div_pipe_inst_mydesign_0_DW01_add_J1_8_mydesign_3, since there are no registers. (PWR-806)
Information: Skipping clock gating on design DW_div_pipe_inst_mydesign_0_DW01_add_J1_8_mydesign_4, since there are no registers. (PWR-806)
Information: Skipping clock gating on design DW_div_pipe_inst_mydesign_0_DW01_add_J1_8_mydesign_5, since there are no registers. (PWR-806)
Information: Skipping clock gating on design DW_div_pipe_inst_mydesign_0_DW01_add_J1_8_mydesign_6, since there are no registers. (PWR-806)
Information: Skipping clock gating on design DW_div_pipe_inst_mydesign_0_DW01_add_J1_9_mydesign_0, since there are no registers. (PWR-806)
Information: Skipping clock gating on design DW_div_pipe_inst_mydesign_0_DW01_add_J1_9_mydesign_1, since there are no registers. (PWR-806)
Information: Skipping clock gating on design DW_div_pipe_inst_mydesign_0_DW01_add_J1_9_mydesign_2, since there are no registers. (PWR-806)
Information: Skipping clock gating on design DW_div_pipe_inst_mydesign_0_DW01_add_J1_9_mydesign_3, since there are no registers. (PWR-806)
Information: Skipping clock gating on design DW_div_pipe_inst_mydesign_0_DW01_add_J1_9_mydesign_4, since there are no registers. (PWR-806)
Information: Skipping clock gating on design DW_div_pipe_inst_mydesign_0_DW01_add_J1_9_mydesign_5, since there are no registers. (PWR-806)
Information: Skipping clock gating on design DW_div_pipe_inst_mydesign_0_DW01_add_J1_9_mydesign_6, since there are no registers. (PWR-806)
Information: Skipping clock gating on design DW_div_pipe_inst_mydesign_0_DW01_add_J1_10_mydesign_0, since there are no registers. (PWR-806)
Information: Skipping clock gating on design DW_div_pipe_inst_mydesign_0_DW01_add_J1_10_mydesign_1, since there are no registers. (PWR-806)
Information: Skipping clock gating on design DW_div_pipe_inst_mydesign_0_DW01_add_J1_10_mydesign_2, since there are no registers. (PWR-806)
Information: Skipping clock gating on design DW_div_pipe_inst_mydesign_0_DW01_add_J1_10_mydesign_3, since there are no registers. (PWR-806)
Information: Skipping clock gating on design DW_div_pipe_inst_mydesign_0_DW01_add_J1_10_mydesign_4, since there are no registers. (PWR-806)
Information: Skipping clock gating on design DW_div_pipe_inst_mydesign_0_DW01_add_J1_10_mydesign_5, since there are no registers. (PWR-806)
Information: Skipping clock gating on design DW_div_pipe_inst_mydesign_0_DW01_add_J1_10_mydesign_6, since there are no registers. (PWR-806)
Information: Skipping clock gating on design DW_div_pipe_inst_mydesign_0_DW01_add_J1_11_mydesign_0, since there are no registers. (PWR-806)
Information: Skipping clock gating on design DW_div_pipe_inst_mydesign_0_DW01_add_J1_11_mydesign_1, since there are no registers. (PWR-806)
Information: Skipping clock gating on design DW_div_pipe_inst_mydesign_0_DW01_add_J1_11_mydesign_2, since there are no registers. (PWR-806)
Information: Skipping clock gating on design DW_div_pipe_inst_mydesign_0_DW01_add_J1_11_mydesign_3, since there are no registers. (PWR-806)
Information: Skipping clock gating on design DW_div_pipe_inst_mydesign_0_DW01_add_J1_11_mydesign_4, since there are no registers. (PWR-806)
Information: Skipping clock gating on design DW_div_pipe_inst_mydesign_0_DW01_add_J1_11_mydesign_5, since there are no registers. (PWR-806)
Information: Skipping clock gating on design DW_div_pipe_inst_mydesign_0_DW01_add_J1_11_mydesign_6, since there are no registers. (PWR-806)
Information: Skipping clock gating on design DW_div_pipe_inst_mydesign_0_DW01_add_J1_12_mydesign_0, since there are no registers. (PWR-806)
Information: Skipping clock gating on design DW_div_pipe_inst_mydesign_0_DW01_add_J1_12_mydesign_1, since there are no registers. (PWR-806)
Information: Skipping clock gating on design DW_div_pipe_inst_mydesign_0_DW01_add_J1_12_mydesign_2, since there are no registers. (PWR-806)
Information: Skipping clock gating on design DW_div_pipe_inst_mydesign_0_DW01_add_J1_12_mydesign_3, since there are no registers. (PWR-806)
Information: Skipping clock gating on design DW_div_pipe_inst_mydesign_0_DW01_add_J1_12_mydesign_4, since there are no registers. (PWR-806)
Information: Skipping clock gating on design DW_div_pipe_inst_mydesign_0_DW01_add_J1_12_mydesign_5, since there are no registers. (PWR-806)
Information: Skipping clock gating on design DW_div_pipe_inst_mydesign_0_DW01_add_J1_12_mydesign_6, since there are no registers. (PWR-806)
Information: Skipping clock gating on design DW_div_pipe_inst_mydesign_0_DW01_add_J1_13_mydesign_0, since there are no registers. (PWR-806)
Information: Skipping clock gating on design DW_div_pipe_inst_mydesign_0_DW01_add_J1_13_mydesign_1, since there are no registers. (PWR-806)
Information: Skipping clock gating on design DW_div_pipe_inst_mydesign_0_DW01_add_J1_13_mydesign_2, since there are no registers. (PWR-806)
Information: Skipping clock gating on design DW_div_pipe_inst_mydesign_0_DW01_add_J1_13_mydesign_3, since there are no registers. (PWR-806)
Information: Skipping clock gating on design DW_div_pipe_inst_mydesign_0_DW01_add_J1_13_mydesign_4, since there are no registers. (PWR-806)
Information: Skipping clock gating on design DW_div_pipe_inst_mydesign_0_DW01_add_J1_13_mydesign_5, since there are no registers. (PWR-806)
Information: Skipping clock gating on design DW_div_pipe_inst_mydesign_0_DW01_add_J1_13_mydesign_6, since there are no registers. (PWR-806)
Information: Skipping clock gating on design DW_div_pipe_inst_mydesign_0_DW01_add_J1_14_mydesign_0, since there are no registers. (PWR-806)
Information: Skipping clock gating on design DW_div_pipe_inst_mydesign_0_DW01_add_J1_14_mydesign_1, since there are no registers. (PWR-806)
Information: Skipping clock gating on design DW_div_pipe_inst_mydesign_0_DW01_add_J1_14_mydesign_2, since there are no registers. (PWR-806)
Information: Skipping clock gating on design DW_div_pipe_inst_mydesign_0_DW01_add_J1_14_mydesign_3, since there are no registers. (PWR-806)
Information: Skipping clock gating on design DW_div_pipe_inst_mydesign_0_DW01_add_J1_14_mydesign_4, since there are no registers. (PWR-806)
Information: Skipping clock gating on design DW_div_pipe_inst_mydesign_0_DW01_add_J1_14_mydesign_5, since there are no registers. (PWR-806)
Information: Skipping clock gating on design DW_div_pipe_inst_mydesign_0_DW01_add_J1_14_mydesign_6, since there are no registers. (PWR-806)
Information: Skipping clock gating on design DW_div_pipe_inst_mydesign_0_DW01_add_J1_15_mydesign_0, since there are no registers. (PWR-806)
Information: Skipping clock gating on design DW_div_pipe_inst_mydesign_0_DW01_add_J1_15_mydesign_1, since there are no registers. (PWR-806)
Information: Skipping clock gating on design DW_div_pipe_inst_mydesign_0_DW01_add_J1_15_mydesign_2, since there are no registers. (PWR-806)
Information: Skipping clock gating on design DW_div_pipe_inst_mydesign_0_DW01_add_J1_15_mydesign_3, since there are no registers. (PWR-806)
Information: Skipping clock gating on design DW_div_pipe_inst_mydesign_0_DW01_add_J1_15_mydesign_4, since there are no registers. (PWR-806)
Information: Skipping clock gating on design DW_div_pipe_inst_mydesign_0_DW01_add_J1_15_mydesign_5, since there are no registers. (PWR-806)
Information: Skipping clock gating on design DW_div_pipe_inst_mydesign_0_DW01_add_J1_15_mydesign_6, since there are no registers. (PWR-806)
Information: Skipping clock gating on design DW_div_pipe_inst_mydesign_0_DW01_add_J1_16_mydesign_0, since there are no registers. (PWR-806)
Information: Skipping clock gating on design DW_div_pipe_inst_mydesign_0_DW01_add_J1_16_mydesign_1, since there are no registers. (PWR-806)
Information: Skipping clock gating on design DW_div_pipe_inst_mydesign_0_DW01_add_J1_16_mydesign_2, since there are no registers. (PWR-806)
Information: Skipping clock gating on design DW_div_pipe_inst_mydesign_0_DW01_add_J1_16_mydesign_3, since there are no registers. (PWR-806)
Information: Skipping clock gating on design DW_div_pipe_inst_mydesign_0_DW01_add_J1_16_mydesign_4, since there are no registers. (PWR-806)
Information: Skipping clock gating on design DW_div_pipe_inst_mydesign_0_DW01_add_J1_16_mydesign_5, since there are no registers. (PWR-806)
Information: Skipping clock gating on design DW_div_pipe_inst_mydesign_0_DW01_add_J1_16_mydesign_6, since there are no registers. (PWR-806)
Information: Skipping clock gating on design DW_div_pipe_inst_mydesign_0_DW01_add_J1_17_mydesign_0, since there are no registers. (PWR-806)
Information: Skipping clock gating on design DW_div_pipe_inst_mydesign_0_DW01_add_J1_17_mydesign_1, since there are no registers. (PWR-806)
Information: Skipping clock gating on design DW_div_pipe_inst_mydesign_0_DW01_add_J1_17_mydesign_2, since there are no registers. (PWR-806)
Information: Skipping clock gating on design DW_div_pipe_inst_mydesign_0_DW01_add_J1_17_mydesign_3, since there are no registers. (PWR-806)
Information: Skipping clock gating on design DW_div_pipe_inst_mydesign_0_DW01_add_J1_17_mydesign_4, since there are no registers. (PWR-806)
Information: Skipping clock gating on design DW_div_pipe_inst_mydesign_0_DW01_add_J1_17_mydesign_5, since there are no registers. (PWR-806)
Information: Skipping clock gating on design DW_div_pipe_inst_mydesign_0_DW01_add_J1_17_mydesign_6, since there are no registers. (PWR-806)
Information: Skipping clock gating on design DW_div_pipe_inst_mydesign_0_DW01_add_J1_18_mydesign_0, since there are no registers. (PWR-806)
Information: Skipping clock gating on design DW_div_pipe_inst_mydesign_0_DW01_add_J1_18_mydesign_1, since there are no registers. (PWR-806)
Information: Skipping clock gating on design DW_div_pipe_inst_mydesign_0_DW01_add_J1_18_mydesign_2, since there are no registers. (PWR-806)
Information: Skipping clock gating on design DW_div_pipe_inst_mydesign_0_DW01_add_J1_18_mydesign_3, since there are no registers. (PWR-806)
Information: Skipping clock gating on design DW_div_pipe_inst_mydesign_0_DW01_add_J1_18_mydesign_4, since there are no registers. (PWR-806)
Information: Skipping clock gating on design DW_div_pipe_inst_mydesign_0_DW01_add_J1_18_mydesign_5, since there are no registers. (PWR-806)
Information: Skipping clock gating on design DW_div_pipe_inst_mydesign_0_DW01_add_J1_18_mydesign_6, since there are no registers. (PWR-806)
Information: Performing clock-gating on design ViT_top. (PWR-730)
Information: Performing clock-gating on design DW_div_pipe_inst_mydesign_0_DW_div_pipe_J1_0_mydesign_7. (PWR-730)
Information: Performing clock-gating on design DW_div_pipe_inst_mydesign_0_DW_div_pipe_J1_0_mydesign_6. (PWR-730)
Information: Performing clock-gating on design DW_div_pipe_inst_mydesign_0_DW_div_pipe_J1_0_mydesign_0. (PWR-730)
Information: Performing clock-gating on design DW_div_pipe_inst_mydesign_0_DW_div_pipe_J1_0_mydesign_1. (PWR-730)
Information: Performing clock-gating on design DW_div_pipe_inst_mydesign_0_DW_div_pipe_J1_0_mydesign_2. (PWR-730)
Information: Performing clock-gating on design DW_div_pipe_inst_mydesign_0_DW_div_pipe_J1_0_mydesign_3. (PWR-730)
Information: Performing clock-gating on design DW_div_pipe_inst_mydesign_0_DW_div_pipe_J1_0_mydesign_4. (PWR-730)
Information: Performing clock-gating on design DW_div_pipe_inst_mydesign_0_DW_div_pipe_J1_0_mydesign_5. (PWR-730)
Information: The register 'div7/U1/b_int_reg[1][0]' is a constant and will be removed. (OPT-1206)
Information: The register 'div7/U1/a_int_reg[1][0]' is a constant and will be removed. (OPT-1206)
Information: The register 'div7/U1/a_int_reg[1][1]' is a constant and will be removed. (OPT-1206)
Information: The register 'div7/U1/a_int_reg[1][2]' is a constant and will be removed. (OPT-1206)
Information: The register 'div7/U1/a_int_reg[1][3]' is a constant and will be removed. (OPT-1206)
Information: The register 'div7/U1/a_int_reg[1][4]' is a constant and will be removed. (OPT-1206)
Information: The register 'div7/U1/a_int_reg[1][5]' is a constant and will be removed. (OPT-1206)
Information: The register 'div7/U1/a_int_reg[1][6]' is a constant and will be removed. (OPT-1206)
Information: The register 'div7/U1/a_int_reg[1][7]' is a constant and will be removed. (OPT-1206)
Information: The register 'div7/U1/a_int_reg[1][8]' is a constant and will be removed. (OPT-1206)
Information: The register 'div7/U1/a_int_reg[1][9]' is a constant and will be removed. (OPT-1206)
Information: The register 'div7/U1/b_int_reg[2][0]' is a constant and will be removed. (OPT-1206)
Information: The register 'div7/U1/a_int_reg[2][0]' is a constant and will be removed. (OPT-1206)
Information: The register 'div7/U1/a_int_reg[2][1]' is a constant and will be removed. (OPT-1206)
Information: The register 'div7/U1/a_int_reg[2][2]' is a constant and will be removed. (OPT-1206)
Information: The register 'div7/U1/a_int_reg[2][3]' is a constant and will be removed. (OPT-1206)
Information: The register 'div7/U1/a_int_reg[2][4]' is a constant and will be removed. (OPT-1206)
Information: The register 'div7/U1/a_int_reg[2][5]' is a constant and will be removed. (OPT-1206)
Information: The register 'div7/U1/a_int_reg[2][6]' is a constant and will be removed. (OPT-1206)
Information: The register 'div7/U1/a_int_reg[2][7]' is a constant and will be removed. (OPT-1206)
Information: The register 'div7/U1/a_int_reg[2][8]' is a constant and will be removed. (OPT-1206)
Information: The register 'div7/U1/a_int_reg[2][9]' is a constant and will be removed. (OPT-1206)
Information: The register 'div7/U1/b_int_reg[3][0]' is a constant and will be removed. (OPT-1206)
Information: The register 'div7/U1/a_int_reg[3][0]' is a constant and will be removed. (OPT-1206)
Information: The register 'div7/U1/a_int_reg[3][1]' is a constant and will be removed. (OPT-1206)
Information: The register 'div7/U1/a_int_reg[3][2]' is a constant and will be removed. (OPT-1206)
Information: The register 'div7/U1/a_int_reg[3][3]' is a constant and will be removed. (OPT-1206)
Information: The register 'div7/U1/a_int_reg[3][4]' is a constant and will be removed. (OPT-1206)
Information: The register 'div7/U1/a_int_reg[3][5]' is a constant and will be removed. (OPT-1206)
Information: The register 'div7/U1/a_int_reg[3][6]' is a constant and will be removed. (OPT-1206)
Information: The register 'div7/U1/a_int_reg[3][7]' is a constant and will be removed. (OPT-1206)
Information: The register 'div7/U1/a_int_reg[3][8]' is a constant and will be removed. (OPT-1206)
Information: The register 'div7/U1/a_int_reg[3][9]' is a constant and will be removed. (OPT-1206)
Information: The register 'div7/U1/b_int_reg[4][0]' is a constant and will be removed. (OPT-1206)
Information: The register 'div7/U1/a_int_reg[4][0]' is a constant and will be removed. (OPT-1206)
Information: The register 'div7/U1/a_int_reg[4][1]' is a constant and will be removed. (OPT-1206)
Information: The register 'div7/U1/a_int_reg[4][2]' is a constant and will be removed. (OPT-1206)
Information: The register 'div7/U1/a_int_reg[4][3]' is a constant and will be removed. (OPT-1206)
Information: The register 'div7/U1/a_int_reg[4][4]' is a constant and will be removed. (OPT-1206)
Information: The register 'div7/U1/a_int_reg[4][5]' is a constant and will be removed. (OPT-1206)
Information: The register 'div7/U1/a_int_reg[4][6]' is a constant and will be removed. (OPT-1206)
Information: The register 'div7/U1/a_int_reg[4][7]' is a constant and will be removed. (OPT-1206)
Information: The register 'div7/U1/a_int_reg[4][8]' is a constant and will be removed. (OPT-1206)
Information: The register 'div7/U1/a_int_reg[4][9]' is a constant and will be removed. (OPT-1206)
Information: The register 'div6/U1/b_int_reg[1][0]' is a constant and will be removed. (OPT-1206)
Information: The register 'div6/U1/a_int_reg[1][0]' is a constant and will be removed. (OPT-1206)
Information: The register 'div6/U1/a_int_reg[1][1]' is a constant and will be removed. (OPT-1206)
Information: The register 'div6/U1/a_int_reg[1][2]' is a constant and will be removed. (OPT-1206)
Information: The register 'div6/U1/a_int_reg[1][3]' is a constant and will be removed. (OPT-1206)
Information: The register 'div6/U1/a_int_reg[1][4]' is a constant and will be removed. (OPT-1206)
Information: The register 'div6/U1/a_int_reg[1][5]' is a constant and will be removed. (OPT-1206)
Information: The register 'div6/U1/a_int_reg[1][6]' is a constant and will be removed. (OPT-1206)
Information: The register 'div6/U1/a_int_reg[1][7]' is a constant and will be removed. (OPT-1206)
Information: The register 'div6/U1/a_int_reg[1][8]' is a constant and will be removed. (OPT-1206)
Information: The register 'div6/U1/a_int_reg[1][9]' is a constant and will be removed. (OPT-1206)
Information: The register 'div6/U1/b_int_reg[2][0]' is a constant and will be removed. (OPT-1206)
Information: The register 'div6/U1/a_int_reg[2][0]' is a constant and will be removed. (OPT-1206)
Information: The register 'div6/U1/a_int_reg[2][1]' is a constant and will be removed. (OPT-1206)
Information: The register 'div6/U1/a_int_reg[2][2]' is a constant and will be removed. (OPT-1206)
Information: The register 'div6/U1/a_int_reg[2][3]' is a constant and will be removed. (OPT-1206)
Information: The register 'div6/U1/a_int_reg[2][4]' is a constant and will be removed. (OPT-1206)
Information: The register 'div6/U1/a_int_reg[2][5]' is a constant and will be removed. (OPT-1206)
Information: The register 'div6/U1/a_int_reg[2][6]' is a constant and will be removed. (OPT-1206)
Information: The register 'div6/U1/a_int_reg[2][7]' is a constant and will be removed. (OPT-1206)
Information: The register 'div6/U1/a_int_reg[2][8]' is a constant and will be removed. (OPT-1206)
Information: The register 'div6/U1/a_int_reg[2][9]' is a constant and will be removed. (OPT-1206)
Information: The register 'div6/U1/b_int_reg[3][0]' is a constant and will be removed. (OPT-1206)
Information: The register 'div6/U1/a_int_reg[3][0]' is a constant and will be removed. (OPT-1206)
Information: The register 'div6/U1/a_int_reg[3][1]' is a constant and will be removed. (OPT-1206)
Information: The register 'div6/U1/a_int_reg[3][2]' is a constant and will be removed. (OPT-1206)
Information: The register 'div6/U1/a_int_reg[3][3]' is a constant and will be removed. (OPT-1206)
Information: The register 'div6/U1/a_int_reg[3][4]' is a constant and will be removed. (OPT-1206)
Information: The register 'div6/U1/a_int_reg[3][5]' is a constant and will be removed. (OPT-1206)
Information: The register 'div6/U1/a_int_reg[3][6]' is a constant and will be removed. (OPT-1206)
Information: The register 'div6/U1/a_int_reg[3][7]' is a constant and will be removed. (OPT-1206)
Information: The register 'div6/U1/a_int_reg[3][8]' is a constant and will be removed. (OPT-1206)
Information: The register 'div6/U1/a_int_reg[3][9]' is a constant and will be removed. (OPT-1206)
Information: The register 'div6/U1/b_int_reg[4][0]' is a constant and will be removed. (OPT-1206)
Information: The register 'div6/U1/a_int_reg[4][0]' is a constant and will be removed. (OPT-1206)
Information: The register 'div6/U1/a_int_reg[4][1]' is a constant and will be removed. (OPT-1206)
Information: The register 'div6/U1/a_int_reg[4][2]' is a constant and will be removed. (OPT-1206)
Information: The register 'div6/U1/a_int_reg[4][3]' is a constant and will be removed. (OPT-1206)
Information: The register 'div6/U1/a_int_reg[4][4]' is a constant and will be removed. (OPT-1206)
Information: The register 'div6/U1/a_int_reg[4][5]' is a constant and will be removed. (OPT-1206)
Information: The register 'div6/U1/a_int_reg[4][6]' is a constant and will be removed. (OPT-1206)
Information: The register 'div6/U1/a_int_reg[4][7]' is a constant and will be removed. (OPT-1206)
Information: The register 'div6/U1/a_int_reg[4][8]' is a constant and will be removed. (OPT-1206)
Information: The register 'div6/U1/a_int_reg[4][9]' is a constant and will be removed. (OPT-1206)
Information: The register 'div5/U1/b_int_reg[1][0]' is a constant and will be removed. (OPT-1206)
Information: The register 'div5/U1/a_int_reg[1][0]' is a constant and will be removed. (OPT-1206)
Information: The register 'div5/U1/a_int_reg[1][1]' is a constant and will be removed. (OPT-1206)
Information: The register 'div5/U1/a_int_reg[1][2]' is a constant and will be removed. (OPT-1206)
Information: The register 'div5/U1/a_int_reg[1][3]' is a constant and will be removed. (OPT-1206)
Information: The register 'div5/U1/a_int_reg[1][4]' is a constant and will be removed. (OPT-1206)
Information: The register 'div5/U1/a_int_reg[1][5]' is a constant and will be removed. (OPT-1206)
Information: The register 'div5/U1/a_int_reg[1][6]' is a constant and will be removed. (OPT-1206)
Information: The register 'div5/U1/a_int_reg[1][7]' is a constant and will be removed. (OPT-1206)
Information: The register 'div5/U1/a_int_reg[1][8]' is a constant and will be removed. (OPT-1206)
Information: The register 'div5/U1/a_int_reg[1][9]' is a constant and will be removed. (OPT-1206)
Information: The register 'div5/U1/b_int_reg[2][0]' is a constant and will be removed. (OPT-1206)
Information: The register 'div5/U1/a_int_reg[2][0]' is a constant and will be removed. (OPT-1206)
Information: The register 'div5/U1/a_int_reg[2][1]' is a constant and will be removed. (OPT-1206)
Information: The register 'div5/U1/a_int_reg[2][2]' is a constant and will be removed. (OPT-1206)
Information: The register 'div5/U1/a_int_reg[2][3]' is a constant and will be removed. (OPT-1206)
Information: The register 'div5/U1/a_int_reg[2][4]' is a constant and will be removed. (OPT-1206)
Information: The register 'div5/U1/a_int_reg[2][5]' is a constant and will be removed. (OPT-1206)
Information: The register 'div5/U1/a_int_reg[2][6]' is a constant and will be removed. (OPT-1206)
Information: The register 'div5/U1/a_int_reg[2][7]' is a constant and will be removed. (OPT-1206)
Information: The register 'div5/U1/a_int_reg[2][8]' is a constant and will be removed. (OPT-1206)
Information: The register 'div5/U1/a_int_reg[2][9]' is a constant and will be removed. (OPT-1206)
Information: The register 'div5/U1/b_int_reg[3][0]' is a constant and will be removed. (OPT-1206)
Information: The register 'div5/U1/a_int_reg[3][0]' is a constant and will be removed. (OPT-1206)
Information: The register 'div5/U1/a_int_reg[3][1]' is a constant and will be removed. (OPT-1206)
Information: The register 'div5/U1/a_int_reg[3][2]' is a constant and will be removed. (OPT-1206)
Information: The register 'div5/U1/a_int_reg[3][3]' is a constant and will be removed. (OPT-1206)
Information: The register 'div5/U1/a_int_reg[3][4]' is a constant and will be removed. (OPT-1206)
Information: The register 'div5/U1/a_int_reg[3][5]' is a constant and will be removed. (OPT-1206)
Information: The register 'div5/U1/a_int_reg[3][6]' is a constant and will be removed. (OPT-1206)
Information: The register 'div5/U1/a_int_reg[3][7]' is a constant and will be removed. (OPT-1206)
Information: The register 'div5/U1/a_int_reg[3][8]' is a constant and will be removed. (OPT-1206)
Information: The register 'div5/U1/a_int_reg[3][9]' is a constant and will be removed. (OPT-1206)
Information: The register 'div5/U1/b_int_reg[4][0]' is a constant and will be removed. (OPT-1206)
Information: The register 'div5/U1/a_int_reg[4][0]' is a constant and will be removed. (OPT-1206)
Information: The register 'div5/U1/a_int_reg[4][1]' is a constant and will be removed. (OPT-1206)
Information: The register 'div5/U1/a_int_reg[4][2]' is a constant and will be removed. (OPT-1206)
Information: The register 'div5/U1/a_int_reg[4][3]' is a constant and will be removed. (OPT-1206)
Information: The register 'div5/U1/a_int_reg[4][4]' is a constant and will be removed. (OPT-1206)
Information: The register 'div5/U1/a_int_reg[4][5]' is a constant and will be removed. (OPT-1206)
Information: The register 'div5/U1/a_int_reg[4][6]' is a constant and will be removed. (OPT-1206)
Information: The register 'div5/U1/a_int_reg[4][7]' is a constant and will be removed. (OPT-1206)
Information: The register 'div5/U1/a_int_reg[4][8]' is a constant and will be removed. (OPT-1206)
Information: The register 'div5/U1/a_int_reg[4][9]' is a constant and will be removed. (OPT-1206)
Information: The register 'div4/U1/b_int_reg[1][0]' is a constant and will be removed. (OPT-1206)
Information: The register 'div4/U1/a_int_reg[1][0]' is a constant and will be removed. (OPT-1206)
Information: The register 'div4/U1/a_int_reg[1][1]' is a constant and will be removed. (OPT-1206)
Information: The register 'div4/U1/a_int_reg[1][2]' is a constant and will be removed. (OPT-1206)
Information: The register 'div4/U1/a_int_reg[1][3]' is a constant and will be removed. (OPT-1206)
Information: The register 'div4/U1/a_int_reg[1][4]' is a constant and will be removed. (OPT-1206)
Information: The register 'div4/U1/a_int_reg[1][5]' is a constant and will be removed. (OPT-1206)
Information: The register 'div4/U1/a_int_reg[1][6]' is a constant and will be removed. (OPT-1206)
Information: The register 'div4/U1/a_int_reg[1][7]' is a constant and will be removed. (OPT-1206)
Information: The register 'div4/U1/a_int_reg[1][8]' is a constant and will be removed. (OPT-1206)
Information: The register 'div4/U1/a_int_reg[1][9]' is a constant and will be removed. (OPT-1206)
Information: The register 'div4/U1/b_int_reg[2][0]' is a constant and will be removed. (OPT-1206)
Information: The register 'div4/U1/a_int_reg[2][0]' is a constant and will be removed. (OPT-1206)
Information: The register 'div4/U1/a_int_reg[2][1]' is a constant and will be removed. (OPT-1206)
Information: The register 'div4/U1/a_int_reg[2][2]' is a constant and will be removed. (OPT-1206)
Information: The register 'div4/U1/a_int_reg[2][3]' is a constant and will be removed. (OPT-1206)
Information: The register 'div4/U1/a_int_reg[2][4]' is a constant and will be removed. (OPT-1206)
Information: The register 'div4/U1/a_int_reg[2][5]' is a constant and will be removed. (OPT-1206)
Information: The register 'div4/U1/a_int_reg[2][6]' is a constant and will be removed. (OPT-1206)
Information: The register 'div4/U1/a_int_reg[2][7]' is a constant and will be removed. (OPT-1206)
Information: The register 'div4/U1/a_int_reg[2][8]' is a constant and will be removed. (OPT-1206)
Information: The register 'div4/U1/a_int_reg[2][9]' is a constant and will be removed. (OPT-1206)
Information: The register 'div4/U1/b_int_reg[3][0]' is a constant and will be removed. (OPT-1206)
Information: The register 'div4/U1/a_int_reg[3][0]' is a constant and will be removed. (OPT-1206)
Information: The register 'div4/U1/a_int_reg[3][1]' is a constant and will be removed. (OPT-1206)
Information: The register 'div4/U1/a_int_reg[3][2]' is a constant and will be removed. (OPT-1206)
Information: The register 'div4/U1/a_int_reg[3][3]' is a constant and will be removed. (OPT-1206)
Information: The register 'div4/U1/a_int_reg[3][4]' is a constant and will be removed. (OPT-1206)
Information: The register 'div4/U1/a_int_reg[3][5]' is a constant and will be removed. (OPT-1206)
Information: The register 'div4/U1/a_int_reg[3][6]' is a constant and will be removed. (OPT-1206)
Information: The register 'div4/U1/a_int_reg[3][7]' is a constant and will be removed. (OPT-1206)
Information: The register 'div4/U1/a_int_reg[3][8]' is a constant and will be removed. (OPT-1206)
Information: The register 'div4/U1/a_int_reg[3][9]' is a constant and will be removed. (OPT-1206)
Information: The register 'div4/U1/b_int_reg[4][0]' is a constant and will be removed. (OPT-1206)
Information: The register 'div4/U1/a_int_reg[4][0]' is a constant and will be removed. (OPT-1206)
Information: The register 'div4/U1/a_int_reg[4][1]' is a constant and will be removed. (OPT-1206)
Information: The register 'div4/U1/a_int_reg[4][2]' is a constant and will be removed. (OPT-1206)
Information: The register 'div4/U1/a_int_reg[4][3]' is a constant and will be removed. (OPT-1206)
Information: The register 'div4/U1/a_int_reg[4][4]' is a constant and will be removed. (OPT-1206)
Information: The register 'div4/U1/a_int_reg[4][5]' is a constant and will be removed. (OPT-1206)
Information: The register 'div4/U1/a_int_reg[4][6]' is a constant and will be removed. (OPT-1206)
Information: The register 'div4/U1/a_int_reg[4][7]' is a constant and will be removed. (OPT-1206)
Information: The register 'div4/U1/a_int_reg[4][8]' is a constant and will be removed. (OPT-1206)
Information: The register 'div4/U1/a_int_reg[4][9]' is a constant and will be removed. (OPT-1206)
Information: The register 'div3/U1/b_int_reg[1][0]' is a constant and will be removed. (OPT-1206)
Information: The register 'div3/U1/a_int_reg[1][0]' is a constant and will be removed. (OPT-1206)
Information: The register 'div3/U1/a_int_reg[1][1]' is a constant and will be removed. (OPT-1206)
Information: The register 'div3/U1/a_int_reg[1][2]' is a constant and will be removed. (OPT-1206)
Information: The register 'div3/U1/a_int_reg[1][3]' is a constant and will be removed. (OPT-1206)
Information: The register 'div3/U1/a_int_reg[1][4]' is a constant and will be removed. (OPT-1206)
Information: The register 'div3/U1/a_int_reg[1][5]' is a constant and will be removed. (OPT-1206)
Information: The register 'div3/U1/a_int_reg[1][6]' is a constant and will be removed. (OPT-1206)
Information: The register 'div3/U1/a_int_reg[1][7]' is a constant and will be removed. (OPT-1206)
Information: The register 'div3/U1/a_int_reg[1][8]' is a constant and will be removed. (OPT-1206)
Information: The register 'div3/U1/a_int_reg[1][9]' is a constant and will be removed. (OPT-1206)
Information: The register 'div3/U1/b_int_reg[2][0]' is a constant and will be removed. (OPT-1206)
Information: The register 'div3/U1/a_int_reg[2][0]' is a constant and will be removed. (OPT-1206)
Information: The register 'div3/U1/a_int_reg[2][1]' is a constant and will be removed. (OPT-1206)
Information: The register 'div3/U1/a_int_reg[2][2]' is a constant and will be removed. (OPT-1206)
Information: The register 'div3/U1/a_int_reg[2][3]' is a constant and will be removed. (OPT-1206)
Information: The register 'div3/U1/a_int_reg[2][4]' is a constant and will be removed. (OPT-1206)
Information: The register 'div3/U1/a_int_reg[2][5]' is a constant and will be removed. (OPT-1206)
Information: The register 'div3/U1/a_int_reg[2][6]' is a constant and will be removed. (OPT-1206)
Information: The register 'div3/U1/a_int_reg[2][7]' is a constant and will be removed. (OPT-1206)
Information: The register 'div3/U1/a_int_reg[2][8]' is a constant and will be removed. (OPT-1206)
Information: The register 'div3/U1/a_int_reg[2][9]' is a constant and will be removed. (OPT-1206)
Information: The register 'div3/U1/b_int_reg[3][0]' is a constant and will be removed. (OPT-1206)
Information: The register 'div3/U1/a_int_reg[3][0]' is a constant and will be removed. (OPT-1206)
Information: The register 'div3/U1/a_int_reg[3][1]' is a constant and will be removed. (OPT-1206)
Information: The register 'div3/U1/a_int_reg[3][2]' is a constant and will be removed. (OPT-1206)
Information: The register 'div3/U1/a_int_reg[3][3]' is a constant and will be removed. (OPT-1206)
Information: The register 'div3/U1/a_int_reg[3][4]' is a constant and will be removed. (OPT-1206)
Information: The register 'div3/U1/a_int_reg[3][5]' is a constant and will be removed. (OPT-1206)
Information: The register 'div3/U1/a_int_reg[3][6]' is a constant and will be removed. (OPT-1206)
Information: The register 'div3/U1/a_int_reg[3][7]' is a constant and will be removed. (OPT-1206)
Information: The register 'div3/U1/a_int_reg[3][8]' is a constant and will be removed. (OPT-1206)
Information: The register 'div3/U1/a_int_reg[3][9]' is a constant and will be removed. (OPT-1206)
Information: The register 'div3/U1/b_int_reg[4][0]' is a constant and will be removed. (OPT-1206)
Information: The register 'div3/U1/a_int_reg[4][0]' is a constant and will be removed. (OPT-1206)
Information: The register 'div3/U1/a_int_reg[4][1]' is a constant and will be removed. (OPT-1206)
Information: The register 'div3/U1/a_int_reg[4][2]' is a constant and will be removed. (OPT-1206)
Information: The register 'div3/U1/a_int_reg[4][3]' is a constant and will be removed. (OPT-1206)
Information: The register 'div3/U1/a_int_reg[4][4]' is a constant and will be removed. (OPT-1206)
Information: The register 'div3/U1/a_int_reg[4][5]' is a constant and will be removed. (OPT-1206)
Information: The register 'div3/U1/a_int_reg[4][6]' is a constant and will be removed. (OPT-1206)
Information: The register 'div3/U1/a_int_reg[4][7]' is a constant and will be removed. (OPT-1206)
Information: The register 'div3/U1/a_int_reg[4][8]' is a constant and will be removed. (OPT-1206)
Information: The register 'div3/U1/a_int_reg[4][9]' is a constant and will be removed. (OPT-1206)
Information: The register 'div2/U1/b_int_reg[1][0]' is a constant and will be removed. (OPT-1206)
Information: The register 'div2/U1/a_int_reg[1][0]' is a constant and will be removed. (OPT-1206)
Information: The register 'div2/U1/a_int_reg[1][1]' is a constant and will be removed. (OPT-1206)
Information: The register 'div2/U1/a_int_reg[1][2]' is a constant and will be removed. (OPT-1206)
Information: The register 'div2/U1/a_int_reg[1][3]' is a constant and will be removed. (OPT-1206)
Information: The register 'div2/U1/a_int_reg[1][4]' is a constant and will be removed. (OPT-1206)
Information: The register 'div2/U1/a_int_reg[1][5]' is a constant and will be removed. (OPT-1206)
Information: The register 'div2/U1/a_int_reg[1][6]' is a constant and will be removed. (OPT-1206)
Information: The register 'div2/U1/a_int_reg[1][7]' is a constant and will be removed. (OPT-1206)
Information: The register 'div2/U1/a_int_reg[1][8]' is a constant and will be removed. (OPT-1206)
Information: The register 'div2/U1/a_int_reg[1][9]' is a constant and will be removed. (OPT-1206)
Information: The register 'div2/U1/b_int_reg[2][0]' is a constant and will be removed. (OPT-1206)
Information: The register 'div2/U1/a_int_reg[2][0]' is a constant and will be removed. (OPT-1206)
Information: The register 'div2/U1/a_int_reg[2][1]' is a constant and will be removed. (OPT-1206)
Information: The register 'div2/U1/a_int_reg[2][2]' is a constant and will be removed. (OPT-1206)
Information: The register 'div2/U1/a_int_reg[2][3]' is a constant and will be removed. (OPT-1206)
Information: The register 'div2/U1/a_int_reg[2][4]' is a constant and will be removed. (OPT-1206)
Information: The register 'div2/U1/a_int_reg[2][5]' is a constant and will be removed. (OPT-1206)
Information: The register 'div2/U1/a_int_reg[2][6]' is a constant and will be removed. (OPT-1206)
Information: The register 'div2/U1/a_int_reg[2][7]' is a constant and will be removed. (OPT-1206)
Information: The register 'div2/U1/a_int_reg[2][8]' is a constant and will be removed. (OPT-1206)
Information: The register 'div2/U1/a_int_reg[2][9]' is a constant and will be removed. (OPT-1206)
Information: The register 'div2/U1/b_int_reg[3][0]' is a constant and will be removed. (OPT-1206)
Information: The register 'div2/U1/a_int_reg[3][0]' is a constant and will be removed. (OPT-1206)
Information: The register 'div2/U1/a_int_reg[3][1]' is a constant and will be removed. (OPT-1206)
Information: The register 'div2/U1/a_int_reg[3][2]' is a constant and will be removed. (OPT-1206)
Information: The register 'div2/U1/a_int_reg[3][3]' is a constant and will be removed. (OPT-1206)
Information: The register 'div2/U1/a_int_reg[3][4]' is a constant and will be removed. (OPT-1206)
Information: The register 'div2/U1/a_int_reg[3][5]' is a constant and will be removed. (OPT-1206)
Information: The register 'div2/U1/a_int_reg[3][6]' is a constant and will be removed. (OPT-1206)
Information: The register 'div2/U1/a_int_reg[3][7]' is a constant and will be removed. (OPT-1206)
Information: The register 'div2/U1/a_int_reg[3][8]' is a constant and will be removed. (OPT-1206)
Information: The register 'div2/U1/a_int_reg[3][9]' is a constant and will be removed. (OPT-1206)
Information: The register 'div2/U1/b_int_reg[4][0]' is a constant and will be removed. (OPT-1206)
Information: The register 'div2/U1/a_int_reg[4][0]' is a constant and will be removed. (OPT-1206)
Information: The register 'div2/U1/a_int_reg[4][1]' is a constant and will be removed. (OPT-1206)
Information: The register 'div2/U1/a_int_reg[4][2]' is a constant and will be removed. (OPT-1206)
Information: The register 'div2/U1/a_int_reg[4][3]' is a constant and will be removed. (OPT-1206)
Information: The register 'div2/U1/a_int_reg[4][4]' is a constant and will be removed. (OPT-1206)
Information: The register 'div2/U1/a_int_reg[4][5]' is a constant and will be removed. (OPT-1206)
Information: The register 'div2/U1/a_int_reg[4][6]' is a constant and will be removed. (OPT-1206)
Information: The register 'div2/U1/a_int_reg[4][7]' is a constant and will be removed. (OPT-1206)
Information: The register 'div2/U1/a_int_reg[4][8]' is a constant and will be removed. (OPT-1206)
Information: The register 'div2/U1/a_int_reg[4][9]' is a constant and will be removed. (OPT-1206)
Information: The register 'div1/U1/b_int_reg[1][0]' is a constant and will be removed. (OPT-1206)
Information: The register 'div1/U1/a_int_reg[1][0]' is a constant and will be removed. (OPT-1206)
Information: The register 'div1/U1/a_int_reg[1][1]' is a constant and will be removed. (OPT-1206)
Information: The register 'div1/U1/a_int_reg[1][2]' is a constant and will be removed. (OPT-1206)
Information: The register 'div1/U1/a_int_reg[1][3]' is a constant and will be removed. (OPT-1206)
Information: The register 'div1/U1/a_int_reg[1][4]' is a constant and will be removed. (OPT-1206)
Information: The register 'div1/U1/a_int_reg[1][5]' is a constant and will be removed. (OPT-1206)
Information: The register 'div1/U1/a_int_reg[1][6]' is a constant and will be removed. (OPT-1206)
Information: The register 'div1/U1/a_int_reg[1][7]' is a constant and will be removed. (OPT-1206)
Information: The register 'div1/U1/a_int_reg[1][8]' is a constant and will be removed. (OPT-1206)
Information: The register 'div1/U1/a_int_reg[1][9]' is a constant and will be removed. (OPT-1206)
Information: The register 'div1/U1/b_int_reg[2][0]' is a constant and will be removed. (OPT-1206)
Information: The register 'div1/U1/a_int_reg[2][0]' is a constant and will be removed. (OPT-1206)
Information: The register 'div1/U1/a_int_reg[2][1]' is a constant and will be removed. (OPT-1206)
Information: The register 'div1/U1/a_int_reg[2][2]' is a constant and will be removed. (OPT-1206)
Information: The register 'div1/U1/a_int_reg[2][3]' is a constant and will be removed. (OPT-1206)
Information: The register 'div1/U1/a_int_reg[2][4]' is a constant and will be removed. (OPT-1206)
Information: The register 'div1/U1/a_int_reg[2][5]' is a constant and will be removed. (OPT-1206)
Information: The register 'div1/U1/a_int_reg[2][6]' is a constant and will be removed. (OPT-1206)
Information: The register 'div1/U1/a_int_reg[2][7]' is a constant and will be removed. (OPT-1206)
Information: The register 'div1/U1/a_int_reg[2][8]' is a constant and will be removed. (OPT-1206)
Information: The register 'div1/U1/a_int_reg[2][9]' is a constant and will be removed. (OPT-1206)
Information: The register 'div1/U1/b_int_reg[3][0]' is a constant and will be removed. (OPT-1206)
Information: The register 'div1/U1/a_int_reg[3][0]' is a constant and will be removed. (OPT-1206)
Information: The register 'div1/U1/a_int_reg[3][1]' is a constant and will be removed. (OPT-1206)
Information: The register 'div1/U1/a_int_reg[3][2]' is a constant and will be removed. (OPT-1206)
Information: The register 'div1/U1/a_int_reg[3][3]' is a constant and will be removed. (OPT-1206)
Information: The register 'div1/U1/a_int_reg[3][4]' is a constant and will be removed. (OPT-1206)
Information: The register 'div1/U1/a_int_reg[3][5]' is a constant and will be removed. (OPT-1206)
Information: The register 'div1/U1/a_int_reg[3][6]' is a constant and will be removed. (OPT-1206)
Information: The register 'div1/U1/a_int_reg[3][7]' is a constant and will be removed. (OPT-1206)
Information: The register 'div1/U1/a_int_reg[3][8]' is a constant and will be removed. (OPT-1206)
Information: The register 'div1/U1/a_int_reg[3][9]' is a constant and will be removed. (OPT-1206)
Information: The register 'div1/U1/b_int_reg[4][0]' is a constant and will be removed. (OPT-1206)
Information: The register 'div1/U1/a_int_reg[4][0]' is a constant and will be removed. (OPT-1206)
Information: The register 'div1/U1/a_int_reg[4][1]' is a constant and will be removed. (OPT-1206)
Information: The register 'div1/U1/a_int_reg[4][2]' is a constant and will be removed. (OPT-1206)
Information: The register 'div1/U1/a_int_reg[4][3]' is a constant and will be removed. (OPT-1206)
Information: The register 'div1/U1/a_int_reg[4][4]' is a constant and will be removed. (OPT-1206)
Information: The register 'div1/U1/a_int_reg[4][5]' is a constant and will be removed. (OPT-1206)
Information: The register 'div1/U1/a_int_reg[4][6]' is a constant and will be removed. (OPT-1206)
Information: The register 'div1/U1/a_int_reg[4][7]' is a constant and will be removed. (OPT-1206)
Information: The register 'div1/U1/a_int_reg[4][8]' is a constant and will be removed. (OPT-1206)
Information: The register 'div1/U1/a_int_reg[4][9]' is a constant and will be removed. (OPT-1206)
Information: The register 'div0/U1/b_int_reg[1][0]' is a constant and will be removed. (OPT-1206)
Information: The register 'div0/U1/a_int_reg[1][0]' is a constant and will be removed. (OPT-1206)
Information: The register 'div0/U1/a_int_reg[1][1]' is a constant and will be removed. (OPT-1206)
Information: The register 'div0/U1/a_int_reg[1][2]' is a constant and will be removed. (OPT-1206)
Information: The register 'div0/U1/a_int_reg[1][3]' is a constant and will be removed. (OPT-1206)
Information: The register 'div0/U1/a_int_reg[1][4]' is a constant and will be removed. (OPT-1206)
Information: The register 'div0/U1/a_int_reg[1][5]' is a constant and will be removed. (OPT-1206)
Information: The register 'div0/U1/a_int_reg[1][6]' is a constant and will be removed. (OPT-1206)
Information: The register 'div0/U1/a_int_reg[1][7]' is a constant and will be removed. (OPT-1206)
Information: The register 'div0/U1/a_int_reg[1][8]' is a constant and will be removed. (OPT-1206)
Information: The register 'div0/U1/a_int_reg[1][9]' is a constant and will be removed. (OPT-1206)
Information: The register 'div0/U1/b_int_reg[2][0]' is a constant and will be removed. (OPT-1206)
Information: The register 'div0/U1/a_int_reg[2][0]' is a constant and will be removed. (OPT-1206)
Information: The register 'div0/U1/a_int_reg[2][1]' is a constant and will be removed. (OPT-1206)
Information: The register 'div0/U1/a_int_reg[2][2]' is a constant and will be removed. (OPT-1206)
Information: The register 'div0/U1/a_int_reg[2][3]' is a constant and will be removed. (OPT-1206)
Information: The register 'div0/U1/a_int_reg[2][4]' is a constant and will be removed. (OPT-1206)
Information: The register 'div0/U1/a_int_reg[2][5]' is a constant and will be removed. (OPT-1206)
Information: The register 'div0/U1/a_int_reg[2][6]' is a constant and will be removed. (OPT-1206)
Information: The register 'div0/U1/a_int_reg[2][7]' is a constant and will be removed. (OPT-1206)
Information: The register 'div0/U1/a_int_reg[2][8]' is a constant and will be removed. (OPT-1206)
Information: The register 'div0/U1/a_int_reg[2][9]' is a constant and will be removed. (OPT-1206)
Information: The register 'div0/U1/b_int_reg[3][0]' is a constant and will be removed. (OPT-1206)
Information: The register 'div0/U1/a_int_reg[3][0]' is a constant and will be removed. (OPT-1206)
Information: The register 'div0/U1/a_int_reg[3][1]' is a constant and will be removed. (OPT-1206)
Information: The register 'div0/U1/a_int_reg[3][2]' is a constant and will be removed. (OPT-1206)
Information: The register 'div0/U1/a_int_reg[3][3]' is a constant and will be removed. (OPT-1206)
Information: The register 'div0/U1/a_int_reg[3][4]' is a constant and will be removed. (OPT-1206)
Information: The register 'div0/U1/a_int_reg[3][5]' is a constant and will be removed. (OPT-1206)
Information: The register 'div0/U1/a_int_reg[3][6]' is a constant and will be removed. (OPT-1206)
Information: The register 'div0/U1/a_int_reg[3][7]' is a constant and will be removed. (OPT-1206)
Information: The register 'div0/U1/a_int_reg[3][8]' is a constant and will be removed. (OPT-1206)
Information: The register 'div0/U1/a_int_reg[3][9]' is a constant and will be removed. (OPT-1206)
Information: The register 'div0/U1/b_int_reg[4][0]' is a constant and will be removed. (OPT-1206)
Information: The register 'div0/U1/a_int_reg[4][0]' is a constant and will be removed. (OPT-1206)
Information: The register 'div0/U1/a_int_reg[4][1]' is a constant and will be removed. (OPT-1206)
Information: The register 'div0/U1/a_int_reg[4][2]' is a constant and will be removed. (OPT-1206)
Information: The register 'div0/U1/a_int_reg[4][3]' is a constant and will be removed. (OPT-1206)
Information: The register 'div0/U1/a_int_reg[4][4]' is a constant and will be removed. (OPT-1206)
Information: The register 'div0/U1/a_int_reg[4][5]' is a constant and will be removed. (OPT-1206)
Information: The register 'div0/U1/a_int_reg[4][6]' is a constant and will be removed. (OPT-1206)
Information: The register 'div0/U1/a_int_reg[4][7]' is a constant and will be removed. (OPT-1206)
Information: The register 'div0/U1/a_int_reg[4][8]' is a constant and will be removed. (OPT-1206)
Information: The register 'div0/U1/a_int_reg[4][9]' is a constant and will be removed. (OPT-1206)

  Beginning Mapping Optimizations  (Ultra High effort)
  -------------------------------
  Structuring 'DW_div_pipe_inst_mydesign_7_DW_div_0'
  Mapping 'DW_div_pipe_inst_mydesign_7_DW_div_0'
  Structuring 'DW_div_pipe_inst_mydesign_7_DW_div_1'
  Mapping 'DW_div_pipe_inst_mydesign_7_DW_div_1'
  Structuring 'DW_div_pipe_inst_mydesign_7_DW_div_2'
  Mapping 'DW_div_pipe_inst_mydesign_7_DW_div_2'
  Mapping 'DW_div_pipe_inst_mydesign_7_DW01_add_0'
  Mapping 'DW01_add'
  Mapping 'DW01_add'
  Mapping 'DW01_add'
  Mapping 'DW01_add'
  Mapping 'DW01_add'
  Mapping 'DW01_add'
  Mapping 'DW_div_pipe_inst_mydesign_7_DW01_add_1'
  Mapping 'DW_div_pipe_inst_mydesign_7_DW01_add_2'
  Mapping 'DW_div_pipe_inst_mydesign_7_DW01_add_3'
  Mapping 'DW_div_pipe_inst_mydesign_7_DW01_add_4'
  Mapping 'DW_div_pipe_inst_mydesign_7_DW01_add_5'
  Mapping 'DW_div_pipe_inst_mydesign_7_DW01_add_6'
  Mapping 'DW_div_pipe_inst_mydesign_7_DW01_add_7'
  Mapping 'DW_div_pipe_inst_mydesign_7_DW01_add_8'
  Mapping 'DW_div_pipe_inst_mydesign_7_DW01_add_9'
  Mapping 'DW_div_pipe_inst_mydesign_7_DW01_add_10'
  Mapping 'DW_div_pipe_inst_mydesign_7_DW01_add_11'
  Mapping 'DW_div_pipe_inst_mydesign_7_DW01_add_12'
  Mapping 'DW_div_pipe_inst_mydesign_7_DW01_add_13'
  Mapping 'DW_div_pipe_inst_mydesign_7_DW01_add_14'
  Mapping 'DW_div_pipe_inst_mydesign_7_DW01_add_15'
  Mapping 'DW_div_pipe_inst_mydesign_7_DW01_add_16'
  Mapping 'DW_div_pipe_inst_mydesign_7_DW01_add_17'
  Mapping 'DW_div_pipe_inst_mydesign_7_DW01_add_18'
  Mapping 'DW_div_pipe_inst_mydesign_7_DW01_add_19'
  Mapping 'DW_div_pipe_inst_mydesign_7_DW01_add_20'
  Mapping 'DW_div_pipe_inst_mydesign_7_DW01_add_21'
  Mapping 'DW_div_pipe_inst_mydesign_7_DW01_add_22'
  Mapping 'DW_div_pipe_inst_mydesign_7_DW01_add_23'
  Mapping 'DW_div_pipe_inst_mydesign_7_DW01_add_24'
  Mapping 'DW_div_pipe_inst_mydesign_7_DW01_add_25'
  Mapping 'DW_div_pipe_inst_mydesign_7_DW01_add_26'
  Mapping 'DW_div_pipe_inst_mydesign_7_DW01_add_27'
  Mapping 'DW_div_pipe_inst_mydesign_7_DW_div_2'
  Structuring 'DW_div_pipe_inst_mydesign_6_DW_div_0'
  Mapping 'DW_div_pipe_inst_mydesign_6_DW_div_0'
  Structuring 'DW_div_pipe_inst_mydesign_6_DW_div_1'
  Mapping 'DW_div_pipe_inst_mydesign_6_DW_div_1'
  Structuring 'DW_div_pipe_inst_mydesign_6_DW_div_2'
  Mapping 'DW_div_pipe_inst_mydesign_6_DW_div_2'
  Mapping 'DW_div_pipe_inst_mydesign_6_DW01_add_0'
  Mapping 'DW01_add'
  Mapping 'DW01_add'
  Mapping 'DW01_add'
  Mapping 'DW01_add'
  Mapping 'DW01_add'
  Mapping 'DW01_add'
  Mapping 'DW_div_pipe_inst_mydesign_6_DW01_add_1'
  Mapping 'DW_div_pipe_inst_mydesign_6_DW01_add_2'
  Mapping 'DW_div_pipe_inst_mydesign_6_DW01_add_3'
  Mapping 'DW_div_pipe_inst_mydesign_6_DW01_add_4'
  Mapping 'DW_div_pipe_inst_mydesign_6_DW01_add_5'
  Mapping 'DW_div_pipe_inst_mydesign_6_DW01_add_6'
  Mapping 'DW_div_pipe_inst_mydesign_6_DW01_add_7'
  Mapping 'DW_div_pipe_inst_mydesign_6_DW01_add_8'
  Mapping 'DW_div_pipe_inst_mydesign_6_DW01_add_9'
  Mapping 'DW_div_pipe_inst_mydesign_6_DW01_add_10'
  Mapping 'DW_div_pipe_inst_mydesign_6_DW01_add_11'
  Mapping 'DW_div_pipe_inst_mydesign_6_DW01_add_12'
  Mapping 'DW_div_pipe_inst_mydesign_6_DW01_add_13'
  Mapping 'DW_div_pipe_inst_mydesign_6_DW01_add_14'
  Mapping 'DW_div_pipe_inst_mydesign_6_DW01_add_15'
  Mapping 'DW_div_pipe_inst_mydesign_6_DW01_add_16'
  Mapping 'DW_div_pipe_inst_mydesign_6_DW01_add_17'
  Mapping 'DW_div_pipe_inst_mydesign_6_DW01_add_18'
  Mapping 'DW_div_pipe_inst_mydesign_6_DW01_add_19'
  Mapping 'DW_div_pipe_inst_mydesign_6_DW01_add_20'
  Mapping 'DW_div_pipe_inst_mydesign_6_DW01_add_21'
  Mapping 'DW_div_pipe_inst_mydesign_6_DW01_add_22'
  Mapping 'DW_div_pipe_inst_mydesign_6_DW01_add_23'
  Mapping 'DW_div_pipe_inst_mydesign_6_DW01_add_24'
  Mapping 'DW_div_pipe_inst_mydesign_6_DW01_add_25'
  Mapping 'DW_div_pipe_inst_mydesign_6_DW01_add_26'
  Mapping 'DW_div_pipe_inst_mydesign_6_DW01_add_27'
  Mapping 'DW_div_pipe_inst_mydesign_6_DW_div_2'
  Structuring 'DW_div_pipe_inst_mydesign_5_DW_div_0'
  Mapping 'DW_div_pipe_inst_mydesign_5_DW_div_0'
  Structuring 'DW_div_pipe_inst_mydesign_5_DW_div_1'
  Mapping 'DW_div_pipe_inst_mydesign_5_DW_div_1'
  Structuring 'DW_div_pipe_inst_mydesign_5_DW_div_2'
  Mapping 'DW_div_pipe_inst_mydesign_5_DW_div_2'
  Mapping 'DW_div_pipe_inst_mydesign_5_DW01_add_0'
  Mapping 'DW01_add'
  Mapping 'DW01_add'
  Mapping 'DW01_add'
  Mapping 'DW01_add'
  Mapping 'DW01_add'
  Mapping 'DW01_add'
  Mapping 'DW_div_pipe_inst_mydesign_5_DW01_add_1'
  Mapping 'DW_div_pipe_inst_mydesign_5_DW01_add_2'
  Mapping 'DW_div_pipe_inst_mydesign_5_DW01_add_3'
  Mapping 'DW_div_pipe_inst_mydesign_5_DW01_add_4'
  Mapping 'DW_div_pipe_inst_mydesign_5_DW01_add_5'
  Mapping 'DW_div_pipe_inst_mydesign_5_DW01_add_6'
  Mapping 'DW_div_pipe_inst_mydesign_5_DW01_add_7'
  Mapping 'DW_div_pipe_inst_mydesign_5_DW01_add_8'
  Mapping 'DW_div_pipe_inst_mydesign_5_DW01_add_9'
  Mapping 'DW_div_pipe_inst_mydesign_5_DW01_add_10'
  Mapping 'DW_div_pipe_inst_mydesign_5_DW01_add_11'
  Mapping 'DW_div_pipe_inst_mydesign_5_DW01_add_12'
  Mapping 'DW_div_pipe_inst_mydesign_5_DW01_add_13'
  Mapping 'DW_div_pipe_inst_mydesign_5_DW01_add_14'
  Mapping 'DW_div_pipe_inst_mydesign_5_DW01_add_15'
  Mapping 'DW_div_pipe_inst_mydesign_5_DW01_add_16'
  Mapping 'DW_div_pipe_inst_mydesign_5_DW01_add_17'
  Mapping 'DW_div_pipe_inst_mydesign_5_DW01_add_18'
  Mapping 'DW_div_pipe_inst_mydesign_5_DW01_add_19'
  Mapping 'DW_div_pipe_inst_mydesign_5_DW01_add_20'
  Mapping 'DW_div_pipe_inst_mydesign_5_DW01_add_21'
  Mapping 'DW_div_pipe_inst_mydesign_5_DW01_add_22'
  Mapping 'DW_div_pipe_inst_mydesign_5_DW01_add_23'
  Mapping 'DW_div_pipe_inst_mydesign_5_DW01_add_24'
  Mapping 'DW_div_pipe_inst_mydesign_5_DW01_add_25'
  Mapping 'DW_div_pipe_inst_mydesign_5_DW01_add_26'
  Mapping 'DW_div_pipe_inst_mydesign_5_DW01_add_27'
  Mapping 'DW_div_pipe_inst_mydesign_5_DW_div_2'
  Structuring 'DW_div_pipe_inst_mydesign_4_DW_div_0'
  Mapping 'DW_div_pipe_inst_mydesign_4_DW_div_0'
  Structuring 'DW_div_pipe_inst_mydesign_4_DW_div_1'
  Mapping 'DW_div_pipe_inst_mydesign_4_DW_div_1'
  Structuring 'DW_div_pipe_inst_mydesign_4_DW_div_2'
  Mapping 'DW_div_pipe_inst_mydesign_4_DW_div_2'
  Mapping 'DW_div_pipe_inst_mydesign_4_DW01_add_0'
  Mapping 'DW01_add'
  Mapping 'DW01_add'
  Mapping 'DW01_add'
  Mapping 'DW01_add'
  Mapping 'DW01_add'
  Mapping 'DW01_add'
  Mapping 'DW_div_pipe_inst_mydesign_4_DW01_add_1'
  Mapping 'DW_div_pipe_inst_mydesign_4_DW01_add_2'
  Mapping 'DW_div_pipe_inst_mydesign_4_DW01_add_3'
  Mapping 'DW_div_pipe_inst_mydesign_4_DW01_add_4'
  Mapping 'DW_div_pipe_inst_mydesign_4_DW01_add_5'
  Mapping 'DW_div_pipe_inst_mydesign_4_DW01_add_6'
  Mapping 'DW_div_pipe_inst_mydesign_4_DW01_add_7'
  Mapping 'DW_div_pipe_inst_mydesign_4_DW01_add_8'
  Mapping 'DW_div_pipe_inst_mydesign_4_DW01_add_9'
  Mapping 'DW_div_pipe_inst_mydesign_4_DW01_add_10'
  Mapping 'DW_div_pipe_inst_mydesign_4_DW01_add_11'
  Mapping 'DW_div_pipe_inst_mydesign_4_DW01_add_12'
  Mapping 'DW_div_pipe_inst_mydesign_4_DW01_add_13'
  Mapping 'DW_div_pipe_inst_mydesign_4_DW01_add_14'
  Mapping 'DW_div_pipe_inst_mydesign_4_DW01_add_15'
  Mapping 'DW_div_pipe_inst_mydesign_4_DW01_add_16'
  Mapping 'DW_div_pipe_inst_mydesign_4_DW01_add_17'
  Mapping 'DW_div_pipe_inst_mydesign_4_DW01_add_18'
  Mapping 'DW_div_pipe_inst_mydesign_4_DW01_add_19'
  Mapping 'DW_div_pipe_inst_mydesign_4_DW01_add_20'
  Mapping 'DW_div_pipe_inst_mydesign_4_DW01_add_21'
  Mapping 'DW_div_pipe_inst_mydesign_4_DW01_add_22'
  Mapping 'DW_div_pipe_inst_mydesign_4_DW01_add_23'
  Mapping 'DW_div_pipe_inst_mydesign_4_DW01_add_24'
  Mapping 'DW_div_pipe_inst_mydesign_4_DW01_add_25'
  Mapping 'DW_div_pipe_inst_mydesign_4_DW01_add_26'
  Mapping 'DW_div_pipe_inst_mydesign_4_DW01_add_27'
  Mapping 'DW_div_pipe_inst_mydesign_4_DW_div_2'
  Structuring 'DW_div_pipe_inst_mydesign_3_DW_div_0'
  Mapping 'DW_div_pipe_inst_mydesign_3_DW_div_0'
  Structuring 'DW_div_pipe_inst_mydesign_3_DW_div_1'
  Mapping 'DW_div_pipe_inst_mydesign_3_DW_div_1'
  Structuring 'DW_div_pipe_inst_mydesign_3_DW_div_2'
  Mapping 'DW_div_pipe_inst_mydesign_3_DW_div_2'
  Mapping 'DW_div_pipe_inst_mydesign_3_DW01_add_0'
  Mapping 'DW01_add'
  Mapping 'DW01_add'
  Mapping 'DW01_add'
  Mapping 'DW01_add'
  Mapping 'DW01_add'
  Mapping 'DW01_add'
  Mapping 'DW_div_pipe_inst_mydesign_3_DW01_add_1'
  Mapping 'DW_div_pipe_inst_mydesign_3_DW01_add_2'
  Mapping 'DW_div_pipe_inst_mydesign_3_DW01_add_3'
  Mapping 'DW_div_pipe_inst_mydesign_3_DW01_add_4'
  Mapping 'DW_div_pipe_inst_mydesign_3_DW01_add_5'
  Mapping 'DW_div_pipe_inst_mydesign_3_DW01_add_6'
  Mapping 'DW_div_pipe_inst_mydesign_3_DW01_add_7'
  Mapping 'DW_div_pipe_inst_mydesign_3_DW01_add_8'
  Mapping 'DW_div_pipe_inst_mydesign_3_DW01_add_9'
  Mapping 'DW_div_pipe_inst_mydesign_3_DW01_add_10'
  Mapping 'DW_div_pipe_inst_mydesign_3_DW01_add_11'
  Mapping 'DW_div_pipe_inst_mydesign_3_DW01_add_12'
  Mapping 'DW_div_pipe_inst_mydesign_3_DW01_add_13'
  Mapping 'DW_div_pipe_inst_mydesign_3_DW01_add_14'
  Mapping 'DW_div_pipe_inst_mydesign_3_DW01_add_15'
  Mapping 'DW_div_pipe_inst_mydesign_3_DW01_add_16'
  Mapping 'DW_div_pipe_inst_mydesign_3_DW01_add_17'
  Mapping 'DW_div_pipe_inst_mydesign_3_DW01_add_18'
  Mapping 'DW_div_pipe_inst_mydesign_3_DW01_add_19'
  Mapping 'DW_div_pipe_inst_mydesign_3_DW01_add_20'
  Mapping 'DW_div_pipe_inst_mydesign_3_DW01_add_21'
  Mapping 'DW_div_pipe_inst_mydesign_3_DW01_add_22'
  Mapping 'DW_div_pipe_inst_mydesign_3_DW01_add_23'
  Mapping 'DW_div_pipe_inst_mydesign_3_DW01_add_24'
  Mapping 'DW_div_pipe_inst_mydesign_3_DW01_add_25'
  Mapping 'DW_div_pipe_inst_mydesign_3_DW01_add_26'
  Mapping 'DW_div_pipe_inst_mydesign_3_DW01_add_27'
  Mapping 'DW_div_pipe_inst_mydesign_3_DW_div_2'
  Structuring 'DW_div_pipe_inst_mydesign_2_DW_div_0'
  Mapping 'DW_div_pipe_inst_mydesign_2_DW_div_0'
  Structuring 'DW_div_pipe_inst_mydesign_2_DW_div_1'
  Mapping 'DW_div_pipe_inst_mydesign_2_DW_div_1'
  Structuring 'DW_div_pipe_inst_mydesign_2_DW_div_2'
  Mapping 'DW_div_pipe_inst_mydesign_2_DW_div_2'
  Mapping 'DW_div_pipe_inst_mydesign_2_DW01_add_0'
  Mapping 'DW01_add'
  Mapping 'DW01_add'
  Mapping 'DW01_add'
  Mapping 'DW01_add'
  Mapping 'DW01_add'
  Mapping 'DW01_add'
  Mapping 'DW_div_pipe_inst_mydesign_2_DW01_add_1'
  Mapping 'DW_div_pipe_inst_mydesign_2_DW01_add_2'
  Mapping 'DW_div_pipe_inst_mydesign_2_DW01_add_3'
  Mapping 'DW_div_pipe_inst_mydesign_2_DW01_add_4'
  Mapping 'DW_div_pipe_inst_mydesign_2_DW01_add_5'
  Mapping 'DW_div_pipe_inst_mydesign_2_DW01_add_6'
  Mapping 'DW_div_pipe_inst_mydesign_2_DW01_add_7'
  Mapping 'DW_div_pipe_inst_mydesign_2_DW01_add_8'
  Mapping 'DW_div_pipe_inst_mydesign_2_DW01_add_9'
  Mapping 'DW_div_pipe_inst_mydesign_2_DW01_add_10'
  Mapping 'DW_div_pipe_inst_mydesign_2_DW01_add_11'
  Mapping 'DW_div_pipe_inst_mydesign_2_DW01_add_12'
  Mapping 'DW_div_pipe_inst_mydesign_2_DW01_add_13'
  Mapping 'DW_div_pipe_inst_mydesign_2_DW01_add_14'
  Mapping 'DW_div_pipe_inst_mydesign_2_DW01_add_15'
  Mapping 'DW_div_pipe_inst_mydesign_2_DW01_add_16'
  Mapping 'DW_div_pipe_inst_mydesign_2_DW01_add_17'
  Mapping 'DW_div_pipe_inst_mydesign_2_DW01_add_18'
  Mapping 'DW_div_pipe_inst_mydesign_2_DW01_add_19'
  Mapping 'DW_div_pipe_inst_mydesign_2_DW01_add_20'
  Mapping 'DW_div_pipe_inst_mydesign_2_DW01_add_21'
  Mapping 'DW_div_pipe_inst_mydesign_2_DW01_add_22'
  Mapping 'DW_div_pipe_inst_mydesign_2_DW01_add_23'
  Mapping 'DW_div_pipe_inst_mydesign_2_DW01_add_24'
  Mapping 'DW_div_pipe_inst_mydesign_2_DW01_add_25'
  Mapping 'DW_div_pipe_inst_mydesign_2_DW01_add_26'
  Mapping 'DW_div_pipe_inst_mydesign_2_DW01_add_27'
  Mapping 'DW_div_pipe_inst_mydesign_2_DW_div_2'
  Structuring 'DW_div_pipe_inst_mydesign_1_DW_div_0'
  Mapping 'DW_div_pipe_inst_mydesign_1_DW_div_0'
  Structuring 'DW_div_pipe_inst_mydesign_1_DW_div_1'
  Mapping 'DW_div_pipe_inst_mydesign_1_DW_div_1'
  Structuring 'DW_div_pipe_inst_mydesign_1_DW_div_2'
  Mapping 'DW_div_pipe_inst_mydesign_1_DW_div_2'
  Mapping 'DW_div_pipe_inst_mydesign_1_DW01_add_0'
  Mapping 'DW01_add'
  Mapping 'DW01_add'
  Mapping 'DW01_add'
  Mapping 'DW01_add'
  Mapping 'DW01_add'
  Mapping 'DW01_add'
  Mapping 'DW_div_pipe_inst_mydesign_1_DW01_add_1'
  Mapping 'DW_div_pipe_inst_mydesign_1_DW01_add_2'
  Mapping 'DW_div_pipe_inst_mydesign_1_DW01_add_3'
  Mapping 'DW_div_pipe_inst_mydesign_1_DW01_add_4'
  Mapping 'DW_div_pipe_inst_mydesign_1_DW01_add_5'
  Mapping 'DW_div_pipe_inst_mydesign_1_DW01_add_6'
  Mapping 'DW_div_pipe_inst_mydesign_1_DW01_add_7'
  Mapping 'DW_div_pipe_inst_mydesign_1_DW01_add_8'
  Mapping 'DW_div_pipe_inst_mydesign_1_DW01_add_9'
  Mapping 'DW_div_pipe_inst_mydesign_1_DW01_add_10'
  Mapping 'DW_div_pipe_inst_mydesign_1_DW01_add_11'
  Mapping 'DW_div_pipe_inst_mydesign_1_DW01_add_12'
  Mapping 'DW_div_pipe_inst_mydesign_1_DW01_add_13'
  Mapping 'DW_div_pipe_inst_mydesign_1_DW01_add_14'
  Mapping 'DW_div_pipe_inst_mydesign_1_DW01_add_15'
  Mapping 'DW_div_pipe_inst_mydesign_1_DW01_add_16'
  Mapping 'DW_div_pipe_inst_mydesign_1_DW01_add_17'
  Mapping 'DW_div_pipe_inst_mydesign_1_DW01_add_18'
  Mapping 'DW_div_pipe_inst_mydesign_1_DW01_add_19'
  Mapping 'DW_div_pipe_inst_mydesign_1_DW01_add_20'
  Mapping 'DW_div_pipe_inst_mydesign_1_DW01_add_21'
  Mapping 'DW_div_pipe_inst_mydesign_1_DW01_add_22'
  Mapping 'DW_div_pipe_inst_mydesign_1_DW01_add_23'
  Mapping 'DW_div_pipe_inst_mydesign_1_DW01_add_24'
  Mapping 'DW_div_pipe_inst_mydesign_1_DW01_add_25'
  Mapping 'DW_div_pipe_inst_mydesign_1_DW01_add_26'
  Mapping 'DW_div_pipe_inst_mydesign_1_DW01_add_27'
  Mapping 'DW_div_pipe_inst_mydesign_1_DW_div_2'
  Structuring 'DW_div_pipe_inst_mydesign_0_DW_div_0'
  Mapping 'DW_div_pipe_inst_mydesign_0_DW_div_0'
  Structuring 'DW_div_pipe_inst_mydesign_0_DW_div_1'
  Mapping 'DW_div_pipe_inst_mydesign_0_DW_div_1'
  Structuring 'DW_div_pipe_inst_mydesign_0_DW_div_2'
  Mapping 'DW_div_pipe_inst_mydesign_0_DW_div_2'
  Mapping 'DW_div_pipe_inst_mydesign_0_DW01_add_0'
  Mapping 'DW01_add'
  Mapping 'DW01_add'
  Mapping 'DW01_add'
  Mapping 'DW01_add'
  Mapping 'DW01_add'
  Mapping 'DW01_add'
  Mapping 'DW_div_pipe_inst_mydesign_0_DW01_add_1'
  Mapping 'DW_div_pipe_inst_mydesign_0_DW01_add_2'
  Mapping 'DW_div_pipe_inst_mydesign_0_DW01_add_3'
  Mapping 'DW_div_pipe_inst_mydesign_0_DW01_add_4'
  Mapping 'DW_div_pipe_inst_mydesign_0_DW01_add_5'
  Mapping 'DW_div_pipe_inst_mydesign_0_DW01_add_6'
  Mapping 'DW_div_pipe_inst_mydesign_0_DW01_add_7'
  Mapping 'DW_div_pipe_inst_mydesign_0_DW01_add_8'
  Mapping 'DW_div_pipe_inst_mydesign_0_DW01_add_9'
  Mapping 'DW_div_pipe_inst_mydesign_0_DW01_add_10'
  Mapping 'DW_div_pipe_inst_mydesign_0_DW01_add_11'
  Mapping 'DW_div_pipe_inst_mydesign_0_DW01_add_12'
  Mapping 'DW_div_pipe_inst_mydesign_0_DW01_add_13'
  Mapping 'DW_div_pipe_inst_mydesign_0_DW01_add_14'
  Mapping 'DW_div_pipe_inst_mydesign_0_DW01_add_15'
  Mapping 'DW_div_pipe_inst_mydesign_0_DW01_add_16'
  Mapping 'DW_div_pipe_inst_mydesign_0_DW01_add_17'
  Mapping 'DW_div_pipe_inst_mydesign_0_DW01_add_18'
  Mapping 'DW_div_pipe_inst_mydesign_0_DW01_add_19'
  Mapping 'DW_div_pipe_inst_mydesign_0_DW01_add_20'
  Mapping 'DW_div_pipe_inst_mydesign_0_DW01_add_21'
  Mapping 'DW_div_pipe_inst_mydesign_0_DW01_add_22'
  Mapping 'DW_div_pipe_inst_mydesign_0_DW01_add_23'
  Mapping 'DW_div_pipe_inst_mydesign_0_DW01_add_24'
  Mapping 'DW_div_pipe_inst_mydesign_0_DW01_add_25'
  Mapping 'DW_div_pipe_inst_mydesign_0_DW01_add_26'
  Mapping 'DW_div_pipe_inst_mydesign_0_DW01_add_27'
  Mapping 'DW_div_pipe_inst_mydesign_0_DW_div_2'
Information: Checking pipeline property of cell div0/U1 (design DW_div_pipe_inst_mydesign_0_DW_div_pipe_J1_0_mydesign_7). (RTDC-137)
Information: cell div0/U1 (design DW_div_pipe_inst_mydesign_0_DW_div_pipe_J1_0_mydesign_7) is a pipeline. (RTDC-139)
Information: Checking pipeline property of cell div1/U1 (design DW_div_pipe_inst_mydesign_0_DW_div_pipe_J1_0_mydesign_6). (RTDC-137)
Information: cell div1/U1 (design DW_div_pipe_inst_mydesign_0_DW_div_pipe_J1_0_mydesign_6) is a pipeline. (RTDC-139)
Information: Checking pipeline property of cell div2/U1 (design DW_div_pipe_inst_mydesign_0_DW_div_pipe_J1_0_mydesign_5). (RTDC-137)
Information: cell div2/U1 (design DW_div_pipe_inst_mydesign_0_DW_div_pipe_J1_0_mydesign_5) is a pipeline. (RTDC-139)
Information: Checking pipeline property of cell div3/U1 (design DW_div_pipe_inst_mydesign_0_DW_div_pipe_J1_0_mydesign_4). (RTDC-137)
Information: cell div3/U1 (design DW_div_pipe_inst_mydesign_0_DW_div_pipe_J1_0_mydesign_4) is a pipeline. (RTDC-139)
Information: Checking pipeline property of cell div4/U1 (design DW_div_pipe_inst_mydesign_0_DW_div_pipe_J1_0_mydesign_3). (RTDC-137)
Information: cell div4/U1 (design DW_div_pipe_inst_mydesign_0_DW_div_pipe_J1_0_mydesign_3) is a pipeline. (RTDC-139)
Information: Checking pipeline property of cell div5/U1 (design DW_div_pipe_inst_mydesign_0_DW_div_pipe_J1_0_mydesign_2). (RTDC-137)
Information: cell div5/U1 (design DW_div_pipe_inst_mydesign_0_DW_div_pipe_J1_0_mydesign_2) is a pipeline. (RTDC-139)
Information: Checking pipeline property of cell div6/U1 (design DW_div_pipe_inst_mydesign_0_DW_div_pipe_J1_0_mydesign_1). (RTDC-137)
Information: cell div6/U1 (design DW_div_pipe_inst_mydesign_0_DW_div_pipe_J1_0_mydesign_1) is a pipeline. (RTDC-139)
Information: Checking pipeline property of cell div7/U1 (design DW_div_pipe_inst_mydesign_0_DW_div_pipe_J1_0_mydesign_0). (RTDC-137)
Information: cell div7/U1 (design DW_div_pipe_inst_mydesign_0_DW_div_pipe_J1_0_mydesign_0) is a pipeline. (RTDC-139)
  Mapping Optimization (Phase 1)
  Mapping Optimization (Phase 2)
  Mapping Optimization (Phase 3)
  Mapping Optimization (Phase 4)
  Mapping Optimization (Phase 5)
  Mapping Optimization (Phase 6)
  Mapping Optimization (Phase 7)
  Mapping Optimization (Phase 8)
  Mapping Optimization (Phase 9)
  Mapping Optimization (Phase 10)
  Mapping Optimization (Phase 11)
  Mapping Optimization (Phase 12)
  Mapping Optimization (Phase 13)
  Retiming DW_div_pipe_inst_mydesign_0_DW_div_pipe_J1_0_mydesign_7 (div0/U1)
Warning: There are buffer or inverter cells in the
	clock tree. The clock tree has to be recreated after
	retiming. (RTDC-47)
  Preferred flip-flop is DFFQXL with setup = 0.05


  Retiming base-clock clk, rising edge.
  Beginning minimum period retiming ...
  ... minimum period retiming done.
  Beginning minimum area retiming step 1 ...
  ... minimum area retiming step 1 done.
  Beginning minimum area retiming step 2 ...
  5% 10% 15% 20% 25% 30% 35% 40% 45% 50% 55% 60% 65% 70% 75% 80% 85% 90% 95% 100% 
  ... minimum area retiming step 2 done.
  Beginning minimum area retiming step 3 ...
  10% 20% 30% 40% 50% 60% 70% 80% 90% 100% 
  ... minimum area retiming step 3 done.
  Beginning final register move ...
  ... final register move done.
  Lower bound estimate = 8.30
  Critical path length = 8.30
  Clock correction = 0.17 (clock-to-Q delay = 0.12, setup = 0.05, uncertainty = 0.00)
  Retiming DW_div_pipe_inst_mydesign_0_DW_div_pipe_J1_0_mydesign_6 (div1/U1)
Warning: There are buffer or inverter cells in the
	clock tree. The clock tree has to be recreated after
	retiming. (RTDC-47)
  Preferred flip-flop is DFFQXL with setup = 0.05


  Retiming base-clock clk, rising edge.
  Beginning minimum period retiming ...
  ... minimum period retiming done.
  Beginning minimum area retiming step 1 ...
  ... minimum area retiming step 1 done.
  Beginning minimum area retiming step 2 ...
  5% 10% 15% 20% 25% 30% 35% 40% 45% 50% 55% 60% 65% 70% 75% 80% 85% 90% 95% 100% 
  ... minimum area retiming step 2 done.
  Beginning minimum area retiming step 3 ...
  10% 20% 30% 40% 50% 60% 70% 80% 90% 100% 
  ... minimum area retiming step 3 done.
  Beginning final register move ...
  ... final register move done.
  Lower bound estimate = 8.30
  Critical path length = 8.30
  Clock correction = 0.17 (clock-to-Q delay = 0.12, setup = 0.05, uncertainty = 0.00)
  Retiming DW_div_pipe_inst_mydesign_0_DW_div_pipe_J1_0_mydesign_5 (div2/U1)
Warning: There are buffer or inverter cells in the
	clock tree. The clock tree has to be recreated after
	retiming. (RTDC-47)
  Preferred flip-flop is DFFQXL with setup = 0.05


  Retiming base-clock clk, rising edge.
  Beginning minimum period retiming ...
  ... minimum period retiming done.
  Beginning minimum area retiming step 1 ...
  ... minimum area retiming step 1 done.
  Beginning minimum area retiming step 2 ...
  5% 10% 15% 20% 25% 30% 35% 40% 45% 50% 55% 60% 65% 70% 75% 80% 85% 90% 95% 100% 
  ... minimum area retiming step 2 done.
  Beginning minimum area retiming step 3 ...
  10% 20% 30% 40% 50% 60% 70% ... 100% 
  ... minimum area retiming step 3 done.
  Beginning final register move ...
  ... final register move done.
  Lower bound estimate = 8.30
  Critical path length = 8.30
  Clock correction = 0.17 (clock-to-Q delay = 0.12, setup = 0.05, uncertainty = 0.00)
  Retiming DW_div_pipe_inst_mydesign_0_DW_div_pipe_J1_0_mydesign_4 (div3/U1)
Warning: There are buffer or inverter cells in the
	clock tree. The clock tree has to be recreated after
	retiming. (RTDC-47)
  Preferred flip-flop is DFFQXL with setup = 0.05


  Retiming base-clock clk, rising edge.
  Beginning minimum period retiming ...
  ... minimum period retiming done.
  Beginning minimum area retiming step 1 ...
  ... minimum area retiming step 1 done.
  Beginning minimum area retiming step 2 ...
  5% 10% 15% 20% 25% 30% 35% 40% 45% 50% 55% 60% 65% 70% 75% 80% 85% 90% 95% 100% 
  ... minimum area retiming step 2 done.
  Beginning minimum area retiming step 3 ...
  10% 20% 30% 40% 50% 60% 70% 80% 90% 100% 
  ... minimum area retiming step 3 done.
  Beginning final register move ...
  ... final register move done.
  Lower bound estimate = 8.30
  Critical path length = 8.30
  Clock correction = 0.17 (clock-to-Q delay = 0.12, setup = 0.05, uncertainty = 0.00)
  Retiming DW_div_pipe_inst_mydesign_0_DW_div_pipe_J1_0_mydesign_3 (div4/U1)
Warning: There are buffer or inverter cells in the
	clock tree. The clock tree has to be recreated after
	retiming. (RTDC-47)
  Preferred flip-flop is DFFQXL with setup = 0.05


  Retiming base-clock clk, rising edge.
  Beginning minimum period retiming ...
  ... minimum period retiming done.
  Beginning minimum area retiming step 1 ...
  ... minimum area retiming step 1 done.
  Beginning minimum area retiming step 2 ...
  5% 10% 15% 20% 25% 30% 35% 40% 45% 50% 55% 60% 65% 70% 75% 80% 85% 90% 95% 100% 
  ... minimum area retiming step 2 done.
  Beginning minimum area retiming step 3 ...
  10% 20% 30% 40% 50% 60% 70% ... 100% 
  ... minimum area retiming step 3 done.
  Beginning final register move ...
  ... final register move done.
  Lower bound estimate = 8.30
  Critical path length = 8.30
  Clock correction = 0.17 (clock-to-Q delay = 0.12, setup = 0.05, uncertainty = 0.00)
  Retiming DW_div_pipe_inst_mydesign_0_DW_div_pipe_J1_0_mydesign_2 (div5/U1)
Warning: There are buffer or inverter cells in the
	clock tree. The clock tree has to be recreated after
	retiming. (RTDC-47)
  Preferred flip-flop is DFFQXL with setup = 0.05


  Retiming base-clock clk, rising edge.
  Beginning minimum period retiming ...
  ... minimum period retiming done.
  Beginning minimum area retiming step 1 ...
  ... minimum area retiming step 1 done.
  Beginning minimum area retiming step 2 ...
  5% 10% 15% 20% 25% 30% 35% 40% 45% 50% 55% 60% 65% 70% 75% 80% 85% 90% 95% 100% 
  ... minimum area retiming step 2 done.
  Beginning minimum area retiming step 3 ...
  10% 20% 30% 40% 50% 60% 70% 80% 90% 100% 
  ... minimum area retiming step 3 done.
  Beginning final register move ...
  ... final register move done.
  Lower bound estimate = 8.30
  Critical path length = 8.30
  Clock correction = 0.17 (clock-to-Q delay = 0.12, setup = 0.05, uncertainty = 0.00)
  Retiming DW_div_pipe_inst_mydesign_0_DW_div_pipe_J1_0_mydesign_1 (div6/U1)
Warning: There are buffer or inverter cells in the
	clock tree. The clock tree has to be recreated after
	retiming. (RTDC-47)
  Preferred flip-flop is DFFQXL with setup = 0.05


  Retiming base-clock clk, rising edge.
  Beginning minimum period retiming ...
  ... minimum period retiming done.
  Beginning minimum area retiming step 1 ...
  ... minimum area retiming step 1 done.
  Beginning minimum area retiming step 2 ...
  5% 10% 15% 20% 25% 30% 35% 40% 45% 50% 55% 60% 65% 70% 75% 80% 85% 90% 95% 100% 
  ... minimum area retiming step 2 done.
  Beginning minimum area retiming step 3 ...
  10% 20% 30% 40% 50% 60% 70% ... 100% 
  ... minimum area retiming step 3 done.
  Beginning final register move ...
  ... final register move done.
  Lower bound estimate = 8.30
  Critical path length = 8.30
  Clock correction = 0.17 (clock-to-Q delay = 0.12, setup = 0.05, uncertainty = 0.00)
  Retiming DW_div_pipe_inst_mydesign_0_DW_div_pipe_J1_0_mydesign_0 (div7/U1)
Warning: There are buffer or inverter cells in the
	clock tree. The clock tree has to be recreated after
	retiming. (RTDC-47)
  Preferred flip-flop is DFFQXL with setup = 0.05


  Retiming base-clock clk, rising edge.
  Beginning minimum period retiming ...
  ... minimum period retiming done.
  Beginning minimum area retiming step 1 ...
  ... minimum area retiming step 1 done.
  Beginning minimum area retiming step 2 ...
  5% 10% 15% 20% 25% 30% 35% 40% 45% 50% 55% 60% 65% 70% 75% 80% 85% 90% 95% 100% 
  ... minimum area retiming step 2 done.
  Beginning minimum area retiming step 3 ...
  10% 20% 30% 40% 50% 60% 70% ... 100% 
  ... minimum area retiming step 3 done.
  Beginning final register move ...
  ... final register move done.
  Lower bound estimate = 8.30
  Critical path length = 8.30
  Clock correction = 0.17 (clock-to-Q delay = 0.12, setup = 0.05, uncertainty = 0.00)
  Mapping Optimization (Phase 14)
  Mapping Optimization (Phase 15)
  Mapping Optimization (Phase 16)

                                  TOTAL                                                
   ELAPSED            WORST NEG   SETUP    DESIGN                              LEAKAGE 
    TIME      AREA      SLACK     COST    RULE COST         ENDPOINT            POWER  
  --------- --------- --------- --------- --------- ------------------------- ---------
    0:11:02  106530.9      4.35    2130.4    1361.7 token_nor_reg_reg[4][0]/D 4497122.5000
    0:11:02  106530.9      4.35    2130.4    1361.7 token_nor_reg_reg[4][0]/D 4497122.5000
    0:11:08  106142.5      4.22    2057.9    1134.9 token_nor_reg_reg[1][0]/D 4430618.0000
    0:11:10  106116.9      4.20    2048.4    1105.2                           4422006.5000
    0:11:12  106035.5      4.31    2058.4    1105.2                           4417859.5000

  Beginning Constant Register Removal
  -----------------------------------

  Beginning Global Optimizations
  ------------------------------
  Numerical Synthesis (Phase 1)
  Numerical Synthesis (Phase 2)
  Global Optimization (Phase 1)
  Global Optimization (Phase 2)
  Global Optimization (Phase 3)
  Global Optimization (Phase 4)
  Global Optimization (Phase 5)
  Global Optimization (Phase 6)
  Global Optimization (Phase 7)
  Global Optimization (Phase 8)
  Global Optimization (Phase 9)
  Global Optimization (Phase 10)
  Global Optimization (Phase 11)
  Global Optimization (Phase 12)
  Global Optimization (Phase 13)
  Global Optimization (Phase 14)
  Global Optimization (Phase 15)
  Global Optimization (Phase 16)
  Global Optimization (Phase 17)
  Global Optimization (Phase 18)
  Global Optimization (Phase 19)
  Global Optimization (Phase 20)
  Global Optimization (Phase 21)
  Global Optimization (Phase 22)
  Global Optimization (Phase 23)
  Global Optimization (Phase 24)
  Global Optimization (Phase 25)
  Global Optimization (Phase 26)
  Global Optimization (Phase 27)
  Global Optimization (Phase 28)
  Global Optimization (Phase 29)
  Global Optimization (Phase 30)
  Global Optimization (Phase 31)

  Beginning Isolate Ports
  -----------------------

  Beginning Delay Optimization
  ----------------------------
    0:11:50   81095.3      4.45    1748.4      75.1                           2388531.0000
    0:11:57   81158.6      4.31    1745.5      75.1                           2393010.0000
    0:11:57   81158.6      4.31    1745.5      75.1                           2393010.0000
    0:11:57   81158.6      4.31    1745.5      75.1                           2393010.0000
    0:12:08   80595.7      4.31    1738.0      75.1                           2380400.2500
    0:12:10   80484.5      4.32    1738.2      75.1                           2376503.5000

  Beginning WLM Backend Optimization
  --------------------------------------
