 
****************************************
Report : resources
Design : ViT_top
Version: R-2020.09-SP5
Date   : Thu Nov 27 13:08:24 2025
****************************************


Resource Report for this hierarchy in file ../hdl/ViT_top.v
=============================================================================
| Cell           | Module         | Parameters | Contained Operations       |
=============================================================================
| eq_x_1         | DW_cmp         | width=6    | eq_277_2 (ViT_top.v:277)   |
| add_x_22       | DW01_inc       | width=4    | add_356 (ViT_top.v:356)    |
| add_x_23       | DW01_inc       | width=4    | add_388 (ViT_top.v:388)    |
| add_x_26       | DW01_inc       | width=4    | add_434 (ViT_top.v:434)    |
| add_x_30       | DW01_inc       | width=5    | add_443 (ViT_top.v:443)    |
| sub_x_103      | DW01_sub       | width=14   | sub_720 (ViT_top.v:720)    |
| sub_x_104      | DW01_sub       | width=14   | sub_720_I2 (ViT_top.v:720) |
| sub_x_105      | DW01_sub       | width=14   | sub_720_I3 (ViT_top.v:720) |
| sub_x_106      | DW01_sub       | width=14   | sub_720_I4 (ViT_top.v:720) |
| sub_x_107      | DW01_sub       | width=14   | sub_720_I5 (ViT_top.v:720) |
| sub_x_108      | DW01_sub       | width=14   | sub_720_I6 (ViT_top.v:720) |
| sub_x_109      | DW01_sub       | width=14   | sub_720_I7 (ViT_top.v:720) |
| sub_x_110      | DW01_sub       | width=14   | sub_720_I8 (ViT_top.v:720) |
| sub_x_111      | DW01_sub       | width=14   | sub_720_I9 (ViT_top.v:720) |
| sub_x_112      | DW01_sub       | width=14   | sub_720_I10 (ViT_top.v:720) |
| sub_x_113      | DW01_sub       | width=14   | sub_720_I11 (ViT_top.v:720) |
| sub_x_114      | DW01_sub       | width=14   | sub_720_I12 (ViT_top.v:720) |
| sub_x_115      | DW01_sub       | width=14   | sub_720_I13 (ViT_top.v:720) |
| sub_x_116      | DW01_sub       | width=14   | sub_720_I14 (ViT_top.v:720) |
| sub_x_117      | DW01_sub       | width=14   | sub_720_I15 (ViT_top.v:720) |
| sub_x_118      | DW01_sub       | width=14   | sub_720_I16 (ViT_top.v:720) |
| add_x_119      | DW01_inc       | width=14   | add_727 (ViT_top.v:727)    |
| add_x_120      | DW01_inc       | width=14   | add_727_I2 (ViT_top.v:727) |
| add_x_121      | DW01_inc       | width=14   | add_727_I3 (ViT_top.v:727) |
| add_x_122      | DW01_inc       | width=14   | add_727_I4 (ViT_top.v:727) |
| add_x_123      | DW01_inc       | width=14   | add_727_I5 (ViT_top.v:727) |
| add_x_124      | DW01_inc       | width=14   | add_727_I6 (ViT_top.v:727) |
| add_x_125      | DW01_inc       | width=14   | add_727_I7 (ViT_top.v:727) |
| add_x_126      | DW01_inc       | width=14   | add_727_I8 (ViT_top.v:727) |
| add_x_127      | DW01_inc       | width=14   | add_727_I9 (ViT_top.v:727) |
| add_x_128      | DW01_inc       | width=14   | add_727_I10 (ViT_top.v:727) |
| add_x_129      | DW01_inc       | width=14   | add_727_I11 (ViT_top.v:727) |
| add_x_130      | DW01_inc       | width=14   | add_727_I12 (ViT_top.v:727) |
| add_x_131      | DW01_inc       | width=14   | add_727_I13 (ViT_top.v:727) |
| add_x_132      | DW01_inc       | width=14   | add_727_I14 (ViT_top.v:727) |
| add_x_133      | DW01_inc       | width=14   | add_727_I15 (ViT_top.v:727) |
| add_x_134      | DW01_inc       | width=14   | add_727_I16 (ViT_top.v:727) |
| add_x_196      | DW01_add       | width=20   | add_1068 (ViT_top.v:1068)  |
| add_x_197      | DW01_add       | width=20   | add_1068_I2 (ViT_top.v:1068) |
| add_x_198      | DW01_add       | width=20   | add_1068_I3 (ViT_top.v:1068) |
| add_x_199      | DW01_add       | width=20   | add_1068_I4 (ViT_top.v:1068) |
| add_x_200      | DW01_add       | width=20   | add_1068_I5 (ViT_top.v:1068) |
| add_x_201      | DW01_add       | width=20   | add_1068_I6 (ViT_top.v:1068) |
| add_x_202      | DW01_add       | width=20   | add_1068_I7 (ViT_top.v:1068) |
| add_x_203      | DW01_add       | width=20   | add_1068_I8 (ViT_top.v:1068) |
| gt_x_204       | DW_cmp         | width=13   | gt_1086 (ViT_top.v:1086)   |
| lt_x_205       | DW_cmp         | width=13   | lt_1088 (ViT_top.v:1088)   |
| gt_x_206       | DW_cmp         | width=13   | gt_1086_I2 (ViT_top.v:1086) |
| lt_x_207       | DW_cmp         | width=13   | lt_1088_I2 (ViT_top.v:1088) |
| gt_x_208       | DW_cmp         | width=13   | gt_1086_I3 (ViT_top.v:1086) |
| lt_x_209       | DW_cmp         | width=13   | lt_1088_I3 (ViT_top.v:1088) |
| gt_x_210       | DW_cmp         | width=13   | gt_1086_I4 (ViT_top.v:1086) |
| lt_x_211       | DW_cmp         | width=13   | lt_1088_I4 (ViT_top.v:1088) |
| gt_x_212       | DW_cmp         | width=13   | gt_1086_I5 (ViT_top.v:1086) |
| lt_x_213       | DW_cmp         | width=13   | lt_1088_I5 (ViT_top.v:1088) |
| gt_x_214       | DW_cmp         | width=13   | gt_1086_I6 (ViT_top.v:1086) |
| lt_x_215       | DW_cmp         | width=13   | lt_1088_I6 (ViT_top.v:1088) |
| gt_x_216       | DW_cmp         | width=13   | gt_1086_I7 (ViT_top.v:1086) |
| lt_x_217       | DW_cmp         | width=13   | lt_1088_I7 (ViT_top.v:1088) |
| gt_x_218       | DW_cmp         | width=13   | gt_1086_I8 (ViT_top.v:1086) |
| lt_x_219       | DW_cmp         | width=13   | lt_1088_I8 (ViT_top.v:1088) |
| gt_x_244       | DW_cmp         | width=5    | gt_1192 (ViT_top.v:1192)   |
| add_x_245      | DW01_inc       | width=4    | add_1193 (ViT_top.v:1193)  |
| add_x_248      | DW01_inc       | width=3    | add_1246 (ViT_top.v:1246)  |
| add_x_260      | DW01_inc       | width=5    | add_1317 (ViT_top.v:1317)  |
| add_x_266      | DW01_inc       | width=5    | add_1442 (ViT_top.v:1442)  |
| mult_x_340     | DW_mult_tc     | a_width=10 | mult_1589 (ViT_top.v:1589) |
|                |                | b_width=10 |                            |
| mult_x_341     | DW_mult_tc     | a_width=10 | mult_1590 (ViT_top.v:1590) |
|                |                | b_width=10 |                            |
| mult_x_342     | DW_mult_tc     | a_width=10 | mult_1591 (ViT_top.v:1591) |
|                |                | b_width=10 |                            |
| mult_x_343     | DW_mult_tc     | a_width=10 | mult_1592 (ViT_top.v:1592) |
|                |                | b_width=10 |                            |
| mult_x_344     | DW_mult_tc     | a_width=10 | mult_1589_I2 (ViT_top.v:1589) |
              |                | b_width=10 |                            |
| mult_x_345     | DW_mult_tc     | a_width=10 | mult_1590_I2 (ViT_top.v:1590) |
              |                | b_width=10 |                            |
| mult_x_346     | DW_mult_tc     | a_width=10 | mult_1591_I2 (ViT_top.v:1591) |
              |                | b_width=10 |                            |
| mult_x_347     | DW_mult_tc     | a_width=10 | mult_1592_I2 (ViT_top.v:1592) |
              |                | b_width=10 |                            |
| mult_x_348     | DW_mult_tc     | a_width=10 | mult_1589_I3 (ViT_top.v:1589) |
              |                | b_width=10 |                            |
| mult_x_349     | DW_mult_tc     | a_width=10 | mult_1590_I3 (ViT_top.v:1590) |
              |                | b_width=10 |                            |
| mult_x_350     | DW_mult_tc     | a_width=10 | mult_1591_I3 (ViT_top.v:1591) |
              |                | b_width=10 |                            |
| mult_x_351     | DW_mult_tc     | a_width=10 | mult_1592_I3 (ViT_top.v:1592) |
              |                | b_width=10 |                            |
| mult_x_352     | DW_mult_tc     | a_width=10 | mult_1589_I4 (ViT_top.v:1589) |
              |                | b_width=10 |                            |
| mult_x_353     | DW_mult_tc     | a_width=10 | mult_1590_I4 (ViT_top.v:1590) |
              |                | b_width=10 |                            |
| mult_x_354     | DW_mult_tc     | a_width=10 | mult_1591_I4 (ViT_top.v:1591) |
              |                | b_width=10 |                            |
| mult_x_355     | DW_mult_tc     | a_width=10 | mult_1592_I4 (ViT_top.v:1592) |
              |                | b_width=10 |                            |
| mult_x_356     | DW_mult_tc     | a_width=10 | mult_1589_I5 (ViT_top.v:1589) |
              |                | b_width=10 |                            |
| mult_x_357     | DW_mult_tc     | a_width=10 | mult_1590_I5 (ViT_top.v:1590) |
              |                | b_width=10 |                            |
| mult_x_358     | DW_mult_tc     | a_width=10 | mult_1591_I5 (ViT_top.v:1591) |
              |                | b_width=10 |                            |
| mult_x_359     | DW_mult_tc     | a_width=10 | mult_1592_I5 (ViT_top.v:1592) |
              |                | b_width=10 |                            |
| mult_x_360     | DW_mult_tc     | a_width=10 | mult_1589_I6 (ViT_top.v:1589) |
              |                | b_width=10 |                            |
| mult_x_361     | DW_mult_tc     | a_width=10 | mult_1590_I6 (ViT_top.v:1590) |
              |                | b_width=10 |                            |
| mult_x_362     | DW_mult_tc     | a_width=10 | mult_1591_I6 (ViT_top.v:1591) |
              |                | b_width=10 |                            |
| mult_x_363     | DW_mult_tc     | a_width=10 | mult_1592_I6 (ViT_top.v:1592) |
              |                | b_width=10 |                            |
| mult_x_364     | DW_mult_tc     | a_width=10 | mult_1589_I7 (ViT_top.v:1589) |
              |                | b_width=10 |                            |
| mult_x_365     | DW_mult_tc     | a_width=10 | mult_1590_I7 (ViT_top.v:1590) |
              |                | b_width=10 |                            |
| mult_x_366     | DW_mult_tc     | a_width=10 | mult_1591_I7 (ViT_top.v:1591) |
              |                | b_width=10 |                            |
| mult_x_367     | DW_mult_tc     | a_width=10 | mult_1592_I7 (ViT_top.v:1592) |
              |                | b_width=10 |                            |
| mult_x_368     | DW_mult_tc     | a_width=10 | mult_1589_I8 (ViT_top.v:1589) |
              |                | b_width=10 |                            |
| mult_x_369     | DW_mult_tc     | a_width=10 | mult_1590_I8 (ViT_top.v:1590) |
              |                | b_width=10 |                            |
| mult_x_370     | DW_mult_tc     | a_width=10 | mult_1591_I8 (ViT_top.v:1591) |
              |                | b_width=10 |                            |
| mult_x_371     | DW_mult_tc     | a_width=10 | mult_1592_I8 (ViT_top.v:1592) |
              |                | b_width=10 |                            |
| add_x_372      | DW01_add       | width=20   | add_1680 (ViT_top.v:1680)  |
| add_x_373      | DW01_add       | width=20   | add_1681 (ViT_top.v:1681)  |
| add_x_374      | DW01_add       | width=20   | add_1682 (ViT_top.v:1682)  |
| add_x_375      | DW01_add       | width=20   | add_1683 (ViT_top.v:1683)  |
| gt_x_376       | DW_cmp         | width=13   | gt_1707 (ViT_top.v:1707)   |
| lt_x_377       | DW_cmp         | width=13   | lt_1709 (ViT_top.v:1709)   |
| gt_x_378       | DW_cmp         | width=13   | gt_1715 (ViT_top.v:1715)   |
| lt_x_379       | DW_cmp         | width=13   | lt_1717 (ViT_top.v:1717)   |
| gt_x_380       | DW_cmp         | width=13   | gt_1723 (ViT_top.v:1723)   |
| lt_x_381       | DW_cmp         | width=13   | lt_1725 (ViT_top.v:1725)   |
| gt_x_382       | DW_cmp         | width=13   | gt_1731 (ViT_top.v:1731)   |
| lt_x_383       | DW_cmp         | width=13   | lt_1733 (ViT_top.v:1733)   |
| add_x_389      | DW01_inc       | width=4    | add_1833 (ViT_top.v:1833)  |
| add_x_390      | DW01_inc       | width=3    | add_1834 (ViT_top.v:1834)  |
| add_x_391      | DW01_inc       | width=2    | add_1835 (ViT_top.v:1835)  |
| add_x_403      | DW01_inc       | width=4    | add_2060 (ViT_top.v:2060)  |
| add_x_405      | DW01_inc       | width=2    | add_2068 (ViT_top.v:2068)  |
| add_x_407      | DW01_inc       | width=4    | add_2093 (ViT_top.v:2093)  |
| mult_x_411     | DW_mult_tc     | a_width=20 | mult_2206 (ViT_top.v:2206) |
|                |                | b_width=7  |                            |
| mult_x_412     | DW_mult_tc     | a_width=20 | mult_2207 (ViT_top.v:2207) |
|                |                | b_width=7  |                            |
| mult_x_413     | DW_mult_tc     | a_width=20 | mult_2208 (ViT_top.v:2208) |
|                |                | b_width=7  |                            |
| mult_x_414     | DW_mult_tc     | a_width=20 | mult_2209 (ViT_top.v:2209) |
|                |                | b_width=7  |                            |
| add_x_415      | DW01_add       | width=30   | add_2224 (ViT_top.v:2224)  |
| add_x_416      | DW01_add       | width=30   | add_2224_I2 (ViT_top.v:2224) |
| add_x_417      | DW01_add       | width=30   | add_2224_I3 (ViT_top.v:2224) |
| add_x_418      | DW01_add       | width=30   | add_2224_I4 (ViT_top.v:2224) |
| gt_x_419       | DW_cmp         | width=17   | gt_2244 (ViT_top.v:2244)   |
| lt_x_420       | DW_cmp         | width=17   | lt_2246 (ViT_top.v:2246)   |
| gt_x_421       | DW_cmp         | width=17   | gt_2244_I2 (ViT_top.v:2244) |
| lt_x_422       | DW_cmp         | width=17   | lt_2246_I2 (ViT_top.v:2246) |
| gt_x_423       | DW_cmp         | width=17   | gt_2244_I3 (ViT_top.v:2244) |
| lt_x_424       | DW_cmp         | width=17   | lt_2246_I3 (ViT_top.v:2246) |
| gt_x_425       | DW_cmp         | width=17   | gt_2244_I4 (ViT_top.v:2244) |
| lt_x_426       | DW_cmp         | width=17   | lt_2246_I4 (ViT_top.v:2246) |
| add_x_435      | DW01_inc       | width=3    | add_2350 (ViT_top.v:2350)  |
| add_x_437      | DW01_inc       | width=5    | add_2359 (ViT_top.v:2359)  |
| add_x_469      | DW01_inc       | width=5    | add_2584 (ViT_top.v:2584)  |
| add_x_470      | DW01_inc       | width=2    | add_2585 (ViT_top.v:2585)  |
| add_x_481      | DW01_inc       | width=3    | add_2698 (ViT_top.v:2698)  |
| add_x_485      | DW01_inc       | width=2    | add_2784 (ViT_top.v:2784)  |
| add_x_487      | DW01_inc       | width=5    | add_2792 (ViT_top.v:2792)  |
| add_x_488      | DW01_inc       | width=3    | add_2845 (ViT_top.v:2845)  |
| add_x_490      | DW01_inc       | width=5    | add_2854 (ViT_top.v:2854)  |
| add_x_491      | DW01_inc       | width=4    | add_2865 (ViT_top.v:2865)  |
| add_x_510      | DW01_add       | width=26   | add_3035 (ViT_top.v:3035)  |
| add_x_511      | DW01_add       | width=26   | add_3035_I2 (ViT_top.v:3035) |
| add_x_512      | DW01_add       | width=26   | add_3035_I3 (ViT_top.v:3035) |
| add_x_513      | DW01_add       | width=26   | add_3035_I4 (ViT_top.v:3035) |
| add_x_514      | DW01_add       | width=26   | add_3035_I5 (ViT_top.v:3035) |
| add_x_515      | DW01_add       | width=26   | add_3035_I6 (ViT_top.v:3035) |
| add_x_516      | DW01_add       | width=26   | add_3035_I7 (ViT_top.v:3035) |
| add_x_517      | DW01_add       | width=26   | add_3035_I8 (ViT_top.v:3035) |
| gt_x_518       | DW_cmp         | width=20   | gt_3051 (ViT_top.v:3051)   |
| lt_x_519       | DW_cmp         | width=20   | lt_3053 (ViT_top.v:3053)   |
| gt_x_520       | DW_cmp         | width=20   | gt_3051_I2 (ViT_top.v:3051) |
| lt_x_521       | DW_cmp         | width=20   | lt_3053_I2 (ViT_top.v:3053) |
| gt_x_522       | DW_cmp         | width=20   | gt_3051_I3 (ViT_top.v:3051) |
| lt_x_523       | DW_cmp         | width=20   | lt_3053_I3 (ViT_top.v:3053) |
| gt_x_524       | DW_cmp         | width=20   | gt_3051_I4 (ViT_top.v:3051) |
| lt_x_525       | DW_cmp         | width=20   | lt_3053_I4 (ViT_top.v:3053) |
| gt_x_526       | DW_cmp         | width=20   | gt_3051_I5 (ViT_top.v:3051) |
| lt_x_527       | DW_cmp         | width=20   | lt_3053_I5 (ViT_top.v:3053) |
| gt_x_528       | DW_cmp         | width=20   | gt_3051_I6 (ViT_top.v:3051) |
| lt_x_529       | DW_cmp         | width=20   | lt_3053_I6 (ViT_top.v:3053) |
| gt_x_530       | DW_cmp         | width=20   | gt_3051_I7 (ViT_top.v:3051) |
| lt_x_531       | DW_cmp         | width=20   | lt_3053_I7 (ViT_top.v:3053) |
| gt_x_532       | DW_cmp         | width=20   | gt_3051_I8 (ViT_top.v:3051) |
| lt_x_533       | DW_cmp         | width=20   | lt_3053_I8 (ViT_top.v:3053) |
| add_x_550      | DW01_inc       | width=6    | add_3096 (ViT_top.v:3096)  |
| add_x_551      | DW01_inc       | width=5    | add_3107 (ViT_top.v:3107)  |
| add_x_553      | DW01_add       | width=10   | add_3258 (ViT_top.v:3258)  |
| add_x_554      | DW01_add       | width=10   | add_3258_I2 (ViT_top.v:3258) |
| add_x_555      | DW01_add       | width=10   | add_3258_I3 (ViT_top.v:3258) |
| add_x_556      | DW01_add       | width=10   | add_3258_I4 (ViT_top.v:3258) |
| add_x_262      | DW01_inc       | width=8    | add_1421 (ViT_top.v:1421)  |
|                |                |            | add_1428 (ViT_top.v:1428)  |
|                |                |            | add_1431 (ViT_top.v:1431)  |
| add_x_156      | DW01_inc       | width=10   | add_987 (ViT_top.v:987)    |
|                |                |            | add_989_2 (ViT_top.v:989)  |
| add_x_157      | DW01_inc       | width=10   | add_987_I2 (ViT_top.v:987) |
|                |                |            | add_989_2_I2 (ViT_top.v:989) |
| add_x_158      | DW01_inc       | width=10   | add_987_I3 (ViT_top.v:987) |
|                |                |            | add_989_2_I3 (ViT_top.v:989) |
| add_x_159      | DW01_inc       | width=10   | add_987_I4 (ViT_top.v:987) |
|                |                |            | add_989_2_I4 (ViT_top.v:989) |
| add_x_160      | DW01_inc       | width=10   | add_987_I5 (ViT_top.v:987) |
|                |                |            | add_989_2_I5 (ViT_top.v:989) |
| add_x_161      | DW01_inc       | width=10   | add_987_I6 (ViT_top.v:987) |
|                |                |            | add_989_2_I6 (ViT_top.v:989) |
| add_x_162      | DW01_inc       | width=10   | add_987_I7 (ViT_top.v:987) |
|                |                |            | add_989_2_I7 (ViT_top.v:989) |
| add_x_163      | DW01_inc       | width=10   | add_987_I8 (ViT_top.v:987) |
|                |                |            | add_989_2_I8 (ViT_top.v:989) |
| DP_OP_1357J1_122_4871           |            |                            |
|                | DP_OP_1357J1_122_4871 |     |                            |
| DP_OP_1358J1_123_4875           |            |                            |
|                | DP_OP_1358J1_123_4875 |     |                            |
| DP_OP_1359J1_124_6521           |            |                            |
|                | DP_OP_1359J1_124_6521 |     |                            |
| DP_OP_1360J1_125_6521           |            |                            |
|                | DP_OP_1360J1_125_6521 |     |                            |
| DP_OP_1361J1_126_6521           |            |                            |
|                | DP_OP_1361J1_126_6521 |     |                            |
| DP_OP_1362J1_127_6521           |            |                            |
|                | DP_OP_1362J1_127_6521 |     |                            |
| DP_OP_1363J1_128_2377           |            |                            |
|                | DP_OP_1363J1_128_2377 |     |                            |
| DP_OP_1364J1_129_6073           |            |                            |
|                | DP_OP_1364J1_129_6073 |     |                            |
| DP_OP_1365J1_130_6073           |            |                            |
|                | DP_OP_1365J1_130_6073 |     |                            |
| DP_OP_1366J1_131_6073           |            |                            |
|                | DP_OP_1366J1_131_6073 |     |                            |
| DP_OP_1367J1_132_6073           |            |                            |
|                | DP_OP_1367J1_132_6073 |     |                            |
| DP_OP_1368J1_133_6073           |            |                            |
|                | DP_OP_1368J1_133_6073 |     |                            |
| DP_OP_1369J1_134_6073           |            |                            |
|                | DP_OP_1369J1_134_6073 |     |                            |
| DP_OP_1370J1_135_6073           |            |                            |
|                | DP_OP_1370J1_135_6073 |     |                            |
| DP_OP_1371J1_136_6073           |            |                            |
|                | DP_OP_1371J1_136_6073 |     |                            |
| sub_x_582      | DW01_sub       | width=18   | add_864_ni (ViT_top.v:864) |
|                |                |            | sub_add_864 (ViT_top.v:864) |
| DP_OP_217J1_151_9642            |            |                            |
|                | DP_OP_217J1_151_9642 |      |                            |
| DP_OP_216J1_149_3499            |            |                            |
|                | DP_OP_216J1_149_3499 |      |                            |
| DP_OP_215J1_147_6254            |            |                            |
|                | DP_OP_215J1_147_6254 |      |                            |
| DP_OP_214J1_145_7956            |            |                            |
|                | DP_OP_214J1_145_7956 |      |                            |
| DP_OP_213J1_143_8605            |            |                            |
|                | DP_OP_213J1_143_8605 |      |                            |
| DP_OP_212J1_141_2446            |            |                            |
|                | DP_OP_212J1_141_2446 |      |                            |
| DP_OP_211J1_139_5201            |            |                            |
|                | DP_OP_211J1_139_5201 |      |                            |
| DP_OP_210J1_137_4760            |            |                            |
|                | DP_OP_210J1_137_4760 |      |                            |
=============================================================================

Datapath Report for DP_OP_1357J1_122_4871
==============================================================================
| Cell                 | Contained Operations                                |
==============================================================================
| DP_OP_1357J1_122_4871 | add_675 (ViT_top.v:675) add_675_2 (ViT_top.v:675)  |
|                      | add_675_3 (ViT_top.v:675) add_675_4 (ViT_top.v:675) |
|                      | add_675_5 (ViT_top.v:675) add_675_6 (ViT_top.v:675) |
|                      | add_675_7 (ViT_top.v:675) add_675_8 (ViT_top.v:675) |
|                      | add_675_9 (ViT_top.v:675)                           |
|                      | add_675_10 (ViT_top.v:675)                          |
|                      | add_675_11 (ViT_top.v:675)                          |
|                      | add_675_12 (ViT_top.v:675)                          |
|                      | add_675_13 (ViT_top.v:675)                          |
|                      | add_675_14 (ViT_top.v:675)                          |
|                      | add_675_15 (ViT_top.v:675)                          |
==============================================================================

==============================================================================
|       |      | Data     |       |                                          |
| Var   | Type | Class    | Width | Expression                               |
==============================================================================
| I1    | PI   | Signed   | 10    |                                          |
| I2    | PI   | Signed   | 10    |                                          |
| I3    | PI   | Signed   | 10    |                                          |
| I4    | PI   | Signed   | 10    |                                          |
| I5    | PI   | Signed   | 10    |                                          |
| I6    | PI   | Signed   | 10    |                                          |
| I7    | PI   | Signed   | 10    |                                          |
| I8    | PI   | Signed   | 10    |                                          |
| I9    | PI   | Signed   | 10    |                                          |
| I10   | PI   | Signed   | 10    |                                          |
| I11   | PI   | Signed   | 10    |                                          |
| I12   | PI   | Signed   | 10    |                                          |
| I13   | PI   | Signed   | 10    |                                          |
| I14   | PI   | Signed   | 10    |                                          |
| I15   | PI   | Signed   | 10    |                                          |
| I16   | PI   | Signed   | 10    |                                          |
| O1    | PO   | Signed   | 14    | I1 + I2 + I3 + I4 + I5 + I6 + I7 + I8 + I9 + I10 + I11 + I12 + I13 + I14 + I15 + I16 (ViT_top.v:675) |
==============================================================================

Datapath Report for DP_OP_1358J1_123_4875
==============================================================================
| Cell                 | Contained Operations                                |
==============================================================================
| DP_OP_1358J1_123_4875 | add_732 (ViT_top.v:732) add_732_2 (ViT_top.v:732)  |
|                      | add_732_3 (ViT_top.v:732) add_732_4 (ViT_top.v:732) |
|                      | add_732_5 (ViT_top.v:732) add_732_6 (ViT_top.v:732) |
|                      | add_732_7 (ViT_top.v:732) add_732_8 (ViT_top.v:732) |
|                      | add_732_9 (ViT_top.v:732)                           |
|                      | add_732_10 (ViT_top.v:732)                          |
|                      | add_732_11 (ViT_top.v:732)                          |
|                      | add_732_12 (ViT_top.v:732)                          |
|                      | add_732_13 (ViT_top.v:732)                          |
|                      | add_732_14 (ViT_top.v:732)                          |
|                      | add_732_15 (ViT_top.v:732)                          |
==============================================================================

==============================================================================
|       |      | Data     |       |                                          |
| Var   | Type | Class    | Width | Expression                               |
==============================================================================
| I1    | PI   | Unsigned | 14    |                                          |
| I2    | PI   | Unsigned | 14    |                                          |
| I3    | PI   | Unsigned | 14    |                                          |
| I4    | PI   | Unsigned | 14    |                                          |
| I5    | PI   | Unsigned | 14    |                                          |
| I6    | PI   | Unsigned | 14    |                                          |
| I7    | PI   | Unsigned | 14    |                                          |
| I8    | PI   | Unsigned | 14    |                                          |
| I9    | PI   | Unsigned | 14    |                                          |
| I10   | PI   | Unsigned | 14    |                                          |
| I11   | PI   | Unsigned | 14    |                                          |
| I12   | PI   | Unsigned | 14    |                                          |
| I13   | PI   | Unsigned | 14    |                                          |
| I14   | PI   | Unsigned | 14    |                                          |
| I15   | PI   | Unsigned | 14    |                                          |
| I16   | PI   | Unsigned | 14    |                                          |
| O1    | PO   | Unsigned | 18    | I1 + I2 + I3 + I4 + I5 + I6 + I7 + I8 + I9 + I10 + I11 + I12 + I13 + I14 + I15 + I16 (ViT_top.v:732) |
==============================================================================

Datapath Report for DP_OP_1359J1_124_6521
==============================================================================
| Cell                 | Contained Operations                                |
==============================================================================
| DP_OP_1359J1_124_6521 | add_1602 (ViT_top.v:1602)                          |
|                      | add_1602_2 (ViT_top.v:1602)                         |
|                      | add_1602_3 (ViT_top.v:1602)                         |
|                      | add_1602_4 (ViT_top.v:1602)                         |
|                      | add_1602_5 (ViT_top.v:1602)                         |
|                      | add_1602_6 (ViT_top.v:1602)                         |
|                      | add_1602_7 (ViT_top.v:1602)                         |
|                      | add_1648 (ViT_top.v:1648)                           |
==============================================================================

==============================================================================
|       |      | Data     |       |                                          |
| Var   | Type | Class    | Width | Expression                               |
==============================================================================
| I1    | PI   | Unsigned | 20    |                                          |
| I2    | PI   | Unsigned | 20    |                                          |
| I3    | PI   | Unsigned | 20    |                                          |
| I4    | PI   | Unsigned | 20    |                                          |
| I5    | PI   | Unsigned | 20    |                                          |
| I6    | PI   | Unsigned | 20    |                                          |
| I7    | PI   | Unsigned | 20    |                                          |
| I8    | PI   | Unsigned | 20    |                                          |
| I9    | PI   | Signed   | 20    |                                          |
| O1    | PO   | Unsigned | 20    | I1 + I2 + I3 + I4 + I5 + I6 + I7 + I8 (ViT_top.v:1602) |
| O2    | PO   | Unsigned | 20    | O1 + I9 (ViT_top.v:1648)                 |
==============================================================================

Datapath Report for DP_OP_1360J1_125_6521
==============================================================================
| Cell                 | Contained Operations                                |
==============================================================================
| DP_OP_1360J1_125_6521 | add_1607 (ViT_top.v:1607)                          |
|                      | add_1607_2 (ViT_top.v:1607)                         |
|                      | add_1607_3 (ViT_top.v:1607)                         |
|                      | add_1607_4 (ViT_top.v:1607)                         |
|                      | add_1607_5 (ViT_top.v:1607)                         |
|                      | add_1607_6 (ViT_top.v:1607)                         |
|                      | add_1607_7 (ViT_top.v:1607)                         |
|                      | add_1649 (ViT_top.v:1649)                           |
==============================================================================

==============================================================================
|       |      | Data     |       |                                          |
| Var   | Type | Class    | Width | Expression                               |
==============================================================================
| I1    | PI   | Unsigned | 20    |                                          |
| I2    | PI   | Unsigned | 20    |                                          |
| I3    | PI   | Unsigned | 20    |                                          |
| I4    | PI   | Unsigned | 20    |                                          |
| I5    | PI   | Unsigned | 20    |                                          |
| I6    | PI   | Unsigned | 20    |                                          |
| I7    | PI   | Unsigned | 20    |                                          |
| I8    | PI   | Unsigned | 20    |                                          |
| I9    | PI   | Signed   | 20    |                                          |
| O1    | PO   | Unsigned | 20    | I1 + I2 + I3 + I4 + I5 + I6 + I7 + I8 (ViT_top.v:1607) |
| O2    | PO   | Unsigned | 20    | O1 + I9 (ViT_top.v:1649)                 |
==============================================================================

Datapath Report for DP_OP_1361J1_126_6521
==============================================================================
| Cell                 | Contained Operations                                |
==============================================================================
| DP_OP_1361J1_126_6521 | add_1612 (ViT_top.v:1612)                          |
|                      | add_1612_2 (ViT_top.v:1612)                         |
|                      | add_1612_3 (ViT_top.v:1612)                         |
|                      | add_1612_4 (ViT_top.v:1612)                         |
|                      | add_1612_5 (ViT_top.v:1612)                         |
|                      | add_1612_6 (ViT_top.v:1612)                         |
|                      | add_1612_7 (ViT_top.v:1612)                         |
|                      | add_1650 (ViT_top.v:1650)                           |
==============================================================================

==============================================================================
|       |      | Data     |       |                                          |
| Var   | Type | Class    | Width | Expression                               |
==============================================================================
| I1    | PI   | Unsigned | 20    |                                          |
| I2    | PI   | Unsigned | 20    |                                          |
| I3    | PI   | Unsigned | 20    |                                          |
| I4    | PI   | Unsigned | 20    |                                          |
| I5    | PI   | Unsigned | 20    |                                          |
| I6    | PI   | Unsigned | 20    |                                          |
| I7    | PI   | Unsigned | 20    |                                          |
| I8    | PI   | Unsigned | 20    |                                          |
| I9    | PI   | Signed   | 20    |                                          |
| O1    | PO   | Unsigned | 20    | I1 + I2 + I3 + I4 + I5 + I6 + I7 + I8 (ViT_top.v:1612) |
| O2    | PO   | Unsigned | 20    | O1 + I9 (ViT_top.v:1650)                 |
==============================================================================

Datapath Report for DP_OP_1362J1_127_6521
==============================================================================
| Cell                 | Contained Operations                                |
==============================================================================
| DP_OP_1362J1_127_6521 | add_1617 (ViT_top.v:1617)                          |
|                      | add_1617_2 (ViT_top.v:1617)                         |
|                      | add_1617_3 (ViT_top.v:1617)                         |
|                      | add_1617_4 (ViT_top.v:1617)                         |
|                      | add_1617_5 (ViT_top.v:1617)                         |
|                      | add_1617_6 (ViT_top.v:1617)                         |
|                      | add_1617_7 (ViT_top.v:1617)                         |
|                      | add_1651 (ViT_top.v:1651)                           |
==============================================================================

==============================================================================
|       |      | Data     |       |                                          |
| Var   | Type | Class    | Width | Expression                               |
==============================================================================
| I1    | PI   | Unsigned | 20    |                                          |
| I2    | PI   | Unsigned | 20    |                                          |
| I3    | PI   | Unsigned | 20    |                                          |
| I4    | PI   | Unsigned | 20    |                                          |
| I5    | PI   | Unsigned | 20    |                                          |
| I6    | PI   | Unsigned | 20    |                                          |
| I7    | PI   | Unsigned | 20    |                                          |
| I8    | PI   | Unsigned | 20    |                                          |
| I9    | PI   | Signed   | 20    |                                          |
| O1    | PO   | Unsigned | 20    | I1 + I2 + I3 + I4 + I5 + I6 + I7 + I8 (ViT_top.v:1617) |
| O2    | PO   | Unsigned | 20    | O1 + I9 (ViT_top.v:1651)                 |
==============================================================================

Datapath Report for DP_OP_1363J1_128_2377
==============================================================================
| Cell                 | Contained Operations                                |
==============================================================================
| DP_OP_1363J1_128_2377 | add_2713 (ViT_top.v:2713)                          |
|                      | add_2713_2 (ViT_top.v:2713)                         |
|                      | add_2713_3 (ViT_top.v:2713)                         |
|                      | add_2713_4 (ViT_top.v:2713)                         |
|                      | add_2713_5 (ViT_top.v:2713)                         |
|                      | add_2713_6 (ViT_top.v:2713)                         |
|                      | add_2713_7 (ViT_top.v:2713)                         |
|                      | add_2713_8 (ViT_top.v:2713)                         |
==============================================================================

==============================================================================
|       |      | Data     |       |                                          |
| Var   | Type | Class    | Width | Expression                               |
==============================================================================
| I1    | PI   | Unsigned | 34    |                                          |
| I2    | PI   | Unsigned | 34    |                                          |
| I3    | PI   | Unsigned | 34    |                                          |
| I4    | PI   | Unsigned | 34    |                                          |
| I5    | PI   | Unsigned | 34    |                                          |
| I6    | PI   | Unsigned | 34    |                                          |
| I7    | PI   | Unsigned | 34    |                                          |
| I8    | PI   | Unsigned | 34    |                                          |
| I9    | PI   | Unsigned | 40    |                                          |
| O1    | PO   | Unsigned | 40    | I1 + I2 + I3 + I4 + I5 + I6 + I7 + I8 + I9 (ViT_top.v:2713) |
==============================================================================

Datapath Report for DP_OP_1364J1_129_6073
==============================================================================
| Cell                 | Contained Operations                                |
==============================================================================
| DP_OP_1364J1_129_6073 | add_2999 (ViT_top.v:2999)                          |
|                      | add_2999_2 (ViT_top.v:2999)                         |
|                      | add_2999_3 (ViT_top.v:2999)                         |
|                      | add_2999_4 (ViT_top.v:2999)                         |
==============================================================================

==============================================================================
|       |      | Data     |       |                                          |
| Var   | Type | Class    | Width | Expression                               |
==============================================================================
| I1    | PI   | Signed   | 20    |                                          |
| I2    | PI   | Signed   | 20    |                                          |
| I3    | PI   | Signed   | 20    |                                          |
| I4    | PI   | Signed   | 20    |                                          |
| I5    | PI   | Signed   | 22    |                                          |
| O1    | PO   | Signed   | 22    | I1 + I2 + I3 + I4 + I5 (ViT_top.v:2999)  |
==============================================================================

Datapath Report for DP_OP_1365J1_130_6073
==============================================================================
| Cell                 | Contained Operations                                |
==============================================================================
| DP_OP_1365J1_130_6073 | add_2999_I2 (ViT_top.v:2999)                       |
|                      | add_2999_2_I2 (ViT_top.v:2999)                      |
|                      | add_2999_3_I2 (ViT_top.v:2999)                      |
|                      | add_2999_4_I2 (ViT_top.v:2999)                      |
==============================================================================

==============================================================================
|       |      | Data     |       |                                          |
| Var   | Type | Class    | Width | Expression                               |
==============================================================================
| I1    | PI   | Signed   | 20    |                                          |
| I2    | PI   | Signed   | 20    |                                          |
| I3    | PI   | Signed   | 20    |                                          |
| I4    | PI   | Signed   | 20    |                                          |
| I5    | PI   | Signed   | 22    |                                          |
| O1    | PO   | Signed   | 22    | I1 + I2 + I3 + I4 + I5 (ViT_top.v:2999)  |
==============================================================================

Datapath Report for DP_OP_1366J1_131_6073
==============================================================================
| Cell                 | Contained Operations                                |
==============================================================================
| DP_OP_1366J1_131_6073 | add_2999_I3 (ViT_top.v:2999)                       |
|                      | add_2999_2_I3 (ViT_top.v:2999)                      |
|                      | add_2999_3_I3 (ViT_top.v:2999)                      |
|                      | add_2999_4_I3 (ViT_top.v:2999)                      |
==============================================================================

==============================================================================
|       |      | Data     |       |                                          |
| Var   | Type | Class    | Width | Expression                               |
==============================================================================
| I1    | PI   | Signed   | 20    |                                          |
| I2    | PI   | Signed   | 20    |                                          |
| I3    | PI   | Signed   | 20    |                                          |
| I4    | PI   | Signed   | 20    |                                          |
| I5    | PI   | Signed   | 22    |                                          |
| O1    | PO   | Signed   | 22    | I1 + I2 + I3 + I4 + I5 (ViT_top.v:2999)  |
==============================================================================

Datapath Report for DP_OP_1367J1_132_6073
==============================================================================
| Cell                 | Contained Operations                                |
==============================================================================
| DP_OP_1367J1_132_6073 | add_2999_I4 (ViT_top.v:2999)                       |
|                      | add_2999_2_I4 (ViT_top.v:2999)                      |
|                      | add_2999_3_I4 (ViT_top.v:2999)                      |
|                      | add_2999_4_I4 (ViT_top.v:2999)                      |
==============================================================================

==============================================================================
|       |      | Data     |       |                                          |
| Var   | Type | Class    | Width | Expression                               |
==============================================================================
| I1    | PI   | Signed   | 20    |                                          |
| I2    | PI   | Signed   | 20    |                                          |
| I3    | PI   | Signed   | 20    |                                          |
| I4    | PI   | Signed   | 20    |                                          |
| I5    | PI   | Signed   | 22    |                                          |
| O1    | PO   | Signed   | 22    | I1 + I2 + I3 + I4 + I5 (ViT_top.v:2999)  |
==============================================================================

Datapath Report for DP_OP_1368J1_133_6073
==============================================================================
| Cell                 | Contained Operations                                |
==============================================================================
| DP_OP_1368J1_133_6073 | add_2999_I5 (ViT_top.v:2999)                       |
|                      | add_2999_2_I5 (ViT_top.v:2999)                      |
|                      | add_2999_3_I5 (ViT_top.v:2999)                      |
|                      | add_2999_4_I5 (ViT_top.v:2999)                      |
==============================================================================

==============================================================================
|       |      | Data     |       |                                          |
| Var   | Type | Class    | Width | Expression                               |
==============================================================================
| I1    | PI   | Signed   | 20    |                                          |
| I2    | PI   | Signed   | 20    |                                          |
| I3    | PI   | Signed   | 20    |                                          |
| I4    | PI   | Signed   | 20    |                                          |
| I5    | PI   | Signed   | 22    |                                          |
| O1    | PO   | Signed   | 22    | I1 + I2 + I3 + I4 + I5 (ViT_top.v:2999)  |
==============================================================================

Datapath Report for DP_OP_1369J1_134_6073
==============================================================================
| Cell                 | Contained Operations                                |
==============================================================================
| DP_OP_1369J1_134_6073 | add_2999_I6 (ViT_top.v:2999)                       |
|                      | add_2999_2_I6 (ViT_top.v:2999)                      |
|                      | add_2999_3_I6 (ViT_top.v:2999)                      |
|                      | add_2999_4_I6 (ViT_top.v:2999)                      |
==============================================================================

==============================================================================
|       |      | Data     |       |                                          |
| Var   | Type | Class    | Width | Expression                               |
==============================================================================
| I1    | PI   | Signed   | 20    |                                          |
| I2    | PI   | Signed   | 20    |                                          |
| I3    | PI   | Signed   | 20    |                                          |
| I4    | PI   | Signed   | 20    |                                          |
| I5    | PI   | Signed   | 22    |                                          |
| O1    | PO   | Signed   | 22    | I1 + I2 + I3 + I4 + I5 (ViT_top.v:2999)  |
==============================================================================

Datapath Report for DP_OP_1370J1_135_6073
==============================================================================
| Cell                 | Contained Operations                                |
==============================================================================
| DP_OP_1370J1_135_6073 | add_2999_I7 (ViT_top.v:2999)                       |
|                      | add_2999_2_I7 (ViT_top.v:2999)                      |
|                      | add_2999_3_I7 (ViT_top.v:2999)                      |
|                      | add_2999_4_I7 (ViT_top.v:2999)                      |
==============================================================================

==============================================================================
|       |      | Data     |       |                                          |
| Var   | Type | Class    | Width | Expression                               |
==============================================================================
| I1    | PI   | Signed   | 20    |                                          |
| I2    | PI   | Signed   | 20    |                                          |
| I3    | PI   | Signed   | 20    |                                          |
| I4    | PI   | Signed   | 20    |                                          |
| I5    | PI   | Signed   | 22    |                                          |
| O1    | PO   | Signed   | 22    | I1 + I2 + I3 + I4 + I5 (ViT_top.v:2999)  |
==============================================================================

Datapath Report for DP_OP_1371J1_136_6073
==============================================================================
| Cell                 | Contained Operations                                |
==============================================================================
| DP_OP_1371J1_136_6073 | add_2999_I8 (ViT_top.v:2999)                       |
|                      | add_2999_2_I8 (ViT_top.v:2999)                      |
|                      | add_2999_3_I8 (ViT_top.v:2999)                      |
|                      | add_2999_4_I8 (ViT_top.v:2999)                      |
==============================================================================

==============================================================================
|       |      | Data     |       |                                          |
| Var   | Type | Class    | Width | Expression                               |
==============================================================================
| I1    | PI   | Signed   | 20    |                                          |
| I2    | PI   | Signed   | 20    |                                          |
| I3    | PI   | Signed   | 20    |                                          |
| I4    | PI   | Signed   | 20    |                                          |
| I5    | PI   | Signed   | 22    |                                          |
| O1    | PO   | Signed   | 22    | I1 + I2 + I3 + I4 + I5 (ViT_top.v:2999)  |
==============================================================================

Datapath Report for DP_OP_217J1_151_9642
==============================================================================
| Cell                 | Contained Operations                                |
==============================================================================
| DP_OP_217J1_151_9642 | mult_1039_I8 (ViT_top.v:1039)                       |
|                      | add_1050_I8 (ViT_top.v:1050)                        |
|                      | add_1052_3_I8 (ViT_top.v:1052)                      |
==============================================================================

==============================================================================
|       |      | Data     |       |                                          |
| Var   | Type | Class    | Width | Expression                               |
==============================================================================
| I1    | PI   | Signed   | 10    |                                          |
| I2    | PI   | Signed   | 10    |                                          |
| I3    | PI   | Signed   | 16    |                                          |
| T177  | IFO  | Signed   | 20    | I1 * I2 (ViT_top.v:1039)                 |
| O1    | PO   | Signed   | 20    | T177 + I3 ( ViT_top.v:1050 ViT_top.v:1052 ) |
==============================================================================

Datapath Report for DP_OP_216J1_149_3499
==============================================================================
| Cell                 | Contained Operations                                |
==============================================================================
| DP_OP_216J1_149_3499 | mult_1039_I7 (ViT_top.v:1039)                       |
|                      | add_1050_I7 (ViT_top.v:1050)                        |
|                      | add_1052_3_I7 (ViT_top.v:1052)                      |
==============================================================================

==============================================================================
|       |      | Data     |       |                                          |
| Var   | Type | Class    | Width | Expression                               |
==============================================================================
| I1    | PI   | Signed   | 10    |                                          |
| I2    | PI   | Signed   | 10    |                                          |
| I3    | PI   | Signed   | 16    |                                          |
| T176  | IFO  | Signed   | 20    | I1 * I2 (ViT_top.v:1039)                 |
| O1    | PO   | Signed   | 20    | T176 + I3 ( ViT_top.v:1050 ViT_top.v:1052 ) |
==============================================================================

Datapath Report for DP_OP_215J1_147_6254
==============================================================================
| Cell                 | Contained Operations                                |
==============================================================================
| DP_OP_215J1_147_6254 | mult_1039_I6 (ViT_top.v:1039)                       |
|                      | add_1050_I6 (ViT_top.v:1050)                        |
|                      | add_1052_3_I6 (ViT_top.v:1052)                      |
==============================================================================

==============================================================================
|       |      | Data     |       |                                          |
| Var   | Type | Class    | Width | Expression                               |
==============================================================================
| I1    | PI   | Signed   | 10    |                                          |
| I2    | PI   | Signed   | 10    |                                          |
| I3    | PI   | Signed   | 16    |                                          |
| T175  | IFO  | Signed   | 20    | I1 * I2 (ViT_top.v:1039)                 |
| O1    | PO   | Signed   | 20    | T175 + I3 ( ViT_top.v:1050 ViT_top.v:1052 ) |
==============================================================================

Datapath Report for DP_OP_214J1_145_7956
==============================================================================
| Cell                 | Contained Operations                                |
==============================================================================
| DP_OP_214J1_145_7956 | mult_1039_I5 (ViT_top.v:1039)                       |
|                      | add_1050_I5 (ViT_top.v:1050)                        |
|                      | add_1052_3_I5 (ViT_top.v:1052)                      |
==============================================================================

==============================================================================
|       |      | Data     |       |                                          |
| Var   | Type | Class    | Width | Expression                               |
==============================================================================
| I1    | PI   | Signed   | 10    |                                          |
| I2    | PI   | Signed   | 10    |                                          |
| I3    | PI   | Signed   | 16    |                                          |
| T174  | IFO  | Signed   | 20    | I1 * I2 (ViT_top.v:1039)                 |
| O1    | PO   | Signed   | 20    | T174 + I3 ( ViT_top.v:1050 ViT_top.v:1052 ) |
==============================================================================

Datapath Report for DP_OP_213J1_143_8605
==============================================================================
| Cell                 | Contained Operations                                |
==============================================================================
| DP_OP_213J1_143_8605 | mult_1039_I4 (ViT_top.v:1039)                       |
|                      | add_1050_I4 (ViT_top.v:1050)                        |
|                      | add_1052_3_I4 (ViT_top.v:1052)                      |
==============================================================================

==============================================================================
|       |      | Data     |       |                                          |
| Var   | Type | Class    | Width | Expression                               |
==============================================================================
| I1    | PI   | Signed   | 10    |                                          |
| I2    | PI   | Signed   | 10    |                                          |
| I3    | PI   | Signed   | 16    |                                          |
| T173  | IFO  | Signed   | 20    | I1 * I2 (ViT_top.v:1039)                 |
| O1    | PO   | Signed   | 20    | T173 + I3 ( ViT_top.v:1050 ViT_top.v:1052 ) |
==============================================================================

Datapath Report for DP_OP_212J1_141_2446
==============================================================================
| Cell                 | Contained Operations                                |
==============================================================================
| DP_OP_212J1_141_2446 | mult_1039_I3 (ViT_top.v:1039)                       |
|                      | add_1050_I3 (ViT_top.v:1050)                        |
|                      | add_1052_3_I3 (ViT_top.v:1052)                      |
==============================================================================

==============================================================================
|       |      | Data     |       |                                          |
| Var   | Type | Class    | Width | Expression                               |
==============================================================================
| I1    | PI   | Signed   | 10    |                                          |
| I2    | PI   | Signed   | 10    |                                          |
| I3    | PI   | Signed   | 16    |                                          |
| T172  | IFO  | Signed   | 20    | I1 * I2 (ViT_top.v:1039)                 |
| O1    | PO   | Signed   | 20    | T172 + I3 ( ViT_top.v:1050 ViT_top.v:1052 ) |
==============================================================================

Datapath Report for DP_OP_211J1_139_5201
==============================================================================
| Cell                 | Contained Operations                                |
==============================================================================
| DP_OP_211J1_139_5201 | mult_1039_I2 (ViT_top.v:1039)                       |
|                      | add_1050_I2 (ViT_top.v:1050)                        |
|                      | add_1052_3_I2 (ViT_top.v:1052)                      |
==============================================================================

==============================================================================
|       |      | Data     |       |                                          |
| Var   | Type | Class    | Width | Expression                               |
==============================================================================
| I1    | PI   | Signed   | 10    |                                          |
| I2    | PI   | Signed   | 10    |                                          |
| I3    | PI   | Signed   | 16    |                                          |
| T171  | IFO  | Signed   | 20    | I1 * I2 (ViT_top.v:1039)                 |
| O1    | PO   | Signed   | 20    | T171 + I3 ( ViT_top.v:1050 ViT_top.v:1052 ) |
==============================================================================

Datapath Report for DP_OP_210J1_137_4760
==============================================================================
| Cell                 | Contained Operations                                |
==============================================================================
| DP_OP_210J1_137_4760 | mult_1039 (ViT_top.v:1039)                          |
|                      | add_1050 (ViT_top.v:1050)                           |
|                      | add_1052_3 (ViT_top.v:1052)                         |
==============================================================================

==============================================================================
|       |      | Data     |       |                                          |
| Var   | Type | Class    | Width | Expression                               |
==============================================================================
| I1    | PI   | Signed   | 10    |                                          |
| I2    | PI   | Signed   | 10    |                                          |
| I3    | PI   | Signed   | 16    |                                          |
| T170  | IFO  | Signed   | 20    | I1 * I2 (ViT_top.v:1039)                 |
| O1    | PO   | Signed   | 20    | T170 + I3 ( ViT_top.v:1050 ViT_top.v:1052 ) |
==============================================================================


Datapath Extraction Report

Information: Operator associated with resources 'sub_720 (ViT_top.v:720)' in design 'ViT_top' breaks the datapath extraction because there is leakage due to truncation on its fanout to operator of resources 'C16262 (ViT_top.v:727)'.  (HDL-120)

Information: Operator associated with resources 'sub_720_I2 (ViT_top.v:720)' in design 'ViT_top' breaks the datapath extraction because there is leakage due to truncation on its fanout to operator of resources 'C16263 (ViT_top.v:727)'.  (HDL-120)

Information: Operator associated with resources 'sub_720_I3 (ViT_top.v:720)' in design 'ViT_top' breaks the datapath extraction because there is leakage due to truncation on its fanout to operator of resources 'C16264 (ViT_top.v:727)'.  (HDL-120)

Information: Operator associated with resources 'sub_720_I4 (ViT_top.v:720)' in design 'ViT_top' breaks the datapath extraction because there is leakage due to truncation on its fanout to operator of resources 'C16265 (ViT_top.v:727)'.  (HDL-120)

Information: Operator associated with resources 'sub_720_I5 (ViT_top.v:720)' in design 'ViT_top' breaks the datapath extraction because there is leakage due to truncation on its fanout to operator of resources 'C16266 (ViT_top.v:727)'.  (HDL-120)

Information: Operator associated with resources 'sub_720_I6 (ViT_top.v:720)' in design 'ViT_top' breaks the datapath extraction because there is leakage due to truncation on its fanout to operator of resources 'C16267 (ViT_top.v:727)'.  (HDL-120)

Information: Operator associated with resources 'sub_720_I7 (ViT_top.v:720)' in design 'ViT_top' breaks the datapath extraction because there is leakage due to truncation on its fanout to operator of resources 'C16268 (ViT_top.v:727)'.  (HDL-120)

Information: Operator associated with resources 'sub_720_I8 (ViT_top.v:720)' in design 'ViT_top' breaks the datapath extraction because there is leakage due to truncation on its fanout to operator of resources 'C16269 (ViT_top.v:727)'.  (HDL-120)

Information: Operator associated with resources 'sub_720_I9 (ViT_top.v:720)' in design 'ViT_top' breaks the datapath extraction because there is leakage due to truncation on its fanout to operator of resources 'C16270 (ViT_top.v:727)'.  (HDL-120)

Information: Operator associated with resources 'sub_720_I10 (ViT_top.v:720)' in design 'ViT_top' breaks the datapath extraction because there is leakage due to truncation on its fanout to operator of resources 'C16271 (ViT_top.v:727)'.  (HDL-120)

Information: Operator associated with resources 'sub_720_I11 (ViT_top.v:720)' in design 'ViT_top' breaks the datapath extraction because there is leakage due to truncation on its fanout to operator of resources 'C16272 (ViT_top.v:727)'.  (HDL-120)

Information: Operator associated with resources 'sub_720_I12 (ViT_top.v:720)' in design 'ViT_top' breaks the datapath extraction because there is leakage due to truncation on its fanout to operator of resources 'C16273 (ViT_top.v:727)'.  (HDL-120)

Information: Operator associated with resources 'sub_720_I13 (ViT_top.v:720)' in design 'ViT_top' breaks the datapath extraction because there is leakage due to truncation on its fanout to operator of resources 'C16274 (ViT_top.v:727)'.  (HDL-120)

Information: Operator associated with resources 'sub_720_I14 (ViT_top.v:720)' in design 'ViT_top' breaks the datapath extraction because there is leakage due to truncation on its fanout to operator of resources 'C16275 (ViT_top.v:727)'.  (HDL-120)

Information: Operator associated with resources 'sub_720_I15 (ViT_top.v:720)' in design 'ViT_top' breaks the datapath extraction because there is leakage due to truncation on its fanout to operator of resources 'C16276 (ViT_top.v:727)'.  (HDL-120)

Information: Operator associated with resources 'sub_720_I16 (ViT_top.v:720)' in design 'ViT_top' breaks the datapath extraction because there is leakage due to truncation on its fanout to operator of resources 'C16277 (ViT_top.v:727)'.  (HDL-120)

Information: Operator associated with resources 'add_727 (ViT_top.v:727)' in design 'ViT_top' breaks the datapath extraction because there is leakage due to truncation on its fanout to operator of resources 'C16262 (ViT_top.v:727)'.  (HDL-120)

Information: Operator associated with resources 'add_727_I2 (ViT_top.v:727)' in design 'ViT_top' breaks the datapath extraction because there is leakage due to truncation on its fanout to operator of resources 'C16263 (ViT_top.v:727)'.  (HDL-120)

Information: Operator associated with resources 'add_727_I3 (ViT_top.v:727)' in design 'ViT_top' breaks the datapath extraction because there is leakage due to truncation on its fanout to operator of resources 'C16264 (ViT_top.v:727)'.  (HDL-120)

Information: Operator associated with resources 'add_727_I4 (ViT_top.v:727)' in design 'ViT_top' breaks the datapath extraction because there is leakage due to truncation on its fanout to operator of resources 'C16265 (ViT_top.v:727)'.  (HDL-120)

Information: Operator associated with resources 'add_727_I5 (ViT_top.v:727)' in design 'ViT_top' breaks the datapath extraction because there is leakage due to truncation on its fanout to operator of resources 'C16266 (ViT_top.v:727)'.  (HDL-120)

Information: Operator associated with resources 'add_727_I6 (ViT_top.v:727)' in design 'ViT_top' breaks the datapath extraction because there is leakage due to truncation on its fanout to operator of resources 'C16267 (ViT_top.v:727)'.  (HDL-120)

Information: Operator associated with resources 'add_727_I7 (ViT_top.v:727)' in design 'ViT_top' breaks the datapath extraction because there is leakage due to truncation on its fanout to operator of resources 'C16268 (ViT_top.v:727)'.  (HDL-120)

Information: Operator associated with resources 'add_727_I8 (ViT_top.v:727)' in design 'ViT_top' breaks the datapath extraction because there is leakage due to truncation on its fanout to operator of resources 'C16269 (ViT_top.v:727)'.  (HDL-120)

Information: Operator associated with resources 'add_727_I9 (ViT_top.v:727)' in design 'ViT_top' breaks the datapath extraction because there is leakage due to truncation on its fanout to operator of resources 'C16270 (ViT_top.v:727)'.  (HDL-120)

Information: Operator associated with resources 'add_727_I10 (ViT_top.v:727)' in design 'ViT_top' breaks the datapath extraction because there is leakage due to truncation on its fanout to operator of resources 'C16271 (ViT_top.v:727)'.  (HDL-120)

Information: Operator associated with resources 'add_727_I11 (ViT_top.v:727)' in design 'ViT_top' breaks the datapath extraction because there is leakage due to truncation on its fanout to operator of resources 'C16272 (ViT_top.v:727)'.  (HDL-120)

Information: Operator associated with resources 'add_727_I12 (ViT_top.v:727)' in design 'ViT_top' breaks the datapath extraction because there is leakage due to truncation on its fanout to operator of resources 'C16273 (ViT_top.v:727)'.  (HDL-120)

Information: Operator associated with resources 'add_727_I13 (ViT_top.v:727)' in design 'ViT_top' breaks the datapath extraction because there is leakage due to truncation on its fanout to operator of resources 'C16274 (ViT_top.v:727)'.  (HDL-120)

Information: Operator associated with resources 'add_727_I14 (ViT_top.v:727)' in design 'ViT_top' breaks the datapath extraction because there is leakage due to truncation on its fanout to operator of resources 'C16275 (ViT_top.v:727)'.  (HDL-120)

Information: Operator associated with resources 'add_727_I15 (ViT_top.v:727)' in design 'ViT_top' breaks the datapath extraction because there is leakage due to truncation on its fanout to operator of resources 'C16276 (ViT_top.v:727)'.  (HDL-120)

Information: Operator associated with resources 'add_727_I16 (ViT_top.v:727)' in design 'ViT_top' breaks the datapath extraction because there is leakage due to truncation on its fanout to operator of resources 'C16277 (ViT_top.v:727)'.  (HDL-120)

Information: Operator associated with resources 'add_987 (ViT_top.v:987) add_989_2 (ViT_top.v:989)' in design 'ViT_top' breaks the datapath extraction because there is leakage due to truncation on its fanout to operator of resources 'C16284 (ViT_top.v:987)'.  (HDL-120)

Information: Operator associated with resources 'add_987_I2 (ViT_top.v:987) add_989_2_I2 (ViT_top.v:989)' in design 'ViT_top' breaks the datapath extraction because there is leakage due to truncation on its fanout to operator of resources 'C16287 (ViT_top.v:987)'.  (HDL-120)

Information: Operator associated with resources 'add_987_I3 (ViT_top.v:987) add_989_2_I3 (ViT_top.v:989)' in design 'ViT_top' breaks the datapath extraction because there is leakage due to truncation on its fanout to operator of resources 'C16290 (ViT_top.v:987)'.  (HDL-120)

Information: Operator associated with resources 'add_987_I4 (ViT_top.v:987) add_989_2_I4 (ViT_top.v:989)' in design 'ViT_top' breaks the datapath extraction because there is leakage due to truncation on its fanout to operator of resources 'C16293 (ViT_top.v:987)'.  (HDL-120)

Information: Operator associated with resources 'add_987_I5 (ViT_top.v:987) add_989_2_I5 (ViT_top.v:989)' in design 'ViT_top' breaks the datapath extraction because there is leakage due to truncation on its fanout to operator of resources 'C16296 (ViT_top.v:987)'.  (HDL-120)

Information: Operator associated with resources 'add_987_I6 (ViT_top.v:987) add_989_2_I6 (ViT_top.v:989)' in design 'ViT_top' breaks the datapath extraction because there is leakage due to truncation on its fanout to operator of resources 'C16299 (ViT_top.v:987)'.  (HDL-120)

Information: Operator associated with resources 'add_987_I7 (ViT_top.v:987) add_989_2_I7 (ViT_top.v:989)' in design 'ViT_top' breaks the datapath extraction because there is leakage due to truncation on its fanout to operator of resources 'C16302 (ViT_top.v:987)'.  (HDL-120)

Information: Operator associated with resources 'add_987_I8 (ViT_top.v:987) add_989_2_I8 (ViT_top.v:989)' in design 'ViT_top' breaks the datapath extraction because there is leakage due to truncation on its fanout to operator of resources 'C16305 (ViT_top.v:987)'.  (HDL-120)

Information: Operator associated with resources 'gt_1086 (ViT_top.v:1086)' in design 'ViT_top' breaks the datapath extraction because there is leakage due to truncation on the fanout of its driver 'add_1068 (ViT_top.v:1068)'.  (HDL-120)

Information: Operator associated with resources 'gt_1086_I2 (ViT_top.v:1086)' in design 'ViT_top' breaks the datapath extraction because there is leakage due to truncation on the fanout of its driver 'add_1068_I2 (ViT_top.v:1068)'.  (HDL-120)

Information: Operator associated with resources 'gt_1086_I3 (ViT_top.v:1086)' in design 'ViT_top' breaks the datapath extraction because there is leakage due to truncation on the fanout of its driver 'add_1068_I3 (ViT_top.v:1068)'.  (HDL-120)

Information: Operator associated with resources 'gt_1086_I4 (ViT_top.v:1086)' in design 'ViT_top' breaks the datapath extraction because there is leakage due to truncation on the fanout of its driver 'add_1068_I4 (ViT_top.v:1068)'.  (HDL-120)

Information: Operator associated with resources 'gt_1086_I5 (ViT_top.v:1086)' in design 'ViT_top' breaks the datapath extraction because there is leakage due to truncation on the fanout of its driver 'add_1068_I5 (ViT_top.v:1068)'.  (HDL-120)

Information: Operator associated with resources 'gt_1086_I6 (ViT_top.v:1086)' in design 'ViT_top' breaks the datapath extraction because there is leakage due to truncation on the fanout of its driver 'add_1068_I6 (ViT_top.v:1068)'.  (HDL-120)

Information: Operator associated with resources 'gt_1086_I7 (ViT_top.v:1086)' in design 'ViT_top' breaks the datapath extraction because there is leakage due to truncation on the fanout of its driver 'add_1068_I7 (ViT_top.v:1068)'.  (HDL-120)

Information: Operator associated with resources 'gt_1086_I8 (ViT_top.v:1086)' in design 'ViT_top' breaks the datapath extraction because there is leakage due to truncation on the fanout of its driver 'add_1068_I8 (ViT_top.v:1068)'.  (HDL-120)

Information: Operator associated with resources 'add_3258_I3 (ViT_top.v:3258)' in design 'ViT_top' breaks the datapath extraction because there is leakage due to truncation on its fanout to operator of resources 'C16575 (ViT_top.v:3284)'.  (HDL-120)

Information: Operator associated with resources 'add_3258_I4 (ViT_top.v:3258)' in design 'ViT_top' breaks the datapath extraction because there is leakage due to truncation on its fanout to operator of resources 'C16576 (ViT_top.v:3284)'.  (HDL-120)

Information: Operator associated with resources 'add_3258 (ViT_top.v:3258)' in design 'ViT_top' breaks the datapath extraction because there is leakage due to truncation on its fanout to operator of resources 'C16573 (ViT_top.v:3284)'.  (HDL-120)

Information: Operator associated with resources 'add_3258_I2 (ViT_top.v:3258)' in design 'ViT_top' breaks the datapath extraction because there is leakage due to truncation on its fanout to operator of resources 'C16574 (ViT_top.v:3284)'.  (HDL-120)

Information: Operator associated with resources 'gt_1707 (ViT_top.v:1707)' in design 'ViT_top' breaks the datapath extraction because there is leakage due to truncation on the fanout of its driver 'add_1680 (ViT_top.v:1680)'.  (HDL-120)

Information: Operator associated with resources 'gt_1715 (ViT_top.v:1715)' in design 'ViT_top' breaks the datapath extraction because there is leakage due to truncation on the fanout of its driver 'add_1681 (ViT_top.v:1681)'.  (HDL-120)

Information: Operator associated with resources 'gt_1723 (ViT_top.v:1723)' in design 'ViT_top' breaks the datapath extraction because there is leakage due to truncation on the fanout of its driver 'add_1682 (ViT_top.v:1682)'.  (HDL-120)

Information: Operator associated with resources 'gt_1731 (ViT_top.v:1731)' in design 'ViT_top' breaks the datapath extraction because there is leakage due to truncation on the fanout of its driver 'add_1683 (ViT_top.v:1683)'.  (HDL-120)

Information: Operator associated with resources 'gt_2244 (ViT_top.v:2244)' in design 'ViT_top' breaks the datapath extraction because there is leakage due to truncation on the fanout of its driver 'add_2224 (ViT_top.v:2224)'.  (HDL-120)

Information: Operator associated with resources 'gt_2244_I2 (ViT_top.v:2244)' in design 'ViT_top' breaks the datapath extraction because there is leakage due to truncation on the fanout of its driver 'add_2224_I2 (ViT_top.v:2224)'.  (HDL-120)

Information: Operator associated with resources 'gt_2244_I3 (ViT_top.v:2244)' in design 'ViT_top' breaks the datapath extraction because there is leakage due to truncation on the fanout of its driver 'add_2224_I3 (ViT_top.v:2224)'.  (HDL-120)

Information: Operator associated with resources 'gt_2244_I4 (ViT_top.v:2244)' in design 'ViT_top' breaks the datapath extraction because there is leakage due to truncation on the fanout of its driver 'add_2224_I4 (ViT_top.v:2224)'.  (HDL-120)

Information: Operator associated with resources 'gt_3051 (ViT_top.v:3051)' in design 'ViT_top' breaks the datapath extraction because there is leakage due to truncation on the fanout of its driver 'add_3035 (ViT_top.v:3035)'.  (HDL-120)

Information: Operator associated with resources 'gt_3051_I2 (ViT_top.v:3051)' in design 'ViT_top' breaks the datapath extraction because there is leakage due to truncation on the fanout of its driver 'add_3035_I2 (ViT_top.v:3035)'.  (HDL-120)

Information: Operator associated with resources 'gt_3051_I3 (ViT_top.v:3051)' in design 'ViT_top' breaks the datapath extraction because there is leakage due to truncation on the fanout of its driver 'add_3035_I3 (ViT_top.v:3035)'.  (HDL-120)

Information: Operator associated with resources 'gt_3051_I4 (ViT_top.v:3051)' in design 'ViT_top' breaks the datapath extraction because there is leakage due to truncation on the fanout of its driver 'add_3035_I4 (ViT_top.v:3035)'.  (HDL-120)

Information: Operator associated with resources 'gt_3051_I5 (ViT_top.v:3051)' in design 'ViT_top' breaks the datapath extraction because there is leakage due to truncation on the fanout of its driver 'add_3035_I5 (ViT_top.v:3035)'.  (HDL-120)

Information: Operator associated with resources 'gt_3051_I6 (ViT_top.v:3051)' in design 'ViT_top' breaks the datapath extraction because there is leakage due to truncation on the fanout of its driver 'add_3035_I6 (ViT_top.v:3035)'.  (HDL-120)

Information: Operator associated with resources 'gt_3051_I7 (ViT_top.v:3051)' in design 'ViT_top' breaks the datapath extraction because there is leakage due to truncation on the fanout of its driver 'add_3035_I7 (ViT_top.v:3035)'.  (HDL-120)

Information: Operator associated with resources 'gt_3051_I8 (ViT_top.v:3051)' in design 'ViT_top' breaks the datapath extraction because there is leakage due to truncation on the fanout of its driver 'add_3035_I8 (ViT_top.v:3035)'.  (HDL-120)


Implementation Report
===============================================================================
|                    |                  | Current            | Set            |
| Cell               | Module           | Implementation     | Implementation |
===============================================================================
| eq_x_1             | DW_cmp           | apparch (area)     |                |
| add_x_22           | DW01_inc         | apparch (area)     |                |
| add_x_23           | DW01_inc         | apparch (area)     |                |
| add_x_26           | DW01_inc         | apparch (area)     |                |
| add_x_30           | DW01_inc         | apparch (area)     |                |
| sub_x_103          | DW01_sub         | pparch (area,speed)                 |
| sub_x_104          | DW01_sub         | pparch (area,speed)                 |
| sub_x_105          | DW01_sub         | pparch (area,speed)                 |
| sub_x_106          | DW01_sub         | pparch (area,speed)                 |
| sub_x_107          | DW01_sub         | pparch (area,speed)                 |
| sub_x_108          | DW01_sub         | pparch (area,speed)                 |
| sub_x_109          | DW01_sub         | pparch (area,speed)                 |
| sub_x_110          | DW01_sub         | pparch (area,speed)                 |
| sub_x_111          | DW01_sub         | pparch (area,speed)                 |
| sub_x_112          | DW01_sub         | pparch (area,speed)                 |
| sub_x_113          | DW01_sub         | pparch (area,speed)                 |
| sub_x_114          | DW01_sub         | pparch (area,speed)                 |
| sub_x_115          | DW01_sub         | pparch (area,speed)                 |
| sub_x_116          | DW01_sub         | pparch (area,speed)                 |
| sub_x_117          | DW01_sub         | pparch (area,speed)                 |
| sub_x_118          | DW01_sub         | pparch (area,speed)                 |
| add_x_119          | DW01_inc         | apparch (area)     |                |
| add_x_120          | DW01_inc         | apparch (area)     |                |
| add_x_121          | DW01_inc         | apparch (area)     |                |
| add_x_122          | DW01_inc         | apparch (area)     |                |
| add_x_123          | DW01_inc         | apparch (area)     |                |
| add_x_124          | DW01_inc         | apparch (area)     |                |
| add_x_125          | DW01_inc         | apparch (area)     |                |
| add_x_126          | DW01_inc         | apparch (area)     |                |
| add_x_127          | DW01_inc         | apparch (area)     |                |
| add_x_128          | DW01_inc         | apparch (area)     |                |
| add_x_129          | DW01_inc         | apparch (area)     |                |
| add_x_130          | DW01_inc         | apparch (area)     |                |
| add_x_131          | DW01_inc         | apparch (area)     |                |
| add_x_132          | DW01_inc         | apparch (area)     |                |
| add_x_133          | DW01_inc         | apparch (area)     |                |
| add_x_134          | DW01_inc         | apparch (area)     |                |
| add_x_196          | DW01_add         | apparch (area)     |                |
| add_x_197          | DW01_add         | apparch (area)     |                |
| add_x_198          | DW01_add         | apparch (area)     |                |
| add_x_199          | DW01_add         | apparch (area)     |                |
| add_x_200          | DW01_add         | apparch (area)     |                |
| add_x_201          | DW01_add         | apparch (area)     |                |
| add_x_202          | DW01_add         | apparch (area)     |                |
| add_x_203          | DW01_add         | apparch (area)     |                |
| gt_x_204           | DW_cmp           | apparch (area)     |                |
| lt_x_205           | DW_cmp           | apparch (area)     |                |
| gt_x_206           | DW_cmp           | apparch (area)     |                |
| lt_x_207           | DW_cmp           | apparch (area)     |                |
| gt_x_208           | DW_cmp           | apparch (area)     |                |
| lt_x_209           | DW_cmp           | apparch (area)     |                |
| gt_x_210           | DW_cmp           | apparch (area)     |                |
| lt_x_211           | DW_cmp           | apparch (area)     |                |
| gt_x_212           | DW_cmp           | apparch (area)     |                |
| lt_x_213           | DW_cmp           | apparch (area)     |                |
| gt_x_214           | DW_cmp           | apparch (area)     |                |
| lt_x_215           | DW_cmp           | apparch (area)     |                |
| gt_x_216           | DW_cmp           | apparch (area)     |                |
| lt_x_217           | DW_cmp           | apparch (area)     |                |
| gt_x_218           | DW_cmp           | apparch (area)     |                |
| lt_x_219           | DW_cmp           | apparch (area)     |                |
| gt_x_244           | DW_cmp           | apparch (area)     |                |
| add_x_245          | DW01_inc         | apparch (area)     |                |
| add_x_248          | DW01_inc         | apparch (area)     |                |
| add_x_260          | DW01_inc         | apparch (area)     |                |
| add_x_266          | DW01_inc         | apparch (area)     |                |
| mult_x_340         | DW_mult_tc       | apparch (area)     |                |
|                    |                  | mult_arch: benc_radix4              |
| mult_x_341         | DW_mult_tc       | apparch (area)     |                |
|                    |                  | mult_arch: benc_radix4              |
| mult_x_342         | DW_mult_tc       | apparch (area)     |                |
|                    |                  | mult_arch: benc_radix4              |
| mult_x_343         | DW_mult_tc       | apparch (area)     |                |
|                    |                  | mult_arch: benc_radix4              |
| mult_x_344         | DW_mult_tc       | apparch (area)     |                |
|                    |                  | mult_arch: benc_radix4              |
| mult_x_345         | DW_mult_tc       | apparch (area)     |                |
|                    |                  | mult_arch: benc_radix4              |
| mult_x_346         | DW_mult_tc       | apparch (area)     |                |
|                    |                  | mult_arch: benc_radix4              |
| mult_x_347         | DW_mult_tc       | apparch (area)     |                |
|                    |                  | mult_arch: benc_radix4              |
| mult_x_348         | DW_mult_tc       | apparch (area)     |                |
|                    |                  | mult_arch: benc_radix4              |
| mult_x_349         | DW_mult_tc       | apparch (area)     |                |
|                    |                  | mult_arch: benc_radix4              |
| mult_x_350         | DW_mult_tc       | apparch (area)     |                |
|                    |                  | mult_arch: benc_radix4              |
| mult_x_351         | DW_mult_tc       | apparch (area)     |                |
|                    |                  | mult_arch: benc_radix4              |
| mult_x_352         | DW_mult_tc       | apparch (area)     |                |
|                    |                  | mult_arch: benc_radix4              |
| mult_x_353         | DW_mult_tc       | apparch (area)     |                |
|                    |                  | mult_arch: benc_radix4              |
| mult_x_354         | DW_mult_tc       | apparch (area)     |                |
|                    |                  | mult_arch: benc_radix4              |
| mult_x_355         | DW_mult_tc       | apparch (area)     |                |
|                    |                  | mult_arch: benc_radix4              |
| mult_x_356         | DW_mult_tc       | apparch (area)     |                |
|                    |                  | mult_arch: benc_radix4              |
| mult_x_357         | DW_mult_tc       | apparch (area)     |                |
|                    |                  | mult_arch: benc_radix4              |
| mult_x_358         | DW_mult_tc       | apparch (area)     |                |
|                    |                  | mult_arch: benc_radix4              |
| mult_x_359         | DW_mult_tc       | apparch (area)     |                |
|                    |                  | mult_arch: benc_radix4              |
| mult_x_360         | DW_mult_tc       | apparch (area)     |                |
|                    |                  | mult_arch: benc_radix4              |
| mult_x_361         | DW_mult_tc       | apparch (area)     |                |
|                    |                  | mult_arch: benc_radix4              |
| mult_x_362         | DW_mult_tc       | apparch (area)     |                |
|                    |                  | mult_arch: benc_radix4              |
| mult_x_363         | DW_mult_tc       | apparch (area)     |                |
|                    |                  | mult_arch: benc_radix4              |
| mult_x_364         | DW_mult_tc       | apparch (area)     |                |
|                    |                  | mult_arch: benc_radix4              |
| mult_x_365         | DW_mult_tc       | apparch (area)     |                |
|                    |                  | mult_arch: benc_radix4              |
| mult_x_366         | DW_mult_tc       | apparch (area)     |                |
|                    |                  | mult_arch: benc_radix4              |
| mult_x_367         | DW_mult_tc       | apparch (area)     |                |
|                    |                  | mult_arch: benc_radix4              |
| mult_x_368         | DW_mult_tc       | apparch (area)     |                |
|                    |                  | mult_arch: benc_radix4              |
| mult_x_369         | DW_mult_tc       | apparch (area)     |                |
|                    |                  | mult_arch: benc_radix4              |
| mult_x_370         | DW_mult_tc       | apparch (area)     |                |
|                    |                  | mult_arch: benc_radix4              |
| mult_x_371         | DW_mult_tc       | apparch (area)     |                |
|                    |                  | mult_arch: benc_radix4              |
| add_x_372          | DW01_add         | apparch (area)     |                |
| add_x_373          | DW01_add         | apparch (area)     |                |
| add_x_374          | DW01_add         | apparch (area)     |                |
| add_x_375          | DW01_add         | apparch (area)     |                |
| gt_x_376           | DW_cmp           | apparch (area)     |                |
| lt_x_377           | DW_cmp           | apparch (area)     |                |
| gt_x_378           | DW_cmp           | apparch (area)     |                |
| lt_x_379           | DW_cmp           | apparch (area)     |                |
| gt_x_380           | DW_cmp           | apparch (area)     |                |
| lt_x_381           | DW_cmp           | apparch (area)     |                |
| gt_x_382           | DW_cmp           | apparch (area)     |                |
| lt_x_383           | DW_cmp           | apparch (area)     |                |
| add_x_389          | DW01_inc         | apparch (area)     |                |
| add_x_390          | DW01_inc         | apparch (area)     |                |
| add_x_391          | DW01_inc         | apparch (area)     |                |
| add_x_403          | DW01_inc         | apparch (area)     |                |
| add_x_405          | DW01_inc         | apparch (area)     |                |
| add_x_407          | DW01_inc         | apparch (area)     |                |
| mult_x_411         | DW_mult_tc       | apparch (area)     |                |
| mult_x_412         | DW_mult_tc       | apparch (area)     |                |
| mult_x_413         | DW_mult_tc       | apparch (area)     |                |
| mult_x_414         | DW_mult_tc       | apparch (area)     |                |
| add_x_415          | DW01_add         | apparch (area)     |                |
| add_x_416          | DW01_add         | apparch (area)     |                |
| add_x_417          | DW01_add         | apparch (area)     |                |
| add_x_418          | DW01_add         | apparch (area)     |                |
| gt_x_419           | DW_cmp           | apparch (area)     |                |
| lt_x_420           | DW_cmp           | apparch (area)     |                |
| gt_x_421           | DW_cmp           | apparch (area)     |                |
| lt_x_422           | DW_cmp           | apparch (area)     |                |
| gt_x_423           | DW_cmp           | apparch (area)     |                |
| lt_x_424           | DW_cmp           | apparch (area)     |                |
| gt_x_425           | DW_cmp           | apparch (area)     |                |
| lt_x_426           | DW_cmp           | apparch (area)     |                |
| add_x_435          | DW01_inc         | apparch (area)     |                |
| add_x_437          | DW01_inc         | apparch (area)     |                |
| add_x_469          | DW01_inc         | apparch (area)     |                |
| add_x_470          | DW01_inc         | apparch (area)     |                |
| add_x_481          | DW01_inc         | apparch (area)     |                |
| add_x_485          | DW01_inc         | apparch (area)     |                |
| add_x_487          | DW01_inc         | apparch (area)     |                |
| add_x_488          | DW01_inc         | apparch (area)     |                |
| add_x_490          | DW01_inc         | apparch (area)     |                |
| add_x_491          | DW01_inc         | apparch (area)     |                |
| add_x_510          | DW01_add         | apparch (area)     |                |
| add_x_511          | DW01_add         | apparch (area)     |                |
| add_x_512          | DW01_add         | apparch (area)     |                |
| add_x_513          | DW01_add         | apparch (area)     |                |
| add_x_514          | DW01_add         | apparch (area)     |                |
| add_x_515          | DW01_add         | apparch (area)     |                |
| add_x_516          | DW01_add         | apparch (area)     |                |
| add_x_517          | DW01_add         | apparch (area)     |                |
| gt_x_518           | DW_cmp           | apparch (area)     |                |
| lt_x_519           | DW_cmp           | apparch (area)     |                |
| gt_x_520           | DW_cmp           | apparch (area)     |                |
| lt_x_521           | DW_cmp           | apparch (area)     |                |
| gt_x_522           | DW_cmp           | apparch (area)     |                |
| lt_x_523           | DW_cmp           | apparch (area)     |                |
| gt_x_524           | DW_cmp           | apparch (area)     |                |
| lt_x_525           | DW_cmp           | apparch (area)     |                |
| gt_x_526           | DW_cmp           | apparch (area)     |                |
| lt_x_527           | DW_cmp           | apparch (area)     |                |
| gt_x_528           | DW_cmp           | apparch (area)     |                |
| lt_x_529           | DW_cmp           | apparch (area)     |                |
| gt_x_530           | DW_cmp           | apparch (area)     |                |
| lt_x_531           | DW_cmp           | apparch (area)     |                |
| gt_x_532           | DW_cmp           | apparch (area)     |                |
| lt_x_533           | DW_cmp           | apparch (area)     |                |
| add_x_550          | DW01_inc         | apparch (area)     |                |
| add_x_551          | DW01_inc         | apparch (area)     |                |
| add_x_553          | DW01_add         | apparch (area)     |                |
| add_x_554          | DW01_add         | apparch (area)     |                |
| add_x_555          | DW01_add         | apparch (area)     |                |
| add_x_556          | DW01_add         | apparch (area)     |                |
| add_x_262          | DW01_inc         | apparch (area)     |                |
| add_x_156          | DW01_inc         | apparch (area)     |                |
| add_x_157          | DW01_inc         | apparch (area)     |                |
| add_x_158          | DW01_inc         | apparch (area)     |                |
| add_x_159          | DW01_inc         | apparch (area)     |                |
| add_x_160          | DW01_inc         | apparch (area)     |                |
| add_x_161          | DW01_inc         | apparch (area)     |                |
| add_x_162          | DW01_inc         | apparch (area)     |                |
| add_x_163          | DW01_inc         | apparch (area)     |                |
| sub_x_582          | DW01_sub         | apparch (area)     |                |
| DP_OP_1357J1_122_4871                 |                    |                |
|                    | DP_OP_1357J1_122_4871 | str (area)    |                |
| DP_OP_1358J1_123_4875                 |                    |                |
|                    | DP_OP_1358J1_123_4875 | str (area,speed)               |
| DP_OP_1359J1_124_6521                 |                    |                |
|                    | DP_OP_1359J1_124_6521 | str (area)    |                |
| DP_OP_1360J1_125_6521                 |                    |                |
|                    | DP_OP_1360J1_125_6521 | str (area)    |                |
| DP_OP_1361J1_126_6521                 |                    |                |
|                    | DP_OP_1361J1_126_6521 | str (area)    |                |
| DP_OP_1362J1_127_6521                 |                    |                |
|                    | DP_OP_1362J1_127_6521 | str (area)    |                |
| DP_OP_1363J1_128_2377                 |                    |                |
|                    | DP_OP_1363J1_128_2377 | str (area,speed)               |
| DP_OP_1364J1_129_6073                 |                    |                |
|                    | DP_OP_1364J1_129_6073 | str (area)    |                |
| DP_OP_1365J1_130_6073                 |                    |                |
|                    | DP_OP_1365J1_130_6073 | str (area)    |                |
| DP_OP_1366J1_131_6073                 |                    |                |
|                    | DP_OP_1366J1_131_6073 | str (area)    |                |
| DP_OP_1367J1_132_6073                 |                    |                |
|                    | DP_OP_1367J1_132_6073 | str (area)    |                |
| DP_OP_1368J1_133_6073                 |                    |                |
|                    | DP_OP_1368J1_133_6073 | str (area)    |                |
| DP_OP_1369J1_134_6073                 |                    |                |
|                    | DP_OP_1369J1_134_6073 | str (area)    |                |
| DP_OP_1370J1_135_6073                 |                    |                |
|                    | DP_OP_1370J1_135_6073 | str (area)    |                |
| DP_OP_1371J1_136_6073                 |                    |                |
|                    | DP_OP_1371J1_136_6073 | str (area)    |                |
| DP_OP_217J1_151_9642                  |                    |                |
|                    | DP_OP_217J1_151_9642 | str (area)     |                |
|                    |                  | mult_arch: benc_radix4              |
| DP_OP_216J1_149_3499                  |                    |                |
|                    | DP_OP_216J1_149_3499 | str (area)     |                |
|                    |                  | mult_arch: benc_radix4              |
| DP_OP_215J1_147_6254                  |                    |                |
|                    | DP_OP_215J1_147_6254 | str (area)     |                |
|                    |                  | mult_arch: benc_radix4              |
| DP_OP_214J1_145_7956                  |                    |                |
|                    | DP_OP_214J1_145_7956 | str (area)     |                |
|                    |                  | mult_arch: benc_radix4              |
| DP_OP_213J1_143_8605                  |                    |                |
|                    | DP_OP_213J1_143_8605 | str (area)     |                |
|                    |                  | mult_arch: benc_radix4              |
| DP_OP_212J1_141_2446                  |                    |                |
|                    | DP_OP_212J1_141_2446 | str (area)     |                |
|                    |                  | mult_arch: benc_radix4              |
| DP_OP_211J1_139_5201                  |                    |                |
|                    | DP_OP_211J1_139_5201 | str (area)     |                |
|                    |                  | mult_arch: benc_radix4              |
| DP_OP_210J1_137_4760                  |                    |                |
|                    | DP_OP_210J1_137_4760 | str (area)     |                |
|                    |                  | mult_arch: benc_radix4              |
===============================================================================


No resource sharing information to report.
 
****************************************
Design : exp_lut_mydesign_0
****************************************

No implementations to report

No resource sharing information to report.
 
****************************************
Design : exp_lut_mydesign_1
****************************************

No implementations to report

No resource sharing information to report.
 
****************************************
Design : exp_lut_mydesign_2
****************************************

No implementations to report

No resource sharing information to report.
 
****************************************
Design : exp_lut_mydesign_3
****************************************

No implementations to report

No resource sharing information to report.
 
****************************************
Design : exp_lut_mydesign_4
****************************************

No implementations to report

No resource sharing information to report.
 
****************************************
Design : exp_lut_mydesign_5
****************************************

No implementations to report

No resource sharing information to report.
 
****************************************
Design : exp_lut_mydesign_6
****************************************

No implementations to report

No resource sharing information to report.
 
****************************************
Design : exp_lut_mydesign_7
****************************************

No implementations to report
 
****************************************
Design : div_mydesign_0
****************************************

Resource Report for this hierarchy in file ../hdl/div.v
=============================================================================
| Cell           | Module         | Parameters | Contained Operations       |
=============================================================================
| sub_x_2        | DW01_sub       | width=40   | sub_57 (div.v:57)          |
| sub_x_4        | DW01_sub       | width=40   | sub_74 (div.v:74)          |
| sub_x_7        | DW01_sub       | width=40   | sub_91 (div.v:91)          |
| sub_x_10       | DW01_sub       | width=40   | sub_109 (div.v:109)        |
| sub_x_13       | DW01_sub       | width=40   | sub_127 (div.v:127)        |
| sub_x_16       | DW01_sub       | width=40   | sub_145 (div.v:145)        |
| sub_x_19       | DW01_sub       | width=25   | sub_164 (div.v:164)        |
| sub_x_22       | DW01_sub       | width=25   | sub_184 (div.v:184)        |
| sub_x_25       | DW01_sub       | width=25   | sub_204 (div.v:204)        |
| sub_x_28       | DW01_sub       | width=25   | sub_224 (div.v:224)        |
| sub_x_31       | DW01_sub       | width=25   | sub_244 (div.v:244)        |
| sub_x_34       | DW01_sub       | width=25   | sub_264 (div.v:264)        |
| sub_x_37       | DW01_sub       | width=25   | sub_284 (div.v:284)        |
| sub_x_40       | DW01_sub       | width=25   | sub_304 (div.v:304)        |
| sub_x_43       | DW01_sub       | width=25   | sub_324 (div.v:324)        |
| sub_x_46       | DW01_sub       | width=25   | sub_344 (div.v:344)        |
| sub_x_49       | DW01_sub       | width=25   | sub_364 (div.v:364)        |
| sub_x_52       | DW01_sub       | width=25   | sub_384 (div.v:384)        |
| sub_x_55       | DW01_sub       | width=25   | sub_404 (div.v:404)        |
| sub_x_58       | DW01_sub       | width=25   | sub_424 (div.v:424)        |
| sub_x_61       | DW01_sub       | width=25   | sub_444 (div.v:444)        |
| sub_x_64       | DW01_sub       | width=25   | sub_464 (div.v:464)        |
| sub_x_67       | DW01_sub       | width=25   | sub_484 (div.v:484)        |
| sub_x_70       | DW01_sub       | width=25   | sub_504 (div.v:504)        |
=============================================================================


Implementation Report
===============================================================================
|                    |                  | Current            | Set            |
| Cell               | Module           | Implementation     | Implementation |
===============================================================================
| sub_x_2            | DW01_sub         | pparch (area,speed)                 |
| sub_x_4            | DW01_sub         | pparch (area,speed)                 |
| sub_x_7            | DW01_sub         | pparch (area,speed)                 |
| sub_x_10           | DW01_sub         | pparch (area,speed)                 |
| sub_x_13           | DW01_sub         | pparch (area,speed)                 |
| sub_x_16           | DW01_sub         | pparch (area,speed)                 |
| sub_x_19           | DW01_sub         | pparch (area,speed)                 |
| sub_x_22           | DW01_sub         | pparch (area,speed)                 |
| sub_x_25           | DW01_sub         | pparch (area,speed)                 |
| sub_x_28           | DW01_sub         | pparch (area,speed)                 |
| sub_x_31           | DW01_sub         | pparch (area,speed)                 |
| sub_x_34           | DW01_sub         | pparch (area,speed)                 |
| sub_x_37           | DW01_sub         | pparch (area,speed)                 |
| sub_x_40           | DW01_sub         | pparch (area,speed)                 |
| sub_x_43           | DW01_sub         | pparch (area,speed)                 |
| sub_x_46           | DW01_sub         | pparch (area,speed)                 |
| sub_x_49           | DW01_sub         | pparch (area,speed)                 |
| sub_x_52           | DW01_sub         | pparch (area,speed)                 |
| sub_x_55           | DW01_sub         | pparch (area,speed)                 |
| sub_x_58           | DW01_sub         | pparch (area,speed)                 |
| sub_x_61           | DW01_sub         | pparch (area,speed)                 |
| sub_x_64           | DW01_sub         | pparch (area,speed)                 |
| sub_x_67           | DW01_sub         | pparch (area,speed)                 |
| sub_x_70           | DW01_sub         | pparch (area,speed)                 |
===============================================================================

 
****************************************
Design : div_mydesign_1
****************************************

Resource Report for this hierarchy in file ../hdl/div.v
=============================================================================
| Cell           | Module         | Parameters | Contained Operations       |
=============================================================================
| sub_x_2        | DW01_sub       | width=40   | sub_57 (div.v:57)          |
| sub_x_4        | DW01_sub       | width=40   | sub_74 (div.v:74)          |
| sub_x_7        | DW01_sub       | width=40   | sub_91 (div.v:91)          |
| sub_x_10       | DW01_sub       | width=40   | sub_109 (div.v:109)        |
| sub_x_13       | DW01_sub       | width=40   | sub_127 (div.v:127)        |
| sub_x_16       | DW01_sub       | width=40   | sub_145 (div.v:145)        |
| sub_x_19       | DW01_sub       | width=25   | sub_164 (div.v:164)        |
| sub_x_22       | DW01_sub       | width=25   | sub_184 (div.v:184)        |
| sub_x_25       | DW01_sub       | width=25   | sub_204 (div.v:204)        |
| sub_x_28       | DW01_sub       | width=25   | sub_224 (div.v:224)        |
| sub_x_31       | DW01_sub       | width=25   | sub_244 (div.v:244)        |
| sub_x_34       | DW01_sub       | width=25   | sub_264 (div.v:264)        |
| sub_x_37       | DW01_sub       | width=25   | sub_284 (div.v:284)        |
| sub_x_40       | DW01_sub       | width=25   | sub_304 (div.v:304)        |
| sub_x_43       | DW01_sub       | width=25   | sub_324 (div.v:324)        |
| sub_x_46       | DW01_sub       | width=25   | sub_344 (div.v:344)        |
| sub_x_49       | DW01_sub       | width=25   | sub_364 (div.v:364)        |
| sub_x_52       | DW01_sub       | width=25   | sub_384 (div.v:384)        |
| sub_x_55       | DW01_sub       | width=25   | sub_404 (div.v:404)        |
| sub_x_58       | DW01_sub       | width=25   | sub_424 (div.v:424)        |
| sub_x_61       | DW01_sub       | width=25   | sub_444 (div.v:444)        |
| sub_x_64       | DW01_sub       | width=25   | sub_464 (div.v:464)        |
| sub_x_67       | DW01_sub       | width=25   | sub_484 (div.v:484)        |
| sub_x_70       | DW01_sub       | width=25   | sub_504 (div.v:504)        |
=============================================================================


Implementation Report
===============================================================================
|                    |                  | Current            | Set            |
| Cell               | Module           | Implementation     | Implementation |
===============================================================================
| sub_x_2            | DW01_sub         | pparch (area,speed)                 |
| sub_x_4            | DW01_sub         | pparch (area,speed)                 |
| sub_x_7            | DW01_sub         | pparch (area,speed)                 |
| sub_x_10           | DW01_sub         | pparch (area,speed)                 |
| sub_x_13           | DW01_sub         | pparch (area,speed)                 |
| sub_x_16           | DW01_sub         | pparch (area,speed)                 |
| sub_x_19           | DW01_sub         | pparch (area,speed)                 |
| sub_x_22           | DW01_sub         | pparch (area,speed)                 |
| sub_x_25           | DW01_sub         | pparch (area,speed)                 |
| sub_x_28           | DW01_sub         | pparch (area,speed)                 |
| sub_x_31           | DW01_sub         | pparch (area,speed)                 |
| sub_x_34           | DW01_sub         | pparch (area,speed)                 |
| sub_x_37           | DW01_sub         | pparch (area,speed)                 |
| sub_x_40           | DW01_sub         | pparch (area,speed)                 |
| sub_x_43           | DW01_sub         | pparch (area,speed)                 |
| sub_x_46           | DW01_sub         | pparch (area,speed)                 |
| sub_x_49           | DW01_sub         | pparch (area,speed)                 |
| sub_x_52           | DW01_sub         | pparch (area,speed)                 |
| sub_x_55           | DW01_sub         | pparch (area,speed)                 |
| sub_x_58           | DW01_sub         | pparch (area,speed)                 |
| sub_x_61           | DW01_sub         | pparch (area,speed)                 |
| sub_x_64           | DW01_sub         | pparch (area,speed)                 |
| sub_x_67           | DW01_sub         | pparch (area,speed)                 |
| sub_x_70           | DW01_sub         | pparch (area,speed)                 |
===============================================================================

 
****************************************
Design : div_mydesign_2
****************************************

Resource Report for this hierarchy in file ../hdl/div.v
=============================================================================
| Cell           | Module         | Parameters | Contained Operations       |
=============================================================================
| sub_x_2        | DW01_sub       | width=40   | sub_57 (div.v:57)          |
| sub_x_4        | DW01_sub       | width=40   | sub_74 (div.v:74)          |
| sub_x_7        | DW01_sub       | width=40   | sub_91 (div.v:91)          |
| sub_x_10       | DW01_sub       | width=40   | sub_109 (div.v:109)        |
| sub_x_13       | DW01_sub       | width=40   | sub_127 (div.v:127)        |
| sub_x_16       | DW01_sub       | width=40   | sub_145 (div.v:145)        |
| sub_x_19       | DW01_sub       | width=25   | sub_164 (div.v:164)        |
| sub_x_22       | DW01_sub       | width=25   | sub_184 (div.v:184)        |
| sub_x_25       | DW01_sub       | width=25   | sub_204 (div.v:204)        |
| sub_x_28       | DW01_sub       | width=25   | sub_224 (div.v:224)        |
| sub_x_31       | DW01_sub       | width=25   | sub_244 (div.v:244)        |
| sub_x_34       | DW01_sub       | width=25   | sub_264 (div.v:264)        |
| sub_x_37       | DW01_sub       | width=25   | sub_284 (div.v:284)        |
| sub_x_40       | DW01_sub       | width=25   | sub_304 (div.v:304)        |
| sub_x_43       | DW01_sub       | width=25   | sub_324 (div.v:324)        |
| sub_x_46       | DW01_sub       | width=25   | sub_344 (div.v:344)        |
| sub_x_49       | DW01_sub       | width=25   | sub_364 (div.v:364)        |
| sub_x_52       | DW01_sub       | width=25   | sub_384 (div.v:384)        |
| sub_x_55       | DW01_sub       | width=25   | sub_404 (div.v:404)        |
| sub_x_58       | DW01_sub       | width=25   | sub_424 (div.v:424)        |
| sub_x_61       | DW01_sub       | width=25   | sub_444 (div.v:444)        |
| sub_x_64       | DW01_sub       | width=25   | sub_464 (div.v:464)        |
| sub_x_67       | DW01_sub       | width=25   | sub_484 (div.v:484)        |
| sub_x_70       | DW01_sub       | width=25   | sub_504 (div.v:504)        |
=============================================================================


Implementation Report
===============================================================================
|                    |                  | Current            | Set            |
| Cell               | Module           | Implementation     | Implementation |
===============================================================================
| sub_x_2            | DW01_sub         | pparch (area,speed)                 |
| sub_x_4            | DW01_sub         | pparch (area,speed)                 |
| sub_x_7            | DW01_sub         | pparch (area,speed)                 |
| sub_x_10           | DW01_sub         | pparch (area,speed)                 |
| sub_x_13           | DW01_sub         | pparch (area,speed)                 |
| sub_x_16           | DW01_sub         | pparch (area,speed)                 |
| sub_x_19           | DW01_sub         | pparch (area,speed)                 |
| sub_x_22           | DW01_sub         | pparch (area,speed)                 |
| sub_x_25           | DW01_sub         | pparch (area,speed)                 |
| sub_x_28           | DW01_sub         | pparch (area,speed)                 |
| sub_x_31           | DW01_sub         | pparch (area,speed)                 |
| sub_x_34           | DW01_sub         | pparch (area,speed)                 |
| sub_x_37           | DW01_sub         | pparch (area,speed)                 |
| sub_x_40           | DW01_sub         | pparch (area,speed)                 |
| sub_x_43           | DW01_sub         | pparch (area,speed)                 |
| sub_x_46           | DW01_sub         | pparch (area,speed)                 |
| sub_x_49           | DW01_sub         | pparch (area,speed)                 |
| sub_x_52           | DW01_sub         | pparch (area,speed)                 |
| sub_x_55           | DW01_sub         | pparch (area,speed)                 |
| sub_x_58           | DW01_sub         | pparch (area,speed)                 |
| sub_x_61           | DW01_sub         | pparch (area,speed)                 |
| sub_x_64           | DW01_sub         | pparch (area,speed)                 |
| sub_x_67           | DW01_sub         | pparch (area,speed)                 |
| sub_x_70           | DW01_sub         | pparch (area,speed)                 |
===============================================================================

 
****************************************
Design : div_mydesign_3
****************************************

Resource Report for this hierarchy in file ../hdl/div.v
=============================================================================
| Cell           | Module         | Parameters | Contained Operations       |
=============================================================================
| sub_x_2        | DW01_sub       | width=40   | sub_57 (div.v:57)          |
| sub_x_4        | DW01_sub       | width=40   | sub_74 (div.v:74)          |
| sub_x_7        | DW01_sub       | width=40   | sub_91 (div.v:91)          |
| sub_x_10       | DW01_sub       | width=40   | sub_109 (div.v:109)        |
| sub_x_13       | DW01_sub       | width=40   | sub_127 (div.v:127)        |
| sub_x_16       | DW01_sub       | width=40   | sub_145 (div.v:145)        |
| sub_x_19       | DW01_sub       | width=25   | sub_164 (div.v:164)        |
| sub_x_22       | DW01_sub       | width=25   | sub_184 (div.v:184)        |
| sub_x_25       | DW01_sub       | width=25   | sub_204 (div.v:204)        |
| sub_x_28       | DW01_sub       | width=25   | sub_224 (div.v:224)        |
| sub_x_31       | DW01_sub       | width=25   | sub_244 (div.v:244)        |
| sub_x_34       | DW01_sub       | width=25   | sub_264 (div.v:264)        |
| sub_x_37       | DW01_sub       | width=25   | sub_284 (div.v:284)        |
| sub_x_40       | DW01_sub       | width=25   | sub_304 (div.v:304)        |
| sub_x_43       | DW01_sub       | width=25   | sub_324 (div.v:324)        |
| sub_x_46       | DW01_sub       | width=25   | sub_344 (div.v:344)        |
| sub_x_49       | DW01_sub       | width=25   | sub_364 (div.v:364)        |
| sub_x_52       | DW01_sub       | width=25   | sub_384 (div.v:384)        |
| sub_x_55       | DW01_sub       | width=25   | sub_404 (div.v:404)        |
| sub_x_58       | DW01_sub       | width=25   | sub_424 (div.v:424)        |
| sub_x_61       | DW01_sub       | width=25   | sub_444 (div.v:444)        |
| sub_x_64       | DW01_sub       | width=25   | sub_464 (div.v:464)        |
| sub_x_67       | DW01_sub       | width=25   | sub_484 (div.v:484)        |
| sub_x_70       | DW01_sub       | width=25   | sub_504 (div.v:504)        |
=============================================================================


Implementation Report
===============================================================================
|                    |                  | Current            | Set            |
| Cell               | Module           | Implementation     | Implementation |
===============================================================================
| sub_x_2            | DW01_sub         | pparch (area,speed)                 |
| sub_x_4            | DW01_sub         | pparch (area,speed)                 |
| sub_x_7            | DW01_sub         | pparch (area,speed)                 |
| sub_x_10           | DW01_sub         | pparch (area,speed)                 |
| sub_x_13           | DW01_sub         | pparch (area,speed)                 |
| sub_x_16           | DW01_sub         | pparch (area,speed)                 |
| sub_x_19           | DW01_sub         | pparch (area,speed)                 |
| sub_x_22           | DW01_sub         | pparch (area,speed)                 |
| sub_x_25           | DW01_sub         | pparch (area,speed)                 |
| sub_x_28           | DW01_sub         | pparch (area,speed)                 |
| sub_x_31           | DW01_sub         | pparch (area,speed)                 |
| sub_x_34           | DW01_sub         | pparch (area,speed)                 |
| sub_x_37           | DW01_sub         | pparch (area,speed)                 |
| sub_x_40           | DW01_sub         | pparch (area,speed)                 |
| sub_x_43           | DW01_sub         | pparch (area,speed)                 |
| sub_x_46           | DW01_sub         | pparch (area,speed)                 |
| sub_x_49           | DW01_sub         | pparch (area,speed)                 |
| sub_x_52           | DW01_sub         | pparch (area,speed)                 |
| sub_x_55           | DW01_sub         | pparch (area,speed)                 |
| sub_x_58           | DW01_sub         | pparch (area,speed)                 |
| sub_x_61           | DW01_sub         | pparch (area,speed)                 |
| sub_x_64           | DW01_sub         | pparch (area,speed)                 |
| sub_x_67           | DW01_sub         | pparch (area,speed)                 |
| sub_x_70           | DW01_sub         | pparch (area,speed)                 |
===============================================================================

 
****************************************
Design : div_mydesign_4
****************************************

Resource Report for this hierarchy in file ../hdl/div.v
=============================================================================
| Cell           | Module         | Parameters | Contained Operations       |
=============================================================================
| sub_x_2        | DW01_sub       | width=40   | sub_57 (div.v:57)          |
| sub_x_4        | DW01_sub       | width=40   | sub_74 (div.v:74)          |
| sub_x_7        | DW01_sub       | width=40   | sub_91 (div.v:91)          |
| sub_x_10       | DW01_sub       | width=40   | sub_109 (div.v:109)        |
| sub_x_13       | DW01_sub       | width=40   | sub_127 (div.v:127)        |
| sub_x_16       | DW01_sub       | width=40   | sub_145 (div.v:145)        |
| sub_x_19       | DW01_sub       | width=25   | sub_164 (div.v:164)        |
| sub_x_22       | DW01_sub       | width=25   | sub_184 (div.v:184)        |
| sub_x_25       | DW01_sub       | width=25   | sub_204 (div.v:204)        |
| sub_x_28       | DW01_sub       | width=25   | sub_224 (div.v:224)        |
| sub_x_31       | DW01_sub       | width=25   | sub_244 (div.v:244)        |
| sub_x_34       | DW01_sub       | width=25   | sub_264 (div.v:264)        |
| sub_x_37       | DW01_sub       | width=25   | sub_284 (div.v:284)        |
| sub_x_40       | DW01_sub       | width=25   | sub_304 (div.v:304)        |
| sub_x_43       | DW01_sub       | width=25   | sub_324 (div.v:324)        |
| sub_x_46       | DW01_sub       | width=25   | sub_344 (div.v:344)        |
| sub_x_49       | DW01_sub       | width=25   | sub_364 (div.v:364)        |
| sub_x_52       | DW01_sub       | width=25   | sub_384 (div.v:384)        |
| sub_x_55       | DW01_sub       | width=25   | sub_404 (div.v:404)        |
| sub_x_58       | DW01_sub       | width=25   | sub_424 (div.v:424)        |
| sub_x_61       | DW01_sub       | width=25   | sub_444 (div.v:444)        |
| sub_x_64       | DW01_sub       | width=25   | sub_464 (div.v:464)        |
| sub_x_67       | DW01_sub       | width=25   | sub_484 (div.v:484)        |
| sub_x_70       | DW01_sub       | width=25   | sub_504 (div.v:504)        |
=============================================================================


Implementation Report
===============================================================================
|                    |                  | Current            | Set            |
| Cell               | Module           | Implementation     | Implementation |
===============================================================================
| sub_x_2            | DW01_sub         | pparch (area,speed)                 |
| sub_x_4            | DW01_sub         | pparch (area,speed)                 |
| sub_x_7            | DW01_sub         | pparch (area,speed)                 |
| sub_x_10           | DW01_sub         | pparch (area,speed)                 |
| sub_x_13           | DW01_sub         | pparch (area,speed)                 |
| sub_x_16           | DW01_sub         | pparch (area,speed)                 |
| sub_x_19           | DW01_sub         | pparch (area,speed)                 |
| sub_x_22           | DW01_sub         | pparch (area,speed)                 |
| sub_x_25           | DW01_sub         | pparch (area,speed)                 |
| sub_x_28           | DW01_sub         | pparch (area,speed)                 |
| sub_x_31           | DW01_sub         | pparch (area,speed)                 |
| sub_x_34           | DW01_sub         | pparch (area,speed)                 |
| sub_x_37           | DW01_sub         | pparch (area,speed)                 |
| sub_x_40           | DW01_sub         | pparch (area,speed)                 |
| sub_x_43           | DW01_sub         | pparch (area,speed)                 |
| sub_x_46           | DW01_sub         | pparch (area,speed)                 |
| sub_x_49           | DW01_sub         | pparch (area,speed)                 |
| sub_x_52           | DW01_sub         | pparch (area,speed)                 |
| sub_x_55           | DW01_sub         | pparch (area,speed)                 |
| sub_x_58           | DW01_sub         | pparch (area,speed)                 |
| sub_x_61           | DW01_sub         | pparch (area,speed)                 |
| sub_x_64           | DW01_sub         | pparch (area,speed)                 |
| sub_x_67           | DW01_sub         | pparch (area,speed)                 |
| sub_x_70           | DW01_sub         | pparch (area,speed)                 |
===============================================================================

 
****************************************
Design : div_mydesign_5
****************************************

Resource Report for this hierarchy in file ../hdl/div.v
=============================================================================
| Cell           | Module         | Parameters | Contained Operations       |
=============================================================================
| sub_x_2        | DW01_sub       | width=40   | sub_57 (div.v:57)          |
| sub_x_4        | DW01_sub       | width=40   | sub_74 (div.v:74)          |
| sub_x_7        | DW01_sub       | width=40   | sub_91 (div.v:91)          |
| sub_x_10       | DW01_sub       | width=40   | sub_109 (div.v:109)        |
| sub_x_13       | DW01_sub       | width=40   | sub_127 (div.v:127)        |
| sub_x_16       | DW01_sub       | width=40   | sub_145 (div.v:145)        |
| sub_x_19       | DW01_sub       | width=25   | sub_164 (div.v:164)        |
| sub_x_22       | DW01_sub       | width=25   | sub_184 (div.v:184)        |
| sub_x_25       | DW01_sub       | width=25   | sub_204 (div.v:204)        |
| sub_x_28       | DW01_sub       | width=25   | sub_224 (div.v:224)        |
| sub_x_31       | DW01_sub       | width=25   | sub_244 (div.v:244)        |
| sub_x_34       | DW01_sub       | width=25   | sub_264 (div.v:264)        |
| sub_x_37       | DW01_sub       | width=25   | sub_284 (div.v:284)        |
| sub_x_40       | DW01_sub       | width=25   | sub_304 (div.v:304)        |
| sub_x_43       | DW01_sub       | width=25   | sub_324 (div.v:324)        |
| sub_x_46       | DW01_sub       | width=25   | sub_344 (div.v:344)        |
| sub_x_49       | DW01_sub       | width=25   | sub_364 (div.v:364)        |
| sub_x_52       | DW01_sub       | width=25   | sub_384 (div.v:384)        |
| sub_x_55       | DW01_sub       | width=25   | sub_404 (div.v:404)        |
| sub_x_58       | DW01_sub       | width=25   | sub_424 (div.v:424)        |
| sub_x_61       | DW01_sub       | width=25   | sub_444 (div.v:444)        |
| sub_x_64       | DW01_sub       | width=25   | sub_464 (div.v:464)        |
| sub_x_67       | DW01_sub       | width=25   | sub_484 (div.v:484)        |
| sub_x_70       | DW01_sub       | width=25   | sub_504 (div.v:504)        |
=============================================================================


Implementation Report
===============================================================================
|                    |                  | Current            | Set            |
| Cell               | Module           | Implementation     | Implementation |
===============================================================================
| sub_x_2            | DW01_sub         | pparch (area,speed)                 |
| sub_x_4            | DW01_sub         | pparch (area,speed)                 |
| sub_x_7            | DW01_sub         | pparch (area,speed)                 |
| sub_x_10           | DW01_sub         | pparch (area,speed)                 |
| sub_x_13           | DW01_sub         | pparch (area,speed)                 |
| sub_x_16           | DW01_sub         | pparch (area,speed)                 |
| sub_x_19           | DW01_sub         | pparch (area,speed)                 |
| sub_x_22           | DW01_sub         | pparch (area,speed)                 |
| sub_x_25           | DW01_sub         | pparch (area,speed)                 |
| sub_x_28           | DW01_sub         | pparch (area,speed)                 |
| sub_x_31           | DW01_sub         | pparch (area,speed)                 |
| sub_x_34           | DW01_sub         | pparch (area,speed)                 |
| sub_x_37           | DW01_sub         | pparch (area,speed)                 |
| sub_x_40           | DW01_sub         | pparch (area,speed)                 |
| sub_x_43           | DW01_sub         | pparch (area,speed)                 |
| sub_x_46           | DW01_sub         | pparch (area,speed)                 |
| sub_x_49           | DW01_sub         | pparch (area,speed)                 |
| sub_x_52           | DW01_sub         | pparch (area,speed)                 |
| sub_x_55           | DW01_sub         | pparch (area,speed)                 |
| sub_x_58           | DW01_sub         | pparch (area,speed)                 |
| sub_x_61           | DW01_sub         | pparch (area,speed)                 |
| sub_x_64           | DW01_sub         | pparch (area,speed)                 |
| sub_x_67           | DW01_sub         | pparch (area,speed)                 |
| sub_x_70           | DW01_sub         | pparch (area,speed)                 |
===============================================================================

 
****************************************
Design : div_mydesign_6
****************************************

Resource Report for this hierarchy in file ../hdl/div.v
=============================================================================
| Cell           | Module         | Parameters | Contained Operations       |
=============================================================================
| sub_x_2        | DW01_sub       | width=40   | sub_57 (div.v:57)          |
| sub_x_4        | DW01_sub       | width=40   | sub_74 (div.v:74)          |
| sub_x_7        | DW01_sub       | width=40   | sub_91 (div.v:91)          |
| sub_x_10       | DW01_sub       | width=40   | sub_109 (div.v:109)        |
| sub_x_13       | DW01_sub       | width=40   | sub_127 (div.v:127)        |
| sub_x_16       | DW01_sub       | width=40   | sub_145 (div.v:145)        |
| sub_x_19       | DW01_sub       | width=25   | sub_164 (div.v:164)        |
| sub_x_22       | DW01_sub       | width=25   | sub_184 (div.v:184)        |
| sub_x_25       | DW01_sub       | width=25   | sub_204 (div.v:204)        |
| sub_x_28       | DW01_sub       | width=25   | sub_224 (div.v:224)        |
| sub_x_31       | DW01_sub       | width=25   | sub_244 (div.v:244)        |
| sub_x_34       | DW01_sub       | width=25   | sub_264 (div.v:264)        |
| sub_x_37       | DW01_sub       | width=25   | sub_284 (div.v:284)        |
| sub_x_40       | DW01_sub       | width=25   | sub_304 (div.v:304)        |
| sub_x_43       | DW01_sub       | width=25   | sub_324 (div.v:324)        |
| sub_x_46       | DW01_sub       | width=25   | sub_344 (div.v:344)        |
| sub_x_49       | DW01_sub       | width=25   | sub_364 (div.v:364)        |
| sub_x_52       | DW01_sub       | width=25   | sub_384 (div.v:384)        |
| sub_x_55       | DW01_sub       | width=25   | sub_404 (div.v:404)        |
| sub_x_58       | DW01_sub       | width=25   | sub_424 (div.v:424)        |
| sub_x_61       | DW01_sub       | width=25   | sub_444 (div.v:444)        |
| sub_x_64       | DW01_sub       | width=25   | sub_464 (div.v:464)        |
| sub_x_67       | DW01_sub       | width=25   | sub_484 (div.v:484)        |
| sub_x_70       | DW01_sub       | width=25   | sub_504 (div.v:504)        |
=============================================================================


Implementation Report
===============================================================================
|                    |                  | Current            | Set            |
| Cell               | Module           | Implementation     | Implementation |
===============================================================================
| sub_x_2            | DW01_sub         | pparch (area,speed)                 |
| sub_x_4            | DW01_sub         | pparch (area,speed)                 |
| sub_x_7            | DW01_sub         | pparch (area,speed)                 |
| sub_x_10           | DW01_sub         | pparch (area,speed)                 |
| sub_x_13           | DW01_sub         | pparch (area,speed)                 |
| sub_x_16           | DW01_sub         | pparch (area,speed)                 |
| sub_x_19           | DW01_sub         | pparch (area,speed)                 |
| sub_x_22           | DW01_sub         | pparch (area,speed)                 |
| sub_x_25           | DW01_sub         | pparch (area,speed)                 |
| sub_x_28           | DW01_sub         | pparch (area,speed)                 |
| sub_x_31           | DW01_sub         | pparch (area,speed)                 |
| sub_x_34           | DW01_sub         | pparch (area,speed)                 |
| sub_x_37           | DW01_sub         | pparch (area,speed)                 |
| sub_x_40           | DW01_sub         | pparch (area,speed)                 |
| sub_x_43           | DW01_sub         | pparch (area,speed)                 |
| sub_x_46           | DW01_sub         | pparch (area,speed)                 |
| sub_x_49           | DW01_sub         | pparch (area,speed)                 |
| sub_x_52           | DW01_sub         | pparch (area,speed)                 |
| sub_x_55           | DW01_sub         | pparch (area,speed)                 |
| sub_x_58           | DW01_sub         | pparch (area,speed)                 |
| sub_x_61           | DW01_sub         | pparch (area,speed)                 |
| sub_x_64           | DW01_sub         | pparch (area,speed)                 |
| sub_x_67           | DW01_sub         | pparch (area,speed)                 |
| sub_x_70           | DW01_sub         | pparch (area,speed)                 |
===============================================================================

 
****************************************
Design : div_mydesign_7
****************************************

Resource Report for this hierarchy in file ../hdl/div.v
=============================================================================
| Cell           | Module         | Parameters | Contained Operations       |
=============================================================================
| sub_x_2        | DW01_sub       | width=40   | sub_57 (div.v:57)          |
| sub_x_4        | DW01_sub       | width=40   | sub_74 (div.v:74)          |
| sub_x_7        | DW01_sub       | width=40   | sub_91 (div.v:91)          |
| sub_x_10       | DW01_sub       | width=40   | sub_109 (div.v:109)        |
| sub_x_13       | DW01_sub       | width=40   | sub_127 (div.v:127)        |
| sub_x_16       | DW01_sub       | width=40   | sub_145 (div.v:145)        |
| sub_x_19       | DW01_sub       | width=25   | sub_164 (div.v:164)        |
| sub_x_22       | DW01_sub       | width=25   | sub_184 (div.v:184)        |
| sub_x_25       | DW01_sub       | width=25   | sub_204 (div.v:204)        |
| sub_x_28       | DW01_sub       | width=25   | sub_224 (div.v:224)        |
| sub_x_31       | DW01_sub       | width=25   | sub_244 (div.v:244)        |
| sub_x_34       | DW01_sub       | width=25   | sub_264 (div.v:264)        |
| sub_x_37       | DW01_sub       | width=25   | sub_284 (div.v:284)        |
| sub_x_40       | DW01_sub       | width=25   | sub_304 (div.v:304)        |
| sub_x_43       | DW01_sub       | width=25   | sub_324 (div.v:324)        |
| sub_x_46       | DW01_sub       | width=25   | sub_344 (div.v:344)        |
| sub_x_49       | DW01_sub       | width=25   | sub_364 (div.v:364)        |
| sub_x_52       | DW01_sub       | width=25   | sub_384 (div.v:384)        |
| sub_x_55       | DW01_sub       | width=25   | sub_404 (div.v:404)        |
| sub_x_58       | DW01_sub       | width=25   | sub_424 (div.v:424)        |
| sub_x_61       | DW01_sub       | width=25   | sub_444 (div.v:444)        |
| sub_x_64       | DW01_sub       | width=25   | sub_464 (div.v:464)        |
| sub_x_67       | DW01_sub       | width=25   | sub_484 (div.v:484)        |
| sub_x_70       | DW01_sub       | width=25   | sub_504 (div.v:504)        |
=============================================================================


Implementation Report
===============================================================================
|                    |                  | Current            | Set            |
| Cell               | Module           | Implementation     | Implementation |
===============================================================================
| sub_x_2            | DW01_sub         | pparch (area,speed)                 |
| sub_x_4            | DW01_sub         | pparch (area,speed)                 |
| sub_x_7            | DW01_sub         | pparch (area,speed)                 |
| sub_x_10           | DW01_sub         | pparch (area,speed)                 |
| sub_x_13           | DW01_sub         | pparch (area,speed)                 |
| sub_x_16           | DW01_sub         | pparch (area,speed)                 |
| sub_x_19           | DW01_sub         | pparch (area,speed)                 |
| sub_x_22           | DW01_sub         | pparch (area,speed)                 |
| sub_x_25           | DW01_sub         | pparch (area,speed)                 |
| sub_x_28           | DW01_sub         | pparch (area,speed)                 |
| sub_x_31           | DW01_sub         | pparch (area,speed)                 |
| sub_x_34           | DW01_sub         | pparch (area,speed)                 |
| sub_x_37           | DW01_sub         | pparch (area,speed)                 |
| sub_x_40           | DW01_sub         | pparch (area,speed)                 |
| sub_x_43           | DW01_sub         | pparch (area,speed)                 |
| sub_x_46           | DW01_sub         | pparch (area,speed)                 |
| sub_x_49           | DW01_sub         | pparch (area,speed)                 |
| sub_x_52           | DW01_sub         | pparch (area,speed)                 |
| sub_x_55           | DW01_sub         | pparch (area,speed)                 |
| sub_x_58           | DW01_sub         | pparch (area,speed)                 |
| sub_x_61           | DW01_sub         | pparch (area,speed)                 |
| sub_x_64           | DW01_sub         | pparch (area,speed)                 |
| sub_x_67           | DW01_sub         | pparch (area,speed)                 |
| sub_x_70           | DW01_sub         | pparch (area,speed)                 |
===============================================================================

1
