 
****************************************
Report : constraint
        -all_violators
Design : ViT_top
Version: R-2020.09-SP5
Date   : Tue Nov 25 01:27:54 2025
****************************************


   max_delay/setup ('clk' group)

                             Required        Actual
   Endpoint                 Path Delay     Path Delay        Slack
   -----------------------------------------------------------------
   div6/remainder_t_reg_20__13_/SE
                                3.27           3.41 f        -0.14  (VIOLATED)
   div6/remainder_t_reg_20__14_/SE
                                3.27           3.41 f        -0.14  (VIOLATED)
   div6/remainder_t_reg_20__15_/SE
                                3.27           3.41 f        -0.14  (VIOLATED)
   div6/remainder_t_reg_20__16_/SE
                                3.27           3.41 f        -0.14  (VIOLATED)
   div6/remainder_t_reg_20__17_/SE
                                3.27           3.41 f        -0.14  (VIOLATED)
   div6/remainder_t_reg_20__18_/SE
                                3.27           3.41 f        -0.14  (VIOLATED)
   div6/remainder_t_reg_20__19_/SE
                                3.27           3.41 f        -0.14  (VIOLATED)
   div6/remainder_t_reg_20__20_/SE
                                3.27           3.41 f        -0.14  (VIOLATED)
   div6/remainder_t_reg_20__21_/SE
                                3.27           3.41 f        -0.14  (VIOLATED)
   div6/remainder_t_reg_20__22_/SE
                                3.27           3.41 f        -0.14  (VIOLATED)
   div6/remainder_t_reg_20__23_/SE
                                3.27           3.41 f        -0.14  (VIOLATED)
   div6/remainder_t_reg_20__24_/SE
                                3.27           3.41 f        -0.14  (VIOLATED)
   div6/remainder_t_reg_20__25_/SE
                                3.27           3.41 f        -0.14  (VIOLATED)
   div6/remainder_t_reg_20__26_/SE
                                3.27           3.41 f        -0.14  (VIOLATED)
   div6/remainder_t_reg_20__27_/SE
                                3.27           3.41 f        -0.14  (VIOLATED)
   div6/remainder_t_reg_20__28_/SE
                                3.27           3.41 f        -0.14  (VIOLATED)
   div6/remainder_t_reg_20__29_/SE
                                3.27           3.41 f        -0.14  (VIOLATED)
   div6/remainder_t_reg_20__30_/SE
                                3.27           3.41 f        -0.14  (VIOLATED)
   div6/remainder_t_reg_20__31_/SE
                                3.27           3.41 f        -0.14  (VIOLATED)
   div6/remainder_t_reg_20__32_/SE
                                3.27           3.41 f        -0.14  (VIOLATED)
   div6/remainder_t_reg_20__33_/SE
                                3.27           3.41 f        -0.14  (VIOLATED)
   div6/remainder_t_reg_20__34_/SE
                                3.27           3.41 f        -0.14  (VIOLATED)
   div6/remainder_t_reg_20__35_/SE
                                3.27           3.41 f        -0.14  (VIOLATED)
   div6/remainder_t_reg_20__36_/SE
                                3.27           3.41 f        -0.14  (VIOLATED)
   div6/remainder_t_reg_20__37_/SE
                                3.27           3.41 f        -0.14  (VIOLATED)
   div6/remainder_t_reg_20__38_/SE
                                3.27           3.41 f        -0.14  (VIOLATED)
   div6/remainder_t_reg_20__1_/SE
                                3.27           3.41 f        -0.14  (VIOLATED)
   div6/remainder_t_reg_20__2_/SE
                                3.27           3.41 f        -0.14  (VIOLATED)
   div6/remainder_t_reg_20__3_/SE
                                3.27           3.41 f        -0.14  (VIOLATED)
   div6/remainder_t_reg_20__4_/SE
                                3.27           3.41 f        -0.14  (VIOLATED)
   div6/remainder_t_reg_20__5_/SE
                                3.27           3.41 f        -0.14  (VIOLATED)
   div6/remainder_t_reg_20__6_/SE
                                3.27           3.41 f        -0.14  (VIOLATED)
   div6/remainder_t_reg_20__7_/SE
                                3.27           3.41 f        -0.14  (VIOLATED)
   div6/remainder_t_reg_20__8_/SE
                                3.27           3.41 f        -0.14  (VIOLATED)
   div6/remainder_t_reg_20__9_/SE
                                3.27           3.41 f        -0.14  (VIOLATED)
   div6/remainder_t_reg_20__10_/SE
                                3.27           3.41 f        -0.14  (VIOLATED)
   div6/remainder_t_reg_20__11_/SE
                                3.27           3.41 f        -0.14  (VIOLATED)
   div6/remainder_t_reg_20__12_/SE
                                3.27           3.41 f        -0.14  (VIOLATED)
   token_mae_reg_17_/D          3.34           3.48 r        -0.14  (VIOLATED)
   sram_wdata_b1[9]             2.38           2.52 r        -0.14  (VIOLATED)
   sram_wdata_b1[19]            2.38           2.52 r        -0.14  (VIOLATED)
   sram_wdata_b1[29]            2.38           2.52 r        -0.14  (VIOLATED)
   sram_wdata_b1[39]            2.38           2.52 r        -0.14  (VIOLATED)
   sram_wdata_b1[49]            2.38           2.52 r        -0.14  (VIOLATED)
   sram_wdata_b1[59]            2.38           2.52 r        -0.14  (VIOLATED)
   sram_wdata_b1[69]            2.38           2.52 r        -0.14  (VIOLATED)
   sram_wdata_b1[79]            2.38           2.52 r        -0.14  (VIOLATED)
   div5/remainder_t_reg_8__13_/SE
                                3.27           3.41 f        -0.14  (VIOLATED)
   div5/remainder_t_reg_8__14_/SE
                                3.27           3.41 f        -0.14  (VIOLATED)
   div5/remainder_t_reg_8__15_/SE
                                3.27           3.41 f        -0.14  (VIOLATED)
   div5/remainder_t_reg_8__16_/SE
                                3.27           3.41 f        -0.14  (VIOLATED)
   div5/remainder_t_reg_8__17_/SE
                                3.27           3.41 f        -0.14  (VIOLATED)
   div5/remainder_t_reg_8__18_/SE
                                3.27           3.41 f        -0.14  (VIOLATED)
   div5/remainder_t_reg_8__19_/SE
                                3.27           3.41 f        -0.14  (VIOLATED)
   div5/remainder_t_reg_8__20_/SE
                                3.27           3.41 f        -0.14  (VIOLATED)
   div5/remainder_t_reg_8__21_/SE
                                3.27           3.41 f        -0.14  (VIOLATED)
   div5/remainder_t_reg_8__22_/SE
                                3.27           3.41 f        -0.14  (VIOLATED)
   div5/remainder_t_reg_8__23_/SE
                                3.27           3.41 f        -0.14  (VIOLATED)
   div5/remainder_t_reg_8__24_/SE
                                3.27           3.41 f        -0.14  (VIOLATED)
   div5/remainder_t_reg_8__25_/SE
                                3.27           3.41 f        -0.14  (VIOLATED)
   div5/remainder_t_reg_8__26_/SE
                                3.27           3.41 f        -0.14  (VIOLATED)
   div5/remainder_t_reg_8__27_/SE
                                3.27           3.41 f        -0.14  (VIOLATED)
   div5/remainder_t_reg_8__28_/SE
                                3.27           3.41 f        -0.14  (VIOLATED)
   div5/remainder_t_reg_8__29_/SE
                                3.27           3.41 f        -0.14  (VIOLATED)
   div5/remainder_t_reg_8__30_/SE
                                3.27           3.41 f        -0.14  (VIOLATED)
   div5/remainder_t_reg_8__31_/SE
                                3.27           3.41 f        -0.14  (VIOLATED)
   div5/remainder_t_reg_8__32_/SE
                                3.27           3.41 f        -0.14  (VIOLATED)
   div5/remainder_t_reg_8__33_/SE
                                3.27           3.41 f        -0.14  (VIOLATED)
   div5/remainder_t_reg_8__34_/SE
                                3.27           3.41 f        -0.14  (VIOLATED)
   div5/remainder_t_reg_8__35_/SE
                                3.27           3.41 f        -0.14  (VIOLATED)
   div5/remainder_t_reg_8__36_/SE
                                3.27           3.41 f        -0.14  (VIOLATED)
   div5/remainder_t_reg_8__37_/SE
                                3.27           3.41 f        -0.14  (VIOLATED)
   div5/remainder_t_reg_8__38_/SE
                                3.27           3.41 f        -0.14  (VIOLATED)
   sram_wdata_b2[9]             2.38           2.52 r        -0.14  (VIOLATED)
   sram_wdata_b2[19]            2.38           2.52 r        -0.14  (VIOLATED)
   sram_wdata_b2[29]            2.38           2.52 r        -0.14  (VIOLATED)
   sram_wdata_b2[39]            2.38           2.52 r        -0.14  (VIOLATED)
   sram_wdata_b2[49]            2.38           2.52 r        -0.14  (VIOLATED)
   sram_wdata_b2[59]            2.38           2.52 r        -0.14  (VIOLATED)
   sram_wdata_b2[69]            2.38           2.52 r        -0.14  (VIOLATED)
   sram_wdata_b2[79]            2.38           2.52 r        -0.14  (VIOLATED)
   sram_wdata_b1[8]             2.38           2.52 r        -0.14  (VIOLATED)
   sram_wdata_b1[18]            2.38           2.52 r        -0.14  (VIOLATED)
   sram_wdata_b1[28]            2.38           2.52 r        -0.14  (VIOLATED)
   sram_wdata_b1[38]            2.38           2.52 r        -0.14  (VIOLATED)
   sram_wdata_b1[48]            2.38           2.52 r        -0.14  (VIOLATED)
   sram_wdata_b1[58]            2.38           2.52 r        -0.14  (VIOLATED)
   sram_wdata_b1[68]            2.38           2.52 r        -0.14  (VIOLATED)
   sram_wdata_b1[78]            2.38           2.52 r        -0.14  (VIOLATED)
   div0/remainder_t_reg_12__13_/SE
                                3.27           3.41 f        -0.13  (VIOLATED)
   div0/remainder_t_reg_12__14_/SE
                                3.27           3.41 f        -0.13  (VIOLATED)
   div0/remainder_t_reg_12__15_/SE
                                3.27           3.41 f        -0.13  (VIOLATED)
   div0/remainder_t_reg_12__16_/SE
                                3.27           3.41 f        -0.13  (VIOLATED)
   div0/remainder_t_reg_12__17_/SE
                                3.27           3.41 f        -0.13  (VIOLATED)
   div0/remainder_t_reg_12__18_/SE
                                3.27           3.41 f        -0.13  (VIOLATED)
   div0/remainder_t_reg_12__19_/SE
                                3.27           3.41 f        -0.13  (VIOLATED)
   div0/remainder_t_reg_12__20_/SE
                                3.27           3.41 f        -0.13  (VIOLATED)
   div0/remainder_t_reg_12__21_/SE
                                3.27           3.41 f        -0.13  (VIOLATED)
   div0/remainder_t_reg_12__22_/SE
                                3.27           3.41 f        -0.13  (VIOLATED)
   div0/remainder_t_reg_12__23_/SE
                                3.27           3.41 f        -0.13  (VIOLATED)
   div0/remainder_t_reg_12__24_/SE
                                3.27           3.41 f        -0.13  (VIOLATED)
   div0/remainder_t_reg_12__25_/SE
                                3.27           3.41 f        -0.13  (VIOLATED)
   div0/remainder_t_reg_12__26_/SE
                                3.27           3.41 f        -0.13  (VIOLATED)
   div0/remainder_t_reg_12__27_/SE
                                3.27           3.41 f        -0.13  (VIOLATED)
   div0/remainder_t_reg_12__28_/SE
                                3.27           3.41 f        -0.13  (VIOLATED)
   div0/remainder_t_reg_12__29_/SE
                                3.27           3.41 f        -0.13  (VIOLATED)
   div0/remainder_t_reg_12__30_/SE
                                3.27           3.41 f        -0.13  (VIOLATED)
   div0/remainder_t_reg_12__31_/SE
                                3.27           3.41 f        -0.13  (VIOLATED)
   div0/remainder_t_reg_12__32_/SE
                                3.27           3.41 f        -0.13  (VIOLATED)
   div0/remainder_t_reg_12__33_/SE
                                3.27           3.41 f        -0.13  (VIOLATED)
   div0/remainder_t_reg_12__34_/SE
                                3.27           3.41 f        -0.13  (VIOLATED)
   div0/remainder_t_reg_12__35_/SE
                                3.27           3.41 f        -0.13  (VIOLATED)
   div0/remainder_t_reg_12__36_/SE
                                3.27           3.41 f        -0.13  (VIOLATED)
   div0/remainder_t_reg_12__37_/SE
                                3.27           3.41 f        -0.13  (VIOLATED)
   div0/remainder_t_reg_12__38_/SE
                                3.27           3.41 f        -0.13  (VIOLATED)
   div5/remainder_t_reg_8__1_/SE
                                3.27           3.41 f        -0.13  (VIOLATED)
   div5/remainder_t_reg_8__2_/SE
                                3.27           3.41 f        -0.13  (VIOLATED)
   div5/remainder_t_reg_8__3_/SE
                                3.27           3.41 f        -0.13  (VIOLATED)
   div5/remainder_t_reg_8__4_/SE
                                3.27           3.41 f        -0.13  (VIOLATED)
   div5/remainder_t_reg_8__5_/SE
                                3.27           3.41 f        -0.13  (VIOLATED)
   div5/remainder_t_reg_8__6_/SE
                                3.27           3.41 f        -0.13  (VIOLATED)
   div5/remainder_t_reg_8__7_/SE
                                3.27           3.41 f        -0.13  (VIOLATED)
   div5/remainder_t_reg_8__8_/SE
                                3.27           3.41 f        -0.13  (VIOLATED)
   div5/remainder_t_reg_8__9_/SE
                                3.27           3.41 f        -0.13  (VIOLATED)
   div5/remainder_t_reg_8__10_/SE
                                3.27           3.41 f        -0.13  (VIOLATED)
   div5/remainder_t_reg_8__11_/SE
                                3.27           3.41 f        -0.13  (VIOLATED)
   div5/remainder_t_reg_8__12_/SE
                                3.27           3.41 f        -0.13  (VIOLATED)
   sram_wdata_b2[8]             2.38           2.51 r        -0.13  (VIOLATED)
   sram_wdata_b2[18]            2.38           2.51 r        -0.13  (VIOLATED)
   sram_wdata_b2[28]            2.38           2.51 r        -0.13  (VIOLATED)
   sram_wdata_b2[38]            2.38           2.51 r        -0.13  (VIOLATED)
   sram_wdata_b2[48]            2.38           2.51 r        -0.13  (VIOLATED)
   sram_wdata_b2[58]            2.38           2.51 r        -0.13  (VIOLATED)
   sram_wdata_b2[68]            2.38           2.51 r        -0.13  (VIOLATED)
   sram_wdata_b2[78]            2.38           2.51 r        -0.13  (VIOLATED)
   div0/remainder_t_reg_12__1_/SE
                                3.27           3.41 f        -0.13  (VIOLATED)
   div0/remainder_t_reg_12__2_/SE
                                3.27           3.41 f        -0.13  (VIOLATED)
   div0/remainder_t_reg_12__3_/SE
                                3.27           3.41 f        -0.13  (VIOLATED)
   div0/remainder_t_reg_12__4_/SE
                                3.27           3.41 f        -0.13  (VIOLATED)
   div0/remainder_t_reg_12__5_/SE
                                3.27           3.41 f        -0.13  (VIOLATED)
   div0/remainder_t_reg_12__6_/SE
                                3.27           3.41 f        -0.13  (VIOLATED)
   div0/remainder_t_reg_12__7_/SE
                                3.27           3.41 f        -0.13  (VIOLATED)
   div0/remainder_t_reg_12__8_/SE
                                3.27           3.41 f        -0.13  (VIOLATED)
   div0/remainder_t_reg_12__9_/SE
                                3.27           3.41 f        -0.13  (VIOLATED)
   div0/remainder_t_reg_12__10_/SE
                                3.27           3.41 f        -0.13  (VIOLATED)
   div0/remainder_t_reg_12__11_/SE
                                3.27           3.41 f        -0.13  (VIOLATED)
   div0/remainder_t_reg_12__12_/SE
                                3.27           3.41 f        -0.13  (VIOLATED)
   div6/remainder_t_reg_20__0_/D
                                3.29           3.42 r        -0.13  (VIOLATED)
   bank2_proj_mul_n_reg_6__18_/D
                                3.34           3.47 r        -0.13  (VIOLATED)
   vproj_add_reg_1__21_/D       3.34           3.46 r        -0.13  (VIOLATED)
   div7/remainder_t_reg_12__13_/SE
                                3.27           3.40 f        -0.12  (VIOLATED)
   div7/remainder_t_reg_12__14_/SE
                                3.27           3.40 f        -0.12  (VIOLATED)
   div7/remainder_t_reg_12__15_/SE
                                3.27           3.40 f        -0.12  (VIOLATED)
   div7/remainder_t_reg_12__16_/SE
                                3.27           3.40 f        -0.12  (VIOLATED)
   div7/remainder_t_reg_12__17_/SE
                                3.27           3.40 f        -0.12  (VIOLATED)
   div7/remainder_t_reg_12__18_/SE
                                3.27           3.40 f        -0.12  (VIOLATED)
   div7/remainder_t_reg_12__19_/SE
                                3.27           3.40 f        -0.12  (VIOLATED)
   div7/remainder_t_reg_12__20_/SE
                                3.27           3.40 f        -0.12  (VIOLATED)
   div7/remainder_t_reg_12__21_/SE
                                3.27           3.40 f        -0.12  (VIOLATED)
   div7/remainder_t_reg_12__22_/SE
                                3.27           3.40 f        -0.12  (VIOLATED)
   div7/remainder_t_reg_12__23_/SE
                                3.27           3.40 f        -0.12  (VIOLATED)
   div7/remainder_t_reg_12__24_/SE
                                3.27           3.40 f        -0.12  (VIOLATED)
   div7/remainder_t_reg_12__25_/SE
                                3.27           3.40 f        -0.12  (VIOLATED)
   div7/remainder_t_reg_12__26_/SE
                                3.27           3.40 f        -0.12  (VIOLATED)
   div7/remainder_t_reg_12__27_/SE
                                3.27           3.40 f        -0.12  (VIOLATED)
   div7/remainder_t_reg_12__28_/SE
                                3.27           3.40 f        -0.12  (VIOLATED)
   div7/remainder_t_reg_12__29_/SE
                                3.27           3.40 f        -0.12  (VIOLATED)
   div7/remainder_t_reg_12__30_/SE
                                3.27           3.40 f        -0.12  (VIOLATED)
   div7/remainder_t_reg_12__31_/SE
                                3.27           3.40 f        -0.12  (VIOLATED)
   div7/remainder_t_reg_12__32_/SE
                                3.27           3.40 f        -0.12  (VIOLATED)
   div7/remainder_t_reg_12__33_/SE
                                3.27           3.40 f        -0.12  (VIOLATED)
   div7/remainder_t_reg_12__34_/SE
                                3.27           3.40 f        -0.12  (VIOLATED)
   div7/remainder_t_reg_12__35_/SE
                                3.27           3.40 f        -0.12  (VIOLATED)
   div7/remainder_t_reg_12__36_/SE
                                3.27           3.40 f        -0.12  (VIOLATED)
   div7/remainder_t_reg_12__37_/SE
                                3.27           3.40 f        -0.12  (VIOLATED)
   div7/remainder_t_reg_12__38_/SE
                                3.27           3.40 f        -0.12  (VIOLATED)
   bank2_proj_mul_n_reg_5__19_/D
                                3.33           3.46 r        -0.12  (VIOLATED)
   token_x_nor_result_reg_7__19_/D
                                3.34           3.47 r        -0.12  (VIOLATED)
   bank0_proj_mul_n_reg_6__18_/D
                                3.34           3.47 r        -0.12  (VIOLATED)
   bank0_proj_mul_n_reg_3__19_/D
                                3.34           3.46 r        -0.12  (VIOLATED)
   token_mae_reg_16_/D          3.34           3.46 r        -0.12  (VIOLATED)
   div5/remainder_t_reg_12__13_/SE
                                3.27           3.40 f        -0.12  (VIOLATED)
   div5/remainder_t_reg_12__14_/SE
                                3.27           3.40 f        -0.12  (VIOLATED)
   div5/remainder_t_reg_12__15_/SE
                                3.27           3.40 f        -0.12  (VIOLATED)
   div5/remainder_t_reg_12__16_/SE
                                3.27           3.40 f        -0.12  (VIOLATED)
   div5/remainder_t_reg_12__17_/SE
                                3.27           3.40 f        -0.12  (VIOLATED)
   div5/remainder_t_reg_12__18_/SE
                                3.27           3.40 f        -0.12  (VIOLATED)
   div5/remainder_t_reg_12__19_/SE
                                3.27           3.40 f        -0.12  (VIOLATED)
   div5/remainder_t_reg_12__20_/SE
                                3.27           3.40 f        -0.12  (VIOLATED)
   div5/remainder_t_reg_12__21_/SE
                                3.27           3.40 f        -0.12  (VIOLATED)
   div5/remainder_t_reg_12__22_/SE
                                3.27           3.40 f        -0.12  (VIOLATED)
   div5/remainder_t_reg_12__23_/SE
                                3.27           3.40 f        -0.12  (VIOLATED)
   div5/remainder_t_reg_12__24_/SE
                                3.27           3.40 f        -0.12  (VIOLATED)
   div5/remainder_t_reg_12__25_/SE
                                3.27           3.40 f        -0.12  (VIOLATED)
   div5/remainder_t_reg_12__26_/SE
                                3.27           3.40 f        -0.12  (VIOLATED)
   div5/remainder_t_reg_12__27_/SE
                                3.27           3.40 f        -0.12  (VIOLATED)
   div5/remainder_t_reg_12__28_/SE
                                3.27           3.40 f        -0.12  (VIOLATED)
   div5/remainder_t_reg_12__29_/SE
                                3.27           3.40 f        -0.12  (VIOLATED)
   div5/remainder_t_reg_12__30_/SE
                                3.27           3.40 f        -0.12  (VIOLATED)
   div5/remainder_t_reg_12__31_/SE
                                3.27           3.40 f        -0.12  (VIOLATED)
   div5/remainder_t_reg_12__32_/SE
                                3.27           3.40 f        -0.12  (VIOLATED)
   div5/remainder_t_reg_12__33_/SE
                                3.27           3.40 f        -0.12  (VIOLATED)
   div5/remainder_t_reg_12__34_/SE
                                3.27           3.40 f        -0.12  (VIOLATED)
   div5/remainder_t_reg_12__35_/SE
                                3.27           3.40 f        -0.12  (VIOLATED)
   div5/remainder_t_reg_12__36_/SE
                                3.27           3.40 f        -0.12  (VIOLATED)
   div5/remainder_t_reg_12__37_/SE
                                3.27           3.40 f        -0.12  (VIOLATED)
   div5/remainder_t_reg_12__38_/SE
                                3.27           3.40 f        -0.12  (VIOLATED)
   bank3_proj_mul_n_reg_1__19_/D
                                3.34           3.46 r        -0.12  (VIOLATED)
   div6/remainder_t_reg_12__13_/SE
                                3.28           3.40 f        -0.12  (VIOLATED)
   div6/remainder_t_reg_12__14_/SE
                                3.28           3.40 f        -0.12  (VIOLATED)
   div6/remainder_t_reg_12__15_/SE
                                3.28           3.40 f        -0.12  (VIOLATED)
   div6/remainder_t_reg_12__16_/SE
                                3.28           3.40 f        -0.12  (VIOLATED)
   div6/remainder_t_reg_12__17_/SE
                                3.28           3.40 f        -0.12  (VIOLATED)
   div6/remainder_t_reg_12__18_/SE
                                3.28           3.40 f        -0.12  (VIOLATED)
   div6/remainder_t_reg_12__19_/SE
                                3.28           3.40 f        -0.12  (VIOLATED)
   div6/remainder_t_reg_12__20_/SE
                                3.28           3.40 f        -0.12  (VIOLATED)
   div6/remainder_t_reg_12__21_/SE
                                3.28           3.40 f        -0.12  (VIOLATED)
   div6/remainder_t_reg_12__22_/SE
                                3.28           3.40 f        -0.12  (VIOLATED)
   div6/remainder_t_reg_12__23_/SE
                                3.28           3.40 f        -0.12  (VIOLATED)
   div6/remainder_t_reg_12__24_/SE
                                3.28           3.40 f        -0.12  (VIOLATED)
   div6/remainder_t_reg_12__25_/SE
                                3.28           3.40 f        -0.12  (VIOLATED)
   div6/remainder_t_reg_12__26_/SE
                                3.28           3.40 f        -0.12  (VIOLATED)
   div6/remainder_t_reg_12__27_/SE
                                3.28           3.40 f        -0.12  (VIOLATED)
   div6/remainder_t_reg_12__28_/SE
                                3.28           3.40 f        -0.12  (VIOLATED)
   div6/remainder_t_reg_12__29_/SE
                                3.28           3.40 f        -0.12  (VIOLATED)
   div6/remainder_t_reg_12__30_/SE
                                3.28           3.40 f        -0.12  (VIOLATED)
   div6/remainder_t_reg_12__31_/SE
                                3.28           3.40 f        -0.12  (VIOLATED)
   div6/remainder_t_reg_12__32_/SE
                                3.28           3.40 f        -0.12  (VIOLATED)
   div6/remainder_t_reg_12__33_/SE
                                3.28           3.40 f        -0.12  (VIOLATED)
   div6/remainder_t_reg_12__34_/SE
                                3.28           3.40 f        -0.12  (VIOLATED)
   div6/remainder_t_reg_12__35_/SE
                                3.28           3.40 f        -0.12  (VIOLATED)
   div6/remainder_t_reg_12__36_/SE
                                3.28           3.40 f        -0.12  (VIOLATED)
   div6/remainder_t_reg_12__37_/SE
                                3.28           3.40 f        -0.12  (VIOLATED)
   div6/remainder_t_reg_12__38_/SE
                                3.28           3.40 f        -0.12  (VIOLATED)
   bank3_proj_mul_n_reg_5__19_/D
                                3.33           3.45 r        -0.12  (VIOLATED)
   div7/remainder_t_reg_16__13_/SE
                                3.28           3.40 f        -0.12  (VIOLATED)
   div7/remainder_t_reg_16__14_/SE
                                3.28           3.40 f        -0.12  (VIOLATED)
   div7/remainder_t_reg_16__15_/SE
                                3.28           3.40 f        -0.12  (VIOLATED)
   div7/remainder_t_reg_16__16_/SE
                                3.28           3.40 f        -0.12  (VIOLATED)
   div7/remainder_t_reg_16__17_/SE
                                3.28           3.40 f        -0.12  (VIOLATED)
   div7/remainder_t_reg_16__18_/SE
                                3.28           3.40 f        -0.12  (VIOLATED)
   div7/remainder_t_reg_16__19_/SE
                                3.28           3.40 f        -0.12  (VIOLATED)
   div7/remainder_t_reg_16__20_/SE
                                3.28           3.40 f        -0.12  (VIOLATED)
   div7/remainder_t_reg_16__21_/SE
                                3.28           3.40 f        -0.12  (VIOLATED)
   div7/remainder_t_reg_16__22_/SE
                                3.28           3.40 f        -0.12  (VIOLATED)
   div7/remainder_t_reg_16__23_/SE
                                3.28           3.40 f        -0.12  (VIOLATED)
   div7/remainder_t_reg_16__24_/SE
                                3.28           3.40 f        -0.12  (VIOLATED)
   div7/remainder_t_reg_16__25_/SE
                                3.28           3.40 f        -0.12  (VIOLATED)
   div7/remainder_t_reg_16__26_/SE
                                3.28           3.40 f        -0.12  (VIOLATED)
   div7/remainder_t_reg_16__27_/SE
                                3.28           3.40 f        -0.12  (VIOLATED)
   div7/remainder_t_reg_16__28_/SE
                                3.28           3.40 f        -0.12  (VIOLATED)
   div7/remainder_t_reg_16__29_/SE
                                3.28           3.40 f        -0.12  (VIOLATED)
   div7/remainder_t_reg_16__30_/SE
                                3.28           3.40 f        -0.12  (VIOLATED)
   div7/remainder_t_reg_16__31_/SE
                                3.28           3.40 f        -0.12  (VIOLATED)
   div7/remainder_t_reg_16__32_/SE
                                3.28           3.40 f        -0.12  (VIOLATED)
   div7/remainder_t_reg_16__33_/SE
                                3.28           3.40 f        -0.12  (VIOLATED)
   div7/remainder_t_reg_16__34_/SE
                                3.28           3.40 f        -0.12  (VIOLATED)
   div7/remainder_t_reg_16__35_/SE
                                3.28           3.40 f        -0.12  (VIOLATED)
   div7/remainder_t_reg_16__36_/SE
                                3.28           3.40 f        -0.12  (VIOLATED)
   div7/remainder_t_reg_16__37_/SE
                                3.28           3.40 f        -0.12  (VIOLATED)
   div7/remainder_t_reg_16__38_/SE
                                3.28           3.40 f        -0.12  (VIOLATED)
   bank0_proj_mul_n_reg_2__18_/D
                                3.34           3.47 r        -0.12  (VIOLATED)
   bank1_proj_reg_reg_19_/D     3.34           3.47 r        -0.12  (VIOLATED)
   qk_result_head_reg_2__23_/D
                                3.34           3.47 r        -0.12  (VIOLATED)
   div2/remainder_t_reg_12__13_/SE
                                3.27           3.40 f        -0.12  (VIOLATED)
   div2/remainder_t_reg_12__14_/SE
                                3.27           3.40 f        -0.12  (VIOLATED)
   div2/remainder_t_reg_12__15_/SE
                                3.27           3.40 f        -0.12  (VIOLATED)
   div2/remainder_t_reg_12__16_/SE
                                3.27           3.40 f        -0.12  (VIOLATED)
   div2/remainder_t_reg_12__17_/SE
                                3.27           3.40 f        -0.12  (VIOLATED)
   div2/remainder_t_reg_12__18_/SE
                                3.27           3.40 f        -0.12  (VIOLATED)
   div2/remainder_t_reg_12__19_/SE
                                3.27           3.40 f        -0.12  (VIOLATED)
   div2/remainder_t_reg_12__20_/SE
                                3.27           3.40 f        -0.12  (VIOLATED)
   div2/remainder_t_reg_12__21_/SE
                                3.27           3.40 f        -0.12  (VIOLATED)
   div2/remainder_t_reg_12__22_/SE
                                3.27           3.40 f        -0.12  (VIOLATED)
   div2/remainder_t_reg_12__23_/SE
                                3.27           3.40 f        -0.12  (VIOLATED)
   div2/remainder_t_reg_12__24_/SE
                                3.27           3.40 f        -0.12  (VIOLATED)
   div2/remainder_t_reg_12__25_/SE
                                3.27           3.40 f        -0.12  (VIOLATED)
   div2/remainder_t_reg_12__26_/SE
                                3.27           3.40 f        -0.12  (VIOLATED)
   div2/remainder_t_reg_12__27_/SE
                                3.27           3.40 f        -0.12  (VIOLATED)
   div2/remainder_t_reg_12__28_/SE
                                3.27           3.40 f        -0.12  (VIOLATED)
   div2/remainder_t_reg_12__29_/SE
                                3.27           3.40 f        -0.12  (VIOLATED)
   div2/remainder_t_reg_12__30_/SE
                                3.27           3.40 f        -0.12  (VIOLATED)
   div2/remainder_t_reg_12__31_/SE
                                3.27           3.40 f        -0.12  (VIOLATED)
   div2/remainder_t_reg_12__32_/SE
                                3.27           3.40 f        -0.12  (VIOLATED)
   div2/remainder_t_reg_12__33_/SE
                                3.27           3.40 f        -0.12  (VIOLATED)
   div2/remainder_t_reg_12__34_/SE
                                3.27           3.40 f        -0.12  (VIOLATED)
   div2/remainder_t_reg_12__35_/SE
                                3.27           3.40 f        -0.12  (VIOLATED)
   div2/remainder_t_reg_12__36_/SE
                                3.27           3.40 f        -0.12  (VIOLATED)
   div2/remainder_t_reg_12__37_/SE
                                3.27           3.40 f        -0.12  (VIOLATED)
   div2/remainder_t_reg_12__38_/SE
                                3.27           3.40 f        -0.12  (VIOLATED)
   bank3_proj_mul_n_reg_3__19_/D
                                3.34           3.46 r        -0.12  (VIOLATED)
   div3/remainder_t_reg_16__13_/SE
                                3.27           3.40 f        -0.12  (VIOLATED)
   div3/remainder_t_reg_16__14_/SE
                                3.27           3.40 f        -0.12  (VIOLATED)
   div3/remainder_t_reg_16__15_/SE
                                3.27           3.40 f        -0.12  (VIOLATED)
   div3/remainder_t_reg_16__16_/SE
                                3.27           3.40 f        -0.12  (VIOLATED)
   div3/remainder_t_reg_16__17_/SE
                                3.27           3.40 f        -0.12  (VIOLATED)
   div3/remainder_t_reg_16__18_/SE
                                3.27           3.40 f        -0.12  (VIOLATED)
   div3/remainder_t_reg_16__19_/SE
                                3.27           3.40 f        -0.12  (VIOLATED)
   div3/remainder_t_reg_16__20_/SE
                                3.27           3.40 f        -0.12  (VIOLATED)
   div3/remainder_t_reg_16__21_/SE
                                3.27           3.40 f        -0.12  (VIOLATED)
   div3/remainder_t_reg_16__22_/SE
                                3.27           3.40 f        -0.12  (VIOLATED)
   div3/remainder_t_reg_16__23_/SE
                                3.27           3.40 f        -0.12  (VIOLATED)
   div3/remainder_t_reg_16__24_/SE
                                3.27           3.40 f        -0.12  (VIOLATED)
   div3/remainder_t_reg_16__25_/SE
                                3.27           3.40 f        -0.12  (VIOLATED)
   div3/remainder_t_reg_16__26_/SE
                                3.27           3.40 f        -0.12  (VIOLATED)
   div3/remainder_t_reg_16__27_/SE
                                3.27           3.40 f        -0.12  (VIOLATED)
   div3/remainder_t_reg_16__28_/SE
                                3.27           3.40 f        -0.12  (VIOLATED)
   div3/remainder_t_reg_16__29_/SE
                                3.27           3.40 f        -0.12  (VIOLATED)
   div3/remainder_t_reg_16__30_/SE
                                3.27           3.40 f        -0.12  (VIOLATED)
   div3/remainder_t_reg_16__31_/SE
                                3.27           3.40 f        -0.12  (VIOLATED)
   div3/remainder_t_reg_16__32_/SE
                                3.27           3.40 f        -0.12  (VIOLATED)
   div3/remainder_t_reg_16__33_/SE
                                3.27           3.40 f        -0.12  (VIOLATED)
   div3/remainder_t_reg_16__34_/SE
                                3.27           3.40 f        -0.12  (VIOLATED)
   div3/remainder_t_reg_16__35_/SE
                                3.27           3.40 f        -0.12  (VIOLATED)
   div3/remainder_t_reg_16__36_/SE
                                3.27           3.40 f        -0.12  (VIOLATED)
   div3/remainder_t_reg_16__37_/SE
                                3.27           3.40 f        -0.12  (VIOLATED)
   div3/remainder_t_reg_16__38_/SE
                                3.27           3.40 f        -0.12  (VIOLATED)
   bank3_proj_mul_n_reg_1__18_/D
                                3.34           3.46 r        -0.12  (VIOLATED)
   bank1_proj_mul_n_reg_6__19_/D
                                3.33           3.45 r        -0.12  (VIOLATED)
   div5/remainder_t_reg_16__13_/SE
                                3.28           3.40 f        -0.12  (VIOLATED)
   div5/remainder_t_reg_16__14_/SE
                                3.28           3.40 f        -0.12  (VIOLATED)
   div5/remainder_t_reg_16__15_/SE
                                3.28           3.40 f        -0.12  (VIOLATED)
   div5/remainder_t_reg_16__16_/SE
                                3.28           3.40 f        -0.12  (VIOLATED)
   div5/remainder_t_reg_16__17_/SE
                                3.28           3.40 f        -0.12  (VIOLATED)
   div5/remainder_t_reg_16__18_/SE
                                3.28           3.40 f        -0.12  (VIOLATED)
   div5/remainder_t_reg_16__19_/SE
                                3.28           3.40 f        -0.12  (VIOLATED)
   div5/remainder_t_reg_16__20_/SE
                                3.28           3.40 f        -0.12  (VIOLATED)
   div5/remainder_t_reg_16__21_/SE
                                3.28           3.40 f        -0.12  (VIOLATED)
   div5/remainder_t_reg_16__22_/SE
                                3.28           3.40 f        -0.12  (VIOLATED)
   div5/remainder_t_reg_16__23_/SE
                                3.28           3.40 f        -0.12  (VIOLATED)
   div5/remainder_t_reg_16__24_/SE
                                3.28           3.40 f        -0.12  (VIOLATED)
   div5/remainder_t_reg_16__25_/SE
                                3.28           3.40 f        -0.12  (VIOLATED)
   div5/remainder_t_reg_16__26_/SE
                                3.28           3.40 f        -0.12  (VIOLATED)
   div5/remainder_t_reg_16__27_/SE
                                3.28           3.40 f        -0.12  (VIOLATED)
   div5/remainder_t_reg_16__28_/SE
                                3.28           3.40 f        -0.12  (VIOLATED)
   div5/remainder_t_reg_16__29_/SE
                                3.28           3.40 f        -0.12  (VIOLATED)
   div5/remainder_t_reg_16__30_/SE
                                3.28           3.40 f        -0.12  (VIOLATED)
   div5/remainder_t_reg_16__31_/SE
                                3.28           3.40 f        -0.12  (VIOLATED)
   div5/remainder_t_reg_16__32_/SE
                                3.28           3.40 f        -0.12  (VIOLATED)
   div5/remainder_t_reg_16__33_/SE
                                3.28           3.40 f        -0.12  (VIOLATED)
   div5/remainder_t_reg_16__34_/SE
                                3.28           3.40 f        -0.12  (VIOLATED)
   div5/remainder_t_reg_16__35_/SE
                                3.28           3.40 f        -0.12  (VIOLATED)
   div5/remainder_t_reg_16__36_/SE
                                3.28           3.40 f        -0.12  (VIOLATED)
   div5/remainder_t_reg_16__37_/SE
                                3.28           3.40 f        -0.12  (VIOLATED)
   div5/remainder_t_reg_16__38_/SE
                                3.28           3.40 f        -0.12  (VIOLATED)
   div7/remainder_t_reg_12__1_/SE
                                3.27           3.40 f        -0.12  (VIOLATED)
   div7/remainder_t_reg_12__2_/SE
                                3.27           3.40 f        -0.12  (VIOLATED)
   div7/remainder_t_reg_12__3_/SE
                                3.27           3.40 f        -0.12  (VIOLATED)
   div7/remainder_t_reg_12__4_/SE
                                3.27           3.40 f        -0.12  (VIOLATED)
   div7/remainder_t_reg_12__5_/SE
                                3.27           3.40 f        -0.12  (VIOLATED)
   div7/remainder_t_reg_12__6_/SE
                                3.27           3.40 f        -0.12  (VIOLATED)
   div7/remainder_t_reg_12__7_/SE
                                3.27           3.40 f        -0.12  (VIOLATED)
   div7/remainder_t_reg_12__8_/SE
                                3.27           3.40 f        -0.12  (VIOLATED)
   div7/remainder_t_reg_12__9_/SE
                                3.27           3.40 f        -0.12  (VIOLATED)
   div7/remainder_t_reg_12__10_/SE
                                3.27           3.40 f        -0.12  (VIOLATED)
   div7/remainder_t_reg_12__11_/SE
                                3.27           3.40 f        -0.12  (VIOLATED)
   div7/remainder_t_reg_12__12_/SE
                                3.27           3.40 f        -0.12  (VIOLATED)
   bank2_proj_mul_n_reg_1__18_/D
                                3.34           3.46 r        -0.12  (VIOLATED)
   bank3_proj_mul_n_reg_4__18_/D
                                3.34           3.46 r        -0.12  (VIOLATED)
   div4/remainder_t_reg_16__13_/SE
                                3.27           3.40 f        -0.12  (VIOLATED)
   div4/remainder_t_reg_16__14_/SE
                                3.27           3.40 f        -0.12  (VIOLATED)
   div4/remainder_t_reg_16__15_/SE
                                3.27           3.40 f        -0.12  (VIOLATED)
   div4/remainder_t_reg_16__16_/SE
                                3.27           3.40 f        -0.12  (VIOLATED)
   div4/remainder_t_reg_16__17_/SE
                                3.27           3.40 f        -0.12  (VIOLATED)
   div4/remainder_t_reg_16__18_/SE
                                3.27           3.40 f        -0.12  (VIOLATED)
   div4/remainder_t_reg_16__19_/SE
                                3.27           3.40 f        -0.12  (VIOLATED)
   div4/remainder_t_reg_16__20_/SE
                                3.27           3.40 f        -0.12  (VIOLATED)
   div4/remainder_t_reg_16__21_/SE
                                3.27           3.40 f        -0.12  (VIOLATED)
   div4/remainder_t_reg_16__22_/SE
                                3.27           3.40 f        -0.12  (VIOLATED)
   div4/remainder_t_reg_16__23_/SE
                                3.27           3.40 f        -0.12  (VIOLATED)
   div4/remainder_t_reg_16__24_/SE
                                3.27           3.40 f        -0.12  (VIOLATED)
   div4/remainder_t_reg_16__25_/SE
                                3.27           3.40 f        -0.12  (VIOLATED)
   div4/remainder_t_reg_16__26_/SE
                                3.27           3.40 f        -0.12  (VIOLATED)
   div4/remainder_t_reg_16__27_/SE
                                3.27           3.40 f        -0.12  (VIOLATED)
   div4/remainder_t_reg_16__28_/SE
                                3.27           3.40 f        -0.12  (VIOLATED)
   div4/remainder_t_reg_16__29_/SE
                                3.27           3.40 f        -0.12  (VIOLATED)
   div4/remainder_t_reg_16__30_/SE
                                3.27           3.40 f        -0.12  (VIOLATED)
   div4/remainder_t_reg_16__31_/SE
                                3.27           3.40 f        -0.12  (VIOLATED)
   div4/remainder_t_reg_16__32_/SE
                                3.27           3.40 f        -0.12  (VIOLATED)
   div4/remainder_t_reg_16__33_/SE
                                3.27           3.40 f        -0.12  (VIOLATED)
   div4/remainder_t_reg_16__34_/SE
                                3.27           3.40 f        -0.12  (VIOLATED)
   div4/remainder_t_reg_16__35_/SE
                                3.27           3.40 f        -0.12  (VIOLATED)
   div4/remainder_t_reg_16__36_/SE
                                3.27           3.40 f        -0.12  (VIOLATED)
   div4/remainder_t_reg_16__37_/SE
                                3.27           3.40 f        -0.12  (VIOLATED)
   div4/remainder_t_reg_16__38_/SE
                                3.27           3.40 f        -0.12  (VIOLATED)
   div6/remainder_t_reg_12__1_/SE
                                3.28           3.40 f        -0.12  (VIOLATED)
   div6/remainder_t_reg_12__2_/SE
                                3.28           3.40 f        -0.12  (VIOLATED)
   div6/remainder_t_reg_12__3_/SE
                                3.28           3.40 f        -0.12  (VIOLATED)
   div6/remainder_t_reg_12__4_/SE
                                3.28           3.40 f        -0.12  (VIOLATED)
   div6/remainder_t_reg_12__5_/SE
                                3.28           3.40 f        -0.12  (VIOLATED)
   div6/remainder_t_reg_12__6_/SE
                                3.28           3.40 f        -0.12  (VIOLATED)
   div6/remainder_t_reg_12__7_/SE
                                3.28           3.40 f        -0.12  (VIOLATED)
   div6/remainder_t_reg_12__8_/SE
                                3.28           3.40 f        -0.12  (VIOLATED)
   div6/remainder_t_reg_12__9_/SE
                                3.28           3.40 f        -0.12  (VIOLATED)
   div6/remainder_t_reg_12__10_/SE
                                3.28           3.40 f        -0.12  (VIOLATED)
   div6/remainder_t_reg_12__11_/SE
                                3.28           3.40 f        -0.12  (VIOLATED)
   div6/remainder_t_reg_12__12_/SE
                                3.28           3.40 f        -0.12  (VIOLATED)
   div7/remainder_t_reg_16__1_/SE
                                3.28           3.40 f        -0.12  (VIOLATED)
   div7/remainder_t_reg_16__2_/SE
                                3.28           3.40 f        -0.12  (VIOLATED)
   div7/remainder_t_reg_16__3_/SE
                                3.28           3.40 f        -0.12  (VIOLATED)
   div7/remainder_t_reg_16__4_/SE
                                3.28           3.40 f        -0.12  (VIOLATED)
   div7/remainder_t_reg_16__5_/SE
                                3.28           3.40 f        -0.12  (VIOLATED)
   div7/remainder_t_reg_16__6_/SE
                                3.28           3.40 f        -0.12  (VIOLATED)
   div7/remainder_t_reg_16__7_/SE
                                3.28           3.40 f        -0.12  (VIOLATED)
   div7/remainder_t_reg_16__8_/SE
                                3.28           3.40 f        -0.12  (VIOLATED)
   div7/remainder_t_reg_16__9_/SE
                                3.28           3.40 f        -0.12  (VIOLATED)
   div7/remainder_t_reg_16__10_/SE
                                3.28           3.40 f        -0.12  (VIOLATED)
   div7/remainder_t_reg_16__11_/SE
                                3.28           3.40 f        -0.12  (VIOLATED)
   div7/remainder_t_reg_16__12_/SE
                                3.28           3.40 f        -0.12  (VIOLATED)
   bank1_proj_mul_n_reg_2__18_/D
                                3.34           3.46 r        -0.12  (VIOLATED)
   div5/remainder_t_reg_12__1_/SE
                                3.27           3.40 f        -0.12  (VIOLATED)
   div5/remainder_t_reg_12__2_/SE
                                3.27           3.40 f        -0.12  (VIOLATED)
   div5/remainder_t_reg_12__3_/SE
                                3.27           3.40 f        -0.12  (VIOLATED)
   div5/remainder_t_reg_12__4_/SE
                                3.27           3.40 f        -0.12  (VIOLATED)
   div5/remainder_t_reg_12__5_/SE
                                3.27           3.40 f        -0.12  (VIOLATED)
   div5/remainder_t_reg_12__6_/SE
                                3.27           3.40 f        -0.12  (VIOLATED)
   div5/remainder_t_reg_12__7_/SE
                                3.27           3.40 f        -0.12  (VIOLATED)
   div5/remainder_t_reg_12__8_/SE
                                3.27           3.40 f        -0.12  (VIOLATED)
   div5/remainder_t_reg_12__9_/SE
                                3.27           3.40 f        -0.12  (VIOLATED)
   div5/remainder_t_reg_12__10_/SE
                                3.27           3.40 f        -0.12  (VIOLATED)
   div5/remainder_t_reg_12__11_/SE
                                3.27           3.40 f        -0.12  (VIOLATED)
   div5/remainder_t_reg_12__12_/SE
                                3.27           3.40 f        -0.12  (VIOLATED)
   div3/remainder_t_reg_12__13_/SE
                                3.27           3.40 f        -0.12  (VIOLATED)
   div3/remainder_t_reg_12__14_/SE
                                3.27           3.40 f        -0.12  (VIOLATED)
   div3/remainder_t_reg_12__15_/SE
                                3.27           3.40 f        -0.12  (VIOLATED)
   div3/remainder_t_reg_12__16_/SE
                                3.27           3.40 f        -0.12  (VIOLATED)
   div3/remainder_t_reg_12__17_/SE
                                3.27           3.40 f        -0.12  (VIOLATED)
   div3/remainder_t_reg_12__18_/SE
                                3.27           3.40 f        -0.12  (VIOLATED)
   div3/remainder_t_reg_12__19_/SE
                                3.27           3.40 f        -0.12  (VIOLATED)
   div3/remainder_t_reg_12__20_/SE
                                3.27           3.40 f        -0.12  (VIOLATED)
   div3/remainder_t_reg_12__21_/SE
                                3.27           3.40 f        -0.12  (VIOLATED)
   div3/remainder_t_reg_12__22_/SE
                                3.27           3.40 f        -0.12  (VIOLATED)
   div3/remainder_t_reg_12__23_/SE
                                3.27           3.40 f        -0.12  (VIOLATED)
   div3/remainder_t_reg_12__24_/SE
                                3.27           3.40 f        -0.12  (VIOLATED)
   div3/remainder_t_reg_12__25_/SE
                                3.27           3.40 f        -0.12  (VIOLATED)
   div3/remainder_t_reg_12__26_/SE
                                3.27           3.40 f        -0.12  (VIOLATED)
   div3/remainder_t_reg_12__27_/SE
                                3.27           3.40 f        -0.12  (VIOLATED)
   div3/remainder_t_reg_12__28_/SE
                                3.27           3.40 f        -0.12  (VIOLATED)
   div3/remainder_t_reg_12__29_/SE
                                3.27           3.40 f        -0.12  (VIOLATED)
   div3/remainder_t_reg_12__30_/SE
                                3.27           3.40 f        -0.12  (VIOLATED)
   div3/remainder_t_reg_12__31_/SE
                                3.27           3.40 f        -0.12  (VIOLATED)
   div3/remainder_t_reg_12__32_/SE
                                3.27           3.40 f        -0.12  (VIOLATED)
   div3/remainder_t_reg_12__33_/SE
                                3.27           3.40 f        -0.12  (VIOLATED)
   div3/remainder_t_reg_12__34_/SE
                                3.27           3.40 f        -0.12  (VIOLATED)
   div3/remainder_t_reg_12__35_/SE
                                3.27           3.40 f        -0.12  (VIOLATED)
   div3/remainder_t_reg_12__36_/SE
                                3.27           3.40 f        -0.12  (VIOLATED)
   div3/remainder_t_reg_12__37_/SE
                                3.27           3.40 f        -0.12  (VIOLATED)
   div3/remainder_t_reg_12__38_/SE
                                3.27           3.40 f        -0.12  (VIOLATED)
   div4/remainder_t_reg_12__13_/SE
                                3.27           3.40 f        -0.12  (VIOLATED)
   div4/remainder_t_reg_12__14_/SE
                                3.27           3.40 f        -0.12  (VIOLATED)
   div4/remainder_t_reg_12__15_/SE
                                3.27           3.40 f        -0.12  (VIOLATED)
   div4/remainder_t_reg_12__16_/SE
                                3.27           3.40 f        -0.12  (VIOLATED)
   div4/remainder_t_reg_12__17_/SE
                                3.27           3.40 f        -0.12  (VIOLATED)
   div4/remainder_t_reg_12__18_/SE
                                3.27           3.40 f        -0.12  (VIOLATED)
   div4/remainder_t_reg_12__19_/SE
                                3.27           3.40 f        -0.12  (VIOLATED)
   div4/remainder_t_reg_12__20_/SE
                                3.27           3.40 f        -0.12  (VIOLATED)
   div4/remainder_t_reg_12__21_/SE
                                3.27           3.40 f        -0.12  (VIOLATED)
   div4/remainder_t_reg_12__22_/SE
                                3.27           3.40 f        -0.12  (VIOLATED)
   div4/remainder_t_reg_12__23_/SE
                                3.27           3.40 f        -0.12  (VIOLATED)
   div4/remainder_t_reg_12__24_/SE
                                3.27           3.40 f        -0.12  (VIOLATED)
   div4/remainder_t_reg_12__25_/SE
                                3.27           3.40 f        -0.12  (VIOLATED)
   div4/remainder_t_reg_12__26_/SE
                                3.27           3.40 f        -0.12  (VIOLATED)
   div4/remainder_t_reg_12__27_/SE
                                3.27           3.40 f        -0.12  (VIOLATED)
   div4/remainder_t_reg_12__28_/SE
                                3.27           3.40 f        -0.12  (VIOLATED)
   div4/remainder_t_reg_12__29_/SE
                                3.27           3.40 f        -0.12  (VIOLATED)
   div4/remainder_t_reg_12__30_/SE
                                3.27           3.40 f        -0.12  (VIOLATED)
   div4/remainder_t_reg_12__31_/SE
                                3.27           3.40 f        -0.12  (VIOLATED)
   div4/remainder_t_reg_12__32_/SE
                                3.27           3.40 f        -0.12  (VIOLATED)
   div4/remainder_t_reg_12__33_/SE
                                3.27           3.40 f        -0.12  (VIOLATED)
   div4/remainder_t_reg_12__34_/SE
                                3.27           3.40 f        -0.12  (VIOLATED)
   div4/remainder_t_reg_12__35_/SE
                                3.27           3.40 f        -0.12  (VIOLATED)
   div4/remainder_t_reg_12__36_/SE
                                3.27           3.40 f        -0.12  (VIOLATED)
   div4/remainder_t_reg_12__37_/SE
                                3.27           3.40 f        -0.12  (VIOLATED)
   div4/remainder_t_reg_12__38_/SE
                                3.27           3.40 f        -0.12  (VIOLATED)
   div1/remainder_t_reg_20__13_/SE
                                3.27           3.40 f        -0.12  (VIOLATED)
   div1/remainder_t_reg_20__14_/SE
                                3.27           3.40 f        -0.12  (VIOLATED)
   div1/remainder_t_reg_20__15_/SE
                                3.27           3.40 f        -0.12  (VIOLATED)
   div1/remainder_t_reg_20__16_/SE
                                3.27           3.40 f        -0.12  (VIOLATED)
   div1/remainder_t_reg_20__17_/SE
                                3.27           3.40 f        -0.12  (VIOLATED)
   div1/remainder_t_reg_20__18_/SE
                                3.27           3.40 f        -0.12  (VIOLATED)
   div1/remainder_t_reg_20__19_/SE
                                3.27           3.40 f        -0.12  (VIOLATED)
   div1/remainder_t_reg_20__20_/SE
                                3.27           3.40 f        -0.12  (VIOLATED)
   div1/remainder_t_reg_20__21_/SE
                                3.27           3.40 f        -0.12  (VIOLATED)
   div1/remainder_t_reg_20__22_/SE
                                3.27           3.40 f        -0.12  (VIOLATED)
   div1/remainder_t_reg_20__23_/SE
                                3.27           3.40 f        -0.12  (VIOLATED)
   div1/remainder_t_reg_20__24_/SE
                                3.27           3.40 f        -0.12  (VIOLATED)
   div1/remainder_t_reg_20__25_/SE
                                3.27           3.40 f        -0.12  (VIOLATED)
   div1/remainder_t_reg_20__26_/SE
                                3.27           3.40 f        -0.12  (VIOLATED)
   div1/remainder_t_reg_20__27_/SE
                                3.27           3.40 f        -0.12  (VIOLATED)
   div1/remainder_t_reg_20__28_/SE
                                3.27           3.40 f        -0.12  (VIOLATED)
   div1/remainder_t_reg_20__29_/SE
                                3.27           3.40 f        -0.12  (VIOLATED)
   div1/remainder_t_reg_20__30_/SE
                                3.27           3.40 f        -0.12  (VIOLATED)
   div1/remainder_t_reg_20__31_/SE
                                3.27           3.40 f        -0.12  (VIOLATED)
   div1/remainder_t_reg_20__32_/SE
                                3.27           3.40 f        -0.12  (VIOLATED)
   div1/remainder_t_reg_20__33_/SE
                                3.27           3.40 f        -0.12  (VIOLATED)
   div1/remainder_t_reg_20__34_/SE
                                3.27           3.40 f        -0.12  (VIOLATED)
   div1/remainder_t_reg_20__35_/SE
                                3.27           3.40 f        -0.12  (VIOLATED)
   div1/remainder_t_reg_20__36_/SE
                                3.27           3.40 f        -0.12  (VIOLATED)
   div1/remainder_t_reg_20__37_/SE
                                3.27           3.40 f        -0.12  (VIOLATED)
   div1/remainder_t_reg_20__38_/SE
                                3.27           3.40 f        -0.12  (VIOLATED)
   bank0_proj_mul_n_reg_7__18_/D
                                3.34           3.46 r        -0.12  (VIOLATED)
   bank0_proj_reg_reg_19_/D     3.34           3.46 r        -0.12  (VIOLATED)
   div0/remainder_t_reg_16__13_/SE
                                3.28           3.40 f        -0.12  (VIOLATED)
   div0/remainder_t_reg_16__14_/SE
                                3.28           3.40 f        -0.12  (VIOLATED)
   div0/remainder_t_reg_16__15_/SE
                                3.28           3.40 f        -0.12  (VIOLATED)
   div0/remainder_t_reg_16__16_/SE
                                3.28           3.40 f        -0.12  (VIOLATED)
   div0/remainder_t_reg_16__17_/SE
                                3.28           3.40 f        -0.12  (VIOLATED)
   div0/remainder_t_reg_16__18_/SE
                                3.28           3.40 f        -0.12  (VIOLATED)
   div0/remainder_t_reg_16__19_/SE
                                3.28           3.40 f        -0.12  (VIOLATED)
   div0/remainder_t_reg_16__20_/SE
                                3.28           3.40 f        -0.12  (VIOLATED)
   div0/remainder_t_reg_16__21_/SE
                                3.28           3.40 f        -0.12  (VIOLATED)
   div0/remainder_t_reg_16__22_/SE
                                3.28           3.40 f        -0.12  (VIOLATED)
   div0/remainder_t_reg_16__23_/SE
                                3.28           3.40 f        -0.12  (VIOLATED)
   div0/remainder_t_reg_16__24_/SE
                                3.28           3.40 f        -0.12  (VIOLATED)
   div0/remainder_t_reg_16__25_/SE
                                3.28           3.40 f        -0.12  (VIOLATED)
   div0/remainder_t_reg_16__26_/SE
                                3.28           3.40 f        -0.12  (VIOLATED)
   div0/remainder_t_reg_16__27_/SE
                                3.28           3.40 f        -0.12  (VIOLATED)
   div0/remainder_t_reg_16__28_/SE
                                3.28           3.40 f        -0.12  (VIOLATED)
   div0/remainder_t_reg_16__29_/SE
                                3.28           3.40 f        -0.12  (VIOLATED)
   div0/remainder_t_reg_16__30_/SE
                                3.28           3.40 f        -0.12  (VIOLATED)
   div0/remainder_t_reg_16__31_/SE
                                3.28           3.40 f        -0.12  (VIOLATED)
   div0/remainder_t_reg_16__32_/SE
                                3.28           3.40 f        -0.12  (VIOLATED)
   div0/remainder_t_reg_16__33_/SE
                                3.28           3.40 f        -0.12  (VIOLATED)
   div0/remainder_t_reg_16__34_/SE
                                3.28           3.40 f        -0.12  (VIOLATED)
   div0/remainder_t_reg_16__35_/SE
                                3.28           3.40 f        -0.12  (VIOLATED)
   div0/remainder_t_reg_16__36_/SE
                                3.28           3.40 f        -0.12  (VIOLATED)
   div0/remainder_t_reg_16__37_/SE
                                3.28           3.40 f        -0.12  (VIOLATED)
   div0/remainder_t_reg_16__38_/SE
                                3.28           3.40 f        -0.12  (VIOLATED)
   bank3_proj_mul_n_reg_6__18_/D
                                3.34           3.46 r        -0.12  (VIOLATED)
   div5/remainder_t_reg_16__1_/SE
                                3.28           3.40 f        -0.12  (VIOLATED)
   div5/remainder_t_reg_16__2_/SE
                                3.28           3.40 f        -0.12  (VIOLATED)
   div5/remainder_t_reg_16__3_/SE
                                3.28           3.40 f        -0.12  (VIOLATED)
   div5/remainder_t_reg_16__4_/SE
                                3.28           3.40 f        -0.12  (VIOLATED)
   div5/remainder_t_reg_16__5_/SE
                                3.28           3.40 f        -0.12  (VIOLATED)
   div5/remainder_t_reg_16__6_/SE
                                3.28           3.40 f        -0.12  (VIOLATED)
   div5/remainder_t_reg_16__7_/SE
                                3.28           3.40 f        -0.12  (VIOLATED)
   div5/remainder_t_reg_16__8_/SE
                                3.28           3.40 f        -0.12  (VIOLATED)
   div5/remainder_t_reg_16__9_/SE
                                3.28           3.40 f        -0.12  (VIOLATED)
   div5/remainder_t_reg_16__10_/SE
                                3.28           3.40 f        -0.12  (VIOLATED)
   div5/remainder_t_reg_16__11_/SE
                                3.28           3.40 f        -0.12  (VIOLATED)
   div5/remainder_t_reg_16__12_/SE
                                3.28           3.40 f        -0.12  (VIOLATED)
   div2/remainder_t_reg_12__1_/SE
                                3.27           3.40 f        -0.12  (VIOLATED)
   div2/remainder_t_reg_12__2_/SE
                                3.27           3.40 f        -0.12  (VIOLATED)
   div2/remainder_t_reg_12__3_/SE
                                3.27           3.40 f        -0.12  (VIOLATED)
   div2/remainder_t_reg_12__4_/SE
                                3.27           3.40 f        -0.12  (VIOLATED)
   div2/remainder_t_reg_12__5_/SE
                                3.27           3.40 f        -0.12  (VIOLATED)
   div2/remainder_t_reg_12__6_/SE
                                3.27           3.40 f        -0.12  (VIOLATED)
   div2/remainder_t_reg_12__7_/SE
                                3.27           3.40 f        -0.12  (VIOLATED)
   div2/remainder_t_reg_12__8_/SE
                                3.27           3.40 f        -0.12  (VIOLATED)
   div2/remainder_t_reg_12__9_/SE
                                3.27           3.40 f        -0.12  (VIOLATED)
   div2/remainder_t_reg_12__10_/SE
                                3.27           3.40 f        -0.12  (VIOLATED)
   div2/remainder_t_reg_12__11_/SE
                                3.27           3.40 f        -0.12  (VIOLATED)
   div2/remainder_t_reg_12__12_/SE
                                3.27           3.40 f        -0.12  (VIOLATED)
   bank2_proj_mul_n_reg_3__18_/D
                                3.34           3.46 r        -0.12  (VIOLATED)
   div3/remainder_t_reg_16__1_/SE
                                3.27           3.40 f        -0.12  (VIOLATED)
   div3/remainder_t_reg_16__2_/SE
                                3.27           3.40 f        -0.12  (VIOLATED)
   div3/remainder_t_reg_16__3_/SE
                                3.27           3.40 f        -0.12  (VIOLATED)
   div3/remainder_t_reg_16__4_/SE
                                3.27           3.40 f        -0.12  (VIOLATED)
   div3/remainder_t_reg_16__5_/SE
                                3.27           3.40 f        -0.12  (VIOLATED)
   div3/remainder_t_reg_16__6_/SE
                                3.27           3.40 f        -0.12  (VIOLATED)
   div3/remainder_t_reg_16__7_/SE
                                3.27           3.40 f        -0.12  (VIOLATED)
   div3/remainder_t_reg_16__8_/SE
                                3.27           3.40 f        -0.12  (VIOLATED)
   div3/remainder_t_reg_16__9_/SE
                                3.27           3.40 f        -0.12  (VIOLATED)
   div3/remainder_t_reg_16__10_/SE
                                3.27           3.40 f        -0.12  (VIOLATED)
   div3/remainder_t_reg_16__11_/SE
                                3.27           3.40 f        -0.12  (VIOLATED)
   div3/remainder_t_reg_16__12_/SE
                                3.27           3.40 f        -0.12  (VIOLATED)
   div1/remainder_t_reg_20__1_/SE
                                3.27           3.39 f        -0.12  (VIOLATED)
   div1/remainder_t_reg_20__2_/SE
                                3.27           3.39 f        -0.12  (VIOLATED)
   div1/remainder_t_reg_20__3_/SE
                                3.27           3.39 f        -0.12  (VIOLATED)
   div1/remainder_t_reg_20__4_/SE
                                3.27           3.39 f        -0.12  (VIOLATED)
   div1/remainder_t_reg_20__5_/SE
                                3.27           3.39 f        -0.12  (VIOLATED)
   div1/remainder_t_reg_20__6_/SE
                                3.27           3.39 f        -0.12  (VIOLATED)
   div1/remainder_t_reg_20__7_/SE
                                3.27           3.39 f        -0.12  (VIOLATED)
   div1/remainder_t_reg_20__8_/SE
                                3.27           3.39 f        -0.12  (VIOLATED)
   div1/remainder_t_reg_20__9_/SE
                                3.27           3.39 f        -0.12  (VIOLATED)
   div1/remainder_t_reg_20__10_/SE
                                3.27           3.39 f        -0.12  (VIOLATED)
   div1/remainder_t_reg_20__11_/SE
                                3.27           3.39 f        -0.12  (VIOLATED)
   div1/remainder_t_reg_20__12_/SE
                                3.27           3.39 f        -0.12  (VIOLATED)
   div4/remainder_t_reg_16__1_/SE
                                3.27           3.39 f        -0.12  (VIOLATED)
   div4/remainder_t_reg_16__2_/SE
                                3.27           3.39 f        -0.12  (VIOLATED)
   div4/remainder_t_reg_16__3_/SE
                                3.27           3.39 f        -0.12  (VIOLATED)
   div4/remainder_t_reg_16__4_/SE
                                3.27           3.39 f        -0.12  (VIOLATED)
   div4/remainder_t_reg_16__5_/SE
                                3.27           3.39 f        -0.12  (VIOLATED)
   div4/remainder_t_reg_16__6_/SE
                                3.27           3.39 f        -0.12  (VIOLATED)
   div4/remainder_t_reg_16__7_/SE
                                3.27           3.39 f        -0.12  (VIOLATED)
   div4/remainder_t_reg_16__8_/SE
                                3.27           3.39 f        -0.12  (VIOLATED)
   div4/remainder_t_reg_16__9_/SE
                                3.27           3.39 f        -0.12  (VIOLATED)
   div4/remainder_t_reg_16__10_/SE
                                3.27           3.39 f        -0.12  (VIOLATED)
   div4/remainder_t_reg_16__11_/SE
                                3.27           3.39 f        -0.12  (VIOLATED)
   div4/remainder_t_reg_16__12_/SE
                                3.27           3.39 f        -0.12  (VIOLATED)
   div0/remainder_t_reg_16__1_/SE
                                3.28           3.40 f        -0.12  (VIOLATED)
   div0/remainder_t_reg_16__2_/SE
                                3.28           3.40 f        -0.12  (VIOLATED)
   div0/remainder_t_reg_16__3_/SE
                                3.28           3.40 f        -0.12  (VIOLATED)
   div0/remainder_t_reg_16__4_/SE
                                3.28           3.40 f        -0.12  (VIOLATED)
   div0/remainder_t_reg_16__5_/SE
                                3.28           3.40 f        -0.12  (VIOLATED)
   div0/remainder_t_reg_16__6_/SE
                                3.28           3.40 f        -0.12  (VIOLATED)
   div0/remainder_t_reg_16__7_/SE
                                3.28           3.40 f        -0.12  (VIOLATED)
   div0/remainder_t_reg_16__8_/SE
                                3.28           3.40 f        -0.12  (VIOLATED)
   div0/remainder_t_reg_16__9_/SE
                                3.28           3.40 f        -0.12  (VIOLATED)
   div0/remainder_t_reg_16__10_/SE
                                3.28           3.40 f        -0.12  (VIOLATED)
   div0/remainder_t_reg_16__11_/SE
                                3.28           3.40 f        -0.12  (VIOLATED)
   div0/remainder_t_reg_16__12_/SE
                                3.28           3.40 f        -0.12  (VIOLATED)
   div6/remainder_t_reg_8__13_/SE
                                3.28           3.40 f        -0.12  (VIOLATED)
   div6/remainder_t_reg_8__14_/SE
                                3.28           3.40 f        -0.12  (VIOLATED)
   div6/remainder_t_reg_8__15_/SE
                                3.28           3.40 f        -0.12  (VIOLATED)
   div6/remainder_t_reg_8__16_/SE
                                3.28           3.40 f        -0.12  (VIOLATED)
   div6/remainder_t_reg_8__17_/SE
                                3.28           3.40 f        -0.12  (VIOLATED)
   div6/remainder_t_reg_8__18_/SE
                                3.28           3.40 f        -0.12  (VIOLATED)
   div6/remainder_t_reg_8__19_/SE
                                3.28           3.40 f        -0.12  (VIOLATED)
   div6/remainder_t_reg_8__20_/SE
                                3.28           3.40 f        -0.12  (VIOLATED)
   div6/remainder_t_reg_8__21_/SE
                                3.28           3.40 f        -0.12  (VIOLATED)
   div6/remainder_t_reg_8__22_/SE
                                3.28           3.40 f        -0.12  (VIOLATED)
   div6/remainder_t_reg_8__23_/SE
                                3.28           3.40 f        -0.12  (VIOLATED)
   div6/remainder_t_reg_8__24_/SE
                                3.28           3.40 f        -0.12  (VIOLATED)
   div6/remainder_t_reg_8__25_/SE
                                3.28           3.40 f        -0.12  (VIOLATED)
   div6/remainder_t_reg_8__26_/SE
                                3.28           3.40 f        -0.12  (VIOLATED)
   div6/remainder_t_reg_8__27_/SE
                                3.28           3.40 f        -0.12  (VIOLATED)
   div6/remainder_t_reg_8__28_/SE
                                3.28           3.40 f        -0.12  (VIOLATED)
   div6/remainder_t_reg_8__29_/SE
                                3.28           3.40 f        -0.12  (VIOLATED)
   div6/remainder_t_reg_8__30_/SE
                                3.28           3.40 f        -0.12  (VIOLATED)
   div6/remainder_t_reg_8__31_/SE
                                3.28           3.40 f        -0.12  (VIOLATED)
   div6/remainder_t_reg_8__32_/SE
                                3.28           3.40 f        -0.12  (VIOLATED)
   div6/remainder_t_reg_8__33_/SE
                                3.28           3.40 f        -0.12  (VIOLATED)
   div6/remainder_t_reg_8__34_/SE
                                3.28           3.40 f        -0.12  (VIOLATED)
   div6/remainder_t_reg_8__35_/SE
                                3.28           3.40 f        -0.12  (VIOLATED)
   div6/remainder_t_reg_8__36_/SE
                                3.28           3.40 f        -0.12  (VIOLATED)
   div6/remainder_t_reg_8__37_/SE
                                3.28           3.40 f        -0.12  (VIOLATED)
   div6/remainder_t_reg_8__38_/SE
                                3.28           3.40 f        -0.12  (VIOLATED)
   div0/remainder_t_reg_20__13_/SE
                                3.27           3.39 f        -0.12  (VIOLATED)
   div0/remainder_t_reg_20__14_/SE
                                3.27           3.39 f        -0.12  (VIOLATED)
   div0/remainder_t_reg_20__15_/SE
                                3.27           3.39 f        -0.12  (VIOLATED)
   div0/remainder_t_reg_20__16_/SE
                                3.27           3.39 f        -0.12  (VIOLATED)
   div0/remainder_t_reg_20__17_/SE
                                3.27           3.39 f        -0.12  (VIOLATED)
   div0/remainder_t_reg_20__18_/SE
                                3.27           3.39 f        -0.12  (VIOLATED)
   div0/remainder_t_reg_20__19_/SE
                                3.27           3.39 f        -0.12  (VIOLATED)
   div0/remainder_t_reg_20__20_/SE
                                3.27           3.39 f        -0.12  (VIOLATED)
   div0/remainder_t_reg_20__21_/SE
                                3.27           3.39 f        -0.12  (VIOLATED)
   div0/remainder_t_reg_20__22_/SE
                                3.27           3.39 f        -0.12  (VIOLATED)
   div0/remainder_t_reg_20__23_/SE
                                3.27           3.39 f        -0.12  (VIOLATED)
   div0/remainder_t_reg_20__24_/SE
                                3.27           3.39 f        -0.12  (VIOLATED)
   div0/remainder_t_reg_20__25_/SE
                                3.27           3.39 f        -0.12  (VIOLATED)
   div0/remainder_t_reg_20__26_/SE
                                3.27           3.39 f        -0.12  (VIOLATED)
   div0/remainder_t_reg_20__27_/SE
                                3.27           3.39 f        -0.12  (VIOLATED)
   div0/remainder_t_reg_20__28_/SE
                                3.27           3.39 f        -0.12  (VIOLATED)
   div0/remainder_t_reg_20__29_/SE
                                3.27           3.39 f        -0.12  (VIOLATED)
   div0/remainder_t_reg_20__30_/SE
                                3.27           3.39 f        -0.12  (VIOLATED)
   div0/remainder_t_reg_20__31_/SE
                                3.27           3.39 f        -0.12  (VIOLATED)
   div0/remainder_t_reg_20__32_/SE
                                3.27           3.39 f        -0.12  (VIOLATED)
   div0/remainder_t_reg_20__33_/SE
                                3.27           3.39 f        -0.12  (VIOLATED)
   div0/remainder_t_reg_20__34_/SE
                                3.27           3.39 f        -0.12  (VIOLATED)
   div0/remainder_t_reg_20__35_/SE
                                3.27           3.39 f        -0.12  (VIOLATED)
   div0/remainder_t_reg_20__36_/SE
                                3.27           3.39 f        -0.12  (VIOLATED)
   div0/remainder_t_reg_20__37_/SE
                                3.27           3.39 f        -0.12  (VIOLATED)
   div0/remainder_t_reg_20__38_/SE
                                3.27           3.39 f        -0.12  (VIOLATED)
   div2/remainder_t_reg_0__0_/D
                                3.34           3.46 r        -0.12  (VIOLATED)
   div2/remainder_t_reg_0__1_/D
                                3.34           3.46 r        -0.12  (VIOLATED)
   div2/remainder_t_reg_0__2_/D
                                3.34           3.46 r        -0.12  (VIOLATED)
   div2/remainder_t_reg_0__3_/D
                                3.34           3.46 r        -0.12  (VIOLATED)
   div2/remainder_t_reg_0__4_/D
                                3.34           3.46 r        -0.12  (VIOLATED)
   div2/remainder_t_reg_0__5_/D
                                3.34           3.46 r        -0.12  (VIOLATED)
   div2/remainder_t_reg_0__6_/D
                                3.34           3.46 r        -0.12  (VIOLATED)
   div2/remainder_t_reg_0__7_/D
                                3.34           3.46 r        -0.12  (VIOLATED)
   div2/remainder_t_reg_0__8_/D
                                3.34           3.46 r        -0.12  (VIOLATED)
   div2/remainder_t_reg_0__9_/D
                                3.34           3.46 r        -0.12  (VIOLATED)
   div2/remainder_t_reg_0__10_/D
                                3.34           3.46 r        -0.12  (VIOLATED)
   div2/remainder_t_reg_0__11_/D
                                3.34           3.46 r        -0.12  (VIOLATED)
   div2/remainder_t_reg_0__12_/D
                                3.34           3.46 r        -0.12  (VIOLATED)
   div2/remainder_t_reg_0__13_/D
                                3.34           3.46 r        -0.12  (VIOLATED)
   div3/remainder_t_reg_12__1_/SE
                                3.27           3.39 f        -0.12  (VIOLATED)
   div3/remainder_t_reg_12__2_/SE
                                3.27           3.39 f        -0.12  (VIOLATED)
   div3/remainder_t_reg_12__3_/SE
                                3.27           3.39 f        -0.12  (VIOLATED)
   div3/remainder_t_reg_12__4_/SE
                                3.27           3.39 f        -0.12  (VIOLATED)
   div3/remainder_t_reg_12__5_/SE
                                3.27           3.39 f        -0.12  (VIOLATED)
   div3/remainder_t_reg_12__6_/SE
                                3.27           3.39 f        -0.12  (VIOLATED)
   div3/remainder_t_reg_12__7_/SE
                                3.27           3.39 f        -0.12  (VIOLATED)
   div3/remainder_t_reg_12__8_/SE
                                3.27           3.39 f        -0.12  (VIOLATED)
   div3/remainder_t_reg_12__9_/SE
                                3.27           3.39 f        -0.12  (VIOLATED)
   div3/remainder_t_reg_12__10_/SE
                                3.27           3.39 f        -0.12  (VIOLATED)
   div3/remainder_t_reg_12__11_/SE
                                3.27           3.39 f        -0.12  (VIOLATED)
   div3/remainder_t_reg_12__12_/SE
                                3.27           3.39 f        -0.12  (VIOLATED)
   div4/remainder_t_reg_12__1_/SE
                                3.27           3.39 f        -0.12  (VIOLATED)
   div4/remainder_t_reg_12__2_/SE
                                3.27           3.39 f        -0.12  (VIOLATED)
   div4/remainder_t_reg_12__3_/SE
                                3.27           3.39 f        -0.12  (VIOLATED)
   div4/remainder_t_reg_12__4_/SE
                                3.27           3.39 f        -0.12  (VIOLATED)
   div4/remainder_t_reg_12__5_/SE
                                3.27           3.39 f        -0.12  (VIOLATED)
   div4/remainder_t_reg_12__6_/SE
                                3.27           3.39 f        -0.12  (VIOLATED)
   div4/remainder_t_reg_12__7_/SE
                                3.27           3.39 f        -0.12  (VIOLATED)
   div4/remainder_t_reg_12__8_/SE
                                3.27           3.39 f        -0.12  (VIOLATED)
   div4/remainder_t_reg_12__9_/SE
                                3.27           3.39 f        -0.12  (VIOLATED)
   div4/remainder_t_reg_12__10_/SE
                                3.27           3.39 f        -0.12  (VIOLATED)
   div4/remainder_t_reg_12__11_/SE
                                3.27           3.39 f        -0.12  (VIOLATED)
   div4/remainder_t_reg_12__12_/SE
                                3.27           3.39 f        -0.12  (VIOLATED)
   token_x_nor_result_reg_5__19_/D
                                3.34           3.46 r        -0.12  (VIOLATED)
   div0/remainder_t_reg_20__1_/SE
                                3.27           3.39 f        -0.12  (VIOLATED)
   div0/remainder_t_reg_20__2_/SE
                                3.27           3.39 f        -0.12  (VIOLATED)
   div0/remainder_t_reg_20__3_/SE
                                3.27           3.39 f        -0.12  (VIOLATED)
   div0/remainder_t_reg_20__4_/SE
                                3.27           3.39 f        -0.12  (VIOLATED)
   div0/remainder_t_reg_20__5_/SE
                                3.27           3.39 f        -0.12  (VIOLATED)
   div0/remainder_t_reg_20__6_/SE
                                3.27           3.39 f        -0.12  (VIOLATED)
   div0/remainder_t_reg_20__7_/SE
                                3.27           3.39 f        -0.12  (VIOLATED)
   div0/remainder_t_reg_20__8_/SE
                                3.27           3.39 f        -0.12  (VIOLATED)
   div0/remainder_t_reg_20__9_/SE
                                3.27           3.39 f        -0.12  (VIOLATED)
   div0/remainder_t_reg_20__10_/SE
                                3.27           3.39 f        -0.12  (VIOLATED)
   div0/remainder_t_reg_20__11_/SE
                                3.27           3.39 f        -0.12  (VIOLATED)
   div0/remainder_t_reg_20__12_/SE
                                3.27           3.39 f        -0.12  (VIOLATED)
   div6/remainder_t_reg_8__1_/SE
                                3.28           3.40 f        -0.12  (VIOLATED)
   div6/remainder_t_reg_8__2_/SE
                                3.28           3.40 f        -0.12  (VIOLATED)
   div6/remainder_t_reg_8__3_/SE
                                3.28           3.40 f        -0.12  (VIOLATED)
   div6/remainder_t_reg_8__4_/SE
                                3.28           3.40 f        -0.12  (VIOLATED)
   div6/remainder_t_reg_8__5_/SE
                                3.28           3.40 f        -0.12  (VIOLATED)
   div6/remainder_t_reg_8__6_/SE
                                3.28           3.40 f        -0.12  (VIOLATED)
   div6/remainder_t_reg_8__7_/SE
                                3.28           3.40 f        -0.12  (VIOLATED)
   div6/remainder_t_reg_8__8_/SE
                                3.28           3.40 f        -0.12  (VIOLATED)
   div6/remainder_t_reg_8__9_/SE
                                3.28           3.40 f        -0.12  (VIOLATED)
   div6/remainder_t_reg_8__10_/SE
                                3.28           3.40 f        -0.12  (VIOLATED)
   div6/remainder_t_reg_8__11_/SE
                                3.28           3.40 f        -0.12  (VIOLATED)
   div6/remainder_t_reg_8__12_/SE
                                3.28           3.40 f        -0.12  (VIOLATED)
   bank3_proj_reg_reg_19_/D     3.34           3.46 r        -0.12  (VIOLATED)
   div4/remainder_t_reg_0__0_/D
                                3.34           3.46 r        -0.12  (VIOLATED)
   div4/remainder_t_reg_0__1_/D
                                3.34           3.46 r        -0.12  (VIOLATED)
   div4/remainder_t_reg_0__2_/D
                                3.34           3.46 r        -0.12  (VIOLATED)
   div4/remainder_t_reg_0__3_/D
                                3.34           3.46 r        -0.12  (VIOLATED)
   div4/remainder_t_reg_0__4_/D
                                3.34           3.46 r        -0.12  (VIOLATED)
   div4/remainder_t_reg_0__5_/D
                                3.34           3.46 r        -0.12  (VIOLATED)
   div4/remainder_t_reg_0__6_/D
                                3.34           3.46 r        -0.12  (VIOLATED)
   div4/remainder_t_reg_0__7_/D
                                3.34           3.46 r        -0.12  (VIOLATED)
   div4/remainder_t_reg_0__8_/D
                                3.34           3.46 r        -0.12  (VIOLATED)
   div4/remainder_t_reg_0__9_/D
                                3.34           3.46 r        -0.12  (VIOLATED)
   div4/remainder_t_reg_0__10_/D
                                3.34           3.46 r        -0.12  (VIOLATED)
   div4/remainder_t_reg_0__11_/D
                                3.34           3.46 r        -0.12  (VIOLATED)
   div4/remainder_t_reg_0__12_/D
                                3.34           3.46 r        -0.12  (VIOLATED)
   div4/remainder_t_reg_0__13_/D
                                3.34           3.46 r        -0.12  (VIOLATED)
   div7/remainder_t_reg_20__13_/SE
                                3.27           3.39 f        -0.12  (VIOLATED)
   div7/remainder_t_reg_20__14_/SE
                                3.27           3.39 f        -0.12  (VIOLATED)
   div7/remainder_t_reg_20__15_/SE
                                3.27           3.39 f        -0.12  (VIOLATED)
   div7/remainder_t_reg_20__16_/SE
                                3.27           3.39 f        -0.12  (VIOLATED)
   div7/remainder_t_reg_20__17_/SE
                                3.27           3.39 f        -0.12  (VIOLATED)
   div7/remainder_t_reg_20__18_/SE
                                3.27           3.39 f        -0.12  (VIOLATED)
   div7/remainder_t_reg_20__19_/SE
                                3.27           3.39 f        -0.12  (VIOLATED)
   div7/remainder_t_reg_20__20_/SE
                                3.27           3.39 f        -0.12  (VIOLATED)
   div7/remainder_t_reg_20__21_/SE
                                3.27           3.39 f        -0.12  (VIOLATED)
   div7/remainder_t_reg_20__22_/SE
                                3.27           3.39 f        -0.12  (VIOLATED)
   div7/remainder_t_reg_20__23_/SE
                                3.27           3.39 f        -0.12  (VIOLATED)
   div7/remainder_t_reg_20__24_/SE
                                3.27           3.39 f        -0.12  (VIOLATED)
   div7/remainder_t_reg_20__25_/SE
                                3.27           3.39 f        -0.12  (VIOLATED)
   div7/remainder_t_reg_20__26_/SE
                                3.27           3.39 f        -0.12  (VIOLATED)
   div7/remainder_t_reg_20__27_/SE
                                3.27           3.39 f        -0.12  (VIOLATED)
   div7/remainder_t_reg_20__28_/SE
                                3.27           3.39 f        -0.12  (VIOLATED)
   div7/remainder_t_reg_20__29_/SE
                                3.27           3.39 f        -0.12  (VIOLATED)
   div7/remainder_t_reg_20__30_/SE
                                3.27           3.39 f        -0.12  (VIOLATED)
   div7/remainder_t_reg_20__31_/SE
                                3.27           3.39 f        -0.12  (VIOLATED)
   div7/remainder_t_reg_20__32_/SE
                                3.27           3.39 f        -0.12  (VIOLATED)
   div7/remainder_t_reg_20__33_/SE
                                3.27           3.39 f        -0.12  (VIOLATED)
   div7/remainder_t_reg_20__34_/SE
                                3.27           3.39 f        -0.12  (VIOLATED)
   div7/remainder_t_reg_20__35_/SE
                                3.27           3.39 f        -0.12  (VIOLATED)
   div7/remainder_t_reg_20__36_/SE
                                3.27           3.39 f        -0.12  (VIOLATED)
   div7/remainder_t_reg_20__37_/SE
                                3.27           3.39 f        -0.12  (VIOLATED)
   div7/remainder_t_reg_20__38_/SE
                                3.27           3.39 f        -0.12  (VIOLATED)
   div7/remainder_t_reg_20__1_/SE
                                3.27           3.39 f        -0.12  (VIOLATED)
   div7/remainder_t_reg_20__2_/SE
                                3.27           3.39 f        -0.12  (VIOLATED)
   div7/remainder_t_reg_20__3_/SE
                                3.27           3.39 f        -0.12  (VIOLATED)
   div7/remainder_t_reg_20__4_/SE
                                3.27           3.39 f        -0.12  (VIOLATED)
   div7/remainder_t_reg_20__5_/SE
                                3.27           3.39 f        -0.12  (VIOLATED)
   div7/remainder_t_reg_20__6_/SE
                                3.27           3.39 f        -0.12  (VIOLATED)
   div7/remainder_t_reg_20__7_/SE
                                3.27           3.39 f        -0.12  (VIOLATED)
   div7/remainder_t_reg_20__8_/SE
                                3.27           3.39 f        -0.12  (VIOLATED)
   div7/remainder_t_reg_20__9_/SE
                                3.27           3.39 f        -0.12  (VIOLATED)
   div7/remainder_t_reg_20__10_/SE
                                3.27           3.39 f        -0.12  (VIOLATED)
   div7/remainder_t_reg_20__11_/SE
                                3.27           3.39 f        -0.12  (VIOLATED)
   div7/remainder_t_reg_20__12_/SE
                                3.27           3.39 f        -0.12  (VIOLATED)
   bank0_proj_mul_n_reg_5__18_/D
                                3.34           3.46 r        -0.12  (VIOLATED)
   div5/remainder_t_reg_20__13_/SE
                                3.27           3.39 f        -0.11  (VIOLATED)
   div5/remainder_t_reg_20__14_/SE
                                3.27           3.39 f        -0.11  (VIOLATED)
   div5/remainder_t_reg_20__15_/SE
                                3.27           3.39 f        -0.11  (VIOLATED)
   div5/remainder_t_reg_20__16_/SE
                                3.27           3.39 f        -0.11  (VIOLATED)
   div5/remainder_t_reg_20__17_/SE
                                3.27           3.39 f        -0.11  (VIOLATED)
   div5/remainder_t_reg_20__18_/SE
                                3.27           3.39 f        -0.11  (VIOLATED)
   div5/remainder_t_reg_20__19_/SE
                                3.27           3.39 f        -0.11  (VIOLATED)
   div5/remainder_t_reg_20__20_/SE
                                3.27           3.39 f        -0.11  (VIOLATED)
   div5/remainder_t_reg_20__21_/SE
                                3.27           3.39 f        -0.11  (VIOLATED)
   div5/remainder_t_reg_20__22_/SE
                                3.27           3.39 f        -0.11  (VIOLATED)
   div5/remainder_t_reg_20__23_/SE
                                3.27           3.39 f        -0.11  (VIOLATED)
   div5/remainder_t_reg_20__24_/SE
                                3.27           3.39 f        -0.11  (VIOLATED)
   div5/remainder_t_reg_20__25_/SE
                                3.27           3.39 f        -0.11  (VIOLATED)
   div5/remainder_t_reg_20__26_/SE
                                3.27           3.39 f        -0.11  (VIOLATED)
   div5/remainder_t_reg_20__27_/SE
                                3.27           3.39 f        -0.11  (VIOLATED)
   div5/remainder_t_reg_20__28_/SE
                                3.27           3.39 f        -0.11  (VIOLATED)
   div5/remainder_t_reg_20__29_/SE
                                3.27           3.39 f        -0.11  (VIOLATED)
   div5/remainder_t_reg_20__30_/SE
                                3.27           3.39 f        -0.11  (VIOLATED)
   div5/remainder_t_reg_20__31_/SE
                                3.27           3.39 f        -0.11  (VIOLATED)
   div5/remainder_t_reg_20__32_/SE
                                3.27           3.39 f        -0.11  (VIOLATED)
   div5/remainder_t_reg_20__33_/SE
                                3.27           3.39 f        -0.11  (VIOLATED)
   div5/remainder_t_reg_20__34_/SE
                                3.27           3.39 f        -0.11  (VIOLATED)
   div5/remainder_t_reg_20__35_/SE
                                3.27           3.39 f        -0.11  (VIOLATED)
   div5/remainder_t_reg_20__36_/SE
                                3.27           3.39 f        -0.11  (VIOLATED)
   div5/remainder_t_reg_20__37_/SE
                                3.27           3.39 f        -0.11  (VIOLATED)
   div5/remainder_t_reg_20__38_/SE
                                3.27           3.39 f        -0.11  (VIOLATED)
   div4/remainder_t_reg_8__2_/SE
                                3.27           3.39 f        -0.11  (VIOLATED)
   div4/remainder_t_reg_8__3_/SE
                                3.27           3.39 f        -0.11  (VIOLATED)
   div4/remainder_t_reg_8__5_/SE
                                3.27           3.39 f        -0.11  (VIOLATED)
   div4/remainder_t_reg_8__6_/SE
                                3.27           3.39 f        -0.11  (VIOLATED)
   div4/remainder_t_reg_8__8_/SE
                                3.27           3.39 f        -0.11  (VIOLATED)
   div4/remainder_t_reg_8__9_/SE
                                3.27           3.39 f        -0.11  (VIOLATED)
   div4/remainder_t_reg_8__11_/SE
                                3.27           3.39 f        -0.11  (VIOLATED)
   div4/remainder_t_reg_8__12_/SE
                                3.27           3.39 f        -0.11  (VIOLATED)
   div4/remainder_t_reg_8__13_/SE
                                3.27           3.39 f        -0.11  (VIOLATED)
   div4/remainder_t_reg_8__15_/SE
                                3.27           3.39 f        -0.11  (VIOLATED)
   div4/remainder_t_reg_8__16_/SE
                                3.27           3.39 f        -0.11  (VIOLATED)
   div4/remainder_t_reg_8__18_/SE
                                3.27           3.39 f        -0.11  (VIOLATED)
   div4/remainder_t_reg_8__19_/SE
                                3.27           3.39 f        -0.11  (VIOLATED)
   div4/remainder_t_reg_8__21_/SE
                                3.27           3.39 f        -0.11  (VIOLATED)
   div4/remainder_t_reg_8__22_/SE
                                3.27           3.39 f        -0.11  (VIOLATED)
   div4/remainder_t_reg_8__24_/SE
                                3.27           3.39 f        -0.11  (VIOLATED)
   div4/remainder_t_reg_8__25_/SE
                                3.27           3.39 f        -0.11  (VIOLATED)
   div4/remainder_t_reg_8__26_/SE
                                3.27           3.39 f        -0.11  (VIOLATED)
   div4/remainder_t_reg_8__27_/SE
                                3.27           3.39 f        -0.11  (VIOLATED)
   div4/remainder_t_reg_8__29_/SE
                                3.27           3.39 f        -0.11  (VIOLATED)
   div4/remainder_t_reg_8__30_/SE
                                3.27           3.39 f        -0.11  (VIOLATED)
   div4/remainder_t_reg_8__32_/SE
                                3.27           3.39 f        -0.11  (VIOLATED)
   div4/remainder_t_reg_8__33_/SE
                                3.27           3.39 f        -0.11  (VIOLATED)
   div4/remainder_t_reg_8__35_/SE
                                3.27           3.39 f        -0.11  (VIOLATED)
   div4/remainder_t_reg_8__36_/SE
                                3.27           3.39 f        -0.11  (VIOLATED)
   div4/remainder_t_reg_8__38_/SE
                                3.27           3.39 f        -0.11  (VIOLATED)
   bank0_proj_mul_n_reg_3__18_/D
                                3.34           3.46 r        -0.11  (VIOLATED)
   div5/remainder_t_reg_20__1_/SE
                                3.27           3.39 f        -0.11  (VIOLATED)
   div5/remainder_t_reg_20__2_/SE
                                3.27           3.39 f        -0.11  (VIOLATED)
   div5/remainder_t_reg_20__3_/SE
                                3.27           3.39 f        -0.11  (VIOLATED)
   div5/remainder_t_reg_20__4_/SE
                                3.27           3.39 f        -0.11  (VIOLATED)
   div5/remainder_t_reg_20__5_/SE
                                3.27           3.39 f        -0.11  (VIOLATED)
   div5/remainder_t_reg_20__6_/SE
                                3.27           3.39 f        -0.11  (VIOLATED)
   div5/remainder_t_reg_20__7_/SE
                                3.27           3.39 f        -0.11  (VIOLATED)
   div5/remainder_t_reg_20__8_/SE
                                3.27           3.39 f        -0.11  (VIOLATED)
   div5/remainder_t_reg_20__9_/SE
                                3.27           3.39 f        -0.11  (VIOLATED)
   div5/remainder_t_reg_20__10_/SE
                                3.27           3.39 f        -0.11  (VIOLATED)
   div5/remainder_t_reg_20__11_/SE
                                3.27           3.39 f        -0.11  (VIOLATED)
   div5/remainder_t_reg_20__12_/SE
                                3.27           3.39 f        -0.11  (VIOLATED)
   div1/remainder_t_reg_12__13_/SE
                                3.27           3.39 f        -0.11  (VIOLATED)
   div1/remainder_t_reg_12__14_/SE
                                3.27           3.39 f        -0.11  (VIOLATED)
   div1/remainder_t_reg_12__15_/SE
                                3.27           3.39 f        -0.11  (VIOLATED)
   div1/remainder_t_reg_12__16_/SE
                                3.27           3.39 f        -0.11  (VIOLATED)
   div1/remainder_t_reg_12__17_/SE
                                3.27           3.39 f        -0.11  (VIOLATED)
   div1/remainder_t_reg_12__18_/SE
                                3.27           3.39 f        -0.11  (VIOLATED)
   div1/remainder_t_reg_12__19_/SE
                                3.27           3.39 f        -0.11  (VIOLATED)
   div1/remainder_t_reg_12__20_/SE
                                3.27           3.39 f        -0.11  (VIOLATED)
   div1/remainder_t_reg_12__21_/SE
                                3.27           3.39 f        -0.11  (VIOLATED)
   div1/remainder_t_reg_12__22_/SE
                                3.27           3.39 f        -0.11  (VIOLATED)
   div1/remainder_t_reg_12__23_/SE
                                3.27           3.39 f        -0.11  (VIOLATED)
   div1/remainder_t_reg_12__24_/SE
                                3.27           3.39 f        -0.11  (VIOLATED)
   div1/remainder_t_reg_12__25_/SE
                                3.27           3.39 f        -0.11  (VIOLATED)
   div1/remainder_t_reg_12__26_/SE
                                3.27           3.39 f        -0.11  (VIOLATED)
   div1/remainder_t_reg_12__27_/SE
                                3.27           3.39 f        -0.11  (VIOLATED)
   div1/remainder_t_reg_12__28_/SE
                                3.27           3.39 f        -0.11  (VIOLATED)
   div1/remainder_t_reg_12__29_/SE
                                3.27           3.39 f        -0.11  (VIOLATED)
   div1/remainder_t_reg_12__30_/SE
                                3.27           3.39 f        -0.11  (VIOLATED)
   div1/remainder_t_reg_12__31_/SE
                                3.27           3.39 f        -0.11  (VIOLATED)
   div1/remainder_t_reg_12__32_/SE
                                3.27           3.39 f        -0.11  (VIOLATED)
   div1/remainder_t_reg_12__33_/SE
                                3.27           3.39 f        -0.11  (VIOLATED)
   div1/remainder_t_reg_12__34_/SE
                                3.27           3.39 f        -0.11  (VIOLATED)
   div1/remainder_t_reg_12__35_/SE
                                3.27           3.39 f        -0.11  (VIOLATED)
   div1/remainder_t_reg_12__36_/SE
                                3.27           3.39 f        -0.11  (VIOLATED)
   div1/remainder_t_reg_12__37_/SE
                                3.27           3.39 f        -0.11  (VIOLATED)
   div1/remainder_t_reg_12__38_/SE
                                3.27           3.39 f        -0.11  (VIOLATED)
   bank0_proj_mul_n_reg_0__18_/D
                                3.34           3.45 r        -0.11  (VIOLATED)
   bank2_proj_mul_n_reg_7__18_/D
                                3.36           3.48 f        -0.11  (VIOLATED)
   div4/remainder_t_reg_8__1_/SE
                                3.27           3.39 f        -0.11  (VIOLATED)
   div4/remainder_t_reg_8__4_/SE
                                3.27           3.39 f        -0.11  (VIOLATED)
   div4/remainder_t_reg_8__7_/SE
                                3.27           3.39 f        -0.11  (VIOLATED)
   div4/remainder_t_reg_8__10_/SE
                                3.27           3.39 f        -0.11  (VIOLATED)
   div4/remainder_t_reg_8__14_/SE
                                3.27           3.39 f        -0.11  (VIOLATED)
   div4/remainder_t_reg_8__17_/SE
                                3.27           3.39 f        -0.11  (VIOLATED)
   div4/remainder_t_reg_8__20_/SE
                                3.27           3.39 f        -0.11  (VIOLATED)
   div4/remainder_t_reg_8__23_/SE
                                3.27           3.39 f        -0.11  (VIOLATED)
   div4/remainder_t_reg_8__28_/SE
                                3.27           3.39 f        -0.11  (VIOLATED)
   div4/remainder_t_reg_8__31_/SE
                                3.27           3.39 f        -0.11  (VIOLATED)
   div4/remainder_t_reg_8__34_/SE
                                3.27           3.39 f        -0.11  (VIOLATED)
   div4/remainder_t_reg_8__37_/SE
                                3.27           3.39 f        -0.11  (VIOLATED)
   div7/remainder_t_reg_8__13_/SE
                                3.27           3.39 f        -0.11  (VIOLATED)
   div7/remainder_t_reg_8__14_/SE
                                3.27           3.39 f        -0.11  (VIOLATED)
   div7/remainder_t_reg_8__15_/SE
                                3.27           3.39 f        -0.11  (VIOLATED)
   div7/remainder_t_reg_8__16_/SE
                                3.27           3.39 f        -0.11  (VIOLATED)
   div7/remainder_t_reg_8__17_/SE
                                3.27           3.39 f        -0.11  (VIOLATED)
   div7/remainder_t_reg_8__18_/SE
                                3.27           3.39 f        -0.11  (VIOLATED)
   div7/remainder_t_reg_8__19_/SE
                                3.27           3.39 f        -0.11  (VIOLATED)
   div7/remainder_t_reg_8__20_/SE
                                3.27           3.39 f        -0.11  (VIOLATED)
   div7/remainder_t_reg_8__21_/SE
                                3.27           3.39 f        -0.11  (VIOLATED)
   div7/remainder_t_reg_8__22_/SE
                                3.27           3.39 f        -0.11  (VIOLATED)
   div7/remainder_t_reg_8__23_/SE
                                3.27           3.39 f        -0.11  (VIOLATED)
   div7/remainder_t_reg_8__24_/SE
                                3.27           3.39 f        -0.11  (VIOLATED)
   div7/remainder_t_reg_8__25_/SE
                                3.27           3.39 f        -0.11  (VIOLATED)
   div7/remainder_t_reg_8__26_/SE
                                3.27           3.39 f        -0.11  (VIOLATED)
   div7/remainder_t_reg_8__27_/SE
                                3.27           3.39 f        -0.11  (VIOLATED)
   div7/remainder_t_reg_8__28_/SE
                                3.27           3.39 f        -0.11  (VIOLATED)
   div7/remainder_t_reg_8__29_/SE
                                3.27           3.39 f        -0.11  (VIOLATED)
   div7/remainder_t_reg_8__30_/SE
                                3.27           3.39 f        -0.11  (VIOLATED)
   div7/remainder_t_reg_8__31_/SE
                                3.27           3.39 f        -0.11  (VIOLATED)
   div7/remainder_t_reg_8__32_/SE
                                3.27           3.39 f        -0.11  (VIOLATED)
   div7/remainder_t_reg_8__33_/SE
                                3.27           3.39 f        -0.11  (VIOLATED)
   div7/remainder_t_reg_8__34_/SE
                                3.27           3.39 f        -0.11  (VIOLATED)
   div7/remainder_t_reg_8__35_/SE
                                3.27           3.39 f        -0.11  (VIOLATED)
   div7/remainder_t_reg_8__36_/SE
                                3.27           3.39 f        -0.11  (VIOLATED)
   div7/remainder_t_reg_8__37_/SE
                                3.27           3.39 f        -0.11  (VIOLATED)
   div7/remainder_t_reg_8__38_/SE
                                3.27           3.39 f        -0.11  (VIOLATED)
   div1/remainder_t_reg_12__1_/SE
                                3.27           3.39 f        -0.11  (VIOLATED)
   div1/remainder_t_reg_12__2_/SE
                                3.27           3.39 f        -0.11  (VIOLATED)
   div1/remainder_t_reg_12__3_/SE
                                3.27           3.39 f        -0.11  (VIOLATED)
   div1/remainder_t_reg_12__4_/SE
                                3.27           3.39 f        -0.11  (VIOLATED)
   div1/remainder_t_reg_12__5_/SE
                                3.27           3.39 f        -0.11  (VIOLATED)
   div1/remainder_t_reg_12__6_/SE
                                3.27           3.39 f        -0.11  (VIOLATED)
   div1/remainder_t_reg_12__7_/SE
                                3.27           3.39 f        -0.11  (VIOLATED)
   div1/remainder_t_reg_12__8_/SE
                                3.27           3.39 f        -0.11  (VIOLATED)
   div1/remainder_t_reg_12__9_/SE
                                3.27           3.39 f        -0.11  (VIOLATED)
   div1/remainder_t_reg_12__10_/SE
                                3.27           3.39 f        -0.11  (VIOLATED)
   div1/remainder_t_reg_12__11_/SE
                                3.27           3.39 f        -0.11  (VIOLATED)
   div1/remainder_t_reg_12__12_/SE
                                3.27           3.39 f        -0.11  (VIOLATED)
   div7/remainder_t_reg_8__1_/SE
                                3.27           3.38 f        -0.11  (VIOLATED)
   div7/remainder_t_reg_8__2_/SE
                                3.27           3.38 f        -0.11  (VIOLATED)
   div7/remainder_t_reg_8__3_/SE
                                3.27           3.38 f        -0.11  (VIOLATED)
   div7/remainder_t_reg_8__4_/SE
                                3.27           3.38 f        -0.11  (VIOLATED)
   div7/remainder_t_reg_8__5_/SE
                                3.27           3.38 f        -0.11  (VIOLATED)
   div7/remainder_t_reg_8__6_/SE
                                3.27           3.38 f        -0.11  (VIOLATED)
   div7/remainder_t_reg_8__7_/SE
                                3.27           3.38 f        -0.11  (VIOLATED)
   div7/remainder_t_reg_8__8_/SE
                                3.27           3.38 f        -0.11  (VIOLATED)
   div7/remainder_t_reg_8__9_/SE
                                3.27           3.38 f        -0.11  (VIOLATED)
   div7/remainder_t_reg_8__10_/SE
                                3.27           3.38 f        -0.11  (VIOLATED)
   div7/remainder_t_reg_8__11_/SE
                                3.27           3.38 f        -0.11  (VIOLATED)
   div7/remainder_t_reg_8__12_/SE
                                3.27           3.38 f        -0.11  (VIOLATED)
   bank2_proj_mul_n_reg_4__18_/D
                                3.34           3.45 r        -0.11  (VIOLATED)
   sram_wdata_b3[9]             2.38           2.49 f        -0.11  (VIOLATED)
   sram_wdata_b3[19]            2.38           2.49 f        -0.11  (VIOLATED)
   sram_wdata_b3[29]            2.38           2.49 f        -0.11  (VIOLATED)
   sram_wdata_b3[39]            2.38           2.49 f        -0.11  (VIOLATED)
   sram_wdata_b3[49]            2.38           2.49 f        -0.11  (VIOLATED)
   sram_wdata_b3[59]            2.38           2.49 f        -0.11  (VIOLATED)
   sram_wdata_b3[69]            2.38           2.49 f        -0.11  (VIOLATED)
   sram_wdata_b3[79]            2.38           2.49 f        -0.11  (VIOLATED)
   bank0_proj_mul_n_reg_4__19_/D
                                3.33           3.44 r        -0.10  (VIOLATED)
   bank3_proj_mul_n_reg_7__18_/D
                                3.34           3.45 r        -0.10  (VIOLATED)
   token_mae_reg_14_/D          3.34           3.45 r        -0.10  (VIOLATED)
   qk_result_head_reg_1__23_/D
                                3.34           3.45 r        -0.10  (VIOLATED)
   sram_wdata_b0[9]             2.38           2.48 r        -0.10  (VIOLATED)
   sram_wdata_b0[19]            2.38           2.48 r        -0.10  (VIOLATED)
   sram_wdata_b0[29]            2.38           2.48 r        -0.10  (VIOLATED)
   sram_wdata_b0[39]            2.38           2.48 r        -0.10  (VIOLATED)
   sram_wdata_b0[49]            2.38           2.48 r        -0.10  (VIOLATED)
   sram_wdata_b0[59]            2.38           2.48 r        -0.10  (VIOLATED)
   sram_wdata_b0[69]            2.38           2.48 r        -0.10  (VIOLATED)
   sram_wdata_b0[79]            2.38           2.48 r        -0.10  (VIOLATED)
   token_x_nor_result_reg_7__18_/D
                                3.34           3.44 r        -0.10  (VIOLATED)
   bank3_proj_mul_n_reg_3__18_/D
                                3.34           3.44 r        -0.10  (VIOLATED)
   div1/remainder_t_reg_16__13_/SE
                                3.27           3.38 f        -0.10  (VIOLATED)
   div1/remainder_t_reg_16__14_/SE
                                3.27           3.38 f        -0.10  (VIOLATED)
   div1/remainder_t_reg_16__15_/SE
                                3.27           3.38 f        -0.10  (VIOLATED)
   div1/remainder_t_reg_16__16_/SE
                                3.27           3.38 f        -0.10  (VIOLATED)
   div1/remainder_t_reg_16__17_/SE
                                3.27           3.38 f        -0.10  (VIOLATED)
   div1/remainder_t_reg_16__18_/SE
                                3.27           3.38 f        -0.10  (VIOLATED)
   div1/remainder_t_reg_16__19_/SE
                                3.27           3.38 f        -0.10  (VIOLATED)
   div1/remainder_t_reg_16__20_/SE
                                3.27           3.38 f        -0.10  (VIOLATED)
   div1/remainder_t_reg_16__21_/SE
                                3.27           3.38 f        -0.10  (VIOLATED)
   div1/remainder_t_reg_16__22_/SE
                                3.27           3.38 f        -0.10  (VIOLATED)
   div1/remainder_t_reg_16__23_/SE
                                3.27           3.38 f        -0.10  (VIOLATED)
   div1/remainder_t_reg_16__24_/SE
                                3.27           3.38 f        -0.10  (VIOLATED)
   div1/remainder_t_reg_16__25_/SE
                                3.27           3.38 f        -0.10  (VIOLATED)
   div1/remainder_t_reg_16__26_/SE
                                3.27           3.38 f        -0.10  (VIOLATED)
   div1/remainder_t_reg_16__27_/SE
                                3.27           3.38 f        -0.10  (VIOLATED)
   div1/remainder_t_reg_16__28_/SE
                                3.27           3.38 f        -0.10  (VIOLATED)
   div1/remainder_t_reg_16__29_/SE
                                3.27           3.38 f        -0.10  (VIOLATED)
   div1/remainder_t_reg_16__30_/SE
                                3.27           3.38 f        -0.10  (VIOLATED)
   div1/remainder_t_reg_16__31_/SE
                                3.27           3.38 f        -0.10  (VIOLATED)
   div1/remainder_t_reg_16__32_/SE
                                3.27           3.38 f        -0.10  (VIOLATED)
   div1/remainder_t_reg_16__33_/SE
                                3.27           3.38 f        -0.10  (VIOLATED)
   div1/remainder_t_reg_16__34_/SE
                                3.27           3.38 f        -0.10  (VIOLATED)
   div1/remainder_t_reg_16__35_/SE
                                3.27           3.38 f        -0.10  (VIOLATED)
   div1/remainder_t_reg_16__36_/SE
                                3.27           3.38 f        -0.10  (VIOLATED)
   div1/remainder_t_reg_16__37_/SE
                                3.27           3.38 f        -0.10  (VIOLATED)
   div1/remainder_t_reg_16__38_/SE
                                3.27           3.38 f        -0.10  (VIOLATED)
   div4/remainder_t_reg_20__13_/SE
                                3.27           3.38 f        -0.10  (VIOLATED)
   div4/remainder_t_reg_20__14_/SE
                                3.27           3.38 f        -0.10  (VIOLATED)
   div4/remainder_t_reg_20__15_/SE
                                3.27           3.38 f        -0.10  (VIOLATED)
   div4/remainder_t_reg_20__16_/SE
                                3.27           3.38 f        -0.10  (VIOLATED)
   div4/remainder_t_reg_20__17_/SE
                                3.27           3.38 f        -0.10  (VIOLATED)
   div4/remainder_t_reg_20__18_/SE
                                3.27           3.38 f        -0.10  (VIOLATED)
   div4/remainder_t_reg_20__19_/SE
                                3.27           3.38 f        -0.10  (VIOLATED)
   div4/remainder_t_reg_20__20_/SE
                                3.27           3.38 f        -0.10  (VIOLATED)
   div4/remainder_t_reg_20__21_/SE
                                3.27           3.38 f        -0.10  (VIOLATED)
   div4/remainder_t_reg_20__22_/SE
                                3.27           3.38 f        -0.10  (VIOLATED)
   div4/remainder_t_reg_20__23_/SE
                                3.27           3.38 f        -0.10  (VIOLATED)
   div4/remainder_t_reg_20__24_/SE
                                3.27           3.38 f        -0.10  (VIOLATED)
   div4/remainder_t_reg_20__25_/SE
                                3.27           3.38 f        -0.10  (VIOLATED)
   div4/remainder_t_reg_20__26_/SE
                                3.27           3.38 f        -0.10  (VIOLATED)
   div4/remainder_t_reg_20__27_/SE
                                3.27           3.38 f        -0.10  (VIOLATED)
   div4/remainder_t_reg_20__28_/SE
                                3.27           3.38 f        -0.10  (VIOLATED)
   div4/remainder_t_reg_20__29_/SE
                                3.27           3.38 f        -0.10  (VIOLATED)
   div4/remainder_t_reg_20__30_/SE
                                3.27           3.38 f        -0.10  (VIOLATED)
   div4/remainder_t_reg_20__31_/SE
                                3.27           3.38 f        -0.10  (VIOLATED)
   div4/remainder_t_reg_20__32_/SE
                                3.27           3.38 f        -0.10  (VIOLATED)
   div4/remainder_t_reg_20__33_/SE
                                3.27           3.38 f        -0.10  (VIOLATED)
   div4/remainder_t_reg_20__34_/SE
                                3.27           3.38 f        -0.10  (VIOLATED)
   div4/remainder_t_reg_20__35_/SE
                                3.27           3.38 f        -0.10  (VIOLATED)
   div4/remainder_t_reg_20__36_/SE
                                3.27           3.38 f        -0.10  (VIOLATED)
   div4/remainder_t_reg_20__37_/SE
                                3.27           3.38 f        -0.10  (VIOLATED)
   div4/remainder_t_reg_20__38_/SE
                                3.27           3.38 f        -0.10  (VIOLATED)
   sram_wdata_b3[8]             2.38           2.48 r        -0.10  (VIOLATED)
   sram_wdata_b3[18]            2.38           2.48 r        -0.10  (VIOLATED)
   sram_wdata_b3[28]            2.38           2.48 r        -0.10  (VIOLATED)
   sram_wdata_b3[38]            2.38           2.48 r        -0.10  (VIOLATED)
   sram_wdata_b3[48]            2.38           2.48 r        -0.10  (VIOLATED)
   sram_wdata_b3[58]            2.38           2.48 r        -0.10  (VIOLATED)
   sram_wdata_b3[68]            2.38           2.48 r        -0.10  (VIOLATED)
   sram_wdata_b3[78]            2.38           2.48 r        -0.10  (VIOLATED)
   div4/remainder_t_reg_20__1_/SE
                                3.27           3.37 f        -0.10  (VIOLATED)
   div4/remainder_t_reg_20__2_/SE
                                3.27           3.37 f        -0.10  (VIOLATED)
   div4/remainder_t_reg_20__3_/SE
                                3.27           3.37 f        -0.10  (VIOLATED)
   div4/remainder_t_reg_20__4_/SE
                                3.27           3.37 f        -0.10  (VIOLATED)
   div4/remainder_t_reg_20__5_/SE
                                3.27           3.37 f        -0.10  (VIOLATED)
   div4/remainder_t_reg_20__6_/SE
                                3.27           3.37 f        -0.10  (VIOLATED)
   div4/remainder_t_reg_20__7_/SE
                                3.27           3.37 f        -0.10  (VIOLATED)
   div4/remainder_t_reg_20__8_/SE
                                3.27           3.37 f        -0.10  (VIOLATED)
   div4/remainder_t_reg_20__9_/SE
                                3.27           3.37 f        -0.10  (VIOLATED)
   div4/remainder_t_reg_20__10_/SE
                                3.27           3.37 f        -0.10  (VIOLATED)
   div4/remainder_t_reg_20__11_/SE
                                3.27           3.37 f        -0.10  (VIOLATED)
   div4/remainder_t_reg_20__12_/SE
                                3.27           3.37 f        -0.10  (VIOLATED)
   div6/remainder_t_reg_16__13_/SE
                                3.28           3.38 f        -0.10  (VIOLATED)
   div6/remainder_t_reg_16__14_/SE
                                3.28           3.38 f        -0.10  (VIOLATED)
   div6/remainder_t_reg_16__15_/SE
                                3.28           3.38 f        -0.10  (VIOLATED)
   div6/remainder_t_reg_16__16_/SE
                                3.28           3.38 f        -0.10  (VIOLATED)
   div6/remainder_t_reg_16__17_/SE
                                3.28           3.38 f        -0.10  (VIOLATED)
   div6/remainder_t_reg_16__18_/SE
                                3.28           3.38 f        -0.10  (VIOLATED)
   div6/remainder_t_reg_16__19_/SE
                                3.28           3.38 f        -0.10  (VIOLATED)
   div6/remainder_t_reg_16__20_/SE
                                3.28           3.38 f        -0.10  (VIOLATED)
   div6/remainder_t_reg_16__21_/SE
                                3.28           3.38 f        -0.10  (VIOLATED)
   div6/remainder_t_reg_16__22_/SE
                                3.28           3.38 f        -0.10  (VIOLATED)
   div6/remainder_t_reg_16__23_/SE
                                3.28           3.38 f        -0.10  (VIOLATED)
   div6/remainder_t_reg_16__24_/SE
                                3.28           3.38 f        -0.10  (VIOLATED)
   div6/remainder_t_reg_16__25_/SE
                                3.28           3.38 f        -0.10  (VIOLATED)
   div6/remainder_t_reg_16__26_/SE
                                3.28           3.38 f        -0.10  (VIOLATED)
   div6/remainder_t_reg_16__27_/SE
                                3.28           3.38 f        -0.10  (VIOLATED)
   div6/remainder_t_reg_16__28_/SE
                                3.28           3.38 f        -0.10  (VIOLATED)
   div6/remainder_t_reg_16__29_/SE
                                3.28           3.38 f        -0.10  (VIOLATED)
   div6/remainder_t_reg_16__30_/SE
                                3.28           3.38 f        -0.10  (VIOLATED)
   div6/remainder_t_reg_16__31_/SE
                                3.28           3.38 f        -0.10  (VIOLATED)
   div6/remainder_t_reg_16__32_/SE
                                3.28           3.38 f        -0.10  (VIOLATED)
   div6/remainder_t_reg_16__33_/SE
                                3.28           3.38 f        -0.10  (VIOLATED)
   div6/remainder_t_reg_16__34_/SE
                                3.28           3.38 f        -0.10  (VIOLATED)
   div6/remainder_t_reg_16__35_/SE
                                3.28           3.38 f        -0.10  (VIOLATED)
   div6/remainder_t_reg_16__36_/SE
                                3.28           3.38 f        -0.10  (VIOLATED)
   div6/remainder_t_reg_16__37_/SE
                                3.28           3.38 f        -0.10  (VIOLATED)
   div6/remainder_t_reg_16__38_/SE
                                3.28           3.38 f        -0.10  (VIOLATED)
   vproj_add_reg_6__21_/D       3.34           3.44 r        -0.10  (VIOLATED)
   div2/remainder_t_reg_16__13_/SE
                                3.27           3.37 f        -0.10  (VIOLATED)
   div2/remainder_t_reg_16__14_/SE
                                3.27           3.37 f        -0.10  (VIOLATED)
   div2/remainder_t_reg_16__15_/SE
                                3.27           3.37 f        -0.10  (VIOLATED)
   div2/remainder_t_reg_16__16_/SE
                                3.27           3.37 f        -0.10  (VIOLATED)
   div2/remainder_t_reg_16__17_/SE
                                3.27           3.37 f        -0.10  (VIOLATED)
   div2/remainder_t_reg_16__18_/SE
                                3.27           3.37 f        -0.10  (VIOLATED)
   div2/remainder_t_reg_16__19_/SE
                                3.27           3.37 f        -0.10  (VIOLATED)
   div2/remainder_t_reg_16__20_/SE
                                3.27           3.37 f        -0.10  (VIOLATED)
   div2/remainder_t_reg_16__21_/SE
                                3.27           3.37 f        -0.10  (VIOLATED)
   div2/remainder_t_reg_16__22_/SE
                                3.27           3.37 f        -0.10  (VIOLATED)
   div2/remainder_t_reg_16__23_/SE
                                3.27           3.37 f        -0.10  (VIOLATED)
   div2/remainder_t_reg_16__24_/SE
                                3.27           3.37 f        -0.10  (VIOLATED)
   div2/remainder_t_reg_16__25_/SE
                                3.27           3.37 f        -0.10  (VIOLATED)
   div2/remainder_t_reg_16__26_/SE
                                3.27           3.37 f        -0.10  (VIOLATED)
   div2/remainder_t_reg_16__27_/SE
                                3.27           3.37 f        -0.10  (VIOLATED)
   div2/remainder_t_reg_16__28_/SE
                                3.27           3.37 f        -0.10  (VIOLATED)
   div2/remainder_t_reg_16__29_/SE
                                3.27           3.37 f        -0.10  (VIOLATED)
   div2/remainder_t_reg_16__30_/SE
                                3.27           3.37 f        -0.10  (VIOLATED)
   div2/remainder_t_reg_16__31_/SE
                                3.27           3.37 f        -0.10  (VIOLATED)
   div2/remainder_t_reg_16__32_/SE
                                3.27           3.37 f        -0.10  (VIOLATED)
   div2/remainder_t_reg_16__33_/SE
                                3.27           3.37 f        -0.10  (VIOLATED)
   div2/remainder_t_reg_16__34_/SE
                                3.27           3.37 f        -0.10  (VIOLATED)
   div2/remainder_t_reg_16__35_/SE
                                3.27           3.37 f        -0.10  (VIOLATED)
   div2/remainder_t_reg_16__36_/SE
                                3.27           3.37 f        -0.10  (VIOLATED)
   div2/remainder_t_reg_16__37_/SE
                                3.27           3.37 f        -0.10  (VIOLATED)
   div2/remainder_t_reg_16__38_/SE
                                3.27           3.37 f        -0.10  (VIOLATED)
   qk_result_head_reg_1__24_/D
                                3.34           3.44 r        -0.10  (VIOLATED)
   div1/remainder_t_reg_16__1_/SE
                                3.27           3.37 f        -0.10  (VIOLATED)
   div1/remainder_t_reg_16__2_/SE
                                3.27           3.37 f        -0.10  (VIOLATED)
   div1/remainder_t_reg_16__3_/SE
                                3.27           3.37 f        -0.10  (VIOLATED)
   div1/remainder_t_reg_16__4_/SE
                                3.27           3.37 f        -0.10  (VIOLATED)
   div1/remainder_t_reg_16__5_/SE
                                3.27           3.37 f        -0.10  (VIOLATED)
   div1/remainder_t_reg_16__6_/SE
                                3.27           3.37 f        -0.10  (VIOLATED)
   div1/remainder_t_reg_16__7_/SE
                                3.27           3.37 f        -0.10  (VIOLATED)
   div1/remainder_t_reg_16__8_/SE
                                3.27           3.37 f        -0.10  (VIOLATED)
   div1/remainder_t_reg_16__9_/SE
                                3.27           3.37 f        -0.10  (VIOLATED)
   div1/remainder_t_reg_16__10_/SE
                                3.27           3.37 f        -0.10  (VIOLATED)
   div1/remainder_t_reg_16__11_/SE
                                3.27           3.37 f        -0.10  (VIOLATED)
   div1/remainder_t_reg_16__12_/SE
                                3.27           3.37 f        -0.10  (VIOLATED)
   div1/remainder_t_reg_20__0_/D
                                3.29           3.39 r        -0.10  (VIOLATED)
   div1/remainder_t_reg_8__13_/SE
                                3.27           3.37 f        -0.10  (VIOLATED)
   div1/remainder_t_reg_8__14_/SE
                                3.27           3.37 f        -0.10  (VIOLATED)
   div1/remainder_t_reg_8__15_/SE
                                3.27           3.37 f        -0.10  (VIOLATED)
   div1/remainder_t_reg_8__16_/SE
                                3.27           3.37 f        -0.10  (VIOLATED)
   div1/remainder_t_reg_8__17_/SE
                                3.27           3.37 f        -0.10  (VIOLATED)
   div1/remainder_t_reg_8__18_/SE
                                3.27           3.37 f        -0.10  (VIOLATED)
   div1/remainder_t_reg_8__19_/SE
                                3.27           3.37 f        -0.10  (VIOLATED)
   div1/remainder_t_reg_8__20_/SE
                                3.27           3.37 f        -0.10  (VIOLATED)
   div1/remainder_t_reg_8__21_/SE
                                3.27           3.37 f        -0.10  (VIOLATED)
   div1/remainder_t_reg_8__22_/SE
                                3.27           3.37 f        -0.10  (VIOLATED)
   div1/remainder_t_reg_8__23_/SE
                                3.27           3.37 f        -0.10  (VIOLATED)
   div1/remainder_t_reg_8__24_/SE
                                3.27           3.37 f        -0.10  (VIOLATED)
   div1/remainder_t_reg_8__25_/SE
                                3.27           3.37 f        -0.10  (VIOLATED)
   div1/remainder_t_reg_8__26_/SE
                                3.27           3.37 f        -0.10  (VIOLATED)
   div1/remainder_t_reg_8__27_/SE
                                3.27           3.37 f        -0.10  (VIOLATED)
   div1/remainder_t_reg_8__28_/SE
                                3.27           3.37 f        -0.10  (VIOLATED)
   div1/remainder_t_reg_8__29_/SE
                                3.27           3.37 f        -0.10  (VIOLATED)
   div1/remainder_t_reg_8__30_/SE
                                3.27           3.37 f        -0.10  (VIOLATED)
   div1/remainder_t_reg_8__31_/SE
                                3.27           3.37 f        -0.10  (VIOLATED)
   div1/remainder_t_reg_8__32_/SE
                                3.27           3.37 f        -0.10  (VIOLATED)
   div1/remainder_t_reg_8__33_/SE
                                3.27           3.37 f        -0.10  (VIOLATED)
   div1/remainder_t_reg_8__34_/SE
                                3.27           3.37 f        -0.10  (VIOLATED)
   div1/remainder_t_reg_8__35_/SE
                                3.27           3.37 f        -0.10  (VIOLATED)
   div1/remainder_t_reg_8__36_/SE
                                3.27           3.37 f        -0.10  (VIOLATED)
   div1/remainder_t_reg_8__37_/SE
                                3.27           3.37 f        -0.10  (VIOLATED)
   div1/remainder_t_reg_8__38_/SE
                                3.27           3.37 f        -0.10  (VIOLATED)
   div3/remainder_t_reg_20__13_/SE
                                3.27           3.37 f        -0.10  (VIOLATED)
   div3/remainder_t_reg_20__14_/SE
                                3.27           3.37 f        -0.10  (VIOLATED)
   div3/remainder_t_reg_20__15_/SE
                                3.27           3.37 f        -0.10  (VIOLATED)
   div3/remainder_t_reg_20__16_/SE
                                3.27           3.37 f        -0.10  (VIOLATED)
   div3/remainder_t_reg_20__17_/SE
                                3.27           3.37 f        -0.10  (VIOLATED)
   div3/remainder_t_reg_20__18_/SE
                                3.27           3.37 f        -0.10  (VIOLATED)
   div3/remainder_t_reg_20__19_/SE
                                3.27           3.37 f        -0.10  (VIOLATED)
   div3/remainder_t_reg_20__20_/SE
                                3.27           3.37 f        -0.10  (VIOLATED)
   div3/remainder_t_reg_20__21_/SE
                                3.27           3.37 f        -0.10  (VIOLATED)
   div3/remainder_t_reg_20__22_/SE
                                3.27           3.37 f        -0.10  (VIOLATED)
   div3/remainder_t_reg_20__23_/SE
                                3.27           3.37 f        -0.10  (VIOLATED)
   div3/remainder_t_reg_20__24_/SE
                                3.27           3.37 f        -0.10  (VIOLATED)
   div3/remainder_t_reg_20__25_/SE
                                3.27           3.37 f        -0.10  (VIOLATED)
   div3/remainder_t_reg_20__26_/SE
                                3.27           3.37 f        -0.10  (VIOLATED)
   div3/remainder_t_reg_20__27_/SE
                                3.27           3.37 f        -0.10  (VIOLATED)
   div3/remainder_t_reg_20__28_/SE
                                3.27           3.37 f        -0.10  (VIOLATED)
   div3/remainder_t_reg_20__29_/SE
                                3.27           3.37 f        -0.10  (VIOLATED)
   div3/remainder_t_reg_20__30_/SE
                                3.27           3.37 f        -0.10  (VIOLATED)
   div3/remainder_t_reg_20__31_/SE
                                3.27           3.37 f        -0.10  (VIOLATED)
   div3/remainder_t_reg_20__32_/SE
                                3.27           3.37 f        -0.10  (VIOLATED)
   div3/remainder_t_reg_20__33_/SE
                                3.27           3.37 f        -0.10  (VIOLATED)
   div3/remainder_t_reg_20__34_/SE
                                3.27           3.37 f        -0.10  (VIOLATED)
   div3/remainder_t_reg_20__35_/SE
                                3.27           3.37 f        -0.10  (VIOLATED)
   div3/remainder_t_reg_20__36_/SE
                                3.27           3.37 f        -0.10  (VIOLATED)
   div3/remainder_t_reg_20__37_/SE
                                3.27           3.37 f        -0.10  (VIOLATED)
   div3/remainder_t_reg_20__38_/SE
                                3.27           3.37 f        -0.10  (VIOLATED)
   div2/remainder_t_reg_20__13_/SE
                                3.27           3.37 f        -0.10  (VIOLATED)
   div2/remainder_t_reg_20__14_/SE
                                3.27           3.37 f        -0.10  (VIOLATED)
   div2/remainder_t_reg_20__15_/SE
                                3.27           3.37 f        -0.10  (VIOLATED)
   div2/remainder_t_reg_20__16_/SE
                                3.27           3.37 f        -0.10  (VIOLATED)
   div2/remainder_t_reg_20__17_/SE
                                3.27           3.37 f        -0.10  (VIOLATED)
   div2/remainder_t_reg_20__18_/SE
                                3.27           3.37 f        -0.10  (VIOLATED)
   div2/remainder_t_reg_20__19_/SE
                                3.27           3.37 f        -0.10  (VIOLATED)
   div2/remainder_t_reg_20__20_/SE
                                3.27           3.37 f        -0.10  (VIOLATED)
   div2/remainder_t_reg_20__21_/SE
                                3.27           3.37 f        -0.10  (VIOLATED)
   div2/remainder_t_reg_20__22_/SE
                                3.27           3.37 f        -0.10  (VIOLATED)
   div2/remainder_t_reg_20__23_/SE
                                3.27           3.37 f        -0.10  (VIOLATED)
   div2/remainder_t_reg_20__24_/SE
                                3.27           3.37 f        -0.10  (VIOLATED)
   div2/remainder_t_reg_20__25_/SE
                                3.27           3.37 f        -0.10  (VIOLATED)
   div2/remainder_t_reg_20__26_/SE
                                3.27           3.37 f        -0.10  (VIOLATED)
   div2/remainder_t_reg_20__27_/SE
                                3.27           3.37 f        -0.10  (VIOLATED)
   div2/remainder_t_reg_20__28_/SE
                                3.27           3.37 f        -0.10  (VIOLATED)
   div2/remainder_t_reg_20__29_/SE
                                3.27           3.37 f        -0.10  (VIOLATED)
   div2/remainder_t_reg_20__30_/SE
                                3.27           3.37 f        -0.10  (VIOLATED)
   div2/remainder_t_reg_20__31_/SE
                                3.27           3.37 f        -0.10  (VIOLATED)
   div2/remainder_t_reg_20__32_/SE
                                3.27           3.37 f        -0.10  (VIOLATED)
   div2/remainder_t_reg_20__33_/SE
                                3.27           3.37 f        -0.10  (VIOLATED)
   div2/remainder_t_reg_20__34_/SE
                                3.27           3.37 f        -0.10  (VIOLATED)
   div2/remainder_t_reg_20__35_/SE
                                3.27           3.37 f        -0.10  (VIOLATED)
   div2/remainder_t_reg_20__36_/SE
                                3.27           3.37 f        -0.10  (VIOLATED)
   div2/remainder_t_reg_20__37_/SE
                                3.27           3.37 f        -0.10  (VIOLATED)
   div2/remainder_t_reg_20__38_/SE
                                3.27           3.37 f        -0.10  (VIOLATED)
   div6/remainder_t_reg_16__1_/SE
                                3.28           3.38 f        -0.10  (VIOLATED)
   div6/remainder_t_reg_16__2_/SE
                                3.28           3.38 f        -0.10  (VIOLATED)
   div6/remainder_t_reg_16__3_/SE
                                3.28           3.38 f        -0.10  (VIOLATED)
   div6/remainder_t_reg_16__4_/SE
                                3.28           3.38 f        -0.10  (VIOLATED)
   div6/remainder_t_reg_16__5_/SE
                                3.28           3.38 f        -0.10  (VIOLATED)
   div6/remainder_t_reg_16__6_/SE
                                3.28           3.38 f        -0.10  (VIOLATED)
   div6/remainder_t_reg_16__7_/SE
                                3.28           3.38 f        -0.10  (VIOLATED)
   div6/remainder_t_reg_16__8_/SE
                                3.28           3.38 f        -0.10  (VIOLATED)
   div6/remainder_t_reg_16__9_/SE
                                3.28           3.38 f        -0.10  (VIOLATED)
   div6/remainder_t_reg_16__10_/SE
                                3.28           3.38 f        -0.10  (VIOLATED)
   div6/remainder_t_reg_16__11_/SE
                                3.28           3.38 f        -0.10  (VIOLATED)
   div6/remainder_t_reg_16__12_/SE
                                3.28           3.38 f        -0.10  (VIOLATED)
   bank0_proj_mul_n_reg_0__19_/D
                                3.34           3.44 r        -0.10  (VIOLATED)
   bank1_proj_mul_n_reg_5__18_/D
                                3.34           3.44 r        -0.10  (VIOLATED)
   div6/merchant_t_reg_20__0_/D
                                3.32           3.42 r        -0.10  (VIOLATED)
   div2/remainder_t_reg_8__2_/SE
                                3.27           3.37 f        -0.10  (VIOLATED)
   div2/remainder_t_reg_8__3_/SE
                                3.27           3.37 f        -0.10  (VIOLATED)
   div2/remainder_t_reg_8__5_/SE
                                3.27           3.37 f        -0.10  (VIOLATED)
   div2/remainder_t_reg_8__6_/SE
                                3.27           3.37 f        -0.10  (VIOLATED)
   div2/remainder_t_reg_8__8_/SE
                                3.27           3.37 f        -0.10  (VIOLATED)
   div2/remainder_t_reg_8__9_/SE
                                3.27           3.37 f        -0.10  (VIOLATED)
   div2/remainder_t_reg_8__11_/SE
                                3.27           3.37 f        -0.10  (VIOLATED)
   div2/remainder_t_reg_8__12_/SE
                                3.27           3.37 f        -0.10  (VIOLATED)
   div2/remainder_t_reg_8__13_/SE
                                3.27           3.37 f        -0.10  (VIOLATED)
   div2/remainder_t_reg_8__15_/SE
                                3.27           3.37 f        -0.10  (VIOLATED)
   div2/remainder_t_reg_8__16_/SE
                                3.27           3.37 f        -0.10  (VIOLATED)
   div2/remainder_t_reg_8__18_/SE
                                3.27           3.37 f        -0.10  (VIOLATED)
   div2/remainder_t_reg_8__19_/SE
                                3.27           3.37 f        -0.10  (VIOLATED)
   div2/remainder_t_reg_8__21_/SE
                                3.27           3.37 f        -0.10  (VIOLATED)
   div2/remainder_t_reg_8__22_/SE
                                3.27           3.37 f        -0.10  (VIOLATED)
   div2/remainder_t_reg_8__24_/SE
                                3.27           3.37 f        -0.10  (VIOLATED)
   div2/remainder_t_reg_8__25_/SE
                                3.27           3.37 f        -0.10  (VIOLATED)
   div2/remainder_t_reg_8__26_/SE
                                3.27           3.37 f        -0.10  (VIOLATED)
   div2/remainder_t_reg_8__27_/SE
                                3.27           3.37 f        -0.10  (VIOLATED)
   div2/remainder_t_reg_8__29_/SE
                                3.27           3.37 f        -0.10  (VIOLATED)
   div2/remainder_t_reg_8__30_/SE
                                3.27           3.37 f        -0.10  (VIOLATED)
   div2/remainder_t_reg_8__32_/SE
                                3.27           3.37 f        -0.10  (VIOLATED)
   div2/remainder_t_reg_8__33_/SE
                                3.27           3.37 f        -0.10  (VIOLATED)
   div2/remainder_t_reg_8__35_/SE
                                3.27           3.37 f        -0.10  (VIOLATED)
   div2/remainder_t_reg_8__36_/SE
                                3.27           3.37 f        -0.10  (VIOLATED)
   div2/remainder_t_reg_8__38_/SE
                                3.27           3.37 f        -0.10  (VIOLATED)
   div3/remainder_t_reg_20__1_/SE
                                3.27           3.37 f        -0.10  (VIOLATED)
   div3/remainder_t_reg_20__2_/SE
                                3.27           3.37 f        -0.10  (VIOLATED)
   div3/remainder_t_reg_20__3_/SE
                                3.27           3.37 f        -0.10  (VIOLATED)
   div3/remainder_t_reg_20__4_/SE
                                3.27           3.37 f        -0.10  (VIOLATED)
   div3/remainder_t_reg_20__5_/SE
                                3.27           3.37 f        -0.10  (VIOLATED)
   div3/remainder_t_reg_20__6_/SE
                                3.27           3.37 f        -0.10  (VIOLATED)
   div3/remainder_t_reg_20__7_/SE
                                3.27           3.37 f        -0.10  (VIOLATED)
   div3/remainder_t_reg_20__8_/SE
                                3.27           3.37 f        -0.10  (VIOLATED)
   div3/remainder_t_reg_20__9_/SE
                                3.27           3.37 f        -0.10  (VIOLATED)
   div3/remainder_t_reg_20__10_/SE
                                3.27           3.37 f        -0.10  (VIOLATED)
   div3/remainder_t_reg_20__11_/SE
                                3.27           3.37 f        -0.10  (VIOLATED)
   div3/remainder_t_reg_20__12_/SE
                                3.27           3.37 f        -0.10  (VIOLATED)
   div2/remainder_t_reg_20__1_/SE
                                3.27           3.37 f        -0.10  (VIOLATED)
   div2/remainder_t_reg_20__2_/SE
                                3.27           3.37 f        -0.10  (VIOLATED)
   div2/remainder_t_reg_20__3_/SE
                                3.27           3.37 f        -0.10  (VIOLATED)
   div2/remainder_t_reg_20__4_/SE
                                3.27           3.37 f        -0.10  (VIOLATED)
   div2/remainder_t_reg_20__5_/SE
                                3.27           3.37 f        -0.10  (VIOLATED)
   div2/remainder_t_reg_20__6_/SE
                                3.27           3.37 f        -0.10  (VIOLATED)
   div2/remainder_t_reg_20__7_/SE
                                3.27           3.37 f        -0.10  (VIOLATED)
   div2/remainder_t_reg_20__8_/SE
                                3.27           3.37 f        -0.10  (VIOLATED)
   div2/remainder_t_reg_20__9_/SE
                                3.27           3.37 f        -0.10  (VIOLATED)
   div2/remainder_t_reg_20__10_/SE
                                3.27           3.37 f        -0.10  (VIOLATED)
   div2/remainder_t_reg_20__11_/SE
                                3.27           3.37 f        -0.10  (VIOLATED)
   div2/remainder_t_reg_20__12_/SE
                                3.27           3.37 f        -0.10  (VIOLATED)
   div2/remainder_t_reg_16__1_/SE
                                3.27           3.37 f        -0.10  (VIOLATED)
   div2/remainder_t_reg_16__2_/SE
                                3.27           3.37 f        -0.10  (VIOLATED)
   div2/remainder_t_reg_16__3_/SE
                                3.27           3.37 f        -0.10  (VIOLATED)
   div2/remainder_t_reg_16__4_/SE
                                3.27           3.37 f        -0.10  (VIOLATED)
   div2/remainder_t_reg_16__5_/SE
                                3.27           3.37 f        -0.10  (VIOLATED)
   div2/remainder_t_reg_16__6_/SE
                                3.27           3.37 f        -0.10  (VIOLATED)
   div2/remainder_t_reg_16__7_/SE
                                3.27           3.37 f        -0.10  (VIOLATED)
   div2/remainder_t_reg_16__8_/SE
                                3.27           3.37 f        -0.10  (VIOLATED)
   div2/remainder_t_reg_16__9_/SE
                                3.27           3.37 f        -0.10  (VIOLATED)
   div2/remainder_t_reg_16__10_/SE
                                3.27           3.37 f        -0.10  (VIOLATED)
   div2/remainder_t_reg_16__11_/SE
                                3.27           3.37 f        -0.10  (VIOLATED)
   div2/remainder_t_reg_16__12_/SE
                                3.27           3.37 f        -0.10  (VIOLATED)
   div0/remainder_t_reg_20__0_/D
                                3.29           3.39 r        -0.10  (VIOLATED)
   div1/remainder_t_reg_8__1_/SE
                                3.27           3.37 f        -0.10  (VIOLATED)
   div1/remainder_t_reg_8__2_/SE
                                3.27           3.37 f        -0.10  (VIOLATED)
   div1/remainder_t_reg_8__3_/SE
                                3.27           3.37 f        -0.10  (VIOLATED)
   div1/remainder_t_reg_8__4_/SE
                                3.27           3.37 f        -0.10  (VIOLATED)
   div1/remainder_t_reg_8__5_/SE
                                3.27           3.37 f        -0.10  (VIOLATED)
   div1/remainder_t_reg_8__6_/SE
                                3.27           3.37 f        -0.10  (VIOLATED)
   div1/remainder_t_reg_8__7_/SE
                                3.27           3.37 f        -0.10  (VIOLATED)
   div1/remainder_t_reg_8__8_/SE
                                3.27           3.37 f        -0.10  (VIOLATED)
   div1/remainder_t_reg_8__9_/SE
                                3.27           3.37 f        -0.10  (VIOLATED)
   div1/remainder_t_reg_8__10_/SE
                                3.27           3.37 f        -0.10  (VIOLATED)
   div1/remainder_t_reg_8__11_/SE
                                3.27           3.37 f        -0.10  (VIOLATED)
   div1/remainder_t_reg_8__12_/SE
                                3.27           3.37 f        -0.10  (VIOLATED)
   div2/remainder_t_reg_8__1_/SE
                                3.27           3.37 f        -0.10  (VIOLATED)
   div2/remainder_t_reg_8__4_/SE
                                3.27           3.37 f        -0.10  (VIOLATED)
   div2/remainder_t_reg_8__7_/SE
                                3.27           3.37 f        -0.10  (VIOLATED)
   div2/remainder_t_reg_8__10_/SE
                                3.27           3.37 f        -0.10  (VIOLATED)
   div2/remainder_t_reg_8__14_/SE
                                3.27           3.37 f        -0.10  (VIOLATED)
   div2/remainder_t_reg_8__17_/SE
                                3.27           3.37 f        -0.10  (VIOLATED)
   div2/remainder_t_reg_8__20_/SE
                                3.27           3.37 f        -0.10  (VIOLATED)
   div2/remainder_t_reg_8__23_/SE
                                3.27           3.37 f        -0.10  (VIOLATED)
   div2/remainder_t_reg_8__28_/SE
                                3.27           3.37 f        -0.10  (VIOLATED)
   div2/remainder_t_reg_8__31_/SE
                                3.27           3.37 f        -0.10  (VIOLATED)
   div2/remainder_t_reg_8__34_/SE
                                3.27           3.37 f        -0.10  (VIOLATED)
   div2/remainder_t_reg_8__37_/SE
                                3.27           3.37 f        -0.10  (VIOLATED)
   bank3_proj_mul_n_reg_0__18_/D
                                3.34           3.44 r        -0.09  (VIOLATED)
   div7/remainder_t_reg_20__0_/D
                                3.29           3.38 r        -0.09  (VIOLATED)
   bank1_proj_mul_n_reg_6__18_/D
                                3.34           3.43 r        -0.09  (VIOLATED)
   bank2_proj_mul_n_reg_2__18_/D
                                3.34           3.43 r        -0.09  (VIOLATED)
   div5/remainder_t_reg_20__0_/D
                                3.29           3.38 r        -0.09  (VIOLATED)
   sram_wdata_b0[8]             2.38           2.47 r        -0.09  (VIOLATED)
   sram_wdata_b0[18]            2.38           2.47 r        -0.09  (VIOLATED)
   sram_wdata_b0[28]            2.38           2.47 r        -0.09  (VIOLATED)
   sram_wdata_b0[38]            2.38           2.47 r        -0.09  (VIOLATED)
   sram_wdata_b0[48]            2.38           2.47 r        -0.09  (VIOLATED)
   sram_wdata_b0[58]            2.38           2.47 r        -0.09  (VIOLATED)
   sram_wdata_b0[68]            2.38           2.47 r        -0.09  (VIOLATED)
   sram_wdata_b0[78]            2.38           2.47 r        -0.09  (VIOLATED)
   bank0_proj_mul_n_reg_5__19_/D
                                3.34           3.43 r        -0.09  (VIOLATED)
   bank2_proj_mul_n_reg_4__19_/D
                                3.34           3.43 r        -0.09  (VIOLATED)
   token_x_nor_result_reg_2__18_/D
                                3.34           3.43 r        -0.09  (VIOLATED)
   bank3_proj_mul_n_reg_0__19_/D
                                3.34           3.43 r        -0.09  (VIOLATED)
   token_mae_reg_13_/D          3.34           3.43 r        -0.09  (VIOLATED)
   bank1_proj_mul_n_reg_7__18_/D
                                3.34           3.43 r        -0.09  (VIOLATED)
   bank2_proj_mul_n_reg_4__17_/D
                                3.34           3.43 r        -0.09  (VIOLATED)
   bank1_proj_mul_n_reg_3__18_/D
                                3.34           3.43 r        -0.09  (VIOLATED)
   div4/remainder_t_reg_20__0_/D
                                3.29           3.38 r        -0.09  (VIOLATED)
   bank2_proj_mul_n_reg_5__18_/D
                                3.34           3.43 r        -0.09  (VIOLATED)
   sram_wdata_b2[17]            2.38           2.47 r        -0.09  (VIOLATED)
   sram_wdata_b2[27]            2.38           2.47 r        -0.09  (VIOLATED)
   sram_wdata_b2[47]            2.38           2.47 r        -0.09  (VIOLATED)
   sram_wdata_b2[77]            2.38           2.47 r        -0.09  (VIOLATED)
   bank3_proj_mul_n_reg_5__18_/D
                                3.34           3.43 r        -0.09  (VIOLATED)
   vproj_add_reg_6__20_/D       3.34           3.42 r        -0.08  (VIOLATED)
   div0/remainder_t_reg_8__13_/SE
                                3.28           3.36 f        -0.08  (VIOLATED)
   div0/remainder_t_reg_8__14_/SE
                                3.28           3.36 f        -0.08  (VIOLATED)
   div0/remainder_t_reg_8__15_/SE
                                3.28           3.36 f        -0.08  (VIOLATED)
   div0/remainder_t_reg_8__16_/SE
                                3.28           3.36 f        -0.08  (VIOLATED)
   div0/remainder_t_reg_8__17_/SE
                                3.28           3.36 f        -0.08  (VIOLATED)
   div0/remainder_t_reg_8__18_/SE
                                3.28           3.36 f        -0.08  (VIOLATED)
   div0/remainder_t_reg_8__19_/SE
                                3.28           3.36 f        -0.08  (VIOLATED)
   div0/remainder_t_reg_8__20_/SE
                                3.28           3.36 f        -0.08  (VIOLATED)
   div0/remainder_t_reg_8__21_/SE
                                3.28           3.36 f        -0.08  (VIOLATED)
   div0/remainder_t_reg_8__22_/SE
                                3.28           3.36 f        -0.08  (VIOLATED)
   div0/remainder_t_reg_8__23_/SE
                                3.28           3.36 f        -0.08  (VIOLATED)
   div0/remainder_t_reg_8__24_/SE
                                3.28           3.36 f        -0.08  (VIOLATED)
   div0/remainder_t_reg_8__25_/SE
                                3.28           3.36 f        -0.08  (VIOLATED)
   div0/remainder_t_reg_8__26_/SE
                                3.28           3.36 f        -0.08  (VIOLATED)
   div0/remainder_t_reg_8__27_/SE
                                3.28           3.36 f        -0.08  (VIOLATED)
   div0/remainder_t_reg_8__28_/SE
                                3.28           3.36 f        -0.08  (VIOLATED)
   div0/remainder_t_reg_8__29_/SE
                                3.28           3.36 f        -0.08  (VIOLATED)
   div0/remainder_t_reg_8__30_/SE
                                3.28           3.36 f        -0.08  (VIOLATED)
   div0/remainder_t_reg_8__31_/SE
                                3.28           3.36 f        -0.08  (VIOLATED)
   div0/remainder_t_reg_8__32_/SE
                                3.28           3.36 f        -0.08  (VIOLATED)
   div0/remainder_t_reg_8__33_/SE
                                3.28           3.36 f        -0.08  (VIOLATED)
   div0/remainder_t_reg_8__34_/SE
                                3.28           3.36 f        -0.08  (VIOLATED)
   div0/remainder_t_reg_8__35_/SE
                                3.28           3.36 f        -0.08  (VIOLATED)
   div0/remainder_t_reg_8__36_/SE
                                3.28           3.36 f        -0.08  (VIOLATED)
   div0/remainder_t_reg_8__37_/SE
                                3.28           3.36 f        -0.08  (VIOLATED)
   div0/remainder_t_reg_8__38_/SE
                                3.28           3.36 f        -0.08  (VIOLATED)
   bank3_proj_mul_n_reg_3__17_/D
                                3.34           3.43 r        -0.08  (VIOLATED)
   div0/merchant_t_reg_12__0_/D
                                3.32           3.41 r        -0.08  (VIOLATED)
   div0/remainder_t_reg_8__1_/SE
                                3.28           3.36 f        -0.08  (VIOLATED)
   div0/remainder_t_reg_8__2_/SE
                                3.28           3.36 f        -0.08  (VIOLATED)
   div0/remainder_t_reg_8__3_/SE
                                3.28           3.36 f        -0.08  (VIOLATED)
   div0/remainder_t_reg_8__4_/SE
                                3.28           3.36 f        -0.08  (VIOLATED)
   div0/remainder_t_reg_8__5_/SE
                                3.28           3.36 f        -0.08  (VIOLATED)
   div0/remainder_t_reg_8__6_/SE
                                3.28           3.36 f        -0.08  (VIOLATED)
   div0/remainder_t_reg_8__7_/SE
                                3.28           3.36 f        -0.08  (VIOLATED)
   div0/remainder_t_reg_8__8_/SE
                                3.28           3.36 f        -0.08  (VIOLATED)
   div0/remainder_t_reg_8__9_/SE
                                3.28           3.36 f        -0.08  (VIOLATED)
   div0/remainder_t_reg_8__10_/SE
                                3.28           3.36 f        -0.08  (VIOLATED)
   div0/remainder_t_reg_8__11_/SE
                                3.28           3.36 f        -0.08  (VIOLATED)
   div0/remainder_t_reg_8__12_/SE
                                3.28           3.36 f        -0.08  (VIOLATED)
   token_x_nor_result_reg_3__18_/D
                                3.34           3.42 r        -0.08  (VIOLATED)
   bank0_proj_mul_n_reg_3__17_/D
                                3.34           3.42 r        -0.08  (VIOLATED)
   token_mae_reg_15_/D          3.34           3.42 r        -0.08  (VIOLATED)
   bank3_proj_mul_n_reg_2__19_/D
                                3.33           3.41 r        -0.08  (VIOLATED)
   token_x_nor_result_reg_2__16_/D
                                3.34           3.42 r        -0.08  (VIOLATED)
   bank2_proj_reg_reg_19_/D     3.34           3.42 r        -0.08  (VIOLATED)
   token_x_nor_result_reg_2__17_/D
                                3.34           3.42 r        -0.08  (VIOLATED)
   bank3_proj_mul_n_reg_7__19_/D
                                3.34           3.42 r        -0.08  (VIOLATED)
   sram_wdata_b2[7]             2.38           2.46 r        -0.08  (VIOLATED)
   sram_wdata_b2[37]            2.38           2.46 r        -0.08  (VIOLATED)
   sram_wdata_b2[57]            2.38           2.46 r        -0.08  (VIOLATED)
   sram_wdata_b2[67]            2.38           2.46 r        -0.08  (VIOLATED)
   div3/remainder_t_reg_20__0_/D
                                3.29           3.37 r        -0.08  (VIOLATED)
   bank3_proj_mul_n_reg_5__17_/D
                                3.34           3.42 r        -0.08  (VIOLATED)
   div2/remainder_t_reg_20__0_/D
                                3.29           3.37 r        -0.08  (VIOLATED)
   div5/merchant_t_reg_8__0_/D
                                3.32           3.40 r        -0.08  (VIOLATED)
   bank0_proj_mul_n_reg_4__18_/D
                                3.34           3.42 r        -0.08  (VIOLATED)
   bank3_proj_mul_n_reg_7__17_/D
                                3.34           3.42 r        -0.07  (VIOLATED)
   bank0_proj_mul_n_reg_5__17_/D
                                3.34           3.42 r        -0.07  (VIOLATED)
   qk_result_head_reg_2__24_/D
                                3.34           3.41 r        -0.07  (VIOLATED)
   div7/merchant_t_reg_12__0_/D
                                3.32           3.40 r        -0.07  (VIOLATED)
   div5/merchant_t_reg_12__0_/D
                                3.32           3.40 r        -0.07  (VIOLATED)
   bank3_proj_mul_n_reg_1__17_/D
                                3.34           3.41 r        -0.07  (VIOLATED)
   div3/merchant_t_reg_16__0_/D
                                3.32           3.39 r        -0.07  (VIOLATED)
   div6/merchant_t_reg_12__0_/D
                                3.33           3.40 r        -0.07  (VIOLATED)
   div7/merchant_t_reg_16__0_/D
                                3.33           3.40 r        -0.07  (VIOLATED)
   div3/merchant_t_reg_12__0_/D
                                3.32           3.39 r        -0.07  (VIOLATED)
   div4/merchant_t_reg_12__0_/D
                                3.32           3.39 r        -0.07  (VIOLATED)
   sram_wdata_b1[7]             2.38           2.45 r        -0.07  (VIOLATED)
   sram_wdata_b1[27]            2.38           2.45 r        -0.07  (VIOLATED)
   sram_wdata_b1[57]            2.38           2.45 r        -0.07  (VIOLATED)
   div2/merchant_t_reg_12__0_/D
                                3.32           3.39 r        -0.07  (VIOLATED)
   token_x_nor_result_reg_5__18_/D
                                3.34           3.41 r        -0.07  (VIOLATED)
   div0/merchant_t_reg_16__0_/D
                                3.33           3.40 r        -0.07  (VIOLATED)
   div1/merchant_t_reg_20__0_/D
                                3.32           3.39 r        -0.07  (VIOLATED)
   div4/merchant_t_reg_16__0_/D
                                3.32           3.39 r        -0.07  (VIOLATED)
   div6/merchant_t_reg_8__0_/D
                                3.33           3.40 r        -0.07  (VIOLATED)
   div0/merchant_t_reg_20__0_/D
                                3.32           3.39 r        -0.06  (VIOLATED)
   token_x_nor_result_reg_2__19_/D
                                3.33           3.40 r        -0.06  (VIOLATED)
   qk_result_head_reg_3__23_/D
                                3.34           3.41 r        -0.06  (VIOLATED)
   div2/merchant_t_reg_0__0_/D
                                3.34           3.40 r        -0.06  (VIOLATED)
   bank2_proj_mul_n_reg_5__17_/D
                                3.34           3.41 r        -0.06  (VIOLATED)
   div4/merchant_t_reg_8__0_/D
                                3.32           3.39 r        -0.06  (VIOLATED)
   vproj_add_reg_1__20_/D       3.34           3.40 r        -0.06  (VIOLATED)
   div7/merchant_t_reg_20__0_/D
                                3.32           3.38 r        -0.06  (VIOLATED)
   div5/merchant_t_reg_16__0_/D
                                3.33           3.39 r        -0.06  (VIOLATED)
   qk_result_head_reg_2__22_/D
                                3.34           3.40 r        -0.06  (VIOLATED)
   bank0_proj_mul_n_reg_0__17_/D
                                3.34           3.40 r        -0.06  (VIOLATED)
   bank1_proj_mul_n_reg_6__17_/D
                                3.34           3.40 r        -0.06  (VIOLATED)
   div3/remainder_t_reg_8__13_/SE
                                3.28           3.34 f        -0.06  (VIOLATED)
   div3/remainder_t_reg_8__14_/SE
                                3.28           3.34 f        -0.06  (VIOLATED)
   div3/remainder_t_reg_8__15_/SE
                                3.28           3.34 f        -0.06  (VIOLATED)
   div3/remainder_t_reg_8__16_/SE
                                3.28           3.34 f        -0.06  (VIOLATED)
   div3/remainder_t_reg_8__17_/SE
                                3.28           3.34 f        -0.06  (VIOLATED)
   div3/remainder_t_reg_8__18_/SE
                                3.28           3.34 f        -0.06  (VIOLATED)
   div3/remainder_t_reg_8__19_/SE
                                3.28           3.34 f        -0.06  (VIOLATED)
   div3/remainder_t_reg_8__20_/SE
                                3.28           3.34 f        -0.06  (VIOLATED)
   div3/remainder_t_reg_8__21_/SE
                                3.28           3.34 f        -0.06  (VIOLATED)
   div3/remainder_t_reg_8__22_/SE
                                3.28           3.34 f        -0.06  (VIOLATED)
   div3/remainder_t_reg_8__23_/SE
                                3.28           3.34 f        -0.06  (VIOLATED)
   div3/remainder_t_reg_8__24_/SE
                                3.28           3.34 f        -0.06  (VIOLATED)
   div3/remainder_t_reg_8__25_/SE
                                3.28           3.34 f        -0.06  (VIOLATED)
   div3/remainder_t_reg_8__26_/SE
                                3.28           3.34 f        -0.06  (VIOLATED)
   div3/remainder_t_reg_8__27_/SE
                                3.28           3.34 f        -0.06  (VIOLATED)
   div3/remainder_t_reg_8__28_/SE
                                3.28           3.34 f        -0.06  (VIOLATED)
   div3/remainder_t_reg_8__29_/SE
                                3.28           3.34 f        -0.06  (VIOLATED)
   div3/remainder_t_reg_8__30_/SE
                                3.28           3.34 f        -0.06  (VIOLATED)
   div3/remainder_t_reg_8__31_/SE
                                3.28           3.34 f        -0.06  (VIOLATED)
   div3/remainder_t_reg_8__32_/SE
                                3.28           3.34 f        -0.06  (VIOLATED)
   div3/remainder_t_reg_8__33_/SE
                                3.28           3.34 f        -0.06  (VIOLATED)
   div3/remainder_t_reg_8__34_/SE
                                3.28           3.34 f        -0.06  (VIOLATED)
   div3/remainder_t_reg_8__35_/SE
                                3.28           3.34 f        -0.06  (VIOLATED)
   div3/remainder_t_reg_8__36_/SE
                                3.28           3.34 f        -0.06  (VIOLATED)
   div3/remainder_t_reg_8__37_/SE
                                3.28           3.34 f        -0.06  (VIOLATED)
   div3/remainder_t_reg_8__38_/SE
                                3.28           3.34 f        -0.06  (VIOLATED)
   qk_result_head_reg_3__24_/D
                                3.34           3.40 r        -0.06  (VIOLATED)
   sram_wdata_b1[17]            2.38           2.44 r        -0.06  (VIOLATED)
   sram_wdata_b1[37]            2.38           2.44 r        -0.06  (VIOLATED)
   sram_wdata_b1[47]            2.38           2.44 r        -0.06  (VIOLATED)
   sram_wdata_b1[67]            2.38           2.44 r        -0.06  (VIOLATED)
   sram_wdata_b1[77]            2.38           2.44 r        -0.06  (VIOLATED)
   div5/merchant_t_reg_20__0_/D
                                3.32           3.38 r        -0.06  (VIOLATED)
   div3/remainder_t_reg_8__1_/SE
                                3.28           3.34 f        -0.06  (VIOLATED)
   div3/remainder_t_reg_8__2_/SE
                                3.28           3.34 f        -0.06  (VIOLATED)
   div3/remainder_t_reg_8__3_/SE
                                3.28           3.34 f        -0.06  (VIOLATED)
   div3/remainder_t_reg_8__4_/SE
                                3.28           3.34 f        -0.06  (VIOLATED)
   div3/remainder_t_reg_8__5_/SE
                                3.28           3.34 f        -0.06  (VIOLATED)
   div3/remainder_t_reg_8__6_/SE
                                3.28           3.34 f        -0.06  (VIOLATED)
   div3/remainder_t_reg_8__7_/SE
                                3.28           3.34 f        -0.06  (VIOLATED)
   div3/remainder_t_reg_8__8_/SE
                                3.28           3.34 f        -0.06  (VIOLATED)
   div3/remainder_t_reg_8__9_/SE
                                3.28           3.34 f        -0.06  (VIOLATED)
   div3/remainder_t_reg_8__10_/SE
                                3.28           3.34 f        -0.06  (VIOLATED)
   div3/remainder_t_reg_8__11_/SE
                                3.28           3.34 f        -0.06  (VIOLATED)
   div3/remainder_t_reg_8__12_/SE
                                3.28           3.34 f        -0.06  (VIOLATED)
   div7/merchant_t_reg_8__0_/D
                                3.32           3.38 r        -0.06  (VIOLATED)
   div1/merchant_t_reg_12__0_/D
                                3.32           3.38 r        -0.06  (VIOLATED)
   div1/merchant_t_reg_16__0_/D
                                3.32           3.38 r        -0.05  (VIOLATED)
   div4/merchant_t_reg_20__0_/D
                                3.32           3.38 r        -0.05  (VIOLATED)
   token_mean_reg_12_/D         3.34           3.39 r        -0.05  (VIOLATED)
   token_x_nor_result_reg_1__19_/D
                                3.36           3.41 f        -0.05  (VIOLATED)
   sram_wdata_b1[6]             2.38           2.43 r        -0.05  (VIOLATED)
   sram_wdata_b1[16]            2.38           2.43 r        -0.05  (VIOLATED)
   sram_wdata_b1[26]            2.38           2.43 r        -0.05  (VIOLATED)
   sram_wdata_b1[36]            2.38           2.43 r        -0.05  (VIOLATED)
   sram_wdata_b1[46]            2.38           2.43 r        -0.05  (VIOLATED)
   sram_wdata_b1[56]            2.38           2.43 r        -0.05  (VIOLATED)
   sram_wdata_b1[66]            2.38           2.43 r        -0.05  (VIOLATED)
   sram_wdata_b1[76]            2.38           2.43 r        -0.05  (VIOLATED)
   bank1_proj_mul_n_reg_7__19_/D
                                3.34           3.39 r        -0.05  (VIOLATED)
   sram_wdata_b2[6]             2.38           2.43 r        -0.05  (VIOLATED)
   sram_wdata_b2[16]            2.38           2.43 r        -0.05  (VIOLATED)
   sram_wdata_b2[26]            2.38           2.43 r        -0.05  (VIOLATED)
   sram_wdata_b2[36]            2.38           2.43 r        -0.05  (VIOLATED)
   sram_wdata_b2[46]            2.38           2.43 r        -0.05  (VIOLATED)
   sram_wdata_b2[56]            2.38           2.43 r        -0.05  (VIOLATED)
   sram_wdata_b2[66]            2.38           2.43 r        -0.05  (VIOLATED)
   sram_wdata_b2[76]            2.38           2.43 r        -0.05  (VIOLATED)
   bank3_proj_mul_n_reg_0__17_/D
                                3.34           3.39 r        -0.05  (VIOLATED)
   bank0_proj_reg_reg_18_/D     3.34           3.39 r        -0.05  (VIOLATED)
   div1/remainder_t_reg_16__0_/D
                                3.34           3.39 r        -0.05  (VIOLATED)
   div6/merchant_t_reg_16__0_/D
                                3.33           3.38 r        -0.05  (VIOLATED)
   div2/merchant_t_reg_16__0_/D
                                3.32           3.37 r        -0.05  (VIOLATED)
   bank1_proj_mul_n_reg_5__19_/D
                                3.36           3.41 f        -0.05  (VIOLATED)
   bank2_proj_mul_n_reg_0__18_/D
                                3.34           3.39 r        -0.05  (VIOLATED)
   div3/merchant_t_reg_20__0_/D
                                3.32           3.37 r        -0.04  (VIOLATED)
   div0/remainder_t_reg_12__0_/D
                                3.34           3.39 r        -0.04  (VIOLATED)
   div2/merchant_t_reg_20__0_/D
                                3.32           3.37 r        -0.04  (VIOLATED)
   bank3_proj_mul_n_reg_2__18_/D
                                3.34           3.39 r        -0.04  (VIOLATED)
   bank2_proj_mul_n_reg_6__19_/D
                                3.34           3.38 r        -0.04  (VIOLATED)
   bank1_proj_mul_n_reg_3__19_/D
                                3.36           3.41 f        -0.04  (VIOLATED)
   bank0_proj_mul_n_reg_4__17_/D
                                3.34           3.39 r        -0.04  (VIOLATED)
   qk_result_head_reg_1__22_/D
                                3.34           3.38 r        -0.04  (VIOLATED)
   bank0_proj_mul_n_reg_6__19_/D
                                3.34           3.38 r        -0.04  (VIOLATED)
   div1/merchant_t_reg_8__0_/D
                                3.32           3.37 r        -0.04  (VIOLATED)
   bank0_proj_mul_n_reg_2__19_/D
                                3.34           3.38 r        -0.04  (VIOLATED)
   bank2_proj_mul_n_reg_1__19_/D
                                3.34           3.38 r        -0.04  (VIOLATED)
   bank3_proj_mul_n_reg_4__19_/D
                                3.34           3.38 r        -0.04  (VIOLATED)
   bank1_proj_mul_n_reg_2__19_/D
                                3.34           3.38 r        -0.04  (VIOLATED)
   bank0_proj_mul_n_reg_7__19_/D
                                3.34           3.38 r        -0.04  (VIOLATED)
   bank3_proj_mul_n_reg_6__19_/D
                                3.34           3.38 r        -0.04  (VIOLATED)
   bank2_proj_mul_n_reg_3__19_/D
                                3.34           3.38 r        -0.04  (VIOLATED)
   bank2_proj_mul_n_reg_2__19_/D
                                3.35           3.38 f        -0.04  (VIOLATED)
   token_x_nor_result_reg_1__18_/D
                                3.34           3.38 r        -0.04  (VIOLATED)
   div5/remainder_t_reg_8__0_/D
                                3.34           3.38 r        -0.04  (VIOLATED)
   div6/remainder_t_reg_20__18_/SI
                                3.30           3.34 r        -0.04  (VIOLATED)
   div6/remainder_t_reg_20__24_/SI
                                3.30           3.34 r        -0.04  (VIOLATED)
   div6/remainder_t_reg_20__19_/SI
                                3.30           3.34 r        -0.04  (VIOLATED)
   div6/remainder_t_reg_20__21_/SI
                                3.30           3.34 r        -0.04  (VIOLATED)
   div6/remainder_t_reg_20__23_/SI
                                3.30           3.34 r        -0.04  (VIOLATED)
   div6/remainder_t_reg_20__25_/SI
                                3.30           3.34 r        -0.04  (VIOLATED)
   div6/remainder_t_reg_20__26_/SI
                                3.30           3.34 r        -0.04  (VIOLATED)
   div6/remainder_t_reg_20__27_/SI
                                3.30           3.34 r        -0.04  (VIOLATED)
   div6/remainder_t_reg_20__28_/SI
                                3.30           3.34 r        -0.04  (VIOLATED)
   div6/remainder_t_reg_20__29_/SI
                                3.30           3.34 r        -0.04  (VIOLATED)
   div6/remainder_t_reg_20__30_/SI
                                3.30           3.34 r        -0.04  (VIOLATED)
   div6/remainder_t_reg_20__31_/SI
                                3.30           3.34 r        -0.04  (VIOLATED)
   div6/remainder_t_reg_20__20_/SI
                                3.30           3.34 r        -0.04  (VIOLATED)
   div6/remainder_t_reg_20__17_/SI
                                3.30           3.34 r        -0.04  (VIOLATED)
   div6/remainder_t_reg_20__22_/SI
                                3.30           3.34 r        -0.04  (VIOLATED)
   bank1_proj_mul_n_reg_1__18_/D
                                3.34           3.38 r        -0.03  (VIOLATED)
   bank3_proj_mul_n_reg_2__17_/D
                                3.34           3.38 r        -0.03  (VIOLATED)
   div2/merchant_t_reg_8__0_/D
                                3.32           3.36 r        -0.03  (VIOLATED)
   div7/remainder_t_reg_12__0_/D
                                3.34           3.38 r        -0.03  (VIOLATED)
   div6/remainder_t_reg_12__0_/D
                                3.34           3.38 r        -0.03  (VIOLATED)
   div7/remainder_t_reg_16__0_/D
                                3.34           3.38 r        -0.03  (VIOLATED)
   div5/remainder_t_reg_12__0_/D
                                3.34           3.37 r        -0.03  (VIOLATED)
   token_x_nor_result_reg_3__19_/D
                                3.35           3.39 f        -0.03  (VIOLATED)
   sram_wdata_b3[17]            2.38           2.41 r        -0.03  (VIOLATED)
   sram_wdata_b3[37]            2.38           2.41 r        -0.03  (VIOLATED)
   sram_wdata_b3[67]            2.38           2.41 r        -0.03  (VIOLATED)
   token_x_nor_result_reg_7__17_/D
                                3.34           3.37 r        -0.03  (VIOLATED)
   div3/remainder_t_reg_16__0_/D
                                3.34           3.37 r        -0.03  (VIOLATED)
   div0/remainder_t_reg_16__0_/D
                                3.34           3.37 r        -0.03  (VIOLATED)
   token_x_nor_result_reg_6__19_/D
                                3.34           3.37 r        -0.03  (VIOLATED)
   div3/remainder_t_reg_12__0_/D
                                3.34           3.37 r        -0.03  (VIOLATED)
   div4/remainder_t_reg_12__0_/D
                                3.34           3.37 r        -0.03  (VIOLATED)
   div6/remainder_t_reg_20__34_/SI
                                3.30           3.33 r        -0.03  (VIOLATED)
   div6/remainder_t_reg_20__38_/SI
                                3.30           3.33 r        -0.03  (VIOLATED)
   div6/remainder_t_reg_20__35_/SI
                                3.30           3.33 r        -0.03  (VIOLATED)
   div6/remainder_t_reg_20__37_/SI
                                3.30           3.33 r        -0.03  (VIOLATED)
   div2/remainder_t_reg_12__0_/D
                                3.34           3.37 r        -0.03  (VIOLATED)
   div6/remainder_t_reg_8__0_/D
                                3.34           3.37 r        -0.03  (VIOLATED)
   div6/remainder_t_reg_20__36_/SI
                                3.30           3.33 r        -0.03  (VIOLATED)
   div6/remainder_t_reg_20__33_/SI
                                3.30           3.33 r        -0.03  (VIOLATED)
   qk_result_head_reg_0__23_/D
                                3.34           3.37 r        -0.03  (VIOLATED)
   div4/remainder_t_reg_16__0_/D
                                3.34           3.37 r        -0.03  (VIOLATED)
   div0/merchant_t_reg_8__0_/D
                                3.33           3.36 r        -0.03  (VIOLATED)
   vproj_add_reg_6__19_/D       3.33           3.36 r        -0.03  (VIOLATED)
   div5/remainder_t_reg_16__0_/D
                                3.34           3.37 r        -0.02  (VIOLATED)
   div4/remainder_t_reg_8__0_/D
                                3.34           3.37 r        -0.02  (VIOLATED)
   sram_wdata_b3[7]             2.38           2.40 r        -0.02  (VIOLATED)
   sram_wdata_b3[27]            2.38           2.40 r        -0.02  (VIOLATED)
   sram_wdata_b3[47]            2.38           2.40 r        -0.02  (VIOLATED)
   sram_wdata_b3[57]            2.38           2.40 r        -0.02  (VIOLATED)
   sram_wdata_b3[77]            2.38           2.40 r        -0.02  (VIOLATED)
   div1/remainder_t_reg_20__24_/SI
                                3.30           3.32 r        -0.02  (VIOLATED)
   div1/remainder_t_reg_20__18_/SI
                                3.30           3.32 r        -0.02  (VIOLATED)
   div1/remainder_t_reg_20__28_/SI
                                3.30           3.32 r        -0.02  (VIOLATED)
   div1/remainder_t_reg_20__19_/SI
                                3.30           3.32 r        -0.02  (VIOLATED)
   div1/remainder_t_reg_20__21_/SI
                                3.30           3.32 r        -0.02  (VIOLATED)
   div1/remainder_t_reg_20__23_/SI
                                3.30           3.32 r        -0.02  (VIOLATED)
   div1/remainder_t_reg_20__25_/SI
                                3.30           3.32 r        -0.02  (VIOLATED)
   div1/remainder_t_reg_20__30_/SI
                                3.30           3.32 r        -0.02  (VIOLATED)
   div1/remainder_t_reg_20__31_/SI
                                3.30           3.32 r        -0.02  (VIOLATED)
   div1/remainder_t_reg_20__27_/SI
                                3.30           3.32 r        -0.02  (VIOLATED)
   div1/remainder_t_reg_20__29_/SI
                                3.30           3.32 r        -0.02  (VIOLATED)
   token_mean_reg_13_/D         3.33           3.36 r        -0.02  (VIOLATED)
   div1/remainder_t_reg_20__26_/SI
                                3.30           3.32 r        -0.02  (VIOLATED)
   div1/remainder_t_reg_20__20_/SI
                                3.30           3.32 r        -0.02  (VIOLATED)
   div1/remainder_t_reg_20__22_/SI
                                3.30           3.32 r        -0.02  (VIOLATED)
   div1/remainder_t_reg_20__17_/SI
                                3.30           3.32 r        -0.02  (VIOLATED)
   div0/remainder_t_reg_20__24_/SI
                                3.30           3.32 r        -0.02  (VIOLATED)
   div0/remainder_t_reg_20__18_/SI
                                3.30           3.32 r        -0.02  (VIOLATED)
   bank2_proj_mul_n_reg_7__19_/D
                                3.34           3.36 r        -0.02  (VIOLATED)
   div0/remainder_t_reg_20__28_/SI
                                3.30           3.32 r        -0.02  (VIOLATED)
   div0/remainder_t_reg_20__19_/SI
                                3.30           3.32 r        -0.02  (VIOLATED)
   div0/remainder_t_reg_20__21_/SI
                                3.30           3.32 r        -0.02  (VIOLATED)
   div0/remainder_t_reg_20__23_/SI
                                3.30           3.32 r        -0.02  (VIOLATED)
   div0/remainder_t_reg_20__25_/SI
                                3.30           3.32 r        -0.02  (VIOLATED)
   div0/remainder_t_reg_20__30_/SI
                                3.30           3.32 r        -0.02  (VIOLATED)
   div0/remainder_t_reg_20__31_/SI
                                3.30           3.32 r        -0.02  (VIOLATED)
   div0/remainder_t_reg_20__27_/SI
                                3.30           3.32 r        -0.02  (VIOLATED)
   div0/remainder_t_reg_20__29_/SI
                                3.30           3.32 r        -0.02  (VIOLATED)
   div0/remainder_t_reg_20__26_/SI
                                3.30           3.32 r        -0.02  (VIOLATED)
   div0/remainder_t_reg_20__20_/SI
                                3.30           3.32 r        -0.02  (VIOLATED)
   div7/remainder_t_reg_8__0_/D
                                3.34           3.36 r        -0.02  (VIOLATED)
   div0/remainder_t_reg_20__22_/SI
                                3.30           3.32 r        -0.02  (VIOLATED)
   div0/remainder_t_reg_20__17_/SI
                                3.30           3.32 r        -0.02  (VIOLATED)
   bank3_proj_reg_reg_18_/D     3.34           3.36 r        -0.02  (VIOLATED)
   div6/remainder_t_reg_0__0_/D
                                3.34           3.36 r        -0.02  (VIOLATED)
   div6/remainder_t_reg_0__1_/D
                                3.34           3.36 r        -0.02  (VIOLATED)
   div6/remainder_t_reg_0__2_/D
                                3.34           3.36 r        -0.02  (VIOLATED)
   div6/remainder_t_reg_0__3_/D
                                3.34           3.36 r        -0.02  (VIOLATED)
   div6/remainder_t_reg_0__4_/D
                                3.34           3.36 r        -0.02  (VIOLATED)
   div6/remainder_t_reg_0__5_/D
                                3.34           3.36 r        -0.02  (VIOLATED)
   div6/remainder_t_reg_0__6_/D
                                3.34           3.36 r        -0.02  (VIOLATED)
   div6/remainder_t_reg_0__7_/D
                                3.34           3.36 r        -0.02  (VIOLATED)
   div6/remainder_t_reg_0__8_/D
                                3.34           3.36 r        -0.02  (VIOLATED)
   div6/remainder_t_reg_0__9_/D
                                3.34           3.36 r        -0.02  (VIOLATED)
   div6/remainder_t_reg_0__10_/D
                                3.34           3.36 r        -0.02  (VIOLATED)
   div6/remainder_t_reg_0__11_/D
                                3.34           3.36 r        -0.02  (VIOLATED)
   div6/remainder_t_reg_0__12_/D
                                3.34           3.36 r        -0.02  (VIOLATED)
   div6/remainder_t_reg_0__13_/D
                                3.34           3.36 r        -0.02  (VIOLATED)
   div7/remainder_t_reg_20__24_/SI
                                3.30           3.32 r        -0.02  (VIOLATED)
   div7/remainder_t_reg_20__18_/SI
                                3.30           3.32 r        -0.02  (VIOLATED)
   div1/remainder_t_reg_12__0_/D
                                3.34           3.36 r        -0.02  (VIOLATED)
   div7/remainder_t_reg_20__28_/SI
                                3.30           3.32 r        -0.02  (VIOLATED)
   div7/remainder_t_reg_20__19_/SI
                                3.30           3.32 r        -0.02  (VIOLATED)
   div7/remainder_t_reg_20__21_/SI
                                3.30           3.32 r        -0.02  (VIOLATED)
   div7/remainder_t_reg_20__23_/SI
                                3.30           3.32 r        -0.02  (VIOLATED)
   div7/remainder_t_reg_20__25_/SI
                                3.30           3.32 r        -0.02  (VIOLATED)
   div7/remainder_t_reg_20__30_/SI
                                3.30           3.32 r        -0.02  (VIOLATED)
   div7/remainder_t_reg_20__31_/SI
                                3.30           3.32 r        -0.02  (VIOLATED)
   div7/remainder_t_reg_20__27_/SI
                                3.30           3.32 r        -0.02  (VIOLATED)
   div7/remainder_t_reg_20__29_/SI
                                3.30           3.32 r        -0.02  (VIOLATED)
   div7/remainder_t_reg_20__26_/SI
                                3.30           3.32 r        -0.02  (VIOLATED)
   div7/remainder_t_reg_20__20_/SI
                                3.30           3.32 r        -0.02  (VIOLATED)
   div7/remainder_t_reg_20__22_/SI
                                3.30           3.32 r        -0.02  (VIOLATED)
   div7/remainder_t_reg_20__17_/SI
                                3.30           3.32 r        -0.02  (VIOLATED)
   div5/remainder_t_reg_20__24_/SI
                                3.30           3.32 r        -0.02  (VIOLATED)
   div5/remainder_t_reg_20__18_/SI
                                3.30           3.32 r        -0.02  (VIOLATED)
   div5/remainder_t_reg_20__28_/SI
                                3.30           3.32 r        -0.02  (VIOLATED)
   div5/remainder_t_reg_20__19_/SI
                                3.30           3.32 r        -0.02  (VIOLATED)
   div5/remainder_t_reg_20__21_/SI
                                3.30           3.32 r        -0.02  (VIOLATED)
   div5/remainder_t_reg_20__23_/SI
                                3.30           3.32 r        -0.02  (VIOLATED)
   div5/remainder_t_reg_20__25_/SI
                                3.30           3.32 r        -0.02  (VIOLATED)
   div5/remainder_t_reg_20__30_/SI
                                3.30           3.32 r        -0.02  (VIOLATED)
   div5/remainder_t_reg_20__31_/SI
                                3.30           3.32 r        -0.02  (VIOLATED)
   div5/remainder_t_reg_20__27_/SI
                                3.30           3.32 r        -0.02  (VIOLATED)
   div5/remainder_t_reg_20__29_/SI
                                3.30           3.32 r        -0.02  (VIOLATED)
   div5/remainder_t_reg_20__26_/SI
                                3.30           3.32 r        -0.02  (VIOLATED)
   div5/remainder_t_reg_20__20_/SI
                                3.30           3.31 r        -0.01  (VIOLATED)
   div5/remainder_t_reg_20__22_/SI
                                3.30           3.31 r        -0.01  (VIOLATED)
   div5/remainder_t_reg_20__17_/SI
                                3.30           3.31 r        -0.01  (VIOLATED)
   sram_wdata_b3[6]             2.38           2.39 r        -0.01  (VIOLATED)
   sram_wdata_b3[16]            2.38           2.39 r        -0.01  (VIOLATED)
   sram_wdata_b3[26]            2.38           2.39 r        -0.01  (VIOLATED)
   sram_wdata_b3[36]            2.38           2.39 r        -0.01  (VIOLATED)
   sram_wdata_b3[46]            2.38           2.39 r        -0.01  (VIOLATED)
   sram_wdata_b3[56]            2.38           2.39 r        -0.01  (VIOLATED)
   sram_wdata_b3[66]            2.38           2.39 r        -0.01  (VIOLATED)
   sram_wdata_b3[76]            2.38           2.39 r        -0.01  (VIOLATED)
   bank1_proj_add_reg_19_/D     3.34           3.35 r        -0.01  (VIOLATED)
   div1/remainder_t_reg_20__34_/SI
                                3.30           3.31 r        -0.01  (VIOLATED)
   bank2_proj_mul_n_reg_2__17_/D
                                3.34           3.35 r        -0.01  (VIOLATED)
   div1/remainder_t_reg_20__38_/SI
                                3.30           3.31 r        -0.01  (VIOLATED)
   div1/remainder_t_reg_20__35_/SI
                                3.30           3.31 r        -0.01  (VIOLATED)
   div1/remainder_t_reg_20__37_/SI
                                3.30           3.31 r        -0.01  (VIOLATED)
   div6/remainder_t_reg_16__0_/D
                                3.34           3.35 r        -0.01  (VIOLATED)
   div3/remainder_t_reg_0__0_/D
                                3.34           3.35 r        -0.01  (VIOLATED)
   div3/remainder_t_reg_0__1_/D
                                3.34           3.35 r        -0.01  (VIOLATED)
   div3/remainder_t_reg_0__2_/D
                                3.34           3.35 r        -0.01  (VIOLATED)
   div3/remainder_t_reg_0__3_/D
                                3.34           3.35 r        -0.01  (VIOLATED)
   div3/remainder_t_reg_0__4_/D
                                3.34           3.35 r        -0.01  (VIOLATED)
   div3/remainder_t_reg_0__5_/D
                                3.34           3.35 r        -0.01  (VIOLATED)
   div3/remainder_t_reg_0__6_/D
                                3.34           3.35 r        -0.01  (VIOLATED)
   div3/remainder_t_reg_0__7_/D
                                3.34           3.35 r        -0.01  (VIOLATED)
   div3/remainder_t_reg_0__8_/D
                                3.34           3.35 r        -0.01  (VIOLATED)
   div3/remainder_t_reg_0__9_/D
                                3.34           3.35 r        -0.01  (VIOLATED)
   div3/remainder_t_reg_0__10_/D
                                3.34           3.35 r        -0.01  (VIOLATED)
   div3/remainder_t_reg_0__11_/D
                                3.34           3.35 r        -0.01  (VIOLATED)
   div3/remainder_t_reg_0__12_/D
                                3.34           3.35 r        -0.01  (VIOLATED)
   div3/remainder_t_reg_0__13_/D
                                3.34           3.35 r        -0.01  (VIOLATED)
   div1/remainder_t_reg_20__36_/SI
                                3.30           3.31 r        -0.01  (VIOLATED)
   div1/remainder_t_reg_20__33_/SI
                                3.30           3.31 r        -0.01  (VIOLATED)
   bank1_proj_mul_n_reg_0__18_/D
                                3.34           3.35 r        -0.01  (VIOLATED)
   bank2_proj_mul_n_reg_0__19_/D
                                3.34           3.35 r        -0.01  (VIOLATED)
   div0/remainder_t_reg_20__34_/SI
                                3.30           3.31 r        -0.01  (VIOLATED)
   div0/remainder_t_reg_20__38_/SI
                                3.30           3.31 r        -0.01  (VIOLATED)
   div0/remainder_t_reg_20__35_/SI
                                3.30           3.31 r        -0.01  (VIOLATED)
   div0/remainder_t_reg_20__37_/SI
                                3.30           3.31 r        -0.01  (VIOLATED)
   div2/remainder_t_reg_16__0_/D
                                3.34           3.35 r        -0.01  (VIOLATED)
   div5/remainder_t_reg_0__0_/D
                                3.34           3.35 r        -0.01  (VIOLATED)
   div5/remainder_t_reg_0__1_/D
                                3.34           3.35 r        -0.01  (VIOLATED)
   div5/remainder_t_reg_0__2_/D
                                3.34           3.35 r        -0.01  (VIOLATED)
   div5/remainder_t_reg_0__3_/D
                                3.34           3.35 r        -0.01  (VIOLATED)
   div5/remainder_t_reg_0__4_/D
                                3.34           3.35 r        -0.01  (VIOLATED)
   div5/remainder_t_reg_0__5_/D
                                3.34           3.35 r        -0.01  (VIOLATED)
   div5/remainder_t_reg_0__6_/D
                                3.34           3.35 r        -0.01  (VIOLATED)
   div5/remainder_t_reg_0__7_/D
                                3.34           3.35 r        -0.01  (VIOLATED)
   div5/remainder_t_reg_0__8_/D
                                3.34           3.35 r        -0.01  (VIOLATED)
   div5/remainder_t_reg_0__9_/D
                                3.34           3.35 r        -0.01  (VIOLATED)
   div5/remainder_t_reg_0__10_/D
                                3.34           3.35 r        -0.01  (VIOLATED)
   div5/remainder_t_reg_0__11_/D
                                3.34           3.35 r        -0.01  (VIOLATED)
   div5/remainder_t_reg_0__12_/D
                                3.34           3.35 r        -0.01  (VIOLATED)
   div5/remainder_t_reg_0__13_/D
                                3.34           3.35 r        -0.01  (VIOLATED)
   div3/merchant_t_reg_8__0_/D
                                3.33           3.34 r        -0.01  (VIOLATED)
   div0/remainder_t_reg_20__36_/SI
                                3.30           3.31 r        -0.01  (VIOLATED)
   div0/remainder_t_reg_20__33_/SI
                                3.30           3.31 r        -0.01  (VIOLATED)
   bank2_proj_reg_reg_18_/D     3.34           3.35 r        -0.01  (VIOLATED)
   div6/remainder_t_reg_4__1_/SE
                                3.28           3.29 r        -0.01  (VIOLATED)
   div6/remainder_t_reg_4__2_/SE
                                3.28           3.29 r        -0.01  (VIOLATED)
   div6/remainder_t_reg_4__3_/SE
                                3.28           3.29 r        -0.01  (VIOLATED)
   div6/remainder_t_reg_4__4_/SE
                                3.28           3.29 r        -0.01  (VIOLATED)
   div6/remainder_t_reg_4__5_/SE
                                3.28           3.29 r        -0.01  (VIOLATED)
   div6/remainder_t_reg_4__6_/SE
                                3.28           3.29 r        -0.01  (VIOLATED)
   div6/remainder_t_reg_4__7_/SE
                                3.28           3.29 r        -0.01  (VIOLATED)
   div6/remainder_t_reg_4__8_/SE
                                3.28           3.29 r        -0.01  (VIOLATED)
   div6/remainder_t_reg_4__9_/SE
                                3.28           3.29 r        -0.01  (VIOLATED)
   div6/remainder_t_reg_4__10_/SE
                                3.28           3.29 r        -0.01  (VIOLATED)
   div6/remainder_t_reg_4__11_/SE
                                3.28           3.29 r        -0.01  (VIOLATED)
   div6/remainder_t_reg_4__12_/SE
                                3.28           3.29 r        -0.01  (VIOLATED)
   div6/remainder_t_reg_4__23_/SE
                                3.28           3.29 r        -0.01  (VIOLATED)
   div6/remainder_t_reg_4__24_/SE
                                3.28           3.29 r        -0.01  (VIOLATED)
   div6/remainder_t_reg_4__25_/SE
                                3.28           3.29 r        -0.01  (VIOLATED)
   div6/remainder_t_reg_4__26_/SE
                                3.28           3.29 r        -0.01  (VIOLATED)
   div6/remainder_t_reg_4__27_/SE
                                3.28           3.29 r        -0.01  (VIOLATED)
   div6/remainder_t_reg_4__28_/SE
                                3.28           3.29 r        -0.01  (VIOLATED)
   div6/remainder_t_reg_4__30_/SE
                                3.28           3.29 r        -0.01  (VIOLATED)
   bank1_proj_mul_n_reg_4__18_/D
                                3.34           3.35 r        -0.01  (VIOLATED)
   qk_result_head_reg_0__24_/D
                                3.34           3.35 r        -0.01  (VIOLATED)
   div7/remainder_t_reg_20__34_/SI
                                3.30           3.31 r        -0.01  (VIOLATED)
   div7/remainder_t_reg_20__38_/SI
                                3.30           3.30 r         0.00  (VIOLATED: increase significant digits)
   div7/remainder_t_reg_20__35_/SI
                                3.30           3.30 r         0.00  (VIOLATED: increase significant digits)
   div7/remainder_t_reg_20__37_/SI
                                3.30           3.30 r         0.00  (VIOLATED: increase significant digits)
   div7/remainder_t_reg_20__36_/SI
                                3.30           3.30 r         0.00  (VIOLATED: increase significant digits)
   div7/remainder_t_reg_20__33_/SI
                                3.30           3.30 r         0.00  (VIOLATED: increase significant digits)
   div5/remainder_t_reg_20__34_/SI
                                3.30           3.30 r         0.00  (VIOLATED: increase significant digits)
   div5/remainder_t_reg_20__38_/SI
                                3.30           3.30 r         0.00  (VIOLATED: increase significant digits)
   div5/remainder_t_reg_20__35_/SI
                                3.30           3.30 r         0.00  (VIOLATED: increase significant digits)
   div5/remainder_t_reg_20__37_/SI
                                3.30           3.30 r         0.00  (VIOLATED: increase significant digits)
   qk_result_head_reg_3__22_/D
                                3.34           3.34 r         0.00  (VIOLATED: increase significant digits)
   div1/remainder_t_reg_8__0_/D
                                3.34           3.34 r         0.00  (VIOLATED: increase significant digits)
   div5/remainder_t_reg_20__36_/SI
                                3.30           3.30 r         0.00  (VIOLATED: increase significant digits)
   div5/remainder_t_reg_20__33_/SI
                                3.30           3.30 r         0.00  (VIOLATED: increase significant digits)
   sram_wdata_b0[7]             2.38           2.38 r         0.00  (VIOLATED: increase significant digits)
   sram_wdata_b0[37]            2.38           2.38 r         0.00  (VIOLATED: increase significant digits)
   sram_wdata_b0[67]            2.38           2.38 r         0.00  (VIOLATED: increase significant digits)
   token_x_nor_result_reg_5__17_/D
                                3.34           3.34 r         0.00  (VIOLATED: increase significant digits)


   max_area

                             Required        Actual
   Design                      Area           Area           Slack
   -----------------------------------------------------------------
   ViT_top                      0.00       256692.55      -256692.55
                                                                    (VIOLATED)


1
