
                           Design Compiler Graphical 
                                 DC Ultra (TM)
                                  DFTMAX (TM)
                              Power Compiler (TM)
                                 DesignWare (R)
                                 DC Expert (TM)
                               Design Vision (TM)
                               HDL Compiler (TM)
                               VHDL Compiler (TM)
                                  DFT Compiler
                               Design Compiler(R)

               Version R-2020.09-SP5 for linux64 - Apr 23, 2021 

                    Copyright (c) 1988 - 2021 Synopsys, Inc.
   This software and the associated documentation are proprietary to Synopsys,
 Inc. This software may only be used in accordance with the terms and conditions
 of a written license agreement with Synopsys, Inc. All other use, reproduction,
   or distribution of this software is strictly prohibited.  Licensed Products
     communicate with Synopsys servers for the purpose of providing software
    updates, detecting software piracy and verifying that customers are using
    Licensed Products in conformity with the applicable License Key for such
  Licensed Products. Synopsys will use information gathered in connection with
    this process to deliver software updates and pursue software pirates and
                                   infringers.

 Inclusivity & Diversity - Visit SolvNetPlus to read the "Synopsys Statement on
            Inclusivity and Diversity" (Refer to article 000036315 at
                        https://solvnetplus.synopsys.com)
Initializing...
# set your TOPLEVEL here
set TOPLEVEL "ViT_top"
ViT_top
# change your timing constraint here
set TEST_CYCLE 3.00 
3.00
source -echo -verbose 0_readfile.tcl 
set TOP_DIR $TOPLEVEL
ViT_top
set RPT_DIR report
report
set NET_DIR netlist
netlist
sh rm -rf ./$TOP_DIR
sh rm -rf ./$RPT_DIR
sh rm -rf ./$NET_DIR
sh mkdir ./$TOP_DIR
sh mkdir ./$RPT_DIR
sh mkdir ./$NET_DIR
# define a lib path here
define_design_lib $TOPLEVEL -path ./$TOPLEVEL
1
# Read Design File (add your files here)
set HDL_DIR "../hdl"
../hdl
analyze -library $TOPLEVEL -format verilog "$HDL_DIR/$TOPLEVEL.v"
Running PRESTO HDLC
Compiling source file ../hdl/ViT_top.v
Presto compilation completed successfully.
Loading db file '/usr/cadtool/GPDK45/gsclib045_svt_v4.4/gsclib045/db/slow_vdd1v2_basicCells_wl.db'
Loading db file '/usr/cad/synopsys/synthesis/cur/libraries/syn/dw_foundation.sldb'
1
# elaborate your design
elaborate $TOPLEVEL -architecture verilog -library $TOPLEVEL
Loading db file '/usr/cad/synopsys/synthesis/cur/libraries/syn/gtech.db'
Loading db file '/usr/cad/synopsys/synthesis/cur/libraries/syn/standard.sldb'
  Loading link library 'slow_vdd1v2'
  Loading link library 'gtech'
Running PRESTO HDLC
Warning:  ../hdl/ViT_top.v:223: signed to unsigned assignment occurs. (VER-318)
Warning:  ../hdl/ViT_top.v:244: signed to unsigned assignment occurs. (VER-318)
Warning:  ../hdl/ViT_top.v:327: unsigned to signed assignment occurs. (VER-318)
Warning:  ../hdl/ViT_top.v:328: unsigned to signed assignment occurs. (VER-318)
Warning:  ../hdl/ViT_top.v:329: unsigned to signed assignment occurs. (VER-318)
Warning:  ../hdl/ViT_top.v:330: unsigned to signed assignment occurs. (VER-318)
Warning:  ../hdl/ViT_top.v:331: unsigned to signed assignment occurs. (VER-318)
Warning:  ../hdl/ViT_top.v:332: unsigned to signed assignment occurs. (VER-318)
Warning:  ../hdl/ViT_top.v:333: unsigned to signed assignment occurs. (VER-318)
Warning:  ../hdl/ViT_top.v:334: unsigned to signed assignment occurs. (VER-318)
Warning:  ../hdl/ViT_top.v:336: unsigned to signed assignment occurs. (VER-318)
Warning:  ../hdl/ViT_top.v:337: unsigned to signed assignment occurs. (VER-318)
Warning:  ../hdl/ViT_top.v:338: unsigned to signed assignment occurs. (VER-318)
Warning:  ../hdl/ViT_top.v:339: unsigned to signed assignment occurs. (VER-318)
Warning:  ../hdl/ViT_top.v:340: unsigned to signed assignment occurs. (VER-318)
Warning:  ../hdl/ViT_top.v:341: unsigned to signed assignment occurs. (VER-318)
Warning:  ../hdl/ViT_top.v:342: unsigned to signed assignment occurs. (VER-318)
Warning:  ../hdl/ViT_top.v:343: unsigned to signed assignment occurs. (VER-318)
Warning:  ../hdl/ViT_top.v:345: unsigned to signed assignment occurs. (VER-318)
Warning:  ../hdl/ViT_top.v:346: unsigned to signed assignment occurs. (VER-318)
Warning:  ../hdl/ViT_top.v:347: unsigned to signed assignment occurs. (VER-318)
Warning:  ../hdl/ViT_top.v:348: unsigned to signed assignment occurs. (VER-318)
Warning:  ../hdl/ViT_top.v:349: unsigned to signed assignment occurs. (VER-318)
Warning:  ../hdl/ViT_top.v:350: unsigned to signed assignment occurs. (VER-318)
Warning:  ../hdl/ViT_top.v:351: unsigned to signed assignment occurs. (VER-318)
Warning:  ../hdl/ViT_top.v:352: unsigned to signed assignment occurs. (VER-318)
Warning:  ../hdl/ViT_top.v:354: unsigned to signed assignment occurs. (VER-318)
Warning:  ../hdl/ViT_top.v:355: unsigned to signed assignment occurs. (VER-318)
Warning:  ../hdl/ViT_top.v:356: unsigned to signed assignment occurs. (VER-318)
Warning:  ../hdl/ViT_top.v:357: unsigned to signed assignment occurs. (VER-318)
Warning:  ../hdl/ViT_top.v:358: unsigned to signed assignment occurs. (VER-318)
Warning:  ../hdl/ViT_top.v:359: unsigned to signed assignment occurs. (VER-318)
Warning:  ../hdl/ViT_top.v:360: unsigned to signed assignment occurs. (VER-318)
Warning:  ../hdl/ViT_top.v:361: unsigned to signed assignment occurs. (VER-318)
Warning:  ../hdl/ViT_top.v:399: signed to unsigned assignment occurs. (VER-318)
Warning:  ../hdl/ViT_top.v:679: signed to unsigned conversion occurs. (VER-318)
Warning:  ../hdl/ViT_top.v:967: unsigned to signed assignment occurs. (VER-318)
Warning:  ../hdl/ViT_top.v:969: unsigned to signed assignment occurs. (VER-318)
Warning:  ../hdl/ViT_top.v:991: unsigned to signed assignment occurs. (VER-318)
Warning:  ../hdl/ViT_top.v:992: unsigned to signed assignment occurs. (VER-318)
Warning:  ../hdl/ViT_top.v:993: unsigned to signed assignment occurs. (VER-318)
Warning:  ../hdl/ViT_top.v:994: unsigned to signed assignment occurs. (VER-318)
Warning:  ../hdl/ViT_top.v:995: unsigned to signed assignment occurs. (VER-318)
Warning:  ../hdl/ViT_top.v:996: unsigned to signed assignment occurs. (VER-318)
Warning:  ../hdl/ViT_top.v:997: unsigned to signed assignment occurs. (VER-318)
Warning:  ../hdl/ViT_top.v:998: unsigned to signed assignment occurs. (VER-318)
Warning:  ../hdl/ViT_top.v:999: unsigned to signed assignment occurs. (VER-318)
Warning:  ../hdl/ViT_top.v:1000: unsigned to signed assignment occurs. (VER-318)
Warning:  ../hdl/ViT_top.v:1001: unsigned to signed assignment occurs. (VER-318)
Warning:  ../hdl/ViT_top.v:1002: unsigned to signed assignment occurs. (VER-318)
Warning:  ../hdl/ViT_top.v:1003: unsigned to signed assignment occurs. (VER-318)
Warning:  ../hdl/ViT_top.v:1004: unsigned to signed assignment occurs. (VER-318)
Warning:  ../hdl/ViT_top.v:1005: unsigned to signed assignment occurs. (VER-318)
Warning:  ../hdl/ViT_top.v:1006: unsigned to signed assignment occurs. (VER-318)
Warning:  ../hdl/ViT_top.v:1032: signed to unsigned conversion occurs. (VER-318)
Warning:  ../hdl/ViT_top.v:1034: signed to unsigned conversion occurs. (VER-318)
Warning:  ../hdl/ViT_top.v:1050: signed to unsigned conversion occurs. (VER-318)
Warning:  ../hdl/ViT_top.v:1057: signed to unsigned part selection occurs. (VER-318)
Warning:  ../hdl/ViT_top.v:1071: signed to unsigned assignment occurs. (VER-318)
Warning:  ../hdl/ViT_top.v:1073: signed to unsigned part selection occurs. (VER-318)
Warning:  ../hdl/ViT_top.v:1208: unsigned to signed assignment occurs. (VER-318)
Warning:  ../hdl/ViT_top.v:1209: unsigned to signed assignment occurs. (VER-318)
Warning:  ../hdl/ViT_top.v:1210: unsigned to signed assignment occurs. (VER-318)
Warning:  ../hdl/ViT_top.v:1211: unsigned to signed assignment occurs. (VER-318)
Warning:  ../hdl/ViT_top.v:1212: unsigned to signed assignment occurs. (VER-318)
Warning:  ../hdl/ViT_top.v:1213: unsigned to signed assignment occurs. (VER-318)
Warning:  ../hdl/ViT_top.v:1214: unsigned to signed assignment occurs. (VER-318)
Warning:  ../hdl/ViT_top.v:1215: unsigned to signed assignment occurs. (VER-318)
Warning:  ../hdl/ViT_top.v:1217: unsigned to signed assignment occurs. (VER-318)
Warning:  ../hdl/ViT_top.v:1218: unsigned to signed assignment occurs. (VER-318)
Warning:  ../hdl/ViT_top.v:1219: unsigned to signed assignment occurs. (VER-318)
Warning:  ../hdl/ViT_top.v:1220: unsigned to signed assignment occurs. (VER-318)
Warning:  ../hdl/ViT_top.v:1221: unsigned to signed assignment occurs. (VER-318)
Warning:  ../hdl/ViT_top.v:1222: unsigned to signed assignment occurs. (VER-318)
Warning:  ../hdl/ViT_top.v:1223: unsigned to signed assignment occurs. (VER-318)
Warning:  ../hdl/ViT_top.v:1224: unsigned to signed assignment occurs. (VER-318)
Warning:  ../hdl/ViT_top.v:1226: unsigned to signed assignment occurs. (VER-318)
Warning:  ../hdl/ViT_top.v:1227: unsigned to signed assignment occurs. (VER-318)
Warning:  ../hdl/ViT_top.v:1228: unsigned to signed assignment occurs. (VER-318)
Warning:  ../hdl/ViT_top.v:1229: unsigned to signed assignment occurs. (VER-318)
Warning:  ../hdl/ViT_top.v:1230: unsigned to signed assignment occurs. (VER-318)
Warning:  ../hdl/ViT_top.v:1231: unsigned to signed assignment occurs. (VER-318)
Warning:  ../hdl/ViT_top.v:1232: unsigned to signed assignment occurs. (VER-318)
Warning:  ../hdl/ViT_top.v:1233: unsigned to signed assignment occurs. (VER-318)
Warning:  ../hdl/ViT_top.v:1235: unsigned to signed assignment occurs. (VER-318)
Warning:  ../hdl/ViT_top.v:1236: unsigned to signed assignment occurs. (VER-318)
Warning:  ../hdl/ViT_top.v:1237: unsigned to signed assignment occurs. (VER-318)
Warning:  ../hdl/ViT_top.v:1238: unsigned to signed assignment occurs. (VER-318)
Warning:  ../hdl/ViT_top.v:1239: unsigned to signed assignment occurs. (VER-318)
Warning:  ../hdl/ViT_top.v:1240: unsigned to signed assignment occurs. (VER-318)
Warning:  ../hdl/ViT_top.v:1241: unsigned to signed assignment occurs. (VER-318)
Warning:  ../hdl/ViT_top.v:1242: unsigned to signed assignment occurs. (VER-318)
Warning:  ../hdl/ViT_top.v:1473: signed to unsigned conversion occurs. (VER-318)
Warning:  ../hdl/ViT_top.v:1474: signed to unsigned conversion occurs. (VER-318)
Warning:  ../hdl/ViT_top.v:1475: signed to unsigned conversion occurs. (VER-318)
Warning:  ../hdl/ViT_top.v:1476: signed to unsigned conversion occurs. (VER-318)
Warning:  ../hdl/ViT_top.v:1485: signed to unsigned part selection occurs. (VER-318)
Warning:  ../hdl/ViT_top.v:1486: signed to unsigned part selection occurs. (VER-318)
Warning:  ../hdl/ViT_top.v:1487: signed to unsigned part selection occurs. (VER-318)
Warning:  ../hdl/ViT_top.v:1488: signed to unsigned part selection occurs. (VER-318)
Warning:  ../hdl/ViT_top.v:1503: signed to unsigned assignment occurs. (VER-318)
Warning:  ../hdl/ViT_top.v:1505: signed to unsigned part selection occurs. (VER-318)
Warning:  ../hdl/ViT_top.v:1511: signed to unsigned assignment occurs. (VER-318)
Warning:  ../hdl/ViT_top.v:1513: signed to unsigned part selection occurs. (VER-318)
Warning:  ../hdl/ViT_top.v:1519: signed to unsigned assignment occurs. (VER-318)
Warning:  ../hdl/ViT_top.v:1521: signed to unsigned part selection occurs. (VER-318)
Warning:  ../hdl/ViT_top.v:1527: signed to unsigned assignment occurs. (VER-318)
Warning:  ../hdl/ViT_top.v:1529: signed to unsigned part selection occurs. (VER-318)
Warning:  ../hdl/ViT_top.v:1877: unsigned to signed assignment occurs. (VER-318)
Warning:  ../hdl/ViT_top.v:1878: unsigned to signed assignment occurs. (VER-318)
Warning:  ../hdl/ViT_top.v:1879: unsigned to signed assignment occurs. (VER-318)
Warning:  ../hdl/ViT_top.v:1880: unsigned to signed assignment occurs. (VER-318)
Warning:  ../hdl/ViT_top.v:1881: unsigned to signed assignment occurs. (VER-318)
Warning:  ../hdl/ViT_top.v:1882: unsigned to signed assignment occurs. (VER-318)
Warning:  ../hdl/ViT_top.v:1883: unsigned to signed assignment occurs. (VER-318)
Warning:  ../hdl/ViT_top.v:1884: unsigned to signed assignment occurs. (VER-318)
Warning:  ../hdl/ViT_top.v:1886: unsigned to signed assignment occurs. (VER-318)
Warning:  ../hdl/ViT_top.v:1887: unsigned to signed assignment occurs. (VER-318)
Warning:  ../hdl/ViT_top.v:1888: unsigned to signed assignment occurs. (VER-318)
Warning:  ../hdl/ViT_top.v:1889: unsigned to signed assignment occurs. (VER-318)
Warning:  ../hdl/ViT_top.v:1890: unsigned to signed assignment occurs. (VER-318)
Warning:  ../hdl/ViT_top.v:1891: unsigned to signed assignment occurs. (VER-318)
Warning:  ../hdl/ViT_top.v:1892: unsigned to signed assignment occurs. (VER-318)
Warning:  ../hdl/ViT_top.v:1893: unsigned to signed assignment occurs. (VER-318)
Warning:  ../hdl/ViT_top.v:1895: unsigned to signed assignment occurs. (VER-318)
Warning:  ../hdl/ViT_top.v:1896: unsigned to signed assignment occurs. (VER-318)
Warning:  ../hdl/ViT_top.v:1897: unsigned to signed assignment occurs. (VER-318)
Warning:  ../hdl/ViT_top.v:1898: unsigned to signed assignment occurs. (VER-318)
Warning:  ../hdl/ViT_top.v:1899: unsigned to signed assignment occurs. (VER-318)
Warning:  ../hdl/ViT_top.v:1900: unsigned to signed assignment occurs. (VER-318)
Warning:  ../hdl/ViT_top.v:1901: unsigned to signed assignment occurs. (VER-318)
Warning:  ../hdl/ViT_top.v:1902: unsigned to signed assignment occurs. (VER-318)
Warning:  ../hdl/ViT_top.v:1904: unsigned to signed assignment occurs. (VER-318)
Warning:  ../hdl/ViT_top.v:1905: unsigned to signed assignment occurs. (VER-318)
Warning:  ../hdl/ViT_top.v:1906: unsigned to signed assignment occurs. (VER-318)
Warning:  ../hdl/ViT_top.v:1907: unsigned to signed assignment occurs. (VER-318)
Warning:  ../hdl/ViT_top.v:1908: unsigned to signed assignment occurs. (VER-318)
Warning:  ../hdl/ViT_top.v:1909: unsigned to signed assignment occurs. (VER-318)
Warning:  ../hdl/ViT_top.v:1910: unsigned to signed assignment occurs. (VER-318)
Warning:  ../hdl/ViT_top.v:1911: unsigned to signed assignment occurs. (VER-318)

Statistics for case statements in always block at line 160 in file
	'../hdl/ViT_top.v'
===============================================
|           Line           |  full/ parallel  |
===============================================
|           161            |    auto/auto     |
===============================================

Statistics for case statements in always block at line 500 in file
	'../hdl/ViT_top.v'
===============================================
|           Line           |  full/ parallel  |
===============================================
|           501            |    auto/auto     |
===============================================

Statistics for case statements in always block at line 602 in file
	'../hdl/ViT_top.v'
===============================================
|           Line           |  full/ parallel  |
===============================================
|           603            |    auto/auto     |
===============================================

Statistics for case statements in always block at line 1287 in file
	'../hdl/ViT_top.v'
===============================================
|           Line           |  full/ parallel  |
===============================================
|           1289           |    auto/auto     |
|           1296           |    auto/auto     |
===============================================

Statistics for case statements in always block at line 1639 in file
	'../hdl/ViT_top.v'
===============================================
|           Line           |  full/ parallel  |
===============================================
|           1640           |    auto/auto     |
===============================================

Statistics for case statements in always block at line 1660 in file
	'../hdl/ViT_top.v'
===============================================
|           Line           |  full/ parallel  |
===============================================
|           1662           |    auto/auto     |
===============================================

Statistics for case statements in always block at line 1919 in file
	'../hdl/ViT_top.v'
===============================================
|           Line           |  full/ parallel  |
===============================================
|           1921           |    auto/auto     |
===============================================

Inferred memory devices in process
	in routine ViT_top line 152 in file
		'../hdl/ViT_top.v'.
===============================================================================
|    Register Name    |   Type    | Width | Bus | MB | AR | AS | SR | SS | ST |
===============================================================================
|    top_state_reg    | Flip-flop |   5   |  Y  | N  | N  | N  | Y  | N  | N  |
===============================================================================

Inferred memory devices in process
	in routine ViT_top line 215 in file
		'../hdl/ViT_top.v'.
===============================================================================
|    Register Name    |   Type    | Width | Bus | MB | AR | AS | SR | SS | ST |
===============================================================================
|     tmp_cnt_reg     | Flip-flop |   4   |  Y  | N  | N  | N  | Y  | N  | N  |
===============================================================================

Inferred memory devices in process
	in routine ViT_top line 230 in file
		'../hdl/ViT_top.v'.
===============================================================================
|    Register Name    |   Type    | Width | Bus | MB | AR | AS | SR | SS | ST |
===============================================================================
|    bias_reg_reg     | Flip-flop |  160  |  Y  | N  | N  | N  | N  | N  | N  |
===============================================================================

Inferred memory devices in process
	in routine ViT_top line 240 in file
		'../hdl/ViT_top.v'.
===============================================================================
|    Register Name    |   Type    | Width | Bus | MB | AR | AS | SR | SS | ST |
===============================================================================
|   bias_finish_reg   | Flip-flop |   1   |  N  | N  | N  | N  | Y  | N  | N  |
===============================================================================

Inferred memory devices in process
	in routine ViT_top line 249 in file
		'../hdl/ViT_top.v'.
===============================================================================
|    Register Name    |   Type    | Width | Bus | MB | AR | AS | SR | SS | ST |
===============================================================================
|  bias_addr_cnt_reg  | Flip-flop |   4   |  Y  | N  | N  | N  | N  | N  | N  |
===============================================================================

Inferred memory devices in process
	in routine ViT_top line 293 in file
		'../hdl/ViT_top.v'.
===============================================================================
|    Register Name    |   Type    | Width | Bus | MB | AR | AS | SR | SS | ST |
===============================================================================
|      cnt8_reg       | Flip-flop |   4   |  Y  | N  | N  | N  | Y  | N  | N  |
===============================================================================

Inferred memory devices in process
	in routine ViT_top line 301 in file
		'../hdl/ViT_top.v'.
===============================================================================
|    Register Name    |   Type    | Width | Bus | MB | AR | AS | SR | SS | ST |
===============================================================================
| sram_addr_cnt_a_reg | Flip-flop |   5   |  Y  | N  | N  | N  | N  | N  | N  |
===============================================================================

Inferred memory devices in process
	in routine ViT_top line 378 in file
		'../hdl/ViT_top.v'.
===============================================================================
|    Register Name    |   Type    | Width | Bus | MB | AR | AS | SR | SS | ST |
===============================================================================
|  a_bank0_reg_l_reg  | Flip-flop |  80   |  Y  | N  | N  | N  | N  | N  | N  |
|  a_bank0_reg_h_reg  | Flip-flop |  80   |  Y  | N  | N  | N  | N  | N  | N  |
|     valid_1_reg     | Flip-flop |   1   |  N  | N  | N  | N  | N  | N  | N  |
===============================================================================

Inferred memory devices in process
	in routine ViT_top line 404 in file
		'../hdl/ViT_top.v'.
===============================================================================
|    Register Name    |   Type    | Width | Bus | MB | AR | AS | SR | SS | ST |
===============================================================================
|  a_bank1_reg_l_reg  | Flip-flop |  80   |  Y  | N  | N  | N  | N  | N  | N  |
|  a_bank1_reg_h_reg  | Flip-flop |  80   |  Y  | N  | N  | N  | N  | N  | N  |
===============================================================================

Inferred memory devices in process
	in routine ViT_top line 428 in file
		'../hdl/ViT_top.v'.
===============================================================================
|    Register Name    |   Type    | Width | Bus | MB | AR | AS | SR | SS | ST |
===============================================================================
|  a_bank2_reg_l_reg  | Flip-flop |  80   |  Y  | N  | N  | N  | N  | N  | N  |
|  a_bank2_reg_h_reg  | Flip-flop |  80   |  Y  | N  | N  | N  | N  | N  | N  |
===============================================================================

Inferred memory devices in process
	in routine ViT_top line 452 in file
		'../hdl/ViT_top.v'.
===============================================================================
|    Register Name    |   Type    | Width | Bus | MB | AR | AS | SR | SS | ST |
===============================================================================
|  a_bank3_reg_l_reg  | Flip-flop |  80   |  Y  | N  | N  | N  | N  | N  | N  |
|  a_bank3_reg_h_reg  | Flip-flop |  80   |  Y  | N  | N  | N  | N  | N  | N  |
===============================================================================

Inferred memory devices in process
	in routine ViT_top line 477 in file
		'../hdl/ViT_top.v'.
===============================================================================
|    Register Name    |   Type    | Width | Bus | MB | AR | AS | SR | SS | ST |
===============================================================================
| a_bank_reg_h_d_reg  | Flip-flop |  80   |  Y  | N  | N  | N  | N  | N  | N  |
===============================================================================

Inferred memory devices in process
	in routine ViT_top line 581 in file
		'../hdl/ViT_top.v'.
===============================================================================
|    Register Name    |   Type    | Width | Bus | MB | AR | AS | SR | SS | ST |
===============================================================================
|     valid_2_reg     | Flip-flop |   1   |  N  | N  | N  | N  | N  | N  | N  |
|   token_mean_reg    | Flip-flop |  14   |  Y  | N  | N  | N  | N  | N  | N  |
===============================================================================

Inferred memory devices in process
	in routine ViT_top line 755 in file
		'../hdl/ViT_top.v'.
===============================================================================
|    Register Name    |   Type    | Width | Bus | MB | AR | AS | SR | SS | ST |
===============================================================================
|   sel_toggle_reg    | Flip-flop |   1   |  N  | N  | N  | N  | N  | N  | N  |
===============================================================================

Inferred memory devices in process
	in routine ViT_top line 764 in file
		'../hdl/ViT_top.v'.
====================================================================================
|      Register Name       |   Type    | Width | Bus | MB | AR | AS | SR | SS | ST |
====================================================================================
|  token_mae_sign_d5_reg   | Flip-flop |   1   |  N  | N  | N  | N  | N  | N  | N  |
| a_bank_minus_sign_d6_reg | Flip-flop |  16   |  Y  | N  | N  | N  | N  | N  | N  |
|      valid_2_d7_reg      | Flip-flop |   1   |  N  | N  | N  | N  | N  | N  | N  |
|  token_mae_sign_d1_reg   | Flip-flop |   1   |  N  | N  | N  | N  | N  | N  | N  |
|  token_mae_sign_d2_reg   | Flip-flop |   1   |  N  | N  | N  | N  | N  | N  | N  |
| a_bank_minus_sign_d7_reg | Flip-flop |  16   |  Y  | N  | N  | N  | N  | N  | N  |
|      valid_2_d3_reg      | Flip-flop |   1   |  N  | N  | N  | N  | N  | N  | N  |
|      valid_2_d4_reg      | Flip-flop |   1   |  N  | N  | N  | N  | N  | N  | N  |
|  token_mae_sign_d6_reg   | Flip-flop |   1   |  N  | N  | N  | N  | N  | N  | N  |
|  token_mae_sign_d3_reg   | Flip-flop |   1   |  N  | N  | N  | N  | N  | N  | N  |
|    sel_toggle_d1_reg     | Flip-flop |   1   |  N  | N  | N  | N  | N  | N  | N  |
|    sel_toggle_d6_reg     | Flip-flop |   1   |  N  | N  | N  | N  | N  | N  | N  |
|    sel_toggle_d7_reg     | Flip-flop |   1   |  N  | N  | N  | N  | N  | N  | N  |
|  token_mae_sign_d4_reg   | Flip-flop |   1   |  N  | N  | N  | N  | N  | N  | N  |
|    sel_toggle_d3_reg     | Flip-flop |   1   |  N  | N  | N  | N  | N  | N  | N  |
|    sel_toggle_d4_reg     | Flip-flop |   1   |  N  | N  | N  | N  | N  | N  | N  |
|      valid_2_d6_reg      | Flip-flop |   1   |  N  | N  | N  | N  | N  | N  | N  |
|      valid_2_d5_reg      | Flip-flop |   1   |  N  | N  | N  | N  | N  | N  | N  |
|      valid_2_d1_reg      | Flip-flop |   1   |  N  | N  | N  | N  | N  | N  | N  |
| a_bank_minus_sign_d1_reg | Flip-flop |  16   |  Y  | N  | N  | N  | N  | N  | N  |
|      valid_2_d2_reg      | Flip-flop |   1   |  N  | N  | N  | N  | N  | N  | N  |
| a_bank_minus_sign_d2_reg | Flip-flop |  16   |  Y  | N  | N  | N  | N  | N  | N  |
|  token_mae_sign_d7_reg   | Flip-flop |   1   |  N  | N  | N  | N  | N  | N  | N  |
| a_bank_minus_sign_d3_reg | Flip-flop |  16   |  Y  | N  | N  | N  | N  | N  | N  |
|    sel_toggle_d5_reg     | Flip-flop |   1   |  N  | N  | N  | N  | N  | N  | N  |
| a_bank_minus_sign_d4_reg | Flip-flop |  16   |  Y  | N  | N  | N  | N  | N  | N  |
|    sel_toggle_d2_reg     | Flip-flop |   1   |  N  | N  | N  | N  | N  | N  | N  |
| a_bank_minus_sign_d5_reg | Flip-flop |  16   |  Y  | N  | N  | N  | N  | N  | N  |
====================================================================================

Inferred memory devices in process
	in routine ViT_top line 957 in file
		'../hdl/ViT_top.v'.
===============================================================================
|    Register Name    |   Type    | Width | Bus | MB | AR | AS | SR | SS | ST |
===============================================================================
|  token_nor_reg_reg  | Flip-flop |  80   |  Y  | N  | N  | N  | N  | N  | N  |
===============================================================================

Inferred memory devices in process
	in routine ViT_top line 1029 in file
		'../hdl/ViT_top.v'.
==================================================================================
|     Register Name      |   Type    | Width | Bus | MB | AR | AS | SR | SS | ST |
==================================================================================
|      valid_3_reg       | Flip-flop |   1   |  N  | N  | N  | N  | N  | N  | N  |
| token_x_nor_result_reg | Flip-flop |  160  |  Y  | N  | N  | N  | N  | N  | N  |
==================================================================================

Inferred memory devices in process
	in routine ViT_top line 1146 in file
		'../hdl/ViT_top.v'.
=================================================================================
|     Register Name     |   Type    | Width | Bus | MB | AR | AS | SR | SS | ST |
=================================================================================
| b_base_addr_cnt_b_reg | Flip-flop |   4   |  Y  | N  | N  | N  | Y  | N  | N  |
=================================================================================

Inferred memory devices in process
	in routine ViT_top line 1165 in file
		'../hdl/ViT_top.v'.
===============================================================================
|    Register Name    |   Type    | Width | Bus | MB | AR | AS | SR | SS | ST |
===============================================================================
| sram_b_wen_cnt_reg  | Flip-flop |   3   |  Y  | N  | N  | N  | N  | N  | N  |
===============================================================================

Inferred memory devices in process
	in routine ViT_top line 1198 in file
		'../hdl/ViT_top.v'.
===============================================================================
|    Register Name    |   Type    | Width | Bus | MB | AR | AS | SR | SS | ST |
===============================================================================
| sram_addr_cnt_b_reg | Flip-flop |   5   |  Y  | N  | N  | N  | N  | N  | N  |
===============================================================================

Inferred memory devices in process
	in routine ViT_top line 1280 in file
		'../hdl/ViT_top.v'.
===============================================================================
|    Register Name    |   Type    | Width | Bus | MB | AR | AS | SR | SS | ST |
===============================================================================
| weight_addr_cnt_reg | Flip-flop |   7   |  Y  | N  | N  | N  | Y  | N  | N  |
| weight_addr_cnt_reg | Flip-flop |   1   |  N  | N  | N  | N  | N  | Y  | N  |
===============================================================================

Inferred memory devices in process
	in routine ViT_top line 1308 in file
		'../hdl/ViT_top.v'.
===============================================================================
|    Register Name    |   Type    | Width | Bus | MB | AR | AS | SR | SS | ST |
===============================================================================
|     col_cnt_reg     | Flip-flop |   5   |  Y  | N  | N  | N  | Y  | N  | N  |
===============================================================================

Inferred memory devices in process
	in routine ViT_top line 1317 in file
		'../hdl/ViT_top.v'.
===============================================================================
|    Register Name    |   Type    | Width | Bus | MB | AR | AS | SR | SS | ST |
===============================================================================
|      phase_reg      | Flip-flop |   1   |  N  | N  | N  | N  | Y  | N  | N  |
===============================================================================

Inferred memory devices in process
	in routine ViT_top line 1420 in file
		'../hdl/ViT_top.v'.
===============================================================================
|    Register Name    |   Type    | Width | Bus | MB | AR | AS | SR | SS | ST |
===============================================================================
| bank2_proj_add_reg  | Flip-flop |  20   |  Y  | N  | N  | N  | N  | N  | N  |
| bank3_proj_add_reg  | Flip-flop |  20   |  Y  | N  | N  | N  | N  | N  | N  |
| bank0_proj_add_reg  | Flip-flop |  20   |  Y  | N  | N  | N  | N  | N  | N  |
| bank1_proj_add_reg  | Flip-flop |  20   |  Y  | N  | N  | N  | N  | N  | N  |
===============================================================================

Inferred memory devices in process
	in routine ViT_top line 1428 in file
		'../hdl/ViT_top.v'.
===============================================================================
|    Register Name    |   Type    | Width | Bus | MB | AR | AS | SR | SS | ST |
===============================================================================
|     valid_4_reg     | Flip-flop |   1   |  N  | N  | N  | N  | Y  | N  | N  |
===============================================================================

Inferred memory devices in process
	in routine ViT_top line 1452 in file
		'../hdl/ViT_top.v'.
===============================================================================
|    Register Name    |   Type    | Width | Bus | MB | AR | AS | SR | SS | ST |
===============================================================================
|     valid_5_reg     | Flip-flop |   1   |  N  | N  | N  | N  | Y  | N  | N  |
===============================================================================

Inferred memory devices in process
	in routine ViT_top line 1459 in file
		'../hdl/ViT_top.v'.
===============================================================================
|    Register Name    |   Type    | Width | Bus | MB | AR | AS | SR | SS | ST |
===============================================================================
| bank0_proj_reg_reg  | Flip-flop |  20   |  Y  | N  | N  | N  | N  | N  | N  |
| bank1_proj_reg_reg  | Flip-flop |  20   |  Y  | N  | N  | N  | N  | N  | N  |
| bank2_proj_reg_reg  | Flip-flop |  20   |  Y  | N  | N  | N  | N  | N  | N  |
| bank3_proj_reg_reg  | Flip-flop |  20   |  Y  | N  | N  | N  | N  | N  | N  |
===============================================================================

Inferred memory devices in process
	in routine ViT_top line 1619 in file
		'../hdl/ViT_top.v'.
================================================================================
|    Register Name     |   Type    | Width | Bus | MB | AR | AS | SR | SS | ST |
================================================================================
|  sram_c_ch_cnt_reg   | Flip-flop |   3   |  Y  | N  | N  | N  | Y  | N  | N  |
| sram_c_block_cnt_reg | Flip-flop |   4   |  Y  | N  | N  | N  | Y  | N  | N  |
| sram_c_proj_cnt_reg  | Flip-flop |   2   |  Y  | N  | N  | N  | Y  | N  | N  |
================================================================================

Inferred memory devices in process
	in routine ViT_top line 1819 in file
		'../hdl/ViT_top.v'.
================================================================================
|    Register Name     |   Type    | Width | Bus | MB | AR | AS | SR | SS | ST |
================================================================================
| sramc_q_addr_cnt_reg | Flip-flop |   4   |  Y  | N  | N  | N  | N  | N  | N  |
================================================================================

Inferred memory devices in process
	in routine ViT_top line 1829 in file
		'../hdl/ViT_top.v'.
===============================================================================
|    Register Name    |   Type    | Width | Bus | MB | AR | AS | SR | SS | ST |
===============================================================================
|    token_cnt_reg    | Flip-flop |   2   |  Y  | N  | N  | N  | N  | N  | N  |
===============================================================================

Inferred memory devices in process
	in routine ViT_top line 1841 in file
		'../hdl/ViT_top.v'.
===============================================================================
|    Register Name    |   Type    | Width | Bus | MB | AR | AS | SR | SS | ST |
===============================================================================
|    access_k_reg     | Flip-flop |   1   |  N  | N  | N  | N  | Y  | N  | N  |
===============================================================================

Inferred memory devices in process
	in routine ViT_top line 1852 in file
		'../hdl/ViT_top.v'.
==================================================================================
|     Register Name      |   Type    | Width | Bus | MB | AR | AS | SR | SS | ST |
==================================================================================
| sramc_k_addr_cnt_d_reg | Flip-flop |   4   |  Y  | N  | N  | N  | N  | N  | N  |
|  sramc_k_addr_cnt_reg  | Flip-flop |   4   |  Y  | N  | N  | N  | N  | N  | N  |
==================================================================================

Inferred memory devices in process
	in routine ViT_top line 1916 in file
		'../hdl/ViT_top.v'.
===============================================================================
|    Register Name    |   Type    | Width | Bus | MB | AR | AS | SR | SS | ST |
===============================================================================
|  sramc_addr_d_reg   | Flip-flop |   1   |  N  | N  | N  | N  | N  | N  | N  |
===============================================================================

Inferred memory devices in process
	in routine ViT_top line 1919 in file
		'../hdl/ViT_top.v'.
===============================================================================
|    Register Name    |   Type    | Width | Bus | MB | AR | AS | SR | SS | ST |
===============================================================================
| c_bank_dat_reg_reg  | Flip-flop |  80   |  Y  | N  | N  | N  | N  | N  | N  |
===============================================================================
Information:  Complex logic will not be considered for set/reset inference. (ELAB-2008)
Presto compilation completed successfully. (ViT_top)
Elaborated 1 design.
Current design is now 'ViT_top'.
Information: Building the design 'div'. (HDL-193)

Inferred memory devices in process
	in routine div line 2023 in file
		'../hdl/ViT_top.v'.
===============================================================================
|    Register Name    |   Type    | Width | Bus | MB | AR | AS | SR | SS | ST |
===============================================================================
|   remainder_t_reg   | Flip-flop |  18   |  Y  | N  | N  | N  | N  | N  | N  |
|    divisor_t_reg    | Flip-flop |  18   |  Y  | N  | N  | N  | N  | N  | N  |
|   dividend_t_reg    | Flip-flop |  23   |  Y  | N  | N  | N  | N  | N  | N  |
|   merchant_t_reg    | Flip-flop |   1   |  N  | N  | N  | N  | N  | Y  | N  |
===============================================================================

Inferred memory devices in process
	in routine div line 2071 in file
		'../hdl/ViT_top.v'.
===============================================================================
|    Register Name    |   Type    | Width | Bus | MB | AR | AS | SR | SS | ST |
===============================================================================
|   dividend_t_reg    | Flip-flop |  19   |  Y  | N  | N  | N  | N  | N  | N  |
|   merchant_t_reg    | Flip-flop |   5   |  Y  | N  | N  | N  | N  | N  | N  |
|   remainder_t_reg   | Flip-flop |  18   |  Y  | N  | N  | N  | N  | N  | N  |
|    divisor_t_reg    | Flip-flop |  18   |  Y  | N  | N  | N  | N  | N  | N  |
===============================================================================

Inferred memory devices in process
	in routine div line 2119 in file
		'../hdl/ViT_top.v'.
===============================================================================
|    Register Name    |   Type    | Width | Bus | MB | AR | AS | SR | SS | ST |
===============================================================================
|   dividend_t_reg    | Flip-flop |  15   |  Y  | N  | N  | N  | N  | N  | N  |
|   merchant_t_reg    | Flip-flop |   9   |  Y  | N  | N  | N  | N  | N  | N  |
|   remainder_t_reg   | Flip-flop |  18   |  Y  | N  | N  | N  | N  | N  | N  |
|    divisor_t_reg    | Flip-flop |  18   |  Y  | N  | N  | N  | N  | N  | N  |
===============================================================================

Inferred memory devices in process
	in routine div line 2167 in file
		'../hdl/ViT_top.v'.
===============================================================================
|    Register Name    |   Type    | Width | Bus | MB | AR | AS | SR | SS | ST |
===============================================================================
|   dividend_t_reg    | Flip-flop |  11   |  Y  | N  | N  | N  | N  | N  | N  |
|   merchant_t_reg    | Flip-flop |  13   |  Y  | N  | N  | N  | N  | N  | N  |
|   remainder_t_reg   | Flip-flop |  18   |  Y  | N  | N  | N  | N  | N  | N  |
|    divisor_t_reg    | Flip-flop |  18   |  Y  | N  | N  | N  | N  | N  | N  |
===============================================================================

Inferred memory devices in process
	in routine div line 2215 in file
		'../hdl/ViT_top.v'.
===============================================================================
|    Register Name    |   Type    | Width | Bus | MB | AR | AS | SR | SS | ST |
===============================================================================
|   dividend_t_reg    | Flip-flop |   7   |  Y  | N  | N  | N  | N  | N  | N  |
|   merchant_t_reg    | Flip-flop |  17   |  Y  | N  | N  | N  | N  | N  | N  |
|   remainder_t_reg   | Flip-flop |  18   |  Y  | N  | N  | N  | N  | N  | N  |
|    divisor_t_reg    | Flip-flop |  18   |  Y  | N  | N  | N  | N  | N  | N  |
===============================================================================

Inferred memory devices in process
	in routine div line 2263 in file
		'../hdl/ViT_top.v'.
===============================================================================
|    Register Name    |   Type    | Width | Bus | MB | AR | AS | SR | SS | ST |
===============================================================================
|   dividend_t_reg    | Flip-flop |   3   |  Y  | N  | N  | N  | N  | N  | N  |
|   merchant_t_reg    | Flip-flop |  21   |  Y  | N  | N  | N  | N  | N  | N  |
|   remainder_t_reg   | Flip-flop |  18   |  Y  | N  | N  | N  | N  | N  | N  |
|    divisor_t_reg    | Flip-flop |  18   |  Y  | N  | N  | N  | N  | N  | N  |
===============================================================================
Information:  Complex logic will not be considered for set/reset inference. (ELAB-2008)
Presto compilation completed successfully. (div)
1
# Solve Multiple Instance
set uniquify_naming_style "%s_mydesign_%d"
%s_mydesign_%d
uniquify
Information: Uniquified 8 instances of design 'div'. (OPT-1056)
1
# link the design
current_design $TOPLEVEL
Current design is 'ViT_top'.
{ViT_top}
link

  Linking design 'ViT_top'
  Using the following designs and libraries:
  --------------------------------------------------------------------------
  * (9 designs)               /home/u110/u110022124/ICLAB/EE4292_HW5/syn/ViT_top.db, etc
  slow_vdd1v2 (library)       /usr/cadtool/GPDK45/gsclib045_svt_v4.4/gsclib045/db/slow_vdd1v2_basicCells_wl.db
  dw_foundation.sldb (library) /usr/cad/synopsys/synthesis/cur/libraries/syn/dw_foundation.sldb

1
1
source -echo -verbose 1_setting.tcl 
# Setting Design and I/O Environment
set_operating_conditions -library slow_vdd1v2 PVT_1P08V_125C
Using operating conditions 'PVT_1P08V_125C' found in library 'slow_vdd1v2'.
1
# Assume outputs go to DFF and inputs also come from DFF
set_driving_cell -library slow_vdd1v2 -lib_cell DFFHQX1 -pin {Q} [all_inputs]	
1
set_load [load_of "slow_vdd1v2/DFFHQX1/D"] [all_outputs]
1
# Setting wireload model
set_wire_load_mode enclosed
1
set_wire_load_model -name "Large" $TOPLEVEL
1
# Setting Timing Constraints
###  ceate your clock here
create_clock -name clk -period $TEST_CYCLE  [get_ports clk]
1
###  set clock constrain
set_ideal_network       [get_ports clk]
1
set_dont_touch_network  [all_clocks]
1
# I/O delay should depend on the real enironment. Here only shows an example of setting
set_input_delay  [expr $TEST_CYCLE*0.3]  -clock clk [remove_from_collection [all_inputs] [get_ports clk]]
1
set_output_delay [expr $TEST_CYCLE*0.3]  -clock clk [all_outputs]
1
# Setting DRC Constraint
# Defensive setting: default fanout_load 1.0 and our target max fanout # 20 => 1.0*20 = 20.0
# max_transition and max_capacitance are given in the cell library
set_max_fanout 20.0 $TOPLEVEL
1
# Area Constraint
set_max_area   0
1
1
source -echo -verbose 2_compile.tcl 
# this cell's verilog will cause ncverilog to hang 
# before synthesis settings
set case_analysis_with_logic_constants true
true
set_fix_multiple_port_nets -feedthroughs -outputs -constants -buffer_constants
1
####check design####
check_design > ./$RPT_DIR/check_design.log
check_timing > ./$RPT_DIR/check_timing.log
set_clock_gating_style -max_fanout 10

Current clock gating style....
Sequential cell: latch
Minimum bank bitwidth: 3
Minimum bank bitwidth for enhanced clock gating: 6
Maximum fanout: 10
Setup time for clock gate: 0.000000
Hold time for clock gate: 0.000000
Clock gating circuitry (positive edge): and
Clock gating circuitry (negative edge): or
 Note: inverter between clock gating circuitry 
       and (negative edge) register clock pin.
Control point insertion: none
Control signal for control point: scan_enable
Observation point insertion: false
Observation logic depth: 5
1
# Preserve DesignWare dividers so their internal pipeline stays intact
set divider_insts [get_cells -hierarchical div?]
{div0 div1 div2 div3 div4 div5 div6 div7}
if {[sizeof_collection $divider_insts] > 0} {
    set_dont_touch $divider_insts
    set_ungroup $divider_insts false
}
1
# Synthesis all design (using : compile_ultra)
# you can add "-gate_clock" to do gated-clock
# you can add "-incremental" for higher performance
compile_ultra -gate_clock -exact_map -no_autoungroup -no_seq_output_inversion -no_boundary_optimization
Warning: The value of variable 'compile_preserve_subdesign_interfaces' has been changed to true because '-no_boundary_optimization' is used. (OPT-133)
Information: Starting from 2013.12 release, constant propagation is enabled even when boundary optimization is disabled. (OPT-1318)
Information: Performing power optimization. (PWR-850)
Alib files are up-to-date.
Information: Evaluating DesignWare library utilization. (UISN-27)

============================================================================
| DesignWare Building Block Library  |         Version         | Available |
============================================================================
| Basic DW Building Blocks           | R-2020.09-DWBB_202009.5 |     *     |
| Licensed DW Building Blocks        | R-2020.09-DWBB_202009.5 |     *     |
============================================================================


Information: There are 1960 potential problems in your design. Please run 'check_design' for more information. (LINT-99)

  Simplifying Design 'ViT_top'

Loaded alib file './alib-52/slow_vdd1v2_basicCells_wl.db.alib'
Information: State dependent leakage is now switched from on to off.

  Beginning Pass 1 Mapping
  ------------------------
  Processing 'ViT_top'
Information: Added key list 'DesignWare' to design 'ViT_top'. (DDB-72)
Information: The register 'top_state_reg[3]' is a constant and will be removed. (OPT-1206)
Information: The register 'top_state_reg[4]' is a constant and will be removed. (OPT-1206)
 Implement Synthetic for 'ViT_top'.
Information: The register 'bank3_proj_reg_reg[0]' will be removed. (OPT-1207)
Information: The register 'bank3_proj_reg_reg[1]' will be removed. (OPT-1207)
Information: The register 'bank3_proj_reg_reg[2]' will be removed. (OPT-1207)
Information: The register 'bank3_proj_reg_reg[3]' will be removed. (OPT-1207)
Information: The register 'bank3_proj_reg_reg[4]' will be removed. (OPT-1207)
Information: The register 'bank3_proj_reg_reg[5]' will be removed. (OPT-1207)
Information: The register 'bank2_proj_reg_reg[0]' will be removed. (OPT-1207)
Information: The register 'bank2_proj_reg_reg[1]' will be removed. (OPT-1207)
Information: The register 'bank2_proj_reg_reg[2]' will be removed. (OPT-1207)
Information: The register 'bank2_proj_reg_reg[3]' will be removed. (OPT-1207)
Information: The register 'bank2_proj_reg_reg[4]' will be removed. (OPT-1207)
Information: The register 'bank2_proj_reg_reg[5]' will be removed. (OPT-1207)
Information: The register 'bank1_proj_reg_reg[0]' will be removed. (OPT-1207)
Information: The register 'bank1_proj_reg_reg[1]' will be removed. (OPT-1207)
Information: The register 'bank1_proj_reg_reg[2]' will be removed. (OPT-1207)
Information: The register 'bank1_proj_reg_reg[3]' will be removed. (OPT-1207)
Information: The register 'bank1_proj_reg_reg[4]' will be removed. (OPT-1207)
Information: The register 'bank1_proj_reg_reg[5]' will be removed. (OPT-1207)
Information: The register 'bank0_proj_reg_reg[0]' will be removed. (OPT-1207)
Information: The register 'bank0_proj_reg_reg[1]' will be removed. (OPT-1207)
Information: The register 'bank0_proj_reg_reg[2]' will be removed. (OPT-1207)
Information: The register 'bank0_proj_reg_reg[3]' will be removed. (OPT-1207)
Information: The register 'bank0_proj_reg_reg[4]' will be removed. (OPT-1207)
Information: The register 'bank0_proj_reg_reg[5]' will be removed. (OPT-1207)
Information: The register 'token_x_nor_result_reg[7][0]' will be removed. (OPT-1207)
Information: The register 'token_x_nor_result_reg[7][1]' will be removed. (OPT-1207)
Information: The register 'token_x_nor_result_reg[7][2]' will be removed. (OPT-1207)
Information: The register 'token_x_nor_result_reg[7][3]' will be removed. (OPT-1207)
Information: The register 'token_x_nor_result_reg[7][4]' will be removed. (OPT-1207)
Information: The register 'token_x_nor_result_reg[7][5]' will be removed. (OPT-1207)
Information: The register 'token_x_nor_result_reg[6][0]' will be removed. (OPT-1207)
Information: The register 'token_x_nor_result_reg[6][1]' will be removed. (OPT-1207)
Information: The register 'token_x_nor_result_reg[6][2]' will be removed. (OPT-1207)
Information: The register 'token_x_nor_result_reg[6][3]' will be removed. (OPT-1207)
Information: The register 'token_x_nor_result_reg[6][4]' will be removed. (OPT-1207)
Information: The register 'token_x_nor_result_reg[6][5]' will be removed. (OPT-1207)
Information: The register 'token_x_nor_result_reg[5][0]' will be removed. (OPT-1207)
Information: The register 'token_x_nor_result_reg[5][1]' will be removed. (OPT-1207)
Information: The register 'token_x_nor_result_reg[5][2]' will be removed. (OPT-1207)
Information: The register 'token_x_nor_result_reg[5][3]' will be removed. (OPT-1207)
Information: The register 'token_x_nor_result_reg[5][4]' will be removed. (OPT-1207)
Information: The register 'token_x_nor_result_reg[5][5]' will be removed. (OPT-1207)
Information: The register 'token_x_nor_result_reg[4][0]' will be removed. (OPT-1207)
Information: The register 'token_x_nor_result_reg[4][1]' will be removed. (OPT-1207)
Information: The register 'token_x_nor_result_reg[4][2]' will be removed. (OPT-1207)
Information: The register 'token_x_nor_result_reg[4][3]' will be removed. (OPT-1207)
Information: The register 'token_x_nor_result_reg[4][4]' will be removed. (OPT-1207)
Information: The register 'token_x_nor_result_reg[4][5]' will be removed. (OPT-1207)
Information: The register 'token_x_nor_result_reg[3][0]' will be removed. (OPT-1207)
Information: The register 'token_x_nor_result_reg[3][1]' will be removed. (OPT-1207)
Information: The register 'token_x_nor_result_reg[3][2]' will be removed. (OPT-1207)
Information: The register 'token_x_nor_result_reg[3][3]' will be removed. (OPT-1207)
Information: The register 'token_x_nor_result_reg[3][4]' will be removed. (OPT-1207)
Information: The register 'token_x_nor_result_reg[3][5]' will be removed. (OPT-1207)
Information: The register 'token_x_nor_result_reg[2][0]' will be removed. (OPT-1207)
Information: The register 'token_x_nor_result_reg[2][1]' will be removed. (OPT-1207)
Information: The register 'token_x_nor_result_reg[2][2]' will be removed. (OPT-1207)
Information: The register 'token_x_nor_result_reg[2][3]' will be removed. (OPT-1207)
Information: The register 'token_x_nor_result_reg[2][4]' will be removed. (OPT-1207)
Information: The register 'token_x_nor_result_reg[2][5]' will be removed. (OPT-1207)
Information: The register 'token_x_nor_result_reg[1][0]' will be removed. (OPT-1207)
Information: The register 'token_x_nor_result_reg[1][1]' will be removed. (OPT-1207)
Information: The register 'token_x_nor_result_reg[1][2]' will be removed. (OPT-1207)
Information: The register 'token_x_nor_result_reg[1][3]' will be removed. (OPT-1207)
Information: The register 'token_x_nor_result_reg[1][4]' will be removed. (OPT-1207)
Information: The register 'token_x_nor_result_reg[1][5]' will be removed. (OPT-1207)
Information: The register 'token_x_nor_result_reg[0][0]' will be removed. (OPT-1207)
Information: The register 'token_x_nor_result_reg[0][1]' will be removed. (OPT-1207)
Information: The register 'token_x_nor_result_reg[0][2]' will be removed. (OPT-1207)
Information: The register 'token_x_nor_result_reg[0][3]' will be removed. (OPT-1207)
Information: The register 'token_x_nor_result_reg[0][4]' will be removed. (OPT-1207)
Information: The register 'token_x_nor_result_reg[0][5]' will be removed. (OPT-1207)
  Processing 'SNPS_CLOCK_GATE_HIGH_ViT_top_mydesign_0'

  Updating timing information
Information: Updating design information... (UID-85)
Information: The library cell 'TIELO' in the library 'slow_vdd1v2' is not characterized for internal power. (PWR-536)
Information: The library cell 'TIEHI' in the library 'slow_vdd1v2' is not characterized for internal power. (PWR-536)
Information: The target library(s) contains cell(s), other than black boxes, that are not characterized for internal power. (PWR-24)
Information: Skipping clock gating on design SNPS_CLOCK_GATE_HIGH_ViT_top_mydesign_0, since there are no registers. (PWR-806)
Information: Skipping clock gating on design ViT_top_RSOP_741, since there are no registers. (PWR-806)
Information: Skipping clock gating on design ViT_top_RSOP_742, since there are no registers. (PWR-806)
Information: Skipping clock gating on design ViT_top_RSOP_743, since there are no registers. (PWR-806)
Information: Skipping clock gating on design ViT_top_RSOP_744, since there are no registers. (PWR-806)
Information: Skipping clock gating on design ViT_top_RSOP_745, since there are no registers. (PWR-806)
Information: Skipping clock gating on design ViT_top_RSOP_746, since there are no registers. (PWR-806)
Information: Skipping clock gating on design ViT_top_RSOP_747, since there are no registers. (PWR-806)
Information: Skipping clock gating on design ViT_top_RSOP_748, since there are no registers. (PWR-806)
Information: Skipping clock gating on design ViT_top_DP_OP_754J1_127_5797_J1_0, since there are no registers. (PWR-806)
Information: Skipping clock gating on design ViT_top_DP_OP_753J1_126_5797_J1_0, since there are no registers. (PWR-806)
Information: Skipping clock gating on design ViT_top_DP_OP_752J1_125_5797_J1_0, since there are no registers. (PWR-806)
Information: Skipping clock gating on design ViT_top_DP_OP_751J1_124_5797_J1_0, since there are no registers. (PWR-806)
Information: Skipping clock gating on design ViT_top_DP_OP_750J1_123_1791_J1_0, since there are no registers. (PWR-806)
Information: Skipping clock gating on design ViT_top_DP_OP_749J1_122_4871_J1_0, since there are no registers. (PWR-806)
Information: Skipping clock gating on design ViT_top_DW01_inc_J1_0, since there are no registers. (PWR-806)
Information: Skipping clock gating on design ViT_top_DW01_inc_J1_1, since there are no registers. (PWR-806)
Information: Skipping clock gating on design ViT_top_DW01_inc_J1_2, since there are no registers. (PWR-806)
Information: Skipping clock gating on design ViT_top_DW01_inc_J1_3, since there are no registers. (PWR-806)
Information: Skipping clock gating on design ViT_top_DW01_inc_J1_4, since there are no registers. (PWR-806)
Information: Skipping clock gating on design ViT_top_DW01_inc_J1_5, since there are no registers. (PWR-806)
Information: Skipping clock gating on design ViT_top_DW01_inc_J1_6, since there are no registers. (PWR-806)
Information: Skipping clock gating on design ViT_top_DW01_inc_J1_7, since there are no registers. (PWR-806)
Information: Skipping clock gating on design ViT_top_DW01_inc_J1_8, since there are no registers. (PWR-806)
Information: Skipping clock gating on design ViT_top_DW01_inc_J1_9, since there are no registers. (PWR-806)
Information: Skipping clock gating on design ViT_top_DW01_inc_J1_10, since there are no registers. (PWR-806)
Information: Skipping clock gating on design ViT_top_DW01_inc_J1_11, since there are no registers. (PWR-806)
Information: Skipping clock gating on design ViT_top_DW01_inc_J1_12, since there are no registers. (PWR-806)
Information: Skipping clock gating on design ViT_top_DW01_inc_J1_13, since there are no registers. (PWR-806)
Information: Skipping clock gating on design ViT_top_DW01_inc_J1_14, since there are no registers. (PWR-806)
Information: Skipping clock gating on design ViT_top_DW01_inc_J1_15, since there are no registers. (PWR-806)
Information: Skipping clock gating on design ViT_top_DW01_inc_J1_16, since there are no registers. (PWR-806)
Information: Skipping clock gating on design ViT_top_DW01_inc_J1_17, since there are no registers. (PWR-806)
Information: Skipping clock gating on design ViT_top_DW01_inc_J1_18, since there are no registers. (PWR-806)
Information: Skipping clock gating on design ViT_top_DW01_inc_J1_19, since there are no registers. (PWR-806)
Information: Skipping clock gating on design ViT_top_DW01_inc_J1_20, since there are no registers. (PWR-806)
Information: Skipping clock gating on design ViT_top_DW01_inc_J1_21, since there are no registers. (PWR-806)
Information: Skipping clock gating on design ViT_top_DW01_inc_J1_22, since there are no registers. (PWR-806)
Information: Skipping clock gating on design ViT_top_DW01_inc_J1_23, since there are no registers. (PWR-806)
Information: Skipping clock gating on design ViT_top_DW01_inc_J1_24, since there are no registers. (PWR-806)
Information: Skipping clock gating on design ViT_top_DW01_inc_J1_25, since there are no registers. (PWR-806)
Information: Skipping clock gating on design ViT_top_DW01_inc_J1_26, since there are no registers. (PWR-806)
Information: Skipping clock gating on design ViT_top_DW01_sub_J1_0, since there are no registers. (PWR-806)
Information: Skipping clock gating on design ViT_top_DW01_sub_J1_1, since there are no registers. (PWR-806)
Information: Skipping clock gating on design ViT_top_DW01_sub_J1_2, since there are no registers. (PWR-806)
Information: Skipping clock gating on design ViT_top_DW01_sub_J1_3, since there are no registers. (PWR-806)
Information: Skipping clock gating on design ViT_top_DW01_sub_J1_4, since there are no registers. (PWR-806)
Information: Skipping clock gating on design ViT_top_DW01_sub_J1_5, since there are no registers. (PWR-806)
Information: Skipping clock gating on design ViT_top_DW01_sub_J1_6, since there are no registers. (PWR-806)
Information: Skipping clock gating on design ViT_top_DW01_sub_J1_7, since there are no registers. (PWR-806)
Information: Skipping clock gating on design ViT_top_DW01_sub_J1_8, since there are no registers. (PWR-806)
Information: Skipping clock gating on design ViT_top_DW01_sub_J1_9, since there are no registers. (PWR-806)
Information: Skipping clock gating on design ViT_top_DW01_sub_J1_10, since there are no registers. (PWR-806)
Information: Skipping clock gating on design ViT_top_DW01_sub_J1_11, since there are no registers. (PWR-806)
Information: Skipping clock gating on design ViT_top_DW01_sub_J1_12, since there are no registers. (PWR-806)
Information: Skipping clock gating on design ViT_top_DW01_sub_J1_13, since there are no registers. (PWR-806)
Information: Skipping clock gating on design ViT_top_DW01_sub_J1_14, since there are no registers. (PWR-806)
Information: Skipping clock gating on design ViT_top_DW01_sub_J1_15, since there are no registers. (PWR-806)
Information: Skipping clock gating on design ViT_top_DW01_inc_J1_27, since there are no registers. (PWR-806)
Information: Skipping clock gating on design ViT_top_DP_OP_190J1_128_7796_J1_0, since there are no registers. (PWR-806)
Information: Skipping clock gating on design ViT_top_DP_OP_191J1_130_3972_J1_0, since there are no registers. (PWR-806)
Information: Skipping clock gating on design ViT_top_DP_OP_192J1_132_1233_J1_0, since there are no registers. (PWR-806)
Information: Skipping clock gating on design ViT_top_DP_OP_193J1_134_9498_J1_0, since there are no registers. (PWR-806)
Information: Skipping clock gating on design ViT_top_DP_OP_194J1_136_6743_J1_0, since there are no registers. (PWR-806)
Information: Skipping clock gating on design ViT_top_DP_OP_195J1_138_2935_J1_0, since there are no registers. (PWR-806)
Information: Skipping clock gating on design ViT_top_DP_OP_196J1_140_180_J1_0, since there are no registers. (PWR-806)
Information: Skipping clock gating on design ViT_top_DP_OP_197J1_142_8445_J1_0, since there are no registers. (PWR-806)
Information: Skipping clock gating on design SNPS_CLOCK_GATE_HIGH_ViT_top_mydesign_1, since there are no registers. (PWR-806)
Information: Skipping clock gating on design SNPS_CLOCK_GATE_HIGH_ViT_top_mydesign_2, since there are no registers. (PWR-806)
Information: Skipping clock gating on design SNPS_CLOCK_GATE_HIGH_ViT_top_mydesign_3, since there are no registers. (PWR-806)
Information: Skipping clock gating on design SNPS_CLOCK_GATE_HIGH_ViT_top_mydesign_4, since there are no registers. (PWR-806)
Information: Skipping clock gating on design SNPS_CLOCK_GATE_HIGH_ViT_top_mydesign_5, since there are no registers. (PWR-806)
Information: Skipping clock gating on design SNPS_CLOCK_GATE_HIGH_ViT_top_mydesign_6, since there are no registers. (PWR-806)
Information: Skipping clock gating on design SNPS_CLOCK_GATE_HIGH_ViT_top_mydesign_7, since there are no registers. (PWR-806)
Information: Skipping clock gating on design SNPS_CLOCK_GATE_HIGH_ViT_top_mydesign_8, since there are no registers. (PWR-806)
Information: Skipping clock gating on design SNPS_CLOCK_GATE_HIGH_ViT_top_mydesign_9, since there are no registers. (PWR-806)
Information: Skipping clock gating on design SNPS_CLOCK_GATE_HIGH_ViT_top_mydesign_10, since there are no registers. (PWR-806)
Information: Skipping clock gating on design SNPS_CLOCK_GATE_HIGH_ViT_top_mydesign_11, since there are no registers. (PWR-806)
Information: Skipping clock gating on design SNPS_CLOCK_GATE_HIGH_ViT_top_mydesign_12, since there are no registers. (PWR-806)
Information: Skipping clock gating on design SNPS_CLOCK_GATE_HIGH_ViT_top_mydesign_13, since there are no registers. (PWR-806)
Information: Skipping clock gating on design SNPS_CLOCK_GATE_HIGH_ViT_top_mydesign_14, since there are no registers. (PWR-806)
Information: Skipping clock gating on design SNPS_CLOCK_GATE_HIGH_ViT_top_mydesign_15, since there are no registers. (PWR-806)
Information: Skipping clock gating on design SNPS_CLOCK_GATE_HIGH_ViT_top_mydesign_16, since there are no registers. (PWR-806)
Information: Skipping clock gating on design SNPS_CLOCK_GATE_HIGH_ViT_top_mydesign_17, since there are no registers. (PWR-806)
Information: Skipping clock gating on design SNPS_CLOCK_GATE_HIGH_ViT_top_mydesign_18, since there are no registers. (PWR-806)
Information: Skipping clock gating on design SNPS_CLOCK_GATE_HIGH_ViT_top_mydesign_19, since there are no registers. (PWR-806)
Information: Skipping clock gating on design SNPS_CLOCK_GATE_HIGH_ViT_top_mydesign_20, since there are no registers. (PWR-806)
Information: Skipping clock gating on design SNPS_CLOCK_GATE_HIGH_ViT_top_mydesign_21, since there are no registers. (PWR-806)
Information: Skipping clock gating on design SNPS_CLOCK_GATE_HIGH_ViT_top_mydesign_22, since there are no registers. (PWR-806)
Information: Skipping clock gating on design SNPS_CLOCK_GATE_HIGH_ViT_top_mydesign_23, since there are no registers. (PWR-806)
Information: Skipping clock gating on design SNPS_CLOCK_GATE_HIGH_ViT_top_mydesign_24, since there are no registers. (PWR-806)
Information: Skipping clock gating on design SNPS_CLOCK_GATE_HIGH_ViT_top_mydesign_25, since there are no registers. (PWR-806)
Information: Skipping clock gating on design SNPS_CLOCK_GATE_HIGH_ViT_top_mydesign_26, since there are no registers. (PWR-806)
Information: Skipping clock gating on design SNPS_CLOCK_GATE_HIGH_ViT_top_mydesign_27, since there are no registers. (PWR-806)
Information: Skipping clock gating on design SNPS_CLOCK_GATE_HIGH_ViT_top_mydesign_28, since there are no registers. (PWR-806)
Information: Skipping clock gating on design SNPS_CLOCK_GATE_HIGH_ViT_top_mydesign_29, since there are no registers. (PWR-806)
Information: Skipping clock gating on design SNPS_CLOCK_GATE_HIGH_ViT_top_mydesign_30, since there are no registers. (PWR-806)
Information: Skipping clock gating on design SNPS_CLOCK_GATE_HIGH_ViT_top_mydesign_31, since there are no registers. (PWR-806)
Information: Skipping clock gating on design SNPS_CLOCK_GATE_HIGH_ViT_top_mydesign_32, since there are no registers. (PWR-806)
Information: Skipping clock gating on design SNPS_CLOCK_GATE_HIGH_ViT_top_mydesign_33, since there are no registers. (PWR-806)
Information: Skipping clock gating on design SNPS_CLOCK_GATE_HIGH_ViT_top_mydesign_34, since there are no registers. (PWR-806)
Information: Skipping clock gating on design SNPS_CLOCK_GATE_HIGH_ViT_top_mydesign_35, since there are no registers. (PWR-806)
Information: Skipping clock gating on design SNPS_CLOCK_GATE_HIGH_ViT_top_mydesign_36, since there are no registers. (PWR-806)
Information: Skipping clock gating on design SNPS_CLOCK_GATE_HIGH_ViT_top_mydesign_37, since there are no registers. (PWR-806)
Information: Skipping clock gating on design SNPS_CLOCK_GATE_HIGH_ViT_top_mydesign_38, since there are no registers. (PWR-806)
Information: Skipping clock gating on design SNPS_CLOCK_GATE_HIGH_ViT_top_mydesign_39, since there are no registers. (PWR-806)
Information: Skipping clock gating on design SNPS_CLOCK_GATE_HIGH_ViT_top_mydesign_40, since there are no registers. (PWR-806)
Information: Skipping clock gating on design SNPS_CLOCK_GATE_HIGH_ViT_top_mydesign_41, since there are no registers. (PWR-806)
Information: Skipping clock gating on design SNPS_CLOCK_GATE_HIGH_ViT_top_mydesign_42, since there are no registers. (PWR-806)
Information: Skipping clock gating on design SNPS_CLOCK_GATE_HIGH_ViT_top_mydesign_43, since there are no registers. (PWR-806)
Information: Skipping clock gating on design SNPS_CLOCK_GATE_HIGH_ViT_top_mydesign_44, since there are no registers. (PWR-806)
Information: Skipping clock gating on design SNPS_CLOCK_GATE_HIGH_ViT_top_mydesign_45, since there are no registers. (PWR-806)
Information: Skipping clock gating on design SNPS_CLOCK_GATE_HIGH_ViT_top_mydesign_46, since there are no registers. (PWR-806)
Information: Skipping clock gating on design SNPS_CLOCK_GATE_HIGH_ViT_top_mydesign_47, since there are no registers. (PWR-806)
Information: Skipping clock gating on design SNPS_CLOCK_GATE_HIGH_ViT_top_mydesign_48, since there are no registers. (PWR-806)
Information: Skipping clock gating on design SNPS_CLOCK_GATE_HIGH_ViT_top_mydesign_49, since there are no registers. (PWR-806)
Information: Skipping clock gating on design SNPS_CLOCK_GATE_HIGH_ViT_top_mydesign_50, since there are no registers. (PWR-806)
Information: Skipping clock gating on design SNPS_CLOCK_GATE_HIGH_ViT_top_mydesign_51, since there are no registers. (PWR-806)
Information: Skipping clock gating on design SNPS_CLOCK_GATE_HIGH_ViT_top_mydesign_52, since there are no registers. (PWR-806)
Information: Skipping clock gating on design SNPS_CLOCK_GATE_HIGH_ViT_top_mydesign_53, since there are no registers. (PWR-806)
Information: Skipping clock gating on design SNPS_CLOCK_GATE_HIGH_ViT_top_mydesign_54, since there are no registers. (PWR-806)
Information: Skipping clock gating on design SNPS_CLOCK_GATE_HIGH_ViT_top_mydesign_55, since there are no registers. (PWR-806)
Information: Skipping clock gating on design SNPS_CLOCK_GATE_HIGH_ViT_top_mydesign_56, since there are no registers. (PWR-806)
Information: Skipping clock gating on design SNPS_CLOCK_GATE_HIGH_ViT_top_mydesign_57, since there are no registers. (PWR-806)
Information: Skipping clock gating on design SNPS_CLOCK_GATE_HIGH_ViT_top_mydesign_58, since there are no registers. (PWR-806)
Information: Skipping clock gating on design SNPS_CLOCK_GATE_HIGH_ViT_top_mydesign_59, since there are no registers. (PWR-806)
Information: Skipping clock gating on design SNPS_CLOCK_GATE_HIGH_ViT_top_mydesign_60, since there are no registers. (PWR-806)
Information: Skipping clock gating on design SNPS_CLOCK_GATE_HIGH_ViT_top_mydesign_61, since there are no registers. (PWR-806)
Information: Skipping clock gating on design SNPS_CLOCK_GATE_HIGH_ViT_top_mydesign_62, since there are no registers. (PWR-806)
Information: Skipping clock gating on design SNPS_CLOCK_GATE_HIGH_ViT_top_mydesign_63, since there are no registers. (PWR-806)
Information: Skipping clock gating on design SNPS_CLOCK_GATE_HIGH_ViT_top_mydesign_64, since there are no registers. (PWR-806)
Information: Skipping clock gating on design SNPS_CLOCK_GATE_HIGH_ViT_top_mydesign_65, since there are no registers. (PWR-806)
Information: Skipping clock gating on design SNPS_CLOCK_GATE_HIGH_ViT_top_mydesign_66, since there are no registers. (PWR-806)
Information: Skipping clock gating on design SNPS_CLOCK_GATE_HIGH_ViT_top_mydesign_67, since there are no registers. (PWR-806)
Information: Skipping clock gating on design SNPS_CLOCK_GATE_HIGH_ViT_top_mydesign_68, since there are no registers. (PWR-806)
Information: Skipping clock gating on design SNPS_CLOCK_GATE_HIGH_ViT_top_mydesign_69, since there are no registers. (PWR-806)
Information: Skipping clock gating on design SNPS_CLOCK_GATE_HIGH_ViT_top_mydesign_70, since there are no registers. (PWR-806)
Information: Skipping clock gating on design SNPS_CLOCK_GATE_HIGH_ViT_top_mydesign_71, since there are no registers. (PWR-806)
Information: Skipping clock gating on design SNPS_CLOCK_GATE_HIGH_ViT_top_mydesign_72, since there are no registers. (PWR-806)
Information: Skipping clock gating on design SNPS_CLOCK_GATE_HIGH_ViT_top_mydesign_73, since there are no registers. (PWR-806)
Information: Skipping clock gating on design SNPS_CLOCK_GATE_HIGH_ViT_top_mydesign_74, since there are no registers. (PWR-806)
Information: Skipping clock gating on design SNPS_CLOCK_GATE_HIGH_ViT_top_mydesign_75, since there are no registers. (PWR-806)
Information: Skipping clock gating on design SNPS_CLOCK_GATE_HIGH_ViT_top_mydesign_76, since there are no registers. (PWR-806)
Information: Skipping clock gating on design SNPS_CLOCK_GATE_HIGH_ViT_top_mydesign_77, since there are no registers. (PWR-806)
Information: Skipping clock gating on design SNPS_CLOCK_GATE_HIGH_ViT_top_mydesign_78, since there are no registers. (PWR-806)
Information: Skipping clock gating on design SNPS_CLOCK_GATE_HIGH_ViT_top_mydesign_79, since there are no registers. (PWR-806)
Information: Skipping clock gating on design SNPS_CLOCK_GATE_HIGH_ViT_top_mydesign_80, since there are no registers. (PWR-806)
Information: Skipping clock gating on design SNPS_CLOCK_GATE_HIGH_ViT_top_mydesign_81, since there are no registers. (PWR-806)
Information: Skipping clock gating on design SNPS_CLOCK_GATE_HIGH_ViT_top_mydesign_82, since there are no registers. (PWR-806)
Information: Skipping clock gating on design SNPS_CLOCK_GATE_HIGH_ViT_top_mydesign_83, since there are no registers. (PWR-806)
Information: Skipping clock gating on design SNPS_CLOCK_GATE_HIGH_ViT_top_mydesign_84, since there are no registers. (PWR-806)
Information: Skipping clock gating on design SNPS_CLOCK_GATE_HIGH_ViT_top_mydesign_85, since there are no registers. (PWR-806)
Information: Skipping clock gating on design SNPS_CLOCK_GATE_HIGH_ViT_top_mydesign_86, since there are no registers. (PWR-806)
Information: Skipping clock gating on design SNPS_CLOCK_GATE_HIGH_ViT_top_mydesign_87, since there are no registers. (PWR-806)
Information: Skipping clock gating on design SNPS_CLOCK_GATE_HIGH_ViT_top_mydesign_88, since there are no registers. (PWR-806)
Information: Skipping clock gating on design SNPS_CLOCK_GATE_HIGH_ViT_top_mydesign_89, since there are no registers. (PWR-806)
Information: Skipping clock gating on design SNPS_CLOCK_GATE_HIGH_ViT_top_mydesign_90, since there are no registers. (PWR-806)
Information: Skipping clock gating on design SNPS_CLOCK_GATE_HIGH_ViT_top_mydesign_91, since there are no registers. (PWR-806)
Information: Skipping clock gating on design SNPS_CLOCK_GATE_HIGH_ViT_top_mydesign_92, since there are no registers. (PWR-806)
Information: Skipping clock gating on design SNPS_CLOCK_GATE_HIGH_ViT_top_mydesign_93, since there are no registers. (PWR-806)
Information: Skipping clock gating on design SNPS_CLOCK_GATE_HIGH_ViT_top_mydesign_94, since there are no registers. (PWR-806)
Information: Skipping clock gating on design SNPS_CLOCK_GATE_HIGH_ViT_top_mydesign_95, since there are no registers. (PWR-806)
Information: Skipping clock gating on design SNPS_CLOCK_GATE_HIGH_ViT_top_mydesign_96, since there are no registers. (PWR-806)
Information: Skipping clock gating on design SNPS_CLOCK_GATE_HIGH_ViT_top_mydesign_97, since there are no registers. (PWR-806)
Information: Skipping clock gating on design SNPS_CLOCK_GATE_HIGH_ViT_top_mydesign_98, since there are no registers. (PWR-806)
Information: Skipping clock gating on design SNPS_CLOCK_GATE_HIGH_ViT_top_mydesign_99, since there are no registers. (PWR-806)
Information: Skipping clock gating on design SNPS_CLOCK_GATE_HIGH_ViT_top_mydesign_100, since there are no registers. (PWR-806)
Information: Skipping clock gating on design SNPS_CLOCK_GATE_HIGH_ViT_top_mydesign_101, since there are no registers. (PWR-806)
Information: Skipping clock gating on design SNPS_CLOCK_GATE_HIGH_ViT_top_mydesign_102, since there are no registers. (PWR-806)
Information: Skipping clock gating on design SNPS_CLOCK_GATE_HIGH_ViT_top_mydesign_103, since there are no registers. (PWR-806)
Information: Skipping clock gating on design SNPS_CLOCK_GATE_HIGH_ViT_top_mydesign_104, since there are no registers. (PWR-806)
Information: Skipping clock gating on design SNPS_CLOCK_GATE_HIGH_ViT_top_mydesign_105, since there are no registers. (PWR-806)
Information: Performing clock-gating on design ViT_top. (PWR-730)
Warning: Removing don't touch or size only GTECH cell div0/B_24, because it is not driving any load. (OPT-112)
Warning: Removing don't touch or size only GTECH cell div0/B_26, because it is not driving any load. (OPT-112)
Warning: Removing don't touch or size only GTECH cell div0/B_28, because it is not driving any load. (OPT-112)
Warning: Removing don't touch or size only GTECH cell div0/B_30, because it is not driving any load. (OPT-112)
Warning: Removing don't touch or size only GTECH cell div0/B_31, because it is not driving any load. (OPT-112)
Warning: Removing don't touch or size only GTECH cell div0/B_33, because it is not driving any load. (OPT-112)
Warning: Removing don't touch or size only GTECH cell div0/B_35, because it is not driving any load. (OPT-112)
Warning: Removing don't touch or size only GTECH cell div0/B_37, because it is not driving any load. (OPT-112)
Warning: Removing don't touch or size only GTECH cell div0/B_38, because it is not driving any load. (OPT-112)
Warning: Removing don't touch or size only GTECH cell div0/B_40, because it is not driving any load. (OPT-112)
Warning: Removing don't touch or size only GTECH cell div0/B_42, because it is not driving any load. (OPT-112)
Warning: Removing don't touch or size only GTECH cell div0/B_44, because it is not driving any load. (OPT-112)
Warning: Removing don't touch or size only GTECH cell div0/B_45, because it is not driving any load. (OPT-112)
Warning: Removing don't touch or size only GTECH cell div0/B_47, because it is not driving any load. (OPT-112)
Warning: Removing don't touch or size only GTECH cell div0/B_49, because it is not driving any load. (OPT-112)
Warning: Removing don't touch or size only GTECH cell div0/B_51, because it is not driving any load. (OPT-112)
Warning: Removing don't touch or size only GTECH cell div0/B_52, because it is not driving any load. (OPT-112)
Warning: Removing don't touch or size only GTECH cell div0/B_54, because it is not driving any load. (OPT-112)
Warning: Removing don't touch or size only GTECH cell div0/B_56, because it is not driving any load. (OPT-112)
Warning: Removing don't touch or size only GTECH cell div0/B_58, because it is not driving any load. (OPT-112)
Warning: Removing don't touch or size only GTECH cell div0/B_59, because it is not driving any load. (OPT-112)
Warning: Removing don't touch or size only GTECH cell div0/B_61, because it is not driving any load. (OPT-112)
Warning: Removing don't touch or size only GTECH cell div0/B_63, because it is not driving any load. (OPT-112)
Warning: Removing don't touch or size only GTECH cell div0/B_65, because it is not driving any load. (OPT-112)
Warning: Removing don't touch or size only GTECH cell div1/B_24, because it is not driving any load. (OPT-112)
Warning: Removing don't touch or size only GTECH cell div1/B_26, because it is not driving any load. (OPT-112)
Warning: Removing don't touch or size only GTECH cell div1/B_28, because it is not driving any load. (OPT-112)
Warning: Removing don't touch or size only GTECH cell div1/B_30, because it is not driving any load. (OPT-112)
Warning: Removing don't touch or size only GTECH cell div1/B_31, because it is not driving any load. (OPT-112)
Warning: Removing don't touch or size only GTECH cell div1/B_33, because it is not driving any load. (OPT-112)
Warning: Removing don't touch or size only GTECH cell div1/B_35, because it is not driving any load. (OPT-112)
Warning: Removing don't touch or size only GTECH cell div1/B_37, because it is not driving any load. (OPT-112)
Warning: Removing don't touch or size only GTECH cell div1/B_38, because it is not driving any load. (OPT-112)
Warning: Removing don't touch or size only GTECH cell div1/B_40, because it is not driving any load. (OPT-112)
Warning: Removing don't touch or size only GTECH cell div1/B_42, because it is not driving any load. (OPT-112)
Warning: Removing don't touch or size only GTECH cell div1/B_44, because it is not driving any load. (OPT-112)
Warning: Removing don't touch or size only GTECH cell div1/B_45, because it is not driving any load. (OPT-112)
Warning: Removing don't touch or size only GTECH cell div1/B_47, because it is not driving any load. (OPT-112)
Warning: Removing don't touch or size only GTECH cell div1/B_49, because it is not driving any load. (OPT-112)
Warning: Removing don't touch or size only GTECH cell div1/B_51, because it is not driving any load. (OPT-112)
Warning: Removing don't touch or size only GTECH cell div1/B_52, because it is not driving any load. (OPT-112)
Warning: Removing don't touch or size only GTECH cell div1/B_54, because it is not driving any load. (OPT-112)
Warning: Removing don't touch or size only GTECH cell div1/B_56, because it is not driving any load. (OPT-112)
Warning: Removing don't touch or size only GTECH cell div1/B_58, because it is not driving any load. (OPT-112)
Warning: Removing don't touch or size only GTECH cell div1/B_59, because it is not driving any load. (OPT-112)
Warning: Removing don't touch or size only GTECH cell div1/B_61, because it is not driving any load. (OPT-112)
Warning: Removing don't touch or size only GTECH cell div1/B_63, because it is not driving any load. (OPT-112)
Warning: Removing don't touch or size only GTECH cell div1/B_65, because it is not driving any load. (OPT-112)
Warning: Removing don't touch or size only GTECH cell div2/B_24, because it is not driving any load. (OPT-112)
Warning: Removing don't touch or size only GTECH cell div2/B_26, because it is not driving any load. (OPT-112)
Warning: Removing don't touch or size only GTECH cell div2/B_28, because it is not driving any load. (OPT-112)
Warning: Removing don't touch or size only GTECH cell div2/B_30, because it is not driving any load. (OPT-112)
Warning: Removing don't touch or size only GTECH cell div2/B_31, because it is not driving any load. (OPT-112)
Warning: Removing don't touch or size only GTECH cell div2/B_33, because it is not driving any load. (OPT-112)
Warning: Removing don't touch or size only GTECH cell div2/B_35, because it is not driving any load. (OPT-112)
Warning: Removing don't touch or size only GTECH cell div2/B_37, because it is not driving any load. (OPT-112)
Warning: Removing don't touch or size only GTECH cell div2/B_38, because it is not driving any load. (OPT-112)
Warning: Removing don't touch or size only GTECH cell div2/B_40, because it is not driving any load. (OPT-112)
Warning: Removing don't touch or size only GTECH cell div2/B_42, because it is not driving any load. (OPT-112)
Warning: Removing don't touch or size only GTECH cell div2/B_44, because it is not driving any load. (OPT-112)
Warning: Removing don't touch or size only GTECH cell div2/B_45, because it is not driving any load. (OPT-112)
Warning: Removing don't touch or size only GTECH cell div2/B_47, because it is not driving any load. (OPT-112)
Warning: Removing don't touch or size only GTECH cell div2/B_49, because it is not driving any load. (OPT-112)
Warning: Removing don't touch or size only GTECH cell div2/B_51, because it is not driving any load. (OPT-112)
Warning: Removing don't touch or size only GTECH cell div2/B_52, because it is not driving any load. (OPT-112)
Warning: Removing don't touch or size only GTECH cell div2/B_54, because it is not driving any load. (OPT-112)
Warning: Removing don't touch or size only GTECH cell div2/B_56, because it is not driving any load. (OPT-112)
Warning: Removing don't touch or size only GTECH cell div2/B_58, because it is not driving any load. (OPT-112)
Warning: Removing don't touch or size only GTECH cell div2/B_59, because it is not driving any load. (OPT-112)
Warning: Removing don't touch or size only GTECH cell div2/B_61, because it is not driving any load. (OPT-112)
Warning: Removing don't touch or size only GTECH cell div2/B_63, because it is not driving any load. (OPT-112)
Warning: Removing don't touch or size only GTECH cell div2/B_65, because it is not driving any load. (OPT-112)
Warning: Removing don't touch or size only GTECH cell div3/B_24, because it is not driving any load. (OPT-112)
Warning: Removing don't touch or size only GTECH cell div3/B_26, because it is not driving any load. (OPT-112)
Warning: Removing don't touch or size only GTECH cell div3/B_28, because it is not driving any load. (OPT-112)
Warning: Removing don't touch or size only GTECH cell div3/B_30, because it is not driving any load. (OPT-112)
Warning: Removing don't touch or size only GTECH cell div3/B_31, because it is not driving any load. (OPT-112)
Warning: Removing don't touch or size only GTECH cell div3/B_33, because it is not driving any load. (OPT-112)
Warning: Removing don't touch or size only GTECH cell div3/B_35, because it is not driving any load. (OPT-112)
Warning: Removing don't touch or size only GTECH cell div3/B_37, because it is not driving any load. (OPT-112)
Warning: Removing don't touch or size only GTECH cell div3/B_38, because it is not driving any load. (OPT-112)
Warning: Removing don't touch or size only GTECH cell div3/B_40, because it is not driving any load. (OPT-112)
Warning: Removing don't touch or size only GTECH cell div3/B_42, because it is not driving any load. (OPT-112)
Warning: Removing don't touch or size only GTECH cell div3/B_44, because it is not driving any load. (OPT-112)
Warning: Removing don't touch or size only GTECH cell div3/B_45, because it is not driving any load. (OPT-112)
Warning: Removing don't touch or size only GTECH cell div3/B_47, because it is not driving any load. (OPT-112)
Warning: Removing don't touch or size only GTECH cell div3/B_49, because it is not driving any load. (OPT-112)
Warning: Removing don't touch or size only GTECH cell div3/B_51, because it is not driving any load. (OPT-112)
Warning: Removing don't touch or size only GTECH cell div3/B_52, because it is not driving any load. (OPT-112)
Warning: Removing don't touch or size only GTECH cell div3/B_54, because it is not driving any load. (OPT-112)
Warning: Removing don't touch or size only GTECH cell div3/B_56, because it is not driving any load. (OPT-112)
Warning: Removing don't touch or size only GTECH cell div3/B_58, because it is not driving any load. (OPT-112)
Warning: Removing don't touch or size only GTECH cell div3/B_59, because it is not driving any load. (OPT-112)
Warning: Removing don't touch or size only GTECH cell div3/B_61, because it is not driving any load. (OPT-112)
Warning: Removing don't touch or size only GTECH cell div3/B_63, because it is not driving any load. (OPT-112)
Warning: Removing don't touch or size only GTECH cell div3/B_65, because it is not driving any load. (OPT-112)
Warning: Removing don't touch or size only GTECH cell div4/B_24, because it is not driving any load. (OPT-112)
Warning: Removing don't touch or size only GTECH cell div4/B_26, because it is not driving any load. (OPT-112)
Warning: Removing don't touch or size only GTECH cell div4/B_28, because it is not driving any load. (OPT-112)
Warning: Removing don't touch or size only GTECH cell div4/B_30, because it is not driving any load. (OPT-112)
Warning: Removing don't touch or size only GTECH cell div4/B_31, because it is not driving any load. (OPT-112)
Warning: Removing don't touch or size only GTECH cell div4/B_33, because it is not driving any load. (OPT-112)
Warning: Removing don't touch or size only GTECH cell div4/B_35, because it is not driving any load. (OPT-112)
Warning: Removing don't touch or size only GTECH cell div4/B_37, because it is not driving any load. (OPT-112)
Warning: Removing don't touch or size only GTECH cell div4/B_38, because it is not driving any load. (OPT-112)
Warning: Removing don't touch or size only GTECH cell div4/B_40, because it is not driving any load. (OPT-112)
Warning: Removing don't touch or size only GTECH cell div4/B_42, because it is not driving any load. (OPT-112)
Warning: Removing don't touch or size only GTECH cell div4/B_44, because it is not driving any load. (OPT-112)
Warning: Removing don't touch or size only GTECH cell div4/B_45, because it is not driving any load. (OPT-112)
Warning: Removing don't touch or size only GTECH cell div4/B_47, because it is not driving any load. (OPT-112)
Warning: Removing don't touch or size only GTECH cell div4/B_49, because it is not driving any load. (OPT-112)
Warning: Removing don't touch or size only GTECH cell div4/B_51, because it is not driving any load. (OPT-112)
Warning: Removing don't touch or size only GTECH cell div4/B_52, because it is not driving any load. (OPT-112)
Warning: Removing don't touch or size only GTECH cell div4/B_54, because it is not driving any load. (OPT-112)
Warning: Removing don't touch or size only GTECH cell div4/B_56, because it is not driving any load. (OPT-112)
Warning: Removing don't touch or size only GTECH cell div4/B_58, because it is not driving any load. (OPT-112)
Warning: Removing don't touch or size only GTECH cell div4/B_59, because it is not driving any load. (OPT-112)
Warning: Removing don't touch or size only GTECH cell div4/B_61, because it is not driving any load. (OPT-112)
Warning: Removing don't touch or size only GTECH cell div4/B_63, because it is not driving any load. (OPT-112)
Warning: Removing don't touch or size only GTECH cell div4/B_65, because it is not driving any load. (OPT-112)
Warning: Removing don't touch or size only GTECH cell div5/B_24, because it is not driving any load. (OPT-112)
Warning: Removing don't touch or size only GTECH cell div5/B_26, because it is not driving any load. (OPT-112)
Warning: Removing don't touch or size only GTECH cell div5/B_28, because it is not driving any load. (OPT-112)
Warning: Removing don't touch or size only GTECH cell div5/B_30, because it is not driving any load. (OPT-112)
Warning: Removing don't touch or size only GTECH cell div5/B_31, because it is not driving any load. (OPT-112)
Warning: Removing don't touch or size only GTECH cell div5/B_33, because it is not driving any load. (OPT-112)
Warning: Removing don't touch or size only GTECH cell div5/B_35, because it is not driving any load. (OPT-112)
Warning: Removing don't touch or size only GTECH cell div5/B_37, because it is not driving any load. (OPT-112)
Warning: Removing don't touch or size only GTECH cell div5/B_38, because it is not driving any load. (OPT-112)
Warning: Removing don't touch or size only GTECH cell div5/B_40, because it is not driving any load. (OPT-112)
Warning: Removing don't touch or size only GTECH cell div5/B_42, because it is not driving any load. (OPT-112)
Warning: Removing don't touch or size only GTECH cell div5/B_44, because it is not driving any load. (OPT-112)
Warning: Removing don't touch or size only GTECH cell div5/B_45, because it is not driving any load. (OPT-112)
Warning: Removing don't touch or size only GTECH cell div5/B_47, because it is not driving any load. (OPT-112)
Warning: Removing don't touch or size only GTECH cell div5/B_49, because it is not driving any load. (OPT-112)
Warning: Removing don't touch or size only GTECH cell div5/B_51, because it is not driving any load. (OPT-112)
Warning: Removing don't touch or size only GTECH cell div5/B_52, because it is not driving any load. (OPT-112)
Warning: Removing don't touch or size only GTECH cell div5/B_54, because it is not driving any load. (OPT-112)
Warning: Removing don't touch or size only GTECH cell div5/B_56, because it is not driving any load. (OPT-112)
Warning: Removing don't touch or size only GTECH cell div5/B_58, because it is not driving any load. (OPT-112)
Warning: Removing don't touch or size only GTECH cell div5/B_59, because it is not driving any load. (OPT-112)
Warning: Removing don't touch or size only GTECH cell div5/B_61, because it is not driving any load. (OPT-112)
Warning: Removing don't touch or size only GTECH cell div5/B_63, because it is not driving any load. (OPT-112)
Warning: Removing don't touch or size only GTECH cell div5/B_65, because it is not driving any load. (OPT-112)
Warning: Removing don't touch or size only GTECH cell div6/B_24, because it is not driving any load. (OPT-112)
Warning: Removing don't touch or size only GTECH cell div6/B_26, because it is not driving any load. (OPT-112)
Warning: Removing don't touch or size only GTECH cell div6/B_28, because it is not driving any load. (OPT-112)
Warning: Removing don't touch or size only GTECH cell div6/B_30, because it is not driving any load. (OPT-112)
Warning: Removing don't touch or size only GTECH cell div6/B_31, because it is not driving any load. (OPT-112)
Warning: Removing don't touch or size only GTECH cell div6/B_33, because it is not driving any load. (OPT-112)
Warning: Removing don't touch or size only GTECH cell div6/B_35, because it is not driving any load. (OPT-112)
Warning: Removing don't touch or size only GTECH cell div6/B_37, because it is not driving any load. (OPT-112)
Warning: Removing don't touch or size only GTECH cell div6/B_38, because it is not driving any load. (OPT-112)
Warning: Removing don't touch or size only GTECH cell div6/B_40, because it is not driving any load. (OPT-112)
Warning: Removing don't touch or size only GTECH cell div6/B_42, because it is not driving any load. (OPT-112)
Warning: Removing don't touch or size only GTECH cell div6/B_44, because it is not driving any load. (OPT-112)
Warning: Removing don't touch or size only GTECH cell div6/B_45, because it is not driving any load. (OPT-112)
Warning: Removing don't touch or size only GTECH cell div6/B_47, because it is not driving any load. (OPT-112)
Warning: Removing don't touch or size only GTECH cell div6/B_49, because it is not driving any load. (OPT-112)
Warning: Removing don't touch or size only GTECH cell div6/B_51, because it is not driving any load. (OPT-112)
Warning: Removing don't touch or size only GTECH cell div6/B_52, because it is not driving any load. (OPT-112)
Warning: Removing don't touch or size only GTECH cell div6/B_54, because it is not driving any load. (OPT-112)
Warning: Removing don't touch or size only GTECH cell div6/B_56, because it is not driving any load. (OPT-112)
Warning: Removing don't touch or size only GTECH cell div6/B_58, because it is not driving any load. (OPT-112)
Warning: Removing don't touch or size only GTECH cell div6/B_59, because it is not driving any load. (OPT-112)
Warning: Removing don't touch or size only GTECH cell div6/B_61, because it is not driving any load. (OPT-112)
Warning: Removing don't touch or size only GTECH cell div6/B_63, because it is not driving any load. (OPT-112)
Warning: Removing don't touch or size only GTECH cell div6/B_65, because it is not driving any load. (OPT-112)
Warning: Removing don't touch or size only GTECH cell div7/B_24, because it is not driving any load. (OPT-112)
Warning: Removing don't touch or size only GTECH cell div7/B_26, because it is not driving any load. (OPT-112)
Warning: Removing don't touch or size only GTECH cell div7/B_28, because it is not driving any load. (OPT-112)
Warning: Removing don't touch or size only GTECH cell div7/B_30, because it is not driving any load. (OPT-112)
Warning: Removing don't touch or size only GTECH cell div7/B_31, because it is not driving any load. (OPT-112)
Warning: Removing don't touch or size only GTECH cell div7/B_33, because it is not driving any load. (OPT-112)
Warning: Removing don't touch or size only GTECH cell div7/B_35, because it is not driving any load. (OPT-112)
Warning: Removing don't touch or size only GTECH cell div7/B_37, because it is not driving any load. (OPT-112)
Warning: Removing don't touch or size only GTECH cell div7/B_38, because it is not driving any load. (OPT-112)
Warning: Removing don't touch or size only GTECH cell div7/B_40, because it is not driving any load. (OPT-112)
Warning: Removing don't touch or size only GTECH cell div7/B_42, because it is not driving any load. (OPT-112)
Warning: Removing don't touch or size only GTECH cell div7/B_44, because it is not driving any load. (OPT-112)
Warning: Removing don't touch or size only GTECH cell div7/B_45, because it is not driving any load. (OPT-112)
Warning: Removing don't touch or size only GTECH cell div7/B_47, because it is not driving any load. (OPT-112)
Warning: Removing don't touch or size only GTECH cell div7/B_49, because it is not driving any load. (OPT-112)
Warning: Removing don't touch or size only GTECH cell div7/B_51, because it is not driving any load. (OPT-112)
Warning: Removing don't touch or size only GTECH cell div7/B_52, because it is not driving any load. (OPT-112)
Warning: Removing don't touch or size only GTECH cell div7/B_54, because it is not driving any load. (OPT-112)
Warning: Removing don't touch or size only GTECH cell div7/B_56, because it is not driving any load. (OPT-112)
Warning: Removing don't touch or size only GTECH cell div7/B_58, because it is not driving any load. (OPT-112)
Warning: Removing don't touch or size only GTECH cell div7/B_59, because it is not driving any load. (OPT-112)
Warning: Removing don't touch or size only GTECH cell div7/B_61, because it is not driving any load. (OPT-112)
Warning: Removing don't touch or size only GTECH cell div7/B_63, because it is not driving any load. (OPT-112)
Warning: Removing don't touch or size only GTECH cell div7/B_65, because it is not driving any load. (OPT-112)
Warning: Removing don't touch or size only GTECH cell div0/B_59, because it is not driving any load. (OPT-112)
Warning: Removing don't touch or size only GTECH cell div0/B_52, because it is not driving any load. (OPT-112)
Warning: Removing don't touch or size only GTECH cell div0/B_45, because it is not driving any load. (OPT-112)
Warning: Removing don't touch or size only GTECH cell div0/B_38, because it is not driving any load. (OPT-112)
Warning: Removing don't touch or size only GTECH cell div0/B_31, because it is not driving any load. (OPT-112)
Warning: Removing don't touch or size only GTECH cell div0/B_26, because it is not driving any load. (OPT-112)
Warning: Removing don't touch or size only GTECH cell div0/B_28, because it is not driving any load. (OPT-112)
Warning: Removing don't touch or size only GTECH cell div0/B_30, because it is not driving any load. (OPT-112)
Warning: Removing don't touch or size only GTECH cell div0/B_33, because it is not driving any load. (OPT-112)
Warning: Removing don't touch or size only GTECH cell div0/B_35, because it is not driving any load. (OPT-112)
Warning: Removing don't touch or size only GTECH cell div0/B_37, because it is not driving any load. (OPT-112)
Warning: Removing don't touch or size only GTECH cell div0/B_40, because it is not driving any load. (OPT-112)
Warning: Removing don't touch or size only GTECH cell div0/B_42, because it is not driving any load. (OPT-112)
Warning: Removing don't touch or size only GTECH cell div0/B_44, because it is not driving any load. (OPT-112)
Warning: Removing don't touch or size only GTECH cell div0/B_47, because it is not driving any load. (OPT-112)
Warning: Removing don't touch or size only GTECH cell div0/B_49, because it is not driving any load. (OPT-112)
Warning: Removing don't touch or size only GTECH cell div0/B_51, because it is not driving any load. (OPT-112)
Warning: Removing don't touch or size only GTECH cell div0/B_54, because it is not driving any load. (OPT-112)
Warning: Removing don't touch or size only GTECH cell div0/B_56, because it is not driving any load. (OPT-112)
Warning: Removing don't touch or size only GTECH cell div0/B_58, because it is not driving any load. (OPT-112)
Warning: Removing don't touch or size only GTECH cell div0/B_24, because it is not driving any load. (OPT-112)
Warning: Removing don't touch or size only GTECH cell div0/B_65, because it is not driving any load. (OPT-112)
Warning: Removing don't touch or size only GTECH cell div0/B_63, because it is not driving any load. (OPT-112)
Warning: Removing don't touch or size only GTECH cell div0/B_61, because it is not driving any load. (OPT-112)
Warning: Removing don't touch or size only GTECH cell div1/B_59, because it is not driving any load. (OPT-112)
Warning: Removing don't touch or size only GTECH cell div1/B_52, because it is not driving any load. (OPT-112)
Warning: Removing don't touch or size only GTECH cell div1/B_45, because it is not driving any load. (OPT-112)
Warning: Removing don't touch or size only GTECH cell div1/B_38, because it is not driving any load. (OPT-112)
Warning: Removing don't touch or size only GTECH cell div1/B_31, because it is not driving any load. (OPT-112)
Warning: Removing don't touch or size only GTECH cell div1/B_26, because it is not driving any load. (OPT-112)
Warning: Removing don't touch or size only GTECH cell div1/B_28, because it is not driving any load. (OPT-112)
Warning: Removing don't touch or size only GTECH cell div1/B_30, because it is not driving any load. (OPT-112)
Warning: Removing don't touch or size only GTECH cell div1/B_33, because it is not driving any load. (OPT-112)
Warning: Removing don't touch or size only GTECH cell div1/B_35, because it is not driving any load. (OPT-112)
Warning: Removing don't touch or size only GTECH cell div1/B_37, because it is not driving any load. (OPT-112)
Warning: Removing don't touch or size only GTECH cell div1/B_40, because it is not driving any load. (OPT-112)
Warning: Removing don't touch or size only GTECH cell div1/B_42, because it is not driving any load. (OPT-112)
Warning: Removing don't touch or size only GTECH cell div1/B_44, because it is not driving any load. (OPT-112)
Warning: Removing don't touch or size only GTECH cell div1/B_47, because it is not driving any load. (OPT-112)
Warning: Removing don't touch or size only GTECH cell div1/B_49, because it is not driving any load. (OPT-112)
Warning: Removing don't touch or size only GTECH cell div1/B_51, because it is not driving any load. (OPT-112)
Warning: Removing don't touch or size only GTECH cell div1/B_54, because it is not driving any load. (OPT-112)
Warning: Removing don't touch or size only GTECH cell div1/B_56, because it is not driving any load. (OPT-112)
Warning: Removing don't touch or size only GTECH cell div1/B_58, because it is not driving any load. (OPT-112)
Warning: Removing don't touch or size only GTECH cell div1/B_24, because it is not driving any load. (OPT-112)
Warning: Removing don't touch or size only GTECH cell div1/B_65, because it is not driving any load. (OPT-112)
Warning: Removing don't touch or size only GTECH cell div1/B_63, because it is not driving any load. (OPT-112)
Warning: Removing don't touch or size only GTECH cell div1/B_61, because it is not driving any load. (OPT-112)
Warning: Removing don't touch or size only GTECH cell div2/B_59, because it is not driving any load. (OPT-112)
Warning: Removing don't touch or size only GTECH cell div2/B_52, because it is not driving any load. (OPT-112)
Warning: Removing don't touch or size only GTECH cell div2/B_45, because it is not driving any load. (OPT-112)
Warning: Removing don't touch or size only GTECH cell div2/B_38, because it is not driving any load. (OPT-112)
Warning: Removing don't touch or size only GTECH cell div2/B_31, because it is not driving any load. (OPT-112)
Warning: Removing don't touch or size only GTECH cell div2/B_26, because it is not driving any load. (OPT-112)
Warning: Removing don't touch or size only GTECH cell div2/B_28, because it is not driving any load. (OPT-112)
Warning: Removing don't touch or size only GTECH cell div2/B_30, because it is not driving any load. (OPT-112)
Warning: Removing don't touch or size only GTECH cell div2/B_33, because it is not driving any load. (OPT-112)
Warning: Removing don't touch or size only GTECH cell div2/B_35, because it is not driving any load. (OPT-112)
Warning: Removing don't touch or size only GTECH cell div2/B_37, because it is not driving any load. (OPT-112)
Warning: Removing don't touch or size only GTECH cell div2/B_40, because it is not driving any load. (OPT-112)
Warning: Removing don't touch or size only GTECH cell div2/B_42, because it is not driving any load. (OPT-112)
Warning: Removing don't touch or size only GTECH cell div2/B_44, because it is not driving any load. (OPT-112)
Warning: Removing don't touch or size only GTECH cell div2/B_47, because it is not driving any load. (OPT-112)
Warning: Removing don't touch or size only GTECH cell div2/B_49, because it is not driving any load. (OPT-112)
Warning: Removing don't touch or size only GTECH cell div2/B_51, because it is not driving any load. (OPT-112)
Warning: Removing don't touch or size only GTECH cell div2/B_54, because it is not driving any load. (OPT-112)
Warning: Removing don't touch or size only GTECH cell div2/B_56, because it is not driving any load. (OPT-112)
Warning: Removing don't touch or size only GTECH cell div2/B_58, because it is not driving any load. (OPT-112)
Warning: Removing don't touch or size only GTECH cell div2/B_24, because it is not driving any load. (OPT-112)
Warning: Removing don't touch or size only GTECH cell div2/B_65, because it is not driving any load. (OPT-112)
Warning: Removing don't touch or size only GTECH cell div2/B_63, because it is not driving any load. (OPT-112)
Warning: Removing don't touch or size only GTECH cell div2/B_61, because it is not driving any load. (OPT-112)
Warning: Removing don't touch or size only GTECH cell div3/B_59, because it is not driving any load. (OPT-112)
Warning: Removing don't touch or size only GTECH cell div3/B_52, because it is not driving any load. (OPT-112)
Warning: Removing don't touch or size only GTECH cell div3/B_45, because it is not driving any load. (OPT-112)
Warning: Removing don't touch or size only GTECH cell div3/B_38, because it is not driving any load. (OPT-112)
Warning: Removing don't touch or size only GTECH cell div3/B_31, because it is not driving any load. (OPT-112)
Warning: Removing don't touch or size only GTECH cell div3/B_26, because it is not driving any load. (OPT-112)
Warning: Removing don't touch or size only GTECH cell div3/B_28, because it is not driving any load. (OPT-112)
Warning: Removing don't touch or size only GTECH cell div3/B_30, because it is not driving any load. (OPT-112)
Warning: Removing don't touch or size only GTECH cell div3/B_33, because it is not driving any load. (OPT-112)
Warning: Removing don't touch or size only GTECH cell div3/B_35, because it is not driving any load. (OPT-112)
Warning: Removing don't touch or size only GTECH cell div3/B_37, because it is not driving any load. (OPT-112)
Warning: Removing don't touch or size only GTECH cell div3/B_40, because it is not driving any load. (OPT-112)
Warning: Removing don't touch or size only GTECH cell div3/B_42, because it is not driving any load. (OPT-112)
Warning: Removing don't touch or size only GTECH cell div3/B_44, because it is not driving any load. (OPT-112)
Warning: Removing don't touch or size only GTECH cell div3/B_47, because it is not driving any load. (OPT-112)
Warning: Removing don't touch or size only GTECH cell div3/B_49, because it is not driving any load. (OPT-112)
Warning: Removing don't touch or size only GTECH cell div3/B_51, because it is not driving any load. (OPT-112)
Warning: Removing don't touch or size only GTECH cell div3/B_54, because it is not driving any load. (OPT-112)
Warning: Removing don't touch or size only GTECH cell div3/B_56, because it is not driving any load. (OPT-112)
Warning: Removing don't touch or size only GTECH cell div3/B_58, because it is not driving any load. (OPT-112)
Warning: Removing don't touch or size only GTECH cell div3/B_24, because it is not driving any load. (OPT-112)
Warning: Removing don't touch or size only GTECH cell div3/B_65, because it is not driving any load. (OPT-112)
Warning: Removing don't touch or size only GTECH cell div3/B_63, because it is not driving any load. (OPT-112)
Warning: Removing don't touch or size only GTECH cell div3/B_61, because it is not driving any load. (OPT-112)
Warning: Removing don't touch or size only GTECH cell div4/B_59, because it is not driving any load. (OPT-112)
Warning: Removing don't touch or size only GTECH cell div4/B_52, because it is not driving any load. (OPT-112)
Warning: Removing don't touch or size only GTECH cell div4/B_45, because it is not driving any load. (OPT-112)
Warning: Removing don't touch or size only GTECH cell div4/B_38, because it is not driving any load. (OPT-112)
Warning: Removing don't touch or size only GTECH cell div4/B_31, because it is not driving any load. (OPT-112)
Warning: Removing don't touch or size only GTECH cell div4/B_26, because it is not driving any load. (OPT-112)
Warning: Removing don't touch or size only GTECH cell div4/B_28, because it is not driving any load. (OPT-112)
Warning: Removing don't touch or size only GTECH cell div4/B_30, because it is not driving any load. (OPT-112)
Warning: Removing don't touch or size only GTECH cell div4/B_33, because it is not driving any load. (OPT-112)
Warning: Removing don't touch or size only GTECH cell div4/B_35, because it is not driving any load. (OPT-112)
Warning: Removing don't touch or size only GTECH cell div4/B_37, because it is not driving any load. (OPT-112)
Warning: Removing don't touch or size only GTECH cell div4/B_40, because it is not driving any load. (OPT-112)
Warning: Removing don't touch or size only GTECH cell div4/B_42, because it is not driving any load. (OPT-112)
Warning: Removing don't touch or size only GTECH cell div4/B_44, because it is not driving any load. (OPT-112)
Warning: Removing don't touch or size only GTECH cell div4/B_47, because it is not driving any load. (OPT-112)
Warning: Removing don't touch or size only GTECH cell div4/B_49, because it is not driving any load. (OPT-112)
Warning: Removing don't touch or size only GTECH cell div4/B_51, because it is not driving any load. (OPT-112)
Warning: Removing don't touch or size only GTECH cell div4/B_54, because it is not driving any load. (OPT-112)
Warning: Removing don't touch or size only GTECH cell div4/B_56, because it is not driving any load. (OPT-112)
Warning: Removing don't touch or size only GTECH cell div4/B_58, because it is not driving any load. (OPT-112)
Warning: Removing don't touch or size only GTECH cell div4/B_24, because it is not driving any load. (OPT-112)
Warning: Removing don't touch or size only GTECH cell div4/B_65, because it is not driving any load. (OPT-112)
Warning: Removing don't touch or size only GTECH cell div4/B_63, because it is not driving any load. (OPT-112)
Warning: Removing don't touch or size only GTECH cell div4/B_61, because it is not driving any load. (OPT-112)
Warning: Removing don't touch or size only GTECH cell div5/B_59, because it is not driving any load. (OPT-112)
Warning: Removing don't touch or size only GTECH cell div5/B_52, because it is not driving any load. (OPT-112)
Warning: Removing don't touch or size only GTECH cell div5/B_45, because it is not driving any load. (OPT-112)
Warning: Removing don't touch or size only GTECH cell div5/B_38, because it is not driving any load. (OPT-112)
Warning: Removing don't touch or size only GTECH cell div5/B_31, because it is not driving any load. (OPT-112)
Warning: Removing don't touch or size only GTECH cell div5/B_26, because it is not driving any load. (OPT-112)
Warning: Removing don't touch or size only GTECH cell div5/B_28, because it is not driving any load. (OPT-112)
Warning: Removing don't touch or size only GTECH cell div5/B_30, because it is not driving any load. (OPT-112)
Warning: Removing don't touch or size only GTECH cell div5/B_33, because it is not driving any load. (OPT-112)
Warning: Removing don't touch or size only GTECH cell div5/B_35, because it is not driving any load. (OPT-112)
Warning: Removing don't touch or size only GTECH cell div5/B_37, because it is not driving any load. (OPT-112)
Warning: Removing don't touch or size only GTECH cell div5/B_40, because it is not driving any load. (OPT-112)
Warning: Removing don't touch or size only GTECH cell div5/B_42, because it is not driving any load. (OPT-112)
Warning: Removing don't touch or size only GTECH cell div5/B_44, because it is not driving any load. (OPT-112)
Warning: Removing don't touch or size only GTECH cell div5/B_47, because it is not driving any load. (OPT-112)
Warning: Removing don't touch or size only GTECH cell div5/B_49, because it is not driving any load. (OPT-112)
Warning: Removing don't touch or size only GTECH cell div5/B_51, because it is not driving any load. (OPT-112)
Warning: Removing don't touch or size only GTECH cell div5/B_54, because it is not driving any load. (OPT-112)
Warning: Removing don't touch or size only GTECH cell div5/B_56, because it is not driving any load. (OPT-112)
Warning: Removing don't touch or size only GTECH cell div5/B_58, because it is not driving any load. (OPT-112)
Warning: Removing don't touch or size only GTECH cell div5/B_24, because it is not driving any load. (OPT-112)
Warning: Removing don't touch or size only GTECH cell div5/B_65, because it is not driving any load. (OPT-112)
Warning: Removing don't touch or size only GTECH cell div5/B_63, because it is not driving any load. (OPT-112)
Warning: Removing don't touch or size only GTECH cell div5/B_61, because it is not driving any load. (OPT-112)
Warning: Removing don't touch or size only GTECH cell div6/B_59, because it is not driving any load. (OPT-112)
Warning: Removing don't touch or size only GTECH cell div6/B_52, because it is not driving any load. (OPT-112)
Warning: Removing don't touch or size only GTECH cell div6/B_45, because it is not driving any load. (OPT-112)
Warning: Removing don't touch or size only GTECH cell div6/B_38, because it is not driving any load. (OPT-112)
Warning: Removing don't touch or size only GTECH cell div6/B_31, because it is not driving any load. (OPT-112)
Warning: Removing don't touch or size only GTECH cell div6/B_26, because it is not driving any load. (OPT-112)
Warning: Removing don't touch or size only GTECH cell div6/B_28, because it is not driving any load. (OPT-112)
Warning: Removing don't touch or size only GTECH cell div6/B_30, because it is not driving any load. (OPT-112)
Warning: Removing don't touch or size only GTECH cell div6/B_33, because it is not driving any load. (OPT-112)
Warning: Removing don't touch or size only GTECH cell div6/B_35, because it is not driving any load. (OPT-112)
Warning: Removing don't touch or size only GTECH cell div6/B_37, because it is not driving any load. (OPT-112)
Warning: Removing don't touch or size only GTECH cell div6/B_40, because it is not driving any load. (OPT-112)
Warning: Removing don't touch or size only GTECH cell div6/B_42, because it is not driving any load. (OPT-112)
Warning: Removing don't touch or size only GTECH cell div6/B_44, because it is not driving any load. (OPT-112)
Warning: Removing don't touch or size only GTECH cell div6/B_47, because it is not driving any load. (OPT-112)
Warning: Removing don't touch or size only GTECH cell div6/B_49, because it is not driving any load. (OPT-112)
Warning: Removing don't touch or size only GTECH cell div6/B_51, because it is not driving any load. (OPT-112)
Warning: Removing don't touch or size only GTECH cell div6/B_54, because it is not driving any load. (OPT-112)
Warning: Removing don't touch or size only GTECH cell div6/B_56, because it is not driving any load. (OPT-112)
Warning: Removing don't touch or size only GTECH cell div6/B_58, because it is not driving any load. (OPT-112)
Warning: Removing don't touch or size only GTECH cell div6/B_24, because it is not driving any load. (OPT-112)
Warning: Removing don't touch or size only GTECH cell div6/B_65, because it is not driving any load. (OPT-112)
Warning: Removing don't touch or size only GTECH cell div6/B_63, because it is not driving any load. (OPT-112)
Warning: Removing don't touch or size only GTECH cell div6/B_61, because it is not driving any load. (OPT-112)
Warning: Removing don't touch or size only GTECH cell div7/B_59, because it is not driving any load. (OPT-112)
Warning: Removing don't touch or size only GTECH cell div7/B_52, because it is not driving any load. (OPT-112)
Warning: Removing don't touch or size only GTECH cell div7/B_45, because it is not driving any load. (OPT-112)
Warning: Removing don't touch or size only GTECH cell div7/B_38, because it is not driving any load. (OPT-112)
Warning: Removing don't touch or size only GTECH cell div7/B_31, because it is not driving any load. (OPT-112)
Warning: Removing don't touch or size only GTECH cell div7/B_26, because it is not driving any load. (OPT-112)
Warning: Removing don't touch or size only GTECH cell div7/B_28, because it is not driving any load. (OPT-112)
Warning: Removing don't touch or size only GTECH cell div7/B_30, because it is not driving any load. (OPT-112)
Warning: Removing don't touch or size only GTECH cell div7/B_33, because it is not driving any load. (OPT-112)
Warning: Removing don't touch or size only GTECH cell div7/B_35, because it is not driving any load. (OPT-112)
Warning: Removing don't touch or size only GTECH cell div7/B_37, because it is not driving any load. (OPT-112)
Warning: Removing don't touch or size only GTECH cell div7/B_40, because it is not driving any load. (OPT-112)
Warning: Removing don't touch or size only GTECH cell div7/B_42, because it is not driving any load. (OPT-112)
Warning: Removing don't touch or size only GTECH cell div7/B_44, because it is not driving any load. (OPT-112)
Warning: Removing don't touch or size only GTECH cell div7/B_47, because it is not driving any load. (OPT-112)
Warning: Removing don't touch or size only GTECH cell div7/B_49, because it is not driving any load. (OPT-112)
Warning: Removing don't touch or size only GTECH cell div7/B_51, because it is not driving any load. (OPT-112)
Warning: Removing don't touch or size only GTECH cell div7/B_54, because it is not driving any load. (OPT-112)
Warning: Removing don't touch or size only GTECH cell div7/B_56, because it is not driving any load. (OPT-112)
Warning: Removing don't touch or size only GTECH cell div7/B_58, because it is not driving any load. (OPT-112)
Warning: Removing don't touch or size only GTECH cell div7/B_24, because it is not driving any load. (OPT-112)
Warning: Removing don't touch or size only GTECH cell div7/B_65, because it is not driving any load. (OPT-112)
Warning: Removing don't touch or size only GTECH cell div7/B_63, because it is not driving any load. (OPT-112)
Warning: Removing don't touch or size only GTECH cell div7/B_61, because it is not driving any load. (OPT-112)
Warning: Removing don't touch or size only GTECH cell div0/B_24, because it is not driving any load. (OPT-112)
Warning: Removing don't touch or size only GTECH cell div0/B_26, because it is not driving any load. (OPT-112)
Warning: Removing don't touch or size only GTECH cell div0/B_28, because it is not driving any load. (OPT-112)
Warning: Removing don't touch or size only GTECH cell div0/B_30, because it is not driving any load. (OPT-112)
Warning: Removing don't touch or size only GTECH cell div0/B_31, because it is not driving any load. (OPT-112)
Warning: Removing don't touch or size only GTECH cell div0/B_33, because it is not driving any load. (OPT-112)
Warning: Removing don't touch or size only GTECH cell div0/B_35, because it is not driving any load. (OPT-112)
Warning: Removing don't touch or size only GTECH cell div0/B_37, because it is not driving any load. (OPT-112)
Warning: Removing don't touch or size only GTECH cell div0/B_38, because it is not driving any load. (OPT-112)
Warning: Removing don't touch or size only GTECH cell div0/B_40, because it is not driving any load. (OPT-112)
Warning: Removing don't touch or size only GTECH cell div0/B_42, because it is not driving any load. (OPT-112)
Warning: Removing don't touch or size only GTECH cell div0/B_44, because it is not driving any load. (OPT-112)
Warning: Removing don't touch or size only GTECH cell div0/B_45, because it is not driving any load. (OPT-112)
Warning: Removing don't touch or size only GTECH cell div0/B_47, because it is not driving any load. (OPT-112)
Warning: Removing don't touch or size only GTECH cell div0/B_49, because it is not driving any load. (OPT-112)
Warning: Removing don't touch or size only GTECH cell div0/B_51, because it is not driving any load. (OPT-112)
Warning: Removing don't touch or size only GTECH cell div0/B_52, because it is not driving any load. (OPT-112)
Warning: Removing don't touch or size only GTECH cell div0/B_54, because it is not driving any load. (OPT-112)
Warning: Removing don't touch or size only GTECH cell div0/B_56, because it is not driving any load. (OPT-112)
Warning: Removing don't touch or size only GTECH cell div0/B_58, because it is not driving any load. (OPT-112)
Warning: Removing don't touch or size only GTECH cell div0/B_59, because it is not driving any load. (OPT-112)
Warning: Removing don't touch or size only GTECH cell div0/B_61, because it is not driving any load. (OPT-112)
Warning: Removing don't touch or size only GTECH cell div0/B_63, because it is not driving any load. (OPT-112)
Warning: Removing don't touch or size only GTECH cell div0/B_65, because it is not driving any load. (OPT-112)
Warning: Removing don't touch or size only GTECH cell div1/B_24, because it is not driving any load. (OPT-112)
Warning: Removing don't touch or size only GTECH cell div1/B_26, because it is not driving any load. (OPT-112)
Warning: Removing don't touch or size only GTECH cell div1/B_28, because it is not driving any load. (OPT-112)
Warning: Removing don't touch or size only GTECH cell div1/B_30, because it is not driving any load. (OPT-112)
Warning: Removing don't touch or size only GTECH cell div1/B_31, because it is not driving any load. (OPT-112)
Warning: Removing don't touch or size only GTECH cell div1/B_33, because it is not driving any load. (OPT-112)
Warning: Removing don't touch or size only GTECH cell div1/B_35, because it is not driving any load. (OPT-112)
Warning: Removing don't touch or size only GTECH cell div1/B_37, because it is not driving any load. (OPT-112)
Warning: Removing don't touch or size only GTECH cell div1/B_38, because it is not driving any load. (OPT-112)
Warning: Removing don't touch or size only GTECH cell div1/B_40, because it is not driving any load. (OPT-112)
Warning: Removing don't touch or size only GTECH cell div1/B_42, because it is not driving any load. (OPT-112)
Warning: Removing don't touch or size only GTECH cell div1/B_44, because it is not driving any load. (OPT-112)
Warning: Removing don't touch or size only GTECH cell div1/B_45, because it is not driving any load. (OPT-112)
Warning: Removing don't touch or size only GTECH cell div1/B_47, because it is not driving any load. (OPT-112)
Warning: Removing don't touch or size only GTECH cell div1/B_49, because it is not driving any load. (OPT-112)
Warning: Removing don't touch or size only GTECH cell div1/B_51, because it is not driving any load. (OPT-112)
Warning: Removing don't touch or size only GTECH cell div1/B_52, because it is not driving any load. (OPT-112)
Warning: Removing don't touch or size only GTECH cell div1/B_54, because it is not driving any load. (OPT-112)
Warning: Removing don't touch or size only GTECH cell div1/B_56, because it is not driving any load. (OPT-112)
Warning: Removing don't touch or size only GTECH cell div1/B_58, because it is not driving any load. (OPT-112)
Warning: Removing don't touch or size only GTECH cell div1/B_59, because it is not driving any load. (OPT-112)
Warning: Removing don't touch or size only GTECH cell div1/B_61, because it is not driving any load. (OPT-112)
Warning: Removing don't touch or size only GTECH cell div1/B_63, because it is not driving any load. (OPT-112)
Warning: Removing don't touch or size only GTECH cell div1/B_65, because it is not driving any load. (OPT-112)
Warning: Removing don't touch or size only GTECH cell div2/B_24, because it is not driving any load. (OPT-112)
Warning: Removing don't touch or size only GTECH cell div2/B_26, because it is not driving any load. (OPT-112)
Warning: Removing don't touch or size only GTECH cell div2/B_28, because it is not driving any load. (OPT-112)
Warning: Removing don't touch or size only GTECH cell div2/B_30, because it is not driving any load. (OPT-112)
Warning: Removing don't touch or size only GTECH cell div2/B_31, because it is not driving any load. (OPT-112)
Warning: Removing don't touch or size only GTECH cell div2/B_33, because it is not driving any load. (OPT-112)
Warning: Removing don't touch or size only GTECH cell div2/B_35, because it is not driving any load. (OPT-112)
Warning: Removing don't touch or size only GTECH cell div2/B_37, because it is not driving any load. (OPT-112)
Warning: Removing don't touch or size only GTECH cell div2/B_38, because it is not driving any load. (OPT-112)
Warning: Removing don't touch or size only GTECH cell div2/B_40, because it is not driving any load. (OPT-112)
Warning: Removing don't touch or size only GTECH cell div2/B_42, because it is not driving any load. (OPT-112)
Warning: Removing don't touch or size only GTECH cell div2/B_44, because it is not driving any load. (OPT-112)
Warning: Removing don't touch or size only GTECH cell div2/B_45, because it is not driving any load. (OPT-112)
Warning: Removing don't touch or size only GTECH cell div2/B_47, because it is not driving any load. (OPT-112)
Warning: Removing don't touch or size only GTECH cell div2/B_49, because it is not driving any load. (OPT-112)
Warning: Removing don't touch or size only GTECH cell div2/B_51, because it is not driving any load. (OPT-112)
Warning: Removing don't touch or size only GTECH cell div2/B_52, because it is not driving any load. (OPT-112)
Warning: Removing don't touch or size only GTECH cell div2/B_54, because it is not driving any load. (OPT-112)
Warning: Removing don't touch or size only GTECH cell div2/B_56, because it is not driving any load. (OPT-112)
Warning: Removing don't touch or size only GTECH cell div2/B_58, because it is not driving any load. (OPT-112)
Warning: Removing don't touch or size only GTECH cell div2/B_59, because it is not driving any load. (OPT-112)
Warning: Removing don't touch or size only GTECH cell div2/B_61, because it is not driving any load. (OPT-112)
Warning: Removing don't touch or size only GTECH cell div2/B_63, because it is not driving any load. (OPT-112)
Warning: Removing don't touch or size only GTECH cell div2/B_65, because it is not driving any load. (OPT-112)
Warning: Removing don't touch or size only GTECH cell div3/B_24, because it is not driving any load. (OPT-112)
Warning: Removing don't touch or size only GTECH cell div3/B_26, because it is not driving any load. (OPT-112)
Warning: Removing don't touch or size only GTECH cell div3/B_28, because it is not driving any load. (OPT-112)
Warning: Removing don't touch or size only GTECH cell div3/B_30, because it is not driving any load. (OPT-112)
Warning: Removing don't touch or size only GTECH cell div3/B_31, because it is not driving any load. (OPT-112)
Warning: Removing don't touch or size only GTECH cell div3/B_33, because it is not driving any load. (OPT-112)
Warning: Removing don't touch or size only GTECH cell div3/B_35, because it is not driving any load. (OPT-112)
Warning: Removing don't touch or size only GTECH cell div3/B_37, because it is not driving any load. (OPT-112)
Warning: Removing don't touch or size only GTECH cell div3/B_38, because it is not driving any load. (OPT-112)
Warning: Removing don't touch or size only GTECH cell div3/B_40, because it is not driving any load. (OPT-112)
Warning: Removing don't touch or size only GTECH cell div3/B_42, because it is not driving any load. (OPT-112)
Warning: Removing don't touch or size only GTECH cell div3/B_44, because it is not driving any load. (OPT-112)
Warning: Removing don't touch or size only GTECH cell div3/B_45, because it is not driving any load. (OPT-112)
Warning: Removing don't touch or size only GTECH cell div3/B_47, because it is not driving any load. (OPT-112)
Warning: Removing don't touch or size only GTECH cell div3/B_49, because it is not driving any load. (OPT-112)
Warning: Removing don't touch or size only GTECH cell div3/B_51, because it is not driving any load. (OPT-112)
Warning: Removing don't touch or size only GTECH cell div3/B_52, because it is not driving any load. (OPT-112)
Warning: Removing don't touch or size only GTECH cell div3/B_54, because it is not driving any load. (OPT-112)
Warning: Removing don't touch or size only GTECH cell div3/B_56, because it is not driving any load. (OPT-112)
Warning: Removing don't touch or size only GTECH cell div3/B_58, because it is not driving any load. (OPT-112)
Warning: Removing don't touch or size only GTECH cell div3/B_59, because it is not driving any load. (OPT-112)
Warning: Removing don't touch or size only GTECH cell div3/B_61, because it is not driving any load. (OPT-112)
Warning: Removing don't touch or size only GTECH cell div3/B_63, because it is not driving any load. (OPT-112)
Warning: Removing don't touch or size only GTECH cell div3/B_65, because it is not driving any load. (OPT-112)
Warning: Removing don't touch or size only GTECH cell div4/B_24, because it is not driving any load. (OPT-112)
Warning: Removing don't touch or size only GTECH cell div4/B_26, because it is not driving any load. (OPT-112)
Warning: Removing don't touch or size only GTECH cell div4/B_28, because it is not driving any load. (OPT-112)
Warning: Removing don't touch or size only GTECH cell div4/B_30, because it is not driving any load. (OPT-112)
Warning: Removing don't touch or size only GTECH cell div4/B_31, because it is not driving any load. (OPT-112)
Warning: Removing don't touch or size only GTECH cell div4/B_33, because it is not driving any load. (OPT-112)
Warning: Removing don't touch or size only GTECH cell div4/B_35, because it is not driving any load. (OPT-112)
Warning: Removing don't touch or size only GTECH cell div4/B_37, because it is not driving any load. (OPT-112)
Warning: Removing don't touch or size only GTECH cell div4/B_38, because it is not driving any load. (OPT-112)
Warning: Removing don't touch or size only GTECH cell div4/B_40, because it is not driving any load. (OPT-112)
Warning: Removing don't touch or size only GTECH cell div4/B_42, because it is not driving any load. (OPT-112)
Warning: Removing don't touch or size only GTECH cell div4/B_44, because it is not driving any load. (OPT-112)
Warning: Removing don't touch or size only GTECH cell div4/B_45, because it is not driving any load. (OPT-112)
Warning: Removing don't touch or size only GTECH cell div4/B_47, because it is not driving any load. (OPT-112)
Warning: Removing don't touch or size only GTECH cell div4/B_49, because it is not driving any load. (OPT-112)
Warning: Removing don't touch or size only GTECH cell div4/B_51, because it is not driving any load. (OPT-112)
Warning: Removing don't touch or size only GTECH cell div4/B_52, because it is not driving any load. (OPT-112)
Warning: Removing don't touch or size only GTECH cell div4/B_54, because it is not driving any load. (OPT-112)
Warning: Removing don't touch or size only GTECH cell div4/B_56, because it is not driving any load. (OPT-112)
Warning: Removing don't touch or size only GTECH cell div4/B_58, because it is not driving any load. (OPT-112)
Warning: Removing don't touch or size only GTECH cell div4/B_59, because it is not driving any load. (OPT-112)
Warning: Removing don't touch or size only GTECH cell div4/B_61, because it is not driving any load. (OPT-112)
Warning: Removing don't touch or size only GTECH cell div4/B_63, because it is not driving any load. (OPT-112)
Warning: Removing don't touch or size only GTECH cell div4/B_65, because it is not driving any load. (OPT-112)
Warning: Removing don't touch or size only GTECH cell div5/B_24, because it is not driving any load. (OPT-112)
Warning: Removing don't touch or size only GTECH cell div5/B_26, because it is not driving any load. (OPT-112)
Warning: Removing don't touch or size only GTECH cell div5/B_28, because it is not driving any load. (OPT-112)
Warning: Removing don't touch or size only GTECH cell div5/B_30, because it is not driving any load. (OPT-112)
Warning: Removing don't touch or size only GTECH cell div5/B_31, because it is not driving any load. (OPT-112)
Warning: Removing don't touch or size only GTECH cell div5/B_33, because it is not driving any load. (OPT-112)
Warning: Removing don't touch or size only GTECH cell div5/B_35, because it is not driving any load. (OPT-112)
Warning: Removing don't touch or size only GTECH cell div5/B_37, because it is not driving any load. (OPT-112)
Warning: Removing don't touch or size only GTECH cell div5/B_38, because it is not driving any load. (OPT-112)
Warning: Removing don't touch or size only GTECH cell div5/B_40, because it is not driving any load. (OPT-112)
Warning: Removing don't touch or size only GTECH cell div5/B_42, because it is not driving any load. (OPT-112)
Warning: Removing don't touch or size only GTECH cell div5/B_44, because it is not driving any load. (OPT-112)
Warning: Removing don't touch or size only GTECH cell div5/B_45, because it is not driving any load. (OPT-112)
Warning: Removing don't touch or size only GTECH cell div5/B_47, because it is not driving any load. (OPT-112)
Warning: Removing don't touch or size only GTECH cell div5/B_49, because it is not driving any load. (OPT-112)
Warning: Removing don't touch or size only GTECH cell div5/B_51, because it is not driving any load. (OPT-112)
Warning: Removing don't touch or size only GTECH cell div5/B_52, because it is not driving any load. (OPT-112)
Warning: Removing don't touch or size only GTECH cell div5/B_54, because it is not driving any load. (OPT-112)
Warning: Removing don't touch or size only GTECH cell div5/B_56, because it is not driving any load. (OPT-112)
Warning: Removing don't touch or size only GTECH cell div5/B_58, because it is not driving any load. (OPT-112)
Warning: Removing don't touch or size only GTECH cell div5/B_59, because it is not driving any load. (OPT-112)
Warning: Removing don't touch or size only GTECH cell div5/B_61, because it is not driving any load. (OPT-112)
Warning: Removing don't touch or size only GTECH cell div5/B_63, because it is not driving any load. (OPT-112)
Warning: Removing don't touch or size only GTECH cell div5/B_65, because it is not driving any load. (OPT-112)
Warning: Removing don't touch or size only GTECH cell div6/B_24, because it is not driving any load. (OPT-112)
Warning: Removing don't touch or size only GTECH cell div6/B_26, because it is not driving any load. (OPT-112)
Warning: Removing don't touch or size only GTECH cell div6/B_28, because it is not driving any load. (OPT-112)
Warning: Removing don't touch or size only GTECH cell div6/B_30, because it is not driving any load. (OPT-112)
Warning: Removing don't touch or size only GTECH cell div6/B_31, because it is not driving any load. (OPT-112)
Warning: Removing don't touch or size only GTECH cell div6/B_33, because it is not driving any load. (OPT-112)
Warning: Removing don't touch or size only GTECH cell div6/B_35, because it is not driving any load. (OPT-112)
Warning: Removing don't touch or size only GTECH cell div6/B_37, because it is not driving any load. (OPT-112)
Warning: Removing don't touch or size only GTECH cell div6/B_38, because it is not driving any load. (OPT-112)
Warning: Removing don't touch or size only GTECH cell div6/B_40, because it is not driving any load. (OPT-112)
Warning: Removing don't touch or size only GTECH cell div6/B_42, because it is not driving any load. (OPT-112)
Warning: Removing don't touch or size only GTECH cell div6/B_44, because it is not driving any load. (OPT-112)
Warning: Removing don't touch or size only GTECH cell div6/B_45, because it is not driving any load. (OPT-112)
Warning: Removing don't touch or size only GTECH cell div6/B_47, because it is not driving any load. (OPT-112)
Warning: Removing don't touch or size only GTECH cell div6/B_49, because it is not driving any load. (OPT-112)
Warning: Removing don't touch or size only GTECH cell div6/B_51, because it is not driving any load. (OPT-112)
Warning: Removing don't touch or size only GTECH cell div6/B_52, because it is not driving any load. (OPT-112)
Warning: Removing don't touch or size only GTECH cell div6/B_54, because it is not driving any load. (OPT-112)
Warning: Removing don't touch or size only GTECH cell div6/B_56, because it is not driving any load. (OPT-112)
Warning: Removing don't touch or size only GTECH cell div6/B_58, because it is not driving any load. (OPT-112)
Warning: Removing don't touch or size only GTECH cell div6/B_59, because it is not driving any load. (OPT-112)
Warning: Removing don't touch or size only GTECH cell div6/B_61, because it is not driving any load. (OPT-112)
Warning: Removing don't touch or size only GTECH cell div6/B_63, because it is not driving any load. (OPT-112)
Warning: Removing don't touch or size only GTECH cell div6/B_65, because it is not driving any load. (OPT-112)
Warning: Removing don't touch or size only GTECH cell div7/B_24, because it is not driving any load. (OPT-112)
Warning: Removing don't touch or size only GTECH cell div7/B_26, because it is not driving any load. (OPT-112)
Warning: Removing don't touch or size only GTECH cell div7/B_28, because it is not driving any load. (OPT-112)
Warning: Removing don't touch or size only GTECH cell div7/B_30, because it is not driving any load. (OPT-112)
Warning: Removing don't touch or size only GTECH cell div7/B_31, because it is not driving any load. (OPT-112)
Warning: Removing don't touch or size only GTECH cell div7/B_33, because it is not driving any load. (OPT-112)
Warning: Removing don't touch or size only GTECH cell div7/B_35, because it is not driving any load. (OPT-112)
Warning: Removing don't touch or size only GTECH cell div7/B_37, because it is not driving any load. (OPT-112)
Warning: Removing don't touch or size only GTECH cell div7/B_38, because it is not driving any load. (OPT-112)
Warning: Removing don't touch or size only GTECH cell div7/B_40, because it is not driving any load. (OPT-112)
Warning: Removing don't touch or size only GTECH cell div7/B_42, because it is not driving any load. (OPT-112)
Warning: Removing don't touch or size only GTECH cell div7/B_44, because it is not driving any load. (OPT-112)
Warning: Removing don't touch or size only GTECH cell div7/B_45, because it is not driving any load. (OPT-112)
Warning: Removing don't touch or size only GTECH cell div7/B_47, because it is not driving any load. (OPT-112)
Warning: Removing don't touch or size only GTECH cell div7/B_49, because it is not driving any load. (OPT-112)
Warning: Removing don't touch or size only GTECH cell div7/B_51, because it is not driving any load. (OPT-112)
Warning: Removing don't touch or size only GTECH cell div7/B_52, because it is not driving any load. (OPT-112)
Warning: Removing don't touch or size only GTECH cell div7/B_54, because it is not driving any load. (OPT-112)
Warning: Removing don't touch or size only GTECH cell div7/B_56, because it is not driving any load. (OPT-112)
Warning: Removing don't touch or size only GTECH cell div7/B_58, because it is not driving any load. (OPT-112)
Warning: Removing don't touch or size only GTECH cell div7/B_59, because it is not driving any load. (OPT-112)
Warning: Removing don't touch or size only GTECH cell div7/B_61, because it is not driving any load. (OPT-112)
Warning: Removing don't touch or size only GTECH cell div7/B_63, because it is not driving any load. (OPT-112)
Warning: Removing don't touch or size only GTECH cell div7/B_65, because it is not driving any load. (OPT-112)
Warning: Removing don't touch or size only GTECH cell div0/B_59, because it is not driving any load. (OPT-112)
Warning: Removing don't touch or size only GTECH cell div0/B_52, because it is not driving any load. (OPT-112)
Warning: Removing don't touch or size only GTECH cell div0/B_45, because it is not driving any load. (OPT-112)
Warning: Removing don't touch or size only GTECH cell div0/B_38, because it is not driving any load. (OPT-112)
Warning: Removing don't touch or size only GTECH cell div0/B_31, because it is not driving any load. (OPT-112)
Warning: Removing don't touch or size only GTECH cell div0/B_26, because it is not driving any load. (OPT-112)
Warning: Removing don't touch or size only GTECH cell div0/B_28, because it is not driving any load. (OPT-112)
Warning: Removing don't touch or size only GTECH cell div0/B_30, because it is not driving any load. (OPT-112)
Warning: Removing don't touch or size only GTECH cell div0/B_33, because it is not driving any load. (OPT-112)
Warning: Removing don't touch or size only GTECH cell div0/B_35, because it is not driving any load. (OPT-112)
Warning: Removing don't touch or size only GTECH cell div0/B_37, because it is not driving any load. (OPT-112)
Warning: Removing don't touch or size only GTECH cell div0/B_40, because it is not driving any load. (OPT-112)
Warning: Removing don't touch or size only GTECH cell div0/B_42, because it is not driving any load. (OPT-112)
Warning: Removing don't touch or size only GTECH cell div0/B_44, because it is not driving any load. (OPT-112)
Warning: Removing don't touch or size only GTECH cell div0/B_47, because it is not driving any load. (OPT-112)
Warning: Removing don't touch or size only GTECH cell div0/B_49, because it is not driving any load. (OPT-112)
Warning: Removing don't touch or size only GTECH cell div0/B_51, because it is not driving any load. (OPT-112)
Warning: Removing don't touch or size only GTECH cell div0/B_54, because it is not driving any load. (OPT-112)
Warning: Removing don't touch or size only GTECH cell div0/B_56, because it is not driving any load. (OPT-112)
Warning: Removing don't touch or size only GTECH cell div0/B_58, because it is not driving any load. (OPT-112)
Warning: Removing don't touch or size only GTECH cell div0/B_24, because it is not driving any load. (OPT-112)
Warning: Removing don't touch or size only GTECH cell div0/B_65, because it is not driving any load. (OPT-112)
Warning: Removing don't touch or size only GTECH cell div0/B_63, because it is not driving any load. (OPT-112)
Warning: Removing don't touch or size only GTECH cell div0/B_61, because it is not driving any load. (OPT-112)
Warning: Removing don't touch or size only GTECH cell div1/B_59, because it is not driving any load. (OPT-112)
Warning: Removing don't touch or size only GTECH cell div1/B_52, because it is not driving any load. (OPT-112)
Warning: Removing don't touch or size only GTECH cell div1/B_45, because it is not driving any load. (OPT-112)
Warning: Removing don't touch or size only GTECH cell div1/B_38, because it is not driving any load. (OPT-112)
Warning: Removing don't touch or size only GTECH cell div1/B_31, because it is not driving any load. (OPT-112)
Warning: Removing don't touch or size only GTECH cell div1/B_26, because it is not driving any load. (OPT-112)
Warning: Removing don't touch or size only GTECH cell div1/B_28, because it is not driving any load. (OPT-112)
Warning: Removing don't touch or size only GTECH cell div1/B_30, because it is not driving any load. (OPT-112)
Warning: Removing don't touch or size only GTECH cell div1/B_33, because it is not driving any load. (OPT-112)
Warning: Removing don't touch or size only GTECH cell div1/B_35, because it is not driving any load. (OPT-112)
Warning: Removing don't touch or size only GTECH cell div1/B_37, because it is not driving any load. (OPT-112)
Warning: Removing don't touch or size only GTECH cell div1/B_40, because it is not driving any load. (OPT-112)
Warning: Removing don't touch or size only GTECH cell div1/B_42, because it is not driving any load. (OPT-112)
Warning: Removing don't touch or size only GTECH cell div1/B_44, because it is not driving any load. (OPT-112)
Warning: Removing don't touch or size only GTECH cell div1/B_47, because it is not driving any load. (OPT-112)
Warning: Removing don't touch or size only GTECH cell div1/B_49, because it is not driving any load. (OPT-112)
Warning: Removing don't touch or size only GTECH cell div1/B_51, because it is not driving any load. (OPT-112)
Warning: Removing don't touch or size only GTECH cell div1/B_54, because it is not driving any load. (OPT-112)
Warning: Removing don't touch or size only GTECH cell div1/B_56, because it is not driving any load. (OPT-112)
Warning: Removing don't touch or size only GTECH cell div1/B_58, because it is not driving any load. (OPT-112)
Warning: Removing don't touch or size only GTECH cell div1/B_24, because it is not driving any load. (OPT-112)
Warning: Removing don't touch or size only GTECH cell div1/B_65, because it is not driving any load. (OPT-112)
Warning: Removing don't touch or size only GTECH cell div1/B_63, because it is not driving any load. (OPT-112)
Warning: Removing don't touch or size only GTECH cell div1/B_61, because it is not driving any load. (OPT-112)
Warning: Removing don't touch or size only GTECH cell div2/B_59, because it is not driving any load. (OPT-112)
Warning: Removing don't touch or size only GTECH cell div2/B_52, because it is not driving any load. (OPT-112)
Warning: Removing don't touch or size only GTECH cell div2/B_45, because it is not driving any load. (OPT-112)
Warning: Removing don't touch or size only GTECH cell div2/B_38, because it is not driving any load. (OPT-112)
Warning: Removing don't touch or size only GTECH cell div2/B_31, because it is not driving any load. (OPT-112)
Warning: Removing don't touch or size only GTECH cell div2/B_26, because it is not driving any load. (OPT-112)
Warning: Removing don't touch or size only GTECH cell div2/B_28, because it is not driving any load. (OPT-112)
Warning: Removing don't touch or size only GTECH cell div2/B_30, because it is not driving any load. (OPT-112)
Warning: Removing don't touch or size only GTECH cell div2/B_33, because it is not driving any load. (OPT-112)
Warning: Removing don't touch or size only GTECH cell div2/B_35, because it is not driving any load. (OPT-112)
Warning: Removing don't touch or size only GTECH cell div2/B_37, because it is not driving any load. (OPT-112)
Warning: Removing don't touch or size only GTECH cell div2/B_40, because it is not driving any load. (OPT-112)
Warning: Removing don't touch or size only GTECH cell div2/B_42, because it is not driving any load. (OPT-112)
Warning: Removing don't touch or size only GTECH cell div2/B_44, because it is not driving any load. (OPT-112)
Warning: Removing don't touch or size only GTECH cell div2/B_47, because it is not driving any load. (OPT-112)
Warning: Removing don't touch or size only GTECH cell div2/B_49, because it is not driving any load. (OPT-112)
Warning: Removing don't touch or size only GTECH cell div2/B_51, because it is not driving any load. (OPT-112)
Warning: Removing don't touch or size only GTECH cell div2/B_54, because it is not driving any load. (OPT-112)
Warning: Removing don't touch or size only GTECH cell div2/B_56, because it is not driving any load. (OPT-112)
Warning: Removing don't touch or size only GTECH cell div2/B_58, because it is not driving any load. (OPT-112)
Warning: Removing don't touch or size only GTECH cell div2/B_24, because it is not driving any load. (OPT-112)
Warning: Removing don't touch or size only GTECH cell div2/B_65, because it is not driving any load. (OPT-112)
Warning: Removing don't touch or size only GTECH cell div2/B_63, because it is not driving any load. (OPT-112)
Warning: Removing don't touch or size only GTECH cell div2/B_61, because it is not driving any load. (OPT-112)
Warning: Removing don't touch or size only GTECH cell div3/B_59, because it is not driving any load. (OPT-112)
Warning: Removing don't touch or size only GTECH cell div3/B_52, because it is not driving any load. (OPT-112)
Warning: Removing don't touch or size only GTECH cell div3/B_45, because it is not driving any load. (OPT-112)
Warning: Removing don't touch or size only GTECH cell div3/B_38, because it is not driving any load. (OPT-112)
Warning: Removing don't touch or size only GTECH cell div3/B_31, because it is not driving any load. (OPT-112)
Warning: Removing don't touch or size only GTECH cell div3/B_26, because it is not driving any load. (OPT-112)
Warning: Removing don't touch or size only GTECH cell div3/B_28, because it is not driving any load. (OPT-112)
Warning: Removing don't touch or size only GTECH cell div3/B_30, because it is not driving any load. (OPT-112)
Warning: Removing don't touch or size only GTECH cell div3/B_33, because it is not driving any load. (OPT-112)
Warning: Removing don't touch or size only GTECH cell div3/B_35, because it is not driving any load. (OPT-112)
Warning: Removing don't touch or size only GTECH cell div3/B_37, because it is not driving any load. (OPT-112)
Warning: Removing don't touch or size only GTECH cell div3/B_40, because it is not driving any load. (OPT-112)
Warning: Removing don't touch or size only GTECH cell div3/B_42, because it is not driving any load. (OPT-112)
Warning: Removing don't touch or size only GTECH cell div3/B_44, because it is not driving any load. (OPT-112)
Warning: Removing don't touch or size only GTECH cell div3/B_47, because it is not driving any load. (OPT-112)
Warning: Removing don't touch or size only GTECH cell div3/B_49, because it is not driving any load. (OPT-112)
Warning: Removing don't touch or size only GTECH cell div3/B_51, because it is not driving any load. (OPT-112)
Warning: Removing don't touch or size only GTECH cell div3/B_54, because it is not driving any load. (OPT-112)
Warning: Removing don't touch or size only GTECH cell div3/B_56, because it is not driving any load. (OPT-112)
Warning: Removing don't touch or size only GTECH cell div3/B_58, because it is not driving any load. (OPT-112)
Warning: Removing don't touch or size only GTECH cell div3/B_24, because it is not driving any load. (OPT-112)
Warning: Removing don't touch or size only GTECH cell div3/B_65, because it is not driving any load. (OPT-112)
Warning: Removing don't touch or size only GTECH cell div3/B_63, because it is not driving any load. (OPT-112)
Warning: Removing don't touch or size only GTECH cell div3/B_61, because it is not driving any load. (OPT-112)
Warning: Removing don't touch or size only GTECH cell div4/B_59, because it is not driving any load. (OPT-112)
Warning: Removing don't touch or size only GTECH cell div4/B_52, because it is not driving any load. (OPT-112)
Warning: Removing don't touch or size only GTECH cell div4/B_45, because it is not driving any load. (OPT-112)
Warning: Removing don't touch or size only GTECH cell div4/B_38, because it is not driving any load. (OPT-112)
Warning: Removing don't touch or size only GTECH cell div4/B_31, because it is not driving any load. (OPT-112)
Warning: Removing don't touch or size only GTECH cell div4/B_26, because it is not driving any load. (OPT-112)
Warning: Removing don't touch or size only GTECH cell div4/B_28, because it is not driving any load. (OPT-112)
Warning: Removing don't touch or size only GTECH cell div4/B_30, because it is not driving any load. (OPT-112)
Warning: Removing don't touch or size only GTECH cell div4/B_33, because it is not driving any load. (OPT-112)
Warning: Removing don't touch or size only GTECH cell div4/B_35, because it is not driving any load. (OPT-112)
Warning: Removing don't touch or size only GTECH cell div4/B_37, because it is not driving any load. (OPT-112)
Warning: Removing don't touch or size only GTECH cell div4/B_40, because it is not driving any load. (OPT-112)
Warning: Removing don't touch or size only GTECH cell div4/B_42, because it is not driving any load. (OPT-112)
Warning: Removing don't touch or size only GTECH cell div4/B_44, because it is not driving any load. (OPT-112)
Warning: Removing don't touch or size only GTECH cell div4/B_47, because it is not driving any load. (OPT-112)
Warning: Removing don't touch or size only GTECH cell div4/B_49, because it is not driving any load. (OPT-112)
Warning: Removing don't touch or size only GTECH cell div4/B_51, because it is not driving any load. (OPT-112)
Warning: Removing don't touch or size only GTECH cell div4/B_54, because it is not driving any load. (OPT-112)
Warning: Removing don't touch or size only GTECH cell div4/B_56, because it is not driving any load. (OPT-112)
Warning: Removing don't touch or size only GTECH cell div4/B_58, because it is not driving any load. (OPT-112)
Warning: Removing don't touch or size only GTECH cell div4/B_24, because it is not driving any load. (OPT-112)
Warning: Removing don't touch or size only GTECH cell div4/B_65, because it is not driving any load. (OPT-112)
Warning: Removing don't touch or size only GTECH cell div4/B_63, because it is not driving any load. (OPT-112)
Warning: Removing don't touch or size only GTECH cell div4/B_61, because it is not driving any load. (OPT-112)
Warning: Removing don't touch or size only GTECH cell div5/B_59, because it is not driving any load. (OPT-112)
Warning: Removing don't touch or size only GTECH cell div5/B_52, because it is not driving any load. (OPT-112)
Warning: Removing don't touch or size only GTECH cell div5/B_45, because it is not driving any load. (OPT-112)
Warning: Removing don't touch or size only GTECH cell div5/B_38, because it is not driving any load. (OPT-112)
Warning: Removing don't touch or size only GTECH cell div5/B_31, because it is not driving any load. (OPT-112)
Warning: Removing don't touch or size only GTECH cell div5/B_26, because it is not driving any load. (OPT-112)
Warning: Removing don't touch or size only GTECH cell div5/B_28, because it is not driving any load. (OPT-112)
Warning: Removing don't touch or size only GTECH cell div5/B_30, because it is not driving any load. (OPT-112)
Warning: Removing don't touch or size only GTECH cell div5/B_33, because it is not driving any load. (OPT-112)
Warning: Removing don't touch or size only GTECH cell div5/B_35, because it is not driving any load. (OPT-112)
Warning: Removing don't touch or size only GTECH cell div5/B_37, because it is not driving any load. (OPT-112)
Warning: Removing don't touch or size only GTECH cell div5/B_40, because it is not driving any load. (OPT-112)
Warning: Removing don't touch or size only GTECH cell div5/B_42, because it is not driving any load. (OPT-112)
Warning: Removing don't touch or size only GTECH cell div5/B_44, because it is not driving any load. (OPT-112)
Warning: Removing don't touch or size only GTECH cell div5/B_47, because it is not driving any load. (OPT-112)
Warning: Removing don't touch or size only GTECH cell div5/B_49, because it is not driving any load. (OPT-112)
Warning: Removing don't touch or size only GTECH cell div5/B_51, because it is not driving any load. (OPT-112)
Warning: Removing don't touch or size only GTECH cell div5/B_54, because it is not driving any load. (OPT-112)
Warning: Removing don't touch or size only GTECH cell div5/B_56, because it is not driving any load. (OPT-112)
Warning: Removing don't touch or size only GTECH cell div5/B_58, because it is not driving any load. (OPT-112)
Warning: Removing don't touch or size only GTECH cell div5/B_24, because it is not driving any load. (OPT-112)
Warning: Removing don't touch or size only GTECH cell div5/B_65, because it is not driving any load. (OPT-112)
Warning: Removing don't touch or size only GTECH cell div5/B_63, because it is not driving any load. (OPT-112)
Warning: Removing don't touch or size only GTECH cell div5/B_61, because it is not driving any load. (OPT-112)
Warning: Removing don't touch or size only GTECH cell div6/B_59, because it is not driving any load. (OPT-112)
Warning: Removing don't touch or size only GTECH cell div6/B_52, because it is not driving any load. (OPT-112)
Warning: Removing don't touch or size only GTECH cell div6/B_45, because it is not driving any load. (OPT-112)
Warning: Removing don't touch or size only GTECH cell div6/B_38, because it is not driving any load. (OPT-112)
Warning: Removing don't touch or size only GTECH cell div6/B_31, because it is not driving any load. (OPT-112)
Warning: Removing don't touch or size only GTECH cell div6/B_26, because it is not driving any load. (OPT-112)
Warning: Removing don't touch or size only GTECH cell div6/B_28, because it is not driving any load. (OPT-112)
Warning: Removing don't touch or size only GTECH cell div6/B_30, because it is not driving any load. (OPT-112)
Warning: Removing don't touch or size only GTECH cell div6/B_33, because it is not driving any load. (OPT-112)
Warning: Removing don't touch or size only GTECH cell div6/B_35, because it is not driving any load. (OPT-112)
Warning: Removing don't touch or size only GTECH cell div6/B_37, because it is not driving any load. (OPT-112)
Warning: Removing don't touch or size only GTECH cell div6/B_40, because it is not driving any load. (OPT-112)
Warning: Removing don't touch or size only GTECH cell div6/B_42, because it is not driving any load. (OPT-112)
Warning: Removing don't touch or size only GTECH cell div6/B_44, because it is not driving any load. (OPT-112)
Warning: Removing don't touch or size only GTECH cell div6/B_47, because it is not driving any load. (OPT-112)
Warning: Removing don't touch or size only GTECH cell div6/B_49, because it is not driving any load. (OPT-112)
Warning: Removing don't touch or size only GTECH cell div6/B_51, because it is not driving any load. (OPT-112)
Warning: Removing don't touch or size only GTECH cell div6/B_54, because it is not driving any load. (OPT-112)
Warning: Removing don't touch or size only GTECH cell div6/B_56, because it is not driving any load. (OPT-112)
Warning: Removing don't touch or size only GTECH cell div6/B_58, because it is not driving any load. (OPT-112)
Warning: Removing don't touch or size only GTECH cell div6/B_24, because it is not driving any load. (OPT-112)
Warning: Removing don't touch or size only GTECH cell div6/B_65, because it is not driving any load. (OPT-112)
Warning: Removing don't touch or size only GTECH cell div6/B_63, because it is not driving any load. (OPT-112)
Warning: Removing don't touch or size only GTECH cell div6/B_61, because it is not driving any load. (OPT-112)
Warning: Removing don't touch or size only GTECH cell div7/B_59, because it is not driving any load. (OPT-112)
Warning: Removing don't touch or size only GTECH cell div7/B_52, because it is not driving any load. (OPT-112)
Warning: Removing don't touch or size only GTECH cell div7/B_45, because it is not driving any load. (OPT-112)
Warning: Removing don't touch or size only GTECH cell div7/B_38, because it is not driving any load. (OPT-112)
Warning: Removing don't touch or size only GTECH cell div7/B_31, because it is not driving any load. (OPT-112)
Warning: Removing don't touch or size only GTECH cell div7/B_26, because it is not driving any load. (OPT-112)
Warning: Removing don't touch or size only GTECH cell div7/B_28, because it is not driving any load. (OPT-112)
Warning: Removing don't touch or size only GTECH cell div7/B_30, because it is not driving any load. (OPT-112)
Warning: Removing don't touch or size only GTECH cell div7/B_33, because it is not driving any load. (OPT-112)
Warning: Removing don't touch or size only GTECH cell div7/B_35, because it is not driving any load. (OPT-112)
Warning: Removing don't touch or size only GTECH cell div7/B_37, because it is not driving any load. (OPT-112)
Warning: Removing don't touch or size only GTECH cell div7/B_40, because it is not driving any load. (OPT-112)
Warning: Removing don't touch or size only GTECH cell div7/B_42, because it is not driving any load. (OPT-112)
Warning: Removing don't touch or size only GTECH cell div7/B_44, because it is not driving any load. (OPT-112)
Warning: Removing don't touch or size only GTECH cell div7/B_47, because it is not driving any load. (OPT-112)
Warning: Removing don't touch or size only GTECH cell div7/B_49, because it is not driving any load. (OPT-112)
Warning: Removing don't touch or size only GTECH cell div7/B_51, because it is not driving any load. (OPT-112)
Warning: Removing don't touch or size only GTECH cell div7/B_54, because it is not driving any load. (OPT-112)
Warning: Removing don't touch or size only GTECH cell div7/B_56, because it is not driving any load. (OPT-112)
Warning: Removing don't touch or size only GTECH cell div7/B_58, because it is not driving any load. (OPT-112)
Warning: Removing don't touch or size only GTECH cell div7/B_24, because it is not driving any load. (OPT-112)
Warning: Removing don't touch or size only GTECH cell div7/B_65, because it is not driving any load. (OPT-112)
Warning: Removing don't touch or size only GTECH cell div7/B_63, because it is not driving any load. (OPT-112)
Warning: Removing don't touch or size only GTECH cell div7/B_61, because it is not driving any load. (OPT-112)
Warning: Removing don't touch or size only GTECH cell div0/B_24, because it is not driving any load. (OPT-112)
Warning: Removing don't touch or size only GTECH cell div0/B_26, because it is not driving any load. (OPT-112)
Warning: Removing don't touch or size only GTECH cell div0/B_28, because it is not driving any load. (OPT-112)
Warning: Removing don't touch or size only GTECH cell div0/B_30, because it is not driving any load. (OPT-112)
Warning: Removing don't touch or size only GTECH cell div0/B_31, because it is not driving any load. (OPT-112)
Warning: Removing don't touch or size only GTECH cell div0/B_33, because it is not driving any load. (OPT-112)
Warning: Removing don't touch or size only GTECH cell div0/B_35, because it is not driving any load. (OPT-112)
Warning: Removing don't touch or size only GTECH cell div0/B_37, because it is not driving any load. (OPT-112)
Warning: Removing don't touch or size only GTECH cell div0/B_38, because it is not driving any load. (OPT-112)
Warning: Removing don't touch or size only GTECH cell div0/B_40, because it is not driving any load. (OPT-112)
Warning: Removing don't touch or size only GTECH cell div0/B_42, because it is not driving any load. (OPT-112)
Warning: Removing don't touch or size only GTECH cell div0/B_44, because it is not driving any load. (OPT-112)
Warning: Removing don't touch or size only GTECH cell div0/B_45, because it is not driving any load. (OPT-112)
Warning: Removing don't touch or size only GTECH cell div0/B_47, because it is not driving any load. (OPT-112)
Warning: Removing don't touch or size only GTECH cell div0/B_49, because it is not driving any load. (OPT-112)
Warning: Removing don't touch or size only GTECH cell div0/B_51, because it is not driving any load. (OPT-112)
Warning: Removing don't touch or size only GTECH cell div0/B_52, because it is not driving any load. (OPT-112)
Warning: Removing don't touch or size only GTECH cell div0/B_54, because it is not driving any load. (OPT-112)
Warning: Removing don't touch or size only GTECH cell div0/B_56, because it is not driving any load. (OPT-112)
Warning: Removing don't touch or size only GTECH cell div0/B_58, because it is not driving any load. (OPT-112)
Warning: Removing don't touch or size only GTECH cell div0/B_59, because it is not driving any load. (OPT-112)
Warning: Removing don't touch or size only GTECH cell div0/B_61, because it is not driving any load. (OPT-112)
Warning: Removing don't touch or size only GTECH cell div0/B_63, because it is not driving any load. (OPT-112)
Warning: Removing don't touch or size only GTECH cell div0/B_65, because it is not driving any load. (OPT-112)
Warning: Removing don't touch or size only GTECH cell div1/B_24, because it is not driving any load. (OPT-112)
Warning: Removing don't touch or size only GTECH cell div1/B_26, because it is not driving any load. (OPT-112)
Warning: Removing don't touch or size only GTECH cell div1/B_28, because it is not driving any load. (OPT-112)
Warning: Removing don't touch or size only GTECH cell div1/B_30, because it is not driving any load. (OPT-112)
Warning: Removing don't touch or size only GTECH cell div1/B_31, because it is not driving any load. (OPT-112)
Warning: Removing don't touch or size only GTECH cell div1/B_33, because it is not driving any load. (OPT-112)
Warning: Removing don't touch or size only GTECH cell div1/B_35, because it is not driving any load. (OPT-112)
Warning: Removing don't touch or size only GTECH cell div1/B_37, because it is not driving any load. (OPT-112)
Warning: Removing don't touch or size only GTECH cell div1/B_38, because it is not driving any load. (OPT-112)
Warning: Removing don't touch or size only GTECH cell div1/B_40, because it is not driving any load. (OPT-112)
Warning: Removing don't touch or size only GTECH cell div1/B_42, because it is not driving any load. (OPT-112)
Warning: Removing don't touch or size only GTECH cell div1/B_44, because it is not driving any load. (OPT-112)
Warning: Removing don't touch or size only GTECH cell div1/B_45, because it is not driving any load. (OPT-112)
Warning: Removing don't touch or size only GTECH cell div1/B_47, because it is not driving any load. (OPT-112)
Warning: Removing don't touch or size only GTECH cell div1/B_49, because it is not driving any load. (OPT-112)
Warning: Removing don't touch or size only GTECH cell div1/B_51, because it is not driving any load. (OPT-112)
Warning: Removing don't touch or size only GTECH cell div1/B_52, because it is not driving any load. (OPT-112)
Warning: Removing don't touch or size only GTECH cell div1/B_54, because it is not driving any load. (OPT-112)
Warning: Removing don't touch or size only GTECH cell div1/B_56, because it is not driving any load. (OPT-112)
Warning: Removing don't touch or size only GTECH cell div1/B_58, because it is not driving any load. (OPT-112)
Warning: Removing don't touch or size only GTECH cell div1/B_59, because it is not driving any load. (OPT-112)
Warning: Removing don't touch or size only GTECH cell div1/B_61, because it is not driving any load. (OPT-112)
Warning: Removing don't touch or size only GTECH cell div1/B_63, because it is not driving any load. (OPT-112)
Warning: Removing don't touch or size only GTECH cell div1/B_65, because it is not driving any load. (OPT-112)
Warning: Removing don't touch or size only GTECH cell div2/B_24, because it is not driving any load. (OPT-112)
Warning: Removing don't touch or size only GTECH cell div2/B_26, because it is not driving any load. (OPT-112)
Warning: Removing don't touch or size only GTECH cell div2/B_28, because it is not driving any load. (OPT-112)
Warning: Removing don't touch or size only GTECH cell div2/B_30, because it is not driving any load. (OPT-112)
Warning: Removing don't touch or size only GTECH cell div2/B_31, because it is not driving any load. (OPT-112)
Warning: Removing don't touch or size only GTECH cell div2/B_33, because it is not driving any load. (OPT-112)
Warning: Removing don't touch or size only GTECH cell div2/B_35, because it is not driving any load. (OPT-112)
Warning: Removing don't touch or size only GTECH cell div2/B_37, because it is not driving any load. (OPT-112)
Warning: Removing don't touch or size only GTECH cell div2/B_38, because it is not driving any load. (OPT-112)
Warning: Removing don't touch or size only GTECH cell div2/B_40, because it is not driving any load. (OPT-112)
Warning: Removing don't touch or size only GTECH cell div2/B_42, because it is not driving any load. (OPT-112)
Warning: Removing don't touch or size only GTECH cell div2/B_44, because it is not driving any load. (OPT-112)
Warning: Removing don't touch or size only GTECH cell div2/B_45, because it is not driving any load. (OPT-112)
Warning: Removing don't touch or size only GTECH cell div2/B_47, because it is not driving any load. (OPT-112)
Warning: Removing don't touch or size only GTECH cell div2/B_49, because it is not driving any load. (OPT-112)
Warning: Removing don't touch or size only GTECH cell div2/B_51, because it is not driving any load. (OPT-112)
Warning: Removing don't touch or size only GTECH cell div2/B_52, because it is not driving any load. (OPT-112)
Warning: Removing don't touch or size only GTECH cell div2/B_54, because it is not driving any load. (OPT-112)
Warning: Removing don't touch or size only GTECH cell div2/B_56, because it is not driving any load. (OPT-112)
Warning: Removing don't touch or size only GTECH cell div2/B_58, because it is not driving any load. (OPT-112)
Warning: Removing don't touch or size only GTECH cell div2/B_59, because it is not driving any load. (OPT-112)
Warning: Removing don't touch or size only GTECH cell div2/B_61, because it is not driving any load. (OPT-112)
Warning: Removing don't touch or size only GTECH cell div2/B_63, because it is not driving any load. (OPT-112)
Warning: Removing don't touch or size only GTECH cell div2/B_65, because it is not driving any load. (OPT-112)
Warning: Removing don't touch or size only GTECH cell div3/B_24, because it is not driving any load. (OPT-112)
Warning: Removing don't touch or size only GTECH cell div3/B_26, because it is not driving any load. (OPT-112)
Warning: Removing don't touch or size only GTECH cell div3/B_28, because it is not driving any load. (OPT-112)
Warning: Removing don't touch or size only GTECH cell div3/B_30, because it is not driving any load. (OPT-112)
Warning: Removing don't touch or size only GTECH cell div3/B_31, because it is not driving any load. (OPT-112)
Warning: Removing don't touch or size only GTECH cell div3/B_33, because it is not driving any load. (OPT-112)
Warning: Removing don't touch or size only GTECH cell div3/B_35, because it is not driving any load. (OPT-112)
Warning: Removing don't touch or size only GTECH cell div3/B_37, because it is not driving any load. (OPT-112)
Warning: Removing don't touch or size only GTECH cell div3/B_38, because it is not driving any load. (OPT-112)
Warning: Removing don't touch or size only GTECH cell div3/B_40, because it is not driving any load. (OPT-112)
Warning: Removing don't touch or size only GTECH cell div3/B_42, because it is not driving any load. (OPT-112)
Warning: Removing don't touch or size only GTECH cell div3/B_44, because it is not driving any load. (OPT-112)
Warning: Removing don't touch or size only GTECH cell div3/B_45, because it is not driving any load. (OPT-112)
Warning: Removing don't touch or size only GTECH cell div3/B_47, because it is not driving any load. (OPT-112)
Warning: Removing don't touch or size only GTECH cell div3/B_49, because it is not driving any load. (OPT-112)
Warning: Removing don't touch or size only GTECH cell div3/B_51, because it is not driving any load. (OPT-112)
Warning: Removing don't touch or size only GTECH cell div3/B_52, because it is not driving any load. (OPT-112)
Warning: Removing don't touch or size only GTECH cell div3/B_54, because it is not driving any load. (OPT-112)
Warning: Removing don't touch or size only GTECH cell div3/B_56, because it is not driving any load. (OPT-112)
Warning: Removing don't touch or size only GTECH cell div3/B_58, because it is not driving any load. (OPT-112)
Warning: Removing don't touch or size only GTECH cell div3/B_59, because it is not driving any load. (OPT-112)
Warning: Removing don't touch or size only GTECH cell div3/B_61, because it is not driving any load. (OPT-112)
Warning: Removing don't touch or size only GTECH cell div3/B_63, because it is not driving any load. (OPT-112)
Warning: Removing don't touch or size only GTECH cell div3/B_65, because it is not driving any load. (OPT-112)
Warning: Removing don't touch or size only GTECH cell div4/B_24, because it is not driving any load. (OPT-112)
Warning: Removing don't touch or size only GTECH cell div4/B_26, because it is not driving any load. (OPT-112)
Warning: Removing don't touch or size only GTECH cell div4/B_28, because it is not driving any load. (OPT-112)
Warning: Removing don't touch or size only GTECH cell div4/B_30, because it is not driving any load. (OPT-112)
Warning: Removing don't touch or size only GTECH cell div4/B_31, because it is not driving any load. (OPT-112)
Warning: Removing don't touch or size only GTECH cell div4/B_33, because it is not driving any load. (OPT-112)
Warning: Removing don't touch or size only GTECH cell div4/B_35, because it is not driving any load. (OPT-112)
Warning: Removing don't touch or size only GTECH cell div4/B_37, because it is not driving any load. (OPT-112)
Warning: Removing don't touch or size only GTECH cell div4/B_38, because it is not driving any load. (OPT-112)
Warning: Removing don't touch or size only GTECH cell div4/B_40, because it is not driving any load. (OPT-112)
Warning: Removing don't touch or size only GTECH cell div4/B_42, because it is not driving any load. (OPT-112)
Warning: Removing don't touch or size only GTECH cell div4/B_44, because it is not driving any load. (OPT-112)
Warning: Removing don't touch or size only GTECH cell div4/B_45, because it is not driving any load. (OPT-112)
Warning: Removing don't touch or size only GTECH cell div4/B_47, because it is not driving any load. (OPT-112)
Warning: Removing don't touch or size only GTECH cell div4/B_49, because it is not driving any load. (OPT-112)
Warning: Removing don't touch or size only GTECH cell div4/B_51, because it is not driving any load. (OPT-112)
Warning: Removing don't touch or size only GTECH cell div4/B_52, because it is not driving any load. (OPT-112)
Warning: Removing don't touch or size only GTECH cell div4/B_54, because it is not driving any load. (OPT-112)
Warning: Removing don't touch or size only GTECH cell div4/B_56, because it is not driving any load. (OPT-112)
Warning: Removing don't touch or size only GTECH cell div4/B_58, because it is not driving any load. (OPT-112)
Warning: Removing don't touch or size only GTECH cell div4/B_59, because it is not driving any load. (OPT-112)
Warning: Removing don't touch or size only GTECH cell div4/B_61, because it is not driving any load. (OPT-112)
Warning: Removing don't touch or size only GTECH cell div4/B_63, because it is not driving any load. (OPT-112)
Warning: Removing don't touch or size only GTECH cell div4/B_65, because it is not driving any load. (OPT-112)
Warning: Removing don't touch or size only GTECH cell div5/B_24, because it is not driving any load. (OPT-112)
Warning: Removing don't touch or size only GTECH cell div5/B_26, because it is not driving any load. (OPT-112)
Warning: Removing don't touch or size only GTECH cell div5/B_28, because it is not driving any load. (OPT-112)
Warning: Removing don't touch or size only GTECH cell div5/B_30, because it is not driving any load. (OPT-112)
Warning: Removing don't touch or size only GTECH cell div5/B_31, because it is not driving any load. (OPT-112)
Warning: Removing don't touch or size only GTECH cell div5/B_33, because it is not driving any load. (OPT-112)
Warning: Removing don't touch or size only GTECH cell div5/B_35, because it is not driving any load. (OPT-112)
Warning: Removing don't touch or size only GTECH cell div5/B_37, because it is not driving any load. (OPT-112)
Warning: Removing don't touch or size only GTECH cell div5/B_38, because it is not driving any load. (OPT-112)
Warning: Removing don't touch or size only GTECH cell div5/B_40, because it is not driving any load. (OPT-112)
Warning: Removing don't touch or size only GTECH cell div5/B_42, because it is not driving any load. (OPT-112)
Warning: Removing don't touch or size only GTECH cell div5/B_44, because it is not driving any load. (OPT-112)
Warning: Removing don't touch or size only GTECH cell div5/B_45, because it is not driving any load. (OPT-112)
Warning: Removing don't touch or size only GTECH cell div5/B_47, because it is not driving any load. (OPT-112)
Warning: Removing don't touch or size only GTECH cell div5/B_49, because it is not driving any load. (OPT-112)
Warning: Removing don't touch or size only GTECH cell div5/B_51, because it is not driving any load. (OPT-112)
Warning: Removing don't touch or size only GTECH cell div5/B_52, because it is not driving any load. (OPT-112)
Warning: Removing don't touch or size only GTECH cell div5/B_54, because it is not driving any load. (OPT-112)
Warning: Removing don't touch or size only GTECH cell div5/B_56, because it is not driving any load. (OPT-112)
Warning: Removing don't touch or size only GTECH cell div5/B_58, because it is not driving any load. (OPT-112)
Warning: Removing don't touch or size only GTECH cell div5/B_59, because it is not driving any load. (OPT-112)
Warning: Removing don't touch or size only GTECH cell div5/B_61, because it is not driving any load. (OPT-112)
Warning: Removing don't touch or size only GTECH cell div5/B_63, because it is not driving any load. (OPT-112)
Warning: Removing don't touch or size only GTECH cell div5/B_65, because it is not driving any load. (OPT-112)
Warning: Removing don't touch or size only GTECH cell div6/B_24, because it is not driving any load. (OPT-112)
Warning: Removing don't touch or size only GTECH cell div6/B_26, because it is not driving any load. (OPT-112)
Warning: Removing don't touch or size only GTECH cell div6/B_28, because it is not driving any load. (OPT-112)
Warning: Removing don't touch or size only GTECH cell div6/B_30, because it is not driving any load. (OPT-112)
Warning: Removing don't touch or size only GTECH cell div6/B_31, because it is not driving any load. (OPT-112)
Warning: Removing don't touch or size only GTECH cell div6/B_33, because it is not driving any load. (OPT-112)
Warning: Removing don't touch or size only GTECH cell div6/B_35, because it is not driving any load. (OPT-112)
Warning: Removing don't touch or size only GTECH cell div6/B_37, because it is not driving any load. (OPT-112)
Warning: Removing don't touch or size only GTECH cell div6/B_38, because it is not driving any load. (OPT-112)
Warning: Removing don't touch or size only GTECH cell div6/B_40, because it is not driving any load. (OPT-112)
Warning: Removing don't touch or size only GTECH cell div6/B_42, because it is not driving any load. (OPT-112)
Warning: Removing don't touch or size only GTECH cell div6/B_44, because it is not driving any load. (OPT-112)
Warning: Removing don't touch or size only GTECH cell div6/B_45, because it is not driving any load. (OPT-112)
Warning: Removing don't touch or size only GTECH cell div6/B_47, because it is not driving any load. (OPT-112)
Warning: Removing don't touch or size only GTECH cell div6/B_49, because it is not driving any load. (OPT-112)
Warning: Removing don't touch or size only GTECH cell div6/B_51, because it is not driving any load. (OPT-112)
Warning: Removing don't touch or size only GTECH cell div6/B_52, because it is not driving any load. (OPT-112)
Warning: Removing don't touch or size only GTECH cell div6/B_54, because it is not driving any load. (OPT-112)
Warning: Removing don't touch or size only GTECH cell div6/B_56, because it is not driving any load. (OPT-112)
Warning: Removing don't touch or size only GTECH cell div6/B_58, because it is not driving any load. (OPT-112)
Warning: Removing don't touch or size only GTECH cell div6/B_59, because it is not driving any load. (OPT-112)
Warning: Removing don't touch or size only GTECH cell div6/B_61, because it is not driving any load. (OPT-112)
Warning: Removing don't touch or size only GTECH cell div6/B_63, because it is not driving any load. (OPT-112)
Warning: Removing don't touch or size only GTECH cell div6/B_65, because it is not driving any load. (OPT-112)
Warning: Removing don't touch or size only GTECH cell div7/B_24, because it is not driving any load. (OPT-112)
Warning: Removing don't touch or size only GTECH cell div7/B_26, because it is not driving any load. (OPT-112)
Warning: Removing don't touch or size only GTECH cell div7/B_28, because it is not driving any load. (OPT-112)
Warning: Removing don't touch or size only GTECH cell div7/B_30, because it is not driving any load. (OPT-112)
Warning: Removing don't touch or size only GTECH cell div7/B_31, because it is not driving any load. (OPT-112)
Warning: Removing don't touch or size only GTECH cell div7/B_33, because it is not driving any load. (OPT-112)
Warning: Removing don't touch or size only GTECH cell div7/B_35, because it is not driving any load. (OPT-112)
Warning: Removing don't touch or size only GTECH cell div7/B_37, because it is not driving any load. (OPT-112)
Warning: Removing don't touch or size only GTECH cell div7/B_38, because it is not driving any load. (OPT-112)
Warning: Removing don't touch or size only GTECH cell div7/B_40, because it is not driving any load. (OPT-112)
Warning: Removing don't touch or size only GTECH cell div7/B_42, because it is not driving any load. (OPT-112)
Warning: Removing don't touch or size only GTECH cell div7/B_44, because it is not driving any load. (OPT-112)
Warning: Removing don't touch or size only GTECH cell div7/B_45, because it is not driving any load. (OPT-112)
Warning: Removing don't touch or size only GTECH cell div7/B_47, because it is not driving any load. (OPT-112)
Warning: Removing don't touch or size only GTECH cell div7/B_49, because it is not driving any load. (OPT-112)
Warning: Removing don't touch or size only GTECH cell div7/B_51, because it is not driving any load. (OPT-112)
Warning: Removing don't touch or size only GTECH cell div7/B_52, because it is not driving any load. (OPT-112)
Warning: Removing don't touch or size only GTECH cell div7/B_54, because it is not driving any load. (OPT-112)
Warning: Removing don't touch or size only GTECH cell div7/B_56, because it is not driving any load. (OPT-112)
Warning: Removing don't touch or size only GTECH cell div7/B_58, because it is not driving any load. (OPT-112)
Warning: Removing don't touch or size only GTECH cell div7/B_59, because it is not driving any load. (OPT-112)
Warning: Removing don't touch or size only GTECH cell div7/B_61, because it is not driving any load. (OPT-112)
Warning: Removing don't touch or size only GTECH cell div7/B_63, because it is not driving any load. (OPT-112)
Warning: Removing don't touch or size only GTECH cell div7/B_65, because it is not driving any load. (OPT-112)
Warning: Removing don't touch or size only GTECH cell div0/B_59, because it is not driving any load. (OPT-112)
Warning: Removing don't touch or size only GTECH cell div0/B_52, because it is not driving any load. (OPT-112)
Warning: Removing don't touch or size only GTECH cell div0/B_45, because it is not driving any load. (OPT-112)
Warning: Removing don't touch or size only GTECH cell div0/B_38, because it is not driving any load. (OPT-112)
Warning: Removing don't touch or size only GTECH cell div0/B_31, because it is not driving any load. (OPT-112)
Warning: Removing don't touch or size only GTECH cell div0/B_26, because it is not driving any load. (OPT-112)
Warning: Removing don't touch or size only GTECH cell div0/B_28, because it is not driving any load. (OPT-112)
Warning: Removing don't touch or size only GTECH cell div0/B_30, because it is not driving any load. (OPT-112)
Warning: Removing don't touch or size only GTECH cell div0/B_33, because it is not driving any load. (OPT-112)
Warning: Removing don't touch or size only GTECH cell div0/B_35, because it is not driving any load. (OPT-112)
Warning: Removing don't touch or size only GTECH cell div0/B_37, because it is not driving any load. (OPT-112)
Warning: Removing don't touch or size only GTECH cell div0/B_40, because it is not driving any load. (OPT-112)
Warning: Removing don't touch or size only GTECH cell div0/B_42, because it is not driving any load. (OPT-112)
Warning: Removing don't touch or size only GTECH cell div0/B_44, because it is not driving any load. (OPT-112)
Warning: Removing don't touch or size only GTECH cell div0/B_47, because it is not driving any load. (OPT-112)
Warning: Removing don't touch or size only GTECH cell div0/B_49, because it is not driving any load. (OPT-112)
Warning: Removing don't touch or size only GTECH cell div0/B_51, because it is not driving any load. (OPT-112)
Warning: Removing don't touch or size only GTECH cell div0/B_54, because it is not driving any load. (OPT-112)
Warning: Removing don't touch or size only GTECH cell div0/B_56, because it is not driving any load. (OPT-112)
Warning: Removing don't touch or size only GTECH cell div0/B_58, because it is not driving any load. (OPT-112)
Warning: Removing don't touch or size only GTECH cell div0/B_24, because it is not driving any load. (OPT-112)
Warning: Removing don't touch or size only GTECH cell div0/B_65, because it is not driving any load. (OPT-112)
Warning: Removing don't touch or size only GTECH cell div0/B_63, because it is not driving any load. (OPT-112)
Warning: Removing don't touch or size only GTECH cell div0/B_61, because it is not driving any load. (OPT-112)
Warning: Removing don't touch or size only GTECH cell div1/B_59, because it is not driving any load. (OPT-112)
Warning: Removing don't touch or size only GTECH cell div1/B_52, because it is not driving any load. (OPT-112)
Warning: Removing don't touch or size only GTECH cell div1/B_45, because it is not driving any load. (OPT-112)
Warning: Removing don't touch or size only GTECH cell div1/B_38, because it is not driving any load. (OPT-112)
Warning: Removing don't touch or size only GTECH cell div1/B_31, because it is not driving any load. (OPT-112)
Warning: Removing don't touch or size only GTECH cell div1/B_26, because it is not driving any load. (OPT-112)
Warning: Removing don't touch or size only GTECH cell div1/B_28, because it is not driving any load. (OPT-112)
Warning: Removing don't touch or size only GTECH cell div1/B_30, because it is not driving any load. (OPT-112)
Warning: Removing don't touch or size only GTECH cell div1/B_33, because it is not driving any load. (OPT-112)
Warning: Removing don't touch or size only GTECH cell div1/B_35, because it is not driving any load. (OPT-112)
Warning: Removing don't touch or size only GTECH cell div1/B_37, because it is not driving any load. (OPT-112)
Warning: Removing don't touch or size only GTECH cell div1/B_40, because it is not driving any load. (OPT-112)
Warning: Removing don't touch or size only GTECH cell div1/B_42, because it is not driving any load. (OPT-112)
Warning: Removing don't touch or size only GTECH cell div1/B_44, because it is not driving any load. (OPT-112)
Warning: Removing don't touch or size only GTECH cell div1/B_47, because it is not driving any load. (OPT-112)
Warning: Removing don't touch or size only GTECH cell div1/B_49, because it is not driving any load. (OPT-112)
Warning: Removing don't touch or size only GTECH cell div1/B_51, because it is not driving any load. (OPT-112)
Warning: Removing don't touch or size only GTECH cell div1/B_54, because it is not driving any load. (OPT-112)
Warning: Removing don't touch or size only GTECH cell div1/B_56, because it is not driving any load. (OPT-112)
Warning: Removing don't touch or size only GTECH cell div1/B_58, because it is not driving any load. (OPT-112)
Warning: Removing don't touch or size only GTECH cell div1/B_24, because it is not driving any load. (OPT-112)
Warning: Removing don't touch or size only GTECH cell div1/B_65, because it is not driving any load. (OPT-112)
Warning: Removing don't touch or size only GTECH cell div1/B_63, because it is not driving any load. (OPT-112)
Warning: Removing don't touch or size only GTECH cell div1/B_61, because it is not driving any load. (OPT-112)
Warning: Removing don't touch or size only GTECH cell div2/B_59, because it is not driving any load. (OPT-112)
Warning: Removing don't touch or size only GTECH cell div2/B_52, because it is not driving any load. (OPT-112)
Warning: Removing don't touch or size only GTECH cell div2/B_45, because it is not driving any load. (OPT-112)
Warning: Removing don't touch or size only GTECH cell div2/B_38, because it is not driving any load. (OPT-112)
Warning: Removing don't touch or size only GTECH cell div2/B_31, because it is not driving any load. (OPT-112)
Warning: Removing don't touch or size only GTECH cell div2/B_26, because it is not driving any load. (OPT-112)
Warning: Removing don't touch or size only GTECH cell div2/B_28, because it is not driving any load. (OPT-112)
Warning: Removing don't touch or size only GTECH cell div2/B_30, because it is not driving any load. (OPT-112)
Warning: Removing don't touch or size only GTECH cell div2/B_33, because it is not driving any load. (OPT-112)
Warning: Removing don't touch or size only GTECH cell div2/B_35, because it is not driving any load. (OPT-112)
Warning: Removing don't touch or size only GTECH cell div2/B_37, because it is not driving any load. (OPT-112)
Warning: Removing don't touch or size only GTECH cell div2/B_40, because it is not driving any load. (OPT-112)
Warning: Removing don't touch or size only GTECH cell div2/B_42, because it is not driving any load. (OPT-112)
Warning: Removing don't touch or size only GTECH cell div2/B_44, because it is not driving any load. (OPT-112)
Warning: Removing don't touch or size only GTECH cell div2/B_47, because it is not driving any load. (OPT-112)
Warning: Removing don't touch or size only GTECH cell div2/B_49, because it is not driving any load. (OPT-112)
Warning: Removing don't touch or size only GTECH cell div2/B_51, because it is not driving any load. (OPT-112)
Warning: Removing don't touch or size only GTECH cell div2/B_54, because it is not driving any load. (OPT-112)
Warning: Removing don't touch or size only GTECH cell div2/B_56, because it is not driving any load. (OPT-112)
Warning: Removing don't touch or size only GTECH cell div2/B_58, because it is not driving any load. (OPT-112)
Warning: Removing don't touch or size only GTECH cell div2/B_24, because it is not driving any load. (OPT-112)
Warning: Removing don't touch or size only GTECH cell div2/B_65, because it is not driving any load. (OPT-112)
Warning: Removing don't touch or size only GTECH cell div2/B_63, because it is not driving any load. (OPT-112)
Warning: Removing don't touch or size only GTECH cell div2/B_61, because it is not driving any load. (OPT-112)
Warning: Removing don't touch or size only GTECH cell div3/B_59, because it is not driving any load. (OPT-112)
Warning: Removing don't touch or size only GTECH cell div3/B_52, because it is not driving any load. (OPT-112)
Warning: Removing don't touch or size only GTECH cell div3/B_45, because it is not driving any load. (OPT-112)
Warning: Removing don't touch or size only GTECH cell div3/B_38, because it is not driving any load. (OPT-112)
Warning: Removing don't touch or size only GTECH cell div3/B_31, because it is not driving any load. (OPT-112)
Warning: Removing don't touch or size only GTECH cell div3/B_26, because it is not driving any load. (OPT-112)
Warning: Removing don't touch or size only GTECH cell div3/B_28, because it is not driving any load. (OPT-112)
Warning: Removing don't touch or size only GTECH cell div3/B_30, because it is not driving any load. (OPT-112)
Warning: Removing don't touch or size only GTECH cell div3/B_33, because it is not driving any load. (OPT-112)
Warning: Removing don't touch or size only GTECH cell div3/B_35, because it is not driving any load. (OPT-112)
Warning: Removing don't touch or size only GTECH cell div3/B_37, because it is not driving any load. (OPT-112)
Warning: Removing don't touch or size only GTECH cell div3/B_40, because it is not driving any load. (OPT-112)
Warning: Removing don't touch or size only GTECH cell div3/B_42, because it is not driving any load. (OPT-112)
Warning: Removing don't touch or size only GTECH cell div3/B_44, because it is not driving any load. (OPT-112)
Warning: Removing don't touch or size only GTECH cell div3/B_47, because it is not driving any load. (OPT-112)
Warning: Removing don't touch or size only GTECH cell div3/B_49, because it is not driving any load. (OPT-112)
Warning: Removing don't touch or size only GTECH cell div3/B_51, because it is not driving any load. (OPT-112)
Warning: Removing don't touch or size only GTECH cell div3/B_54, because it is not driving any load. (OPT-112)
Warning: Removing don't touch or size only GTECH cell div3/B_56, because it is not driving any load. (OPT-112)
Warning: Removing don't touch or size only GTECH cell div3/B_58, because it is not driving any load. (OPT-112)
Warning: Removing don't touch or size only GTECH cell div3/B_24, because it is not driving any load. (OPT-112)
Warning: Removing don't touch or size only GTECH cell div3/B_65, because it is not driving any load. (OPT-112)
Warning: Removing don't touch or size only GTECH cell div3/B_63, because it is not driving any load. (OPT-112)
Warning: Removing don't touch or size only GTECH cell div3/B_61, because it is not driving any load. (OPT-112)
Warning: Removing don't touch or size only GTECH cell div4/B_59, because it is not driving any load. (OPT-112)
Warning: Removing don't touch or size only GTECH cell div4/B_52, because it is not driving any load. (OPT-112)
Warning: Removing don't touch or size only GTECH cell div4/B_45, because it is not driving any load. (OPT-112)
Warning: Removing don't touch or size only GTECH cell div4/B_38, because it is not driving any load. (OPT-112)
Warning: Removing don't touch or size only GTECH cell div4/B_31, because it is not driving any load. (OPT-112)
Warning: Removing don't touch or size only GTECH cell div4/B_26, because it is not driving any load. (OPT-112)
Warning: Removing don't touch or size only GTECH cell div4/B_28, because it is not driving any load. (OPT-112)
Warning: Removing don't touch or size only GTECH cell div4/B_30, because it is not driving any load. (OPT-112)
Warning: Removing don't touch or size only GTECH cell div4/B_33, because it is not driving any load. (OPT-112)
Warning: Removing don't touch or size only GTECH cell div4/B_35, because it is not driving any load. (OPT-112)
Warning: Removing don't touch or size only GTECH cell div4/B_37, because it is not driving any load. (OPT-112)
Warning: Removing don't touch or size only GTECH cell div4/B_40, because it is not driving any load. (OPT-112)
Warning: Removing don't touch or size only GTECH cell div4/B_42, because it is not driving any load. (OPT-112)
Warning: Removing don't touch or size only GTECH cell div4/B_44, because it is not driving any load. (OPT-112)
Warning: Removing don't touch or size only GTECH cell div4/B_47, because it is not driving any load. (OPT-112)
Warning: Removing don't touch or size only GTECH cell div4/B_49, because it is not driving any load. (OPT-112)
Warning: Removing don't touch or size only GTECH cell div4/B_51, because it is not driving any load. (OPT-112)
Warning: Removing don't touch or size only GTECH cell div4/B_54, because it is not driving any load. (OPT-112)
Warning: Removing don't touch or size only GTECH cell div4/B_56, because it is not driving any load. (OPT-112)
Warning: Removing don't touch or size only GTECH cell div4/B_58, because it is not driving any load. (OPT-112)
Warning: Removing don't touch or size only GTECH cell div4/B_24, because it is not driving any load. (OPT-112)
Warning: Removing don't touch or size only GTECH cell div4/B_65, because it is not driving any load. (OPT-112)
Warning: Removing don't touch or size only GTECH cell div4/B_63, because it is not driving any load. (OPT-112)
Warning: Removing don't touch or size only GTECH cell div4/B_61, because it is not driving any load. (OPT-112)
Warning: Removing don't touch or size only GTECH cell div5/B_59, because it is not driving any load. (OPT-112)
Warning: Removing don't touch or size only GTECH cell div5/B_52, because it is not driving any load. (OPT-112)
Warning: Removing don't touch or size only GTECH cell div5/B_45, because it is not driving any load. (OPT-112)
Warning: Removing don't touch or size only GTECH cell div5/B_38, because it is not driving any load. (OPT-112)
Warning: Removing don't touch or size only GTECH cell div5/B_31, because it is not driving any load. (OPT-112)
Warning: Removing don't touch or size only GTECH cell div5/B_26, because it is not driving any load. (OPT-112)
Warning: Removing don't touch or size only GTECH cell div5/B_28, because it is not driving any load. (OPT-112)
Warning: Removing don't touch or size only GTECH cell div5/B_30, because it is not driving any load. (OPT-112)
Warning: Removing don't touch or size only GTECH cell div5/B_33, because it is not driving any load. (OPT-112)
Warning: Removing don't touch or size only GTECH cell div5/B_35, because it is not driving any load. (OPT-112)
Warning: Removing don't touch or size only GTECH cell div5/B_37, because it is not driving any load. (OPT-112)
Warning: Removing don't touch or size only GTECH cell div5/B_40, because it is not driving any load. (OPT-112)
Warning: Removing don't touch or size only GTECH cell div5/B_42, because it is not driving any load. (OPT-112)
Warning: Removing don't touch or size only GTECH cell div5/B_44, because it is not driving any load. (OPT-112)
Warning: Removing don't touch or size only GTECH cell div5/B_47, because it is not driving any load. (OPT-112)
Warning: Removing don't touch or size only GTECH cell div5/B_49, because it is not driving any load. (OPT-112)
Warning: Removing don't touch or size only GTECH cell div5/B_51, because it is not driving any load. (OPT-112)
Warning: Removing don't touch or size only GTECH cell div5/B_54, because it is not driving any load. (OPT-112)
Warning: Removing don't touch or size only GTECH cell div5/B_56, because it is not driving any load. (OPT-112)
Warning: Removing don't touch or size only GTECH cell div5/B_58, because it is not driving any load. (OPT-112)
Warning: Removing don't touch or size only GTECH cell div5/B_24, because it is not driving any load. (OPT-112)
Warning: Removing don't touch or size only GTECH cell div5/B_65, because it is not driving any load. (OPT-112)
Warning: Removing don't touch or size only GTECH cell div5/B_63, because it is not driving any load. (OPT-112)
Warning: Removing don't touch or size only GTECH cell div5/B_61, because it is not driving any load. (OPT-112)
Warning: Removing don't touch or size only GTECH cell div6/B_59, because it is not driving any load. (OPT-112)
Warning: Removing don't touch or size only GTECH cell div6/B_52, because it is not driving any load. (OPT-112)
Warning: Removing don't touch or size only GTECH cell div6/B_45, because it is not driving any load. (OPT-112)
Warning: Removing don't touch or size only GTECH cell div6/B_38, because it is not driving any load. (OPT-112)
Warning: Removing don't touch or size only GTECH cell div6/B_31, because it is not driving any load. (OPT-112)
Warning: Removing don't touch or size only GTECH cell div6/B_26, because it is not driving any load. (OPT-112)
Warning: Removing don't touch or size only GTECH cell div6/B_28, because it is not driving any load. (OPT-112)
Warning: Removing don't touch or size only GTECH cell div6/B_30, because it is not driving any load. (OPT-112)
Warning: Removing don't touch or size only GTECH cell div6/B_33, because it is not driving any load. (OPT-112)
Warning: Removing don't touch or size only GTECH cell div6/B_35, because it is not driving any load. (OPT-112)
Warning: Removing don't touch or size only GTECH cell div6/B_37, because it is not driving any load. (OPT-112)
Warning: Removing don't touch or size only GTECH cell div6/B_40, because it is not driving any load. (OPT-112)
Warning: Removing don't touch or size only GTECH cell div6/B_42, because it is not driving any load. (OPT-112)
Warning: Removing don't touch or size only GTECH cell div6/B_44, because it is not driving any load. (OPT-112)
Warning: Removing don't touch or size only GTECH cell div6/B_47, because it is not driving any load. (OPT-112)
Warning: Removing don't touch or size only GTECH cell div6/B_49, because it is not driving any load. (OPT-112)
Warning: Removing don't touch or size only GTECH cell div6/B_51, because it is not driving any load. (OPT-112)
Warning: Removing don't touch or size only GTECH cell div6/B_54, because it is not driving any load. (OPT-112)
Warning: Removing don't touch or size only GTECH cell div6/B_56, because it is not driving any load. (OPT-112)
Warning: Removing don't touch or size only GTECH cell div6/B_58, because it is not driving any load. (OPT-112)
Warning: Removing don't touch or size only GTECH cell div6/B_24, because it is not driving any load. (OPT-112)
Warning: Removing don't touch or size only GTECH cell div6/B_65, because it is not driving any load. (OPT-112)
Warning: Removing don't touch or size only GTECH cell div6/B_63, because it is not driving any load. (OPT-112)
Warning: Removing don't touch or size only GTECH cell div6/B_61, because it is not driving any load. (OPT-112)
Warning: Removing don't touch or size only GTECH cell div7/B_59, because it is not driving any load. (OPT-112)
Warning: Removing don't touch or size only GTECH cell div7/B_52, because it is not driving any load. (OPT-112)
Warning: Removing don't touch or size only GTECH cell div7/B_45, because it is not driving any load. (OPT-112)
Warning: Removing don't touch or size only GTECH cell div7/B_38, because it is not driving any load. (OPT-112)
Warning: Removing don't touch or size only GTECH cell div7/B_31, because it is not driving any load. (OPT-112)
Warning: Removing don't touch or size only GTECH cell div7/B_26, because it is not driving any load. (OPT-112)
Warning: Removing don't touch or size only GTECH cell div7/B_28, because it is not driving any load. (OPT-112)
Warning: Removing don't touch or size only GTECH cell div7/B_30, because it is not driving any load. (OPT-112)
Warning: Removing don't touch or size only GTECH cell div7/B_33, because it is not driving any load. (OPT-112)
Warning: Removing don't touch or size only GTECH cell div7/B_35, because it is not driving any load. (OPT-112)
Warning: Removing don't touch or size only GTECH cell div7/B_37, because it is not driving any load. (OPT-112)
Warning: Removing don't touch or size only GTECH cell div7/B_40, because it is not driving any load. (OPT-112)
Warning: Removing don't touch or size only GTECH cell div7/B_42, because it is not driving any load. (OPT-112)
Warning: Removing don't touch or size only GTECH cell div7/B_44, because it is not driving any load. (OPT-112)
Warning: Removing don't touch or size only GTECH cell div7/B_47, because it is not driving any load. (OPT-112)
Warning: Removing don't touch or size only GTECH cell div7/B_49, because it is not driving any load. (OPT-112)
Warning: Removing don't touch or size only GTECH cell div7/B_51, because it is not driving any load. (OPT-112)
Warning: Removing don't touch or size only GTECH cell div7/B_54, because it is not driving any load. (OPT-112)
Warning: Removing don't touch or size only GTECH cell div7/B_56, because it is not driving any load. (OPT-112)
Warning: Removing don't touch or size only GTECH cell div7/B_58, because it is not driving any load. (OPT-112)
Warning: Removing don't touch or size only GTECH cell div7/B_24, because it is not driving any load. (OPT-112)
Warning: Removing don't touch or size only GTECH cell div7/B_65, because it is not driving any load. (OPT-112)
Warning: Removing don't touch or size only GTECH cell div7/B_63, because it is not driving any load. (OPT-112)
Warning: Removing don't touch or size only GTECH cell div7/B_61, because it is not driving any load. (OPT-112)
Warning: Removing don't touch or size only GTECH cell div0/B_24, because it is not driving any load. (OPT-112)
Warning: Removing don't touch or size only GTECH cell div0/B_26, because it is not driving any load. (OPT-112)
Warning: Removing don't touch or size only GTECH cell div0/B_28, because it is not driving any load. (OPT-112)
Warning: Removing don't touch or size only GTECH cell div0/B_30, because it is not driving any load. (OPT-112)
Warning: Removing don't touch or size only GTECH cell div0/B_31, because it is not driving any load. (OPT-112)
Warning: Removing don't touch or size only GTECH cell div0/B_33, because it is not driving any load. (OPT-112)
Warning: Removing don't touch or size only GTECH cell div0/B_35, because it is not driving any load. (OPT-112)
Warning: Removing don't touch or size only GTECH cell div0/B_37, because it is not driving any load. (OPT-112)
Warning: Removing don't touch or size only GTECH cell div0/B_38, because it is not driving any load. (OPT-112)
Warning: Removing don't touch or size only GTECH cell div0/B_40, because it is not driving any load. (OPT-112)
Warning: Removing don't touch or size only GTECH cell div0/B_42, because it is not driving any load. (OPT-112)
Warning: Removing don't touch or size only GTECH cell div0/B_44, because it is not driving any load. (OPT-112)
Warning: Removing don't touch or size only GTECH cell div0/B_45, because it is not driving any load. (OPT-112)
Warning: Removing don't touch or size only GTECH cell div0/B_47, because it is not driving any load. (OPT-112)
Warning: Removing don't touch or size only GTECH cell div0/B_49, because it is not driving any load. (OPT-112)
Warning: Removing don't touch or size only GTECH cell div0/B_51, because it is not driving any load. (OPT-112)
Warning: Removing don't touch or size only GTECH cell div0/B_52, because it is not driving any load. (OPT-112)
Warning: Removing don't touch or size only GTECH cell div0/B_54, because it is not driving any load. (OPT-112)
Warning: Removing don't touch or size only GTECH cell div0/B_56, because it is not driving any load. (OPT-112)
Warning: Removing don't touch or size only GTECH cell div0/B_58, because it is not driving any load. (OPT-112)
Warning: Removing don't touch or size only GTECH cell div0/B_59, because it is not driving any load. (OPT-112)
Warning: Removing don't touch or size only GTECH cell div0/B_61, because it is not driving any load. (OPT-112)
Warning: Removing don't touch or size only GTECH cell div0/B_63, because it is not driving any load. (OPT-112)
Warning: Removing don't touch or size only GTECH cell div0/B_65, because it is not driving any load. (OPT-112)
Warning: Removing don't touch or size only GTECH cell div1/B_24, because it is not driving any load. (OPT-112)
Warning: Removing don't touch or size only GTECH cell div1/B_26, because it is not driving any load. (OPT-112)
Warning: Removing don't touch or size only GTECH cell div1/B_28, because it is not driving any load. (OPT-112)
Warning: Removing don't touch or size only GTECH cell div1/B_30, because it is not driving any load. (OPT-112)
Warning: Removing don't touch or size only GTECH cell div1/B_31, because it is not driving any load. (OPT-112)
Warning: Removing don't touch or size only GTECH cell div1/B_33, because it is not driving any load. (OPT-112)
Warning: Removing don't touch or size only GTECH cell div1/B_35, because it is not driving any load. (OPT-112)
Warning: Removing don't touch or size only GTECH cell div1/B_37, because it is not driving any load. (OPT-112)
Warning: Removing don't touch or size only GTECH cell div1/B_38, because it is not driving any load. (OPT-112)
Warning: Removing don't touch or size only GTECH cell div1/B_40, because it is not driving any load. (OPT-112)
Warning: Removing don't touch or size only GTECH cell div1/B_42, because it is not driving any load. (OPT-112)
Warning: Removing don't touch or size only GTECH cell div1/B_44, because it is not driving any load. (OPT-112)
Warning: Removing don't touch or size only GTECH cell div1/B_45, because it is not driving any load. (OPT-112)
Warning: Removing don't touch or size only GTECH cell div1/B_47, because it is not driving any load. (OPT-112)
Warning: Removing don't touch or size only GTECH cell div1/B_49, because it is not driving any load. (OPT-112)
Warning: Removing don't touch or size only GTECH cell div1/B_51, because it is not driving any load. (OPT-112)
Warning: Removing don't touch or size only GTECH cell div1/B_52, because it is not driving any load. (OPT-112)
Warning: Removing don't touch or size only GTECH cell div1/B_54, because it is not driving any load. (OPT-112)
Warning: Removing don't touch or size only GTECH cell div1/B_56, because it is not driving any load. (OPT-112)
Warning: Removing don't touch or size only GTECH cell div1/B_58, because it is not driving any load. (OPT-112)
Warning: Removing don't touch or size only GTECH cell div1/B_59, because it is not driving any load. (OPT-112)
Warning: Removing don't touch or size only GTECH cell div1/B_61, because it is not driving any load. (OPT-112)
Warning: Removing don't touch or size only GTECH cell div1/B_63, because it is not driving any load. (OPT-112)
Warning: Removing don't touch or size only GTECH cell div1/B_65, because it is not driving any load. (OPT-112)
Warning: Removing don't touch or size only GTECH cell div2/B_24, because it is not driving any load. (OPT-112)
Warning: Removing don't touch or size only GTECH cell div2/B_26, because it is not driving any load. (OPT-112)
Warning: Removing don't touch or size only GTECH cell div2/B_28, because it is not driving any load. (OPT-112)
Warning: Removing don't touch or size only GTECH cell div2/B_30, because it is not driving any load. (OPT-112)
Warning: Removing don't touch or size only GTECH cell div2/B_31, because it is not driving any load. (OPT-112)
Warning: Removing don't touch or size only GTECH cell div2/B_33, because it is not driving any load. (OPT-112)
Warning: Removing don't touch or size only GTECH cell div2/B_35, because it is not driving any load. (OPT-112)
Warning: Removing don't touch or size only GTECH cell div2/B_37, because it is not driving any load. (OPT-112)
Warning: Removing don't touch or size only GTECH cell div2/B_38, because it is not driving any load. (OPT-112)
Warning: Removing don't touch or size only GTECH cell div2/B_40, because it is not driving any load. (OPT-112)
Warning: Removing don't touch or size only GTECH cell div2/B_42, because it is not driving any load. (OPT-112)
Warning: Removing don't touch or size only GTECH cell div2/B_44, because it is not driving any load. (OPT-112)
Warning: Removing don't touch or size only GTECH cell div2/B_45, because it is not driving any load. (OPT-112)
Warning: Removing don't touch or size only GTECH cell div2/B_47, because it is not driving any load. (OPT-112)
Warning: Removing don't touch or size only GTECH cell div2/B_49, because it is not driving any load. (OPT-112)
Warning: Removing don't touch or size only GTECH cell div2/B_51, because it is not driving any load. (OPT-112)
Warning: Removing don't touch or size only GTECH cell div2/B_52, because it is not driving any load. (OPT-112)
Warning: Removing don't touch or size only GTECH cell div2/B_54, because it is not driving any load. (OPT-112)
Warning: Removing don't touch or size only GTECH cell div2/B_56, because it is not driving any load. (OPT-112)
Warning: Removing don't touch or size only GTECH cell div2/B_58, because it is not driving any load. (OPT-112)
Warning: Removing don't touch or size only GTECH cell div2/B_59, because it is not driving any load. (OPT-112)
Warning: Removing don't touch or size only GTECH cell div2/B_61, because it is not driving any load. (OPT-112)
Warning: Removing don't touch or size only GTECH cell div2/B_63, because it is not driving any load. (OPT-112)
Warning: Removing don't touch or size only GTECH cell div2/B_65, because it is not driving any load. (OPT-112)
Warning: Removing don't touch or size only GTECH cell div3/B_24, because it is not driving any load. (OPT-112)
Warning: Removing don't touch or size only GTECH cell div3/B_26, because it is not driving any load. (OPT-112)
Warning: Removing don't touch or size only GTECH cell div3/B_28, because it is not driving any load. (OPT-112)
Warning: Removing don't touch or size only GTECH cell div3/B_30, because it is not driving any load. (OPT-112)
Warning: Removing don't touch or size only GTECH cell div3/B_31, because it is not driving any load. (OPT-112)
Warning: Removing don't touch or size only GTECH cell div3/B_33, because it is not driving any load. (OPT-112)
Warning: Removing don't touch or size only GTECH cell div3/B_35, because it is not driving any load. (OPT-112)
Warning: Removing don't touch or size only GTECH cell div3/B_37, because it is not driving any load. (OPT-112)
Warning: Removing don't touch or size only GTECH cell div3/B_38, because it is not driving any load. (OPT-112)
Warning: Removing don't touch or size only GTECH cell div3/B_40, because it is not driving any load. (OPT-112)
Warning: Removing don't touch or size only GTECH cell div3/B_42, because it is not driving any load. (OPT-112)
Warning: Removing don't touch or size only GTECH cell div3/B_44, because it is not driving any load. (OPT-112)
Warning: Removing don't touch or size only GTECH cell div3/B_45, because it is not driving any load. (OPT-112)
Warning: Removing don't touch or size only GTECH cell div3/B_47, because it is not driving any load. (OPT-112)
Warning: Removing don't touch or size only GTECH cell div3/B_49, because it is not driving any load. (OPT-112)
Warning: Removing don't touch or size only GTECH cell div3/B_51, because it is not driving any load. (OPT-112)
Warning: Removing don't touch or size only GTECH cell div3/B_52, because it is not driving any load. (OPT-112)
Warning: Removing don't touch or size only GTECH cell div3/B_54, because it is not driving any load. (OPT-112)
Warning: Removing don't touch or size only GTECH cell div3/B_56, because it is not driving any load. (OPT-112)
Warning: Removing don't touch or size only GTECH cell div3/B_58, because it is not driving any load. (OPT-112)
Warning: Removing don't touch or size only GTECH cell div3/B_59, because it is not driving any load. (OPT-112)
Warning: Removing don't touch or size only GTECH cell div3/B_61, because it is not driving any load. (OPT-112)
Warning: Removing don't touch or size only GTECH cell div3/B_63, because it is not driving any load. (OPT-112)
Warning: Removing don't touch or size only GTECH cell div3/B_65, because it is not driving any load. (OPT-112)
Warning: Removing don't touch or size only GTECH cell div4/B_24, because it is not driving any load. (OPT-112)
Warning: Removing don't touch or size only GTECH cell div4/B_26, because it is not driving any load. (OPT-112)
Warning: Removing don't touch or size only GTECH cell div4/B_28, because it is not driving any load. (OPT-112)
Warning: Removing don't touch or size only GTECH cell div4/B_30, because it is not driving any load. (OPT-112)
Warning: Removing don't touch or size only GTECH cell div4/B_31, because it is not driving any load. (OPT-112)
Warning: Removing don't touch or size only GTECH cell div4/B_33, because it is not driving any load. (OPT-112)
Warning: Removing don't touch or size only GTECH cell div4/B_35, because it is not driving any load. (OPT-112)
Warning: Removing don't touch or size only GTECH cell div4/B_37, because it is not driving any load. (OPT-112)
Warning: Removing don't touch or size only GTECH cell div4/B_38, because it is not driving any load. (OPT-112)
Warning: Removing don't touch or size only GTECH cell div4/B_40, because it is not driving any load. (OPT-112)
Warning: Removing don't touch or size only GTECH cell div4/B_42, because it is not driving any load. (OPT-112)
Warning: Removing don't touch or size only GTECH cell div4/B_44, because it is not driving any load. (OPT-112)
Warning: Removing don't touch or size only GTECH cell div4/B_45, because it is not driving any load. (OPT-112)
Warning: Removing don't touch or size only GTECH cell div4/B_47, because it is not driving any load. (OPT-112)
Warning: Removing don't touch or size only GTECH cell div4/B_49, because it is not driving any load. (OPT-112)
Warning: Removing don't touch or size only GTECH cell div4/B_51, because it is not driving any load. (OPT-112)
Warning: Removing don't touch or size only GTECH cell div4/B_52, because it is not driving any load. (OPT-112)
Warning: Removing don't touch or size only GTECH cell div4/B_54, because it is not driving any load. (OPT-112)
Warning: Removing don't touch or size only GTECH cell div4/B_56, because it is not driving any load. (OPT-112)
Warning: Removing don't touch or size only GTECH cell div4/B_58, because it is not driving any load. (OPT-112)
Warning: Removing don't touch or size only GTECH cell div4/B_59, because it is not driving any load. (OPT-112)
Warning: Removing don't touch or size only GTECH cell div4/B_61, because it is not driving any load. (OPT-112)
Warning: Removing don't touch or size only GTECH cell div4/B_63, because it is not driving any load. (OPT-112)
Warning: Removing don't touch or size only GTECH cell div4/B_65, because it is not driving any load. (OPT-112)
Warning: Removing don't touch or size only GTECH cell div5/B_24, because it is not driving any load. (OPT-112)
Warning: Removing don't touch or size only GTECH cell div5/B_26, because it is not driving any load. (OPT-112)
Warning: Removing don't touch or size only GTECH cell div5/B_28, because it is not driving any load. (OPT-112)
Warning: Removing don't touch or size only GTECH cell div5/B_30, because it is not driving any load. (OPT-112)
Warning: Removing don't touch or size only GTECH cell div5/B_31, because it is not driving any load. (OPT-112)
Warning: Removing don't touch or size only GTECH cell div5/B_33, because it is not driving any load. (OPT-112)
Warning: Removing don't touch or size only GTECH cell div5/B_35, because it is not driving any load. (OPT-112)
Warning: Removing don't touch or size only GTECH cell div5/B_37, because it is not driving any load. (OPT-112)
Warning: Removing don't touch or size only GTECH cell div5/B_38, because it is not driving any load. (OPT-112)
Warning: Removing don't touch or size only GTECH cell div5/B_40, because it is not driving any load. (OPT-112)
Warning: Removing don't touch or size only GTECH cell div5/B_42, because it is not driving any load. (OPT-112)
Warning: Removing don't touch or size only GTECH cell div5/B_44, because it is not driving any load. (OPT-112)
Warning: Removing don't touch or size only GTECH cell div5/B_45, because it is not driving any load. (OPT-112)
Warning: Removing don't touch or size only GTECH cell div5/B_47, because it is not driving any load. (OPT-112)
Warning: Removing don't touch or size only GTECH cell div5/B_49, because it is not driving any load. (OPT-112)
Warning: Removing don't touch or size only GTECH cell div5/B_51, because it is not driving any load. (OPT-112)
Warning: Removing don't touch or size only GTECH cell div5/B_52, because it is not driving any load. (OPT-112)
Warning: Removing don't touch or size only GTECH cell div5/B_54, because it is not driving any load. (OPT-112)
Warning: Removing don't touch or size only GTECH cell div5/B_56, because it is not driving any load. (OPT-112)
Warning: Removing don't touch or size only GTECH cell div5/B_58, because it is not driving any load. (OPT-112)
Warning: Removing don't touch or size only GTECH cell div5/B_59, because it is not driving any load. (OPT-112)
Warning: Removing don't touch or size only GTECH cell div5/B_61, because it is not driving any load. (OPT-112)
Warning: Removing don't touch or size only GTECH cell div5/B_63, because it is not driving any load. (OPT-112)
Warning: Removing don't touch or size only GTECH cell div5/B_65, because it is not driving any load. (OPT-112)
Warning: Removing don't touch or size only GTECH cell div6/B_24, because it is not driving any load. (OPT-112)
Warning: Removing don't touch or size only GTECH cell div6/B_26, because it is not driving any load. (OPT-112)
Warning: Removing don't touch or size only GTECH cell div6/B_28, because it is not driving any load. (OPT-112)
Warning: Removing don't touch or size only GTECH cell div6/B_30, because it is not driving any load. (OPT-112)
Warning: Removing don't touch or size only GTECH cell div6/B_31, because it is not driving any load. (OPT-112)
Warning: Removing don't touch or size only GTECH cell div6/B_33, because it is not driving any load. (OPT-112)
Warning: Removing don't touch or size only GTECH cell div6/B_35, because it is not driving any load. (OPT-112)
Warning: Removing don't touch or size only GTECH cell div6/B_37, because it is not driving any load. (OPT-112)
Warning: Removing don't touch or size only GTECH cell div6/B_38, because it is not driving any load. (OPT-112)
Warning: Removing don't touch or size only GTECH cell div6/B_40, because it is not driving any load. (OPT-112)
Warning: Removing don't touch or size only GTECH cell div6/B_42, because it is not driving any load. (OPT-112)
Warning: Removing don't touch or size only GTECH cell div6/B_44, because it is not driving any load. (OPT-112)
Warning: Removing don't touch or size only GTECH cell div6/B_45, because it is not driving any load. (OPT-112)
Warning: Removing don't touch or size only GTECH cell div6/B_47, because it is not driving any load. (OPT-112)
Warning: Removing don't touch or size only GTECH cell div6/B_49, because it is not driving any load. (OPT-112)
Warning: Removing don't touch or size only GTECH cell div6/B_51, because it is not driving any load. (OPT-112)
Warning: Removing don't touch or size only GTECH cell div6/B_52, because it is not driving any load. (OPT-112)
Warning: Removing don't touch or size only GTECH cell div6/B_54, because it is not driving any load. (OPT-112)
Warning: Removing don't touch or size only GTECH cell div6/B_56, because it is not driving any load. (OPT-112)
Warning: Removing don't touch or size only GTECH cell div6/B_58, because it is not driving any load. (OPT-112)
Warning: Removing don't touch or size only GTECH cell div6/B_59, because it is not driving any load. (OPT-112)
Warning: Removing don't touch or size only GTECH cell div6/B_61, because it is not driving any load. (OPT-112)
Warning: Removing don't touch or size only GTECH cell div6/B_63, because it is not driving any load. (OPT-112)
Warning: Removing don't touch or size only GTECH cell div6/B_65, because it is not driving any load. (OPT-112)
Warning: Removing don't touch or size only GTECH cell div7/B_24, because it is not driving any load. (OPT-112)
Warning: Removing don't touch or size only GTECH cell div7/B_26, because it is not driving any load. (OPT-112)
Warning: Removing don't touch or size only GTECH cell div7/B_28, because it is not driving any load. (OPT-112)
Warning: Removing don't touch or size only GTECH cell div7/B_30, because it is not driving any load. (OPT-112)
Warning: Removing don't touch or size only GTECH cell div7/B_31, because it is not driving any load. (OPT-112)
Warning: Removing don't touch or size only GTECH cell div7/B_33, because it is not driving any load. (OPT-112)
Warning: Removing don't touch or size only GTECH cell div7/B_35, because it is not driving any load. (OPT-112)
Warning: Removing don't touch or size only GTECH cell div7/B_37, because it is not driving any load. (OPT-112)
Warning: Removing don't touch or size only GTECH cell div7/B_38, because it is not driving any load. (OPT-112)
Warning: Removing don't touch or size only GTECH cell div7/B_40, because it is not driving any load. (OPT-112)
Warning: Removing don't touch or size only GTECH cell div7/B_42, because it is not driving any load. (OPT-112)
Warning: Removing don't touch or size only GTECH cell div7/B_44, because it is not driving any load. (OPT-112)
Warning: Removing don't touch or size only GTECH cell div7/B_45, because it is not driving any load. (OPT-112)
Warning: Removing don't touch or size only GTECH cell div7/B_47, because it is not driving any load. (OPT-112)
Warning: Removing don't touch or size only GTECH cell div7/B_49, because it is not driving any load. (OPT-112)
Warning: Removing don't touch or size only GTECH cell div7/B_51, because it is not driving any load. (OPT-112)
Warning: Removing don't touch or size only GTECH cell div7/B_52, because it is not driving any load. (OPT-112)
Warning: Removing don't touch or size only GTECH cell div7/B_54, because it is not driving any load. (OPT-112)
Warning: Removing don't touch or size only GTECH cell div7/B_56, because it is not driving any load. (OPT-112)
Warning: Removing don't touch or size only GTECH cell div7/B_58, because it is not driving any load. (OPT-112)
Warning: Removing don't touch or size only GTECH cell div7/B_59, because it is not driving any load. (OPT-112)
Warning: Removing don't touch or size only GTECH cell div7/B_61, because it is not driving any load. (OPT-112)
Warning: Removing don't touch or size only GTECH cell div7/B_63, because it is not driving any load. (OPT-112)
Warning: Removing don't touch or size only GTECH cell div7/B_65, because it is not driving any load. (OPT-112)
Warning: Removing don't touch or size only GTECH cell div0/B_59, because it is not driving any load. (OPT-112)
Warning: Removing don't touch or size only GTECH cell div0/B_52, because it is not driving any load. (OPT-112)
Warning: Removing don't touch or size only GTECH cell div0/B_45, because it is not driving any load. (OPT-112)
Warning: Removing don't touch or size only GTECH cell div0/B_38, because it is not driving any load. (OPT-112)
Warning: Removing don't touch or size only GTECH cell div0/B_31, because it is not driving any load. (OPT-112)
Warning: Removing don't touch or size only GTECH cell div0/B_26, because it is not driving any load. (OPT-112)
Warning: Removing don't touch or size only GTECH cell div0/B_28, because it is not driving any load. (OPT-112)
Warning: Removing don't touch or size only GTECH cell div0/B_30, because it is not driving any load. (OPT-112)
Warning: Removing don't touch or size only GTECH cell div0/B_33, because it is not driving any load. (OPT-112)
Warning: Removing don't touch or size only GTECH cell div0/B_35, because it is not driving any load. (OPT-112)
Warning: Removing don't touch or size only GTECH cell div0/B_37, because it is not driving any load. (OPT-112)
Warning: Removing don't touch or size only GTECH cell div0/B_40, because it is not driving any load. (OPT-112)
Warning: Removing don't touch or size only GTECH cell div0/B_42, because it is not driving any load. (OPT-112)
Warning: Removing don't touch or size only GTECH cell div0/B_44, because it is not driving any load. (OPT-112)
Warning: Removing don't touch or size only GTECH cell div0/B_47, because it is not driving any load. (OPT-112)
Warning: Removing don't touch or size only GTECH cell div0/B_49, because it is not driving any load. (OPT-112)
Warning: Removing don't touch or size only GTECH cell div0/B_51, because it is not driving any load. (OPT-112)
Warning: Removing don't touch or size only GTECH cell div0/B_54, because it is not driving any load. (OPT-112)
Warning: Removing don't touch or size only GTECH cell div0/B_56, because it is not driving any load. (OPT-112)
Warning: Removing don't touch or size only GTECH cell div0/B_58, because it is not driving any load. (OPT-112)
Warning: Removing don't touch or size only GTECH cell div0/B_24, because it is not driving any load. (OPT-112)
Warning: Removing don't touch or size only GTECH cell div0/B_65, because it is not driving any load. (OPT-112)
Warning: Removing don't touch or size only GTECH cell div0/B_63, because it is not driving any load. (OPT-112)
Warning: Removing don't touch or size only GTECH cell div0/B_61, because it is not driving any load. (OPT-112)
Warning: Removing don't touch or size only GTECH cell div1/B_59, because it is not driving any load. (OPT-112)
Warning: Removing don't touch or size only GTECH cell div1/B_52, because it is not driving any load. (OPT-112)
Warning: Removing don't touch or size only GTECH cell div1/B_45, because it is not driving any load. (OPT-112)
Warning: Removing don't touch or size only GTECH cell div1/B_38, because it is not driving any load. (OPT-112)
Warning: Removing don't touch or size only GTECH cell div1/B_31, because it is not driving any load. (OPT-112)
Warning: Removing don't touch or size only GTECH cell div1/B_26, because it is not driving any load. (OPT-112)
Warning: Removing don't touch or size only GTECH cell div1/B_28, because it is not driving any load. (OPT-112)
Warning: Removing don't touch or size only GTECH cell div1/B_30, because it is not driving any load. (OPT-112)
Warning: Removing don't touch or size only GTECH cell div1/B_33, because it is not driving any load. (OPT-112)
Warning: Removing don't touch or size only GTECH cell div1/B_35, because it is not driving any load. (OPT-112)
Warning: Removing don't touch or size only GTECH cell div1/B_37, because it is not driving any load. (OPT-112)
Warning: Removing don't touch or size only GTECH cell div1/B_40, because it is not driving any load. (OPT-112)
Warning: Removing don't touch or size only GTECH cell div1/B_42, because it is not driving any load. (OPT-112)
Warning: Removing don't touch or size only GTECH cell div1/B_44, because it is not driving any load. (OPT-112)
Warning: Removing don't touch or size only GTECH cell div1/B_47, because it is not driving any load. (OPT-112)
Warning: Removing don't touch or size only GTECH cell div1/B_49, because it is not driving any load. (OPT-112)
Warning: Removing don't touch or size only GTECH cell div1/B_51, because it is not driving any load. (OPT-112)
Warning: Removing don't touch or size only GTECH cell div1/B_54, because it is not driving any load. (OPT-112)
Warning: Removing don't touch or size only GTECH cell div1/B_56, because it is not driving any load. (OPT-112)
Warning: Removing don't touch or size only GTECH cell div1/B_58, because it is not driving any load. (OPT-112)
Warning: Removing don't touch or size only GTECH cell div1/B_24, because it is not driving any load. (OPT-112)
Warning: Removing don't touch or size only GTECH cell div1/B_65, because it is not driving any load. (OPT-112)
Warning: Removing don't touch or size only GTECH cell div1/B_63, because it is not driving any load. (OPT-112)
Warning: Removing don't touch or size only GTECH cell div1/B_61, because it is not driving any load. (OPT-112)
Warning: Removing don't touch or size only GTECH cell div2/B_59, because it is not driving any load. (OPT-112)
Warning: Removing don't touch or size only GTECH cell div2/B_52, because it is not driving any load. (OPT-112)
Warning: Removing don't touch or size only GTECH cell div2/B_45, because it is not driving any load. (OPT-112)
Warning: Removing don't touch or size only GTECH cell div2/B_38, because it is not driving any load. (OPT-112)
Warning: Removing don't touch or size only GTECH cell div2/B_31, because it is not driving any load. (OPT-112)
Warning: Removing don't touch or size only GTECH cell div2/B_26, because it is not driving any load. (OPT-112)
Warning: Removing don't touch or size only GTECH cell div2/B_28, because it is not driving any load. (OPT-112)
Warning: Removing don't touch or size only GTECH cell div2/B_30, because it is not driving any load. (OPT-112)
Warning: Removing don't touch or size only GTECH cell div2/B_33, because it is not driving any load. (OPT-112)
Warning: Removing don't touch or size only GTECH cell div2/B_35, because it is not driving any load. (OPT-112)
Warning: Removing don't touch or size only GTECH cell div2/B_37, because it is not driving any load. (OPT-112)
Warning: Removing don't touch or size only GTECH cell div2/B_40, because it is not driving any load. (OPT-112)
Warning: Removing don't touch or size only GTECH cell div2/B_42, because it is not driving any load. (OPT-112)
Warning: Removing don't touch or size only GTECH cell div2/B_44, because it is not driving any load. (OPT-112)
Warning: Removing don't touch or size only GTECH cell div2/B_47, because it is not driving any load. (OPT-112)
Warning: Removing don't touch or size only GTECH cell div2/B_49, because it is not driving any load. (OPT-112)
Warning: Removing don't touch or size only GTECH cell div2/B_51, because it is not driving any load. (OPT-112)
Warning: Removing don't touch or size only GTECH cell div2/B_54, because it is not driving any load. (OPT-112)
Warning: Removing don't touch or size only GTECH cell div2/B_56, because it is not driving any load. (OPT-112)
Warning: Removing don't touch or size only GTECH cell div2/B_58, because it is not driving any load. (OPT-112)
Warning: Removing don't touch or size only GTECH cell div2/B_24, because it is not driving any load. (OPT-112)
Warning: Removing don't touch or size only GTECH cell div2/B_65, because it is not driving any load. (OPT-112)
Warning: Removing don't touch or size only GTECH cell div2/B_63, because it is not driving any load. (OPT-112)
Warning: Removing don't touch or size only GTECH cell div2/B_61, because it is not driving any load. (OPT-112)
Warning: Removing don't touch or size only GTECH cell div3/B_59, because it is not driving any load. (OPT-112)
Warning: Removing don't touch or size only GTECH cell div3/B_52, because it is not driving any load. (OPT-112)
Warning: Removing don't touch or size only GTECH cell div3/B_45, because it is not driving any load. (OPT-112)
Warning: Removing don't touch or size only GTECH cell div3/B_38, because it is not driving any load. (OPT-112)
Warning: Removing don't touch or size only GTECH cell div3/B_31, because it is not driving any load. (OPT-112)
Warning: Removing don't touch or size only GTECH cell div3/B_26, because it is not driving any load. (OPT-112)
Warning: Removing don't touch or size only GTECH cell div3/B_28, because it is not driving any load. (OPT-112)
Warning: Removing don't touch or size only GTECH cell div3/B_30, because it is not driving any load. (OPT-112)
Warning: Removing don't touch or size only GTECH cell div3/B_33, because it is not driving any load. (OPT-112)
Warning: Removing don't touch or size only GTECH cell div3/B_35, because it is not driving any load. (OPT-112)
Warning: Removing don't touch or size only GTECH cell div3/B_37, because it is not driving any load. (OPT-112)
Warning: Removing don't touch or size only GTECH cell div3/B_40, because it is not driving any load. (OPT-112)
Warning: Removing don't touch or size only GTECH cell div3/B_42, because it is not driving any load. (OPT-112)
Warning: Removing don't touch or size only GTECH cell div3/B_44, because it is not driving any load. (OPT-112)
Warning: Removing don't touch or size only GTECH cell div3/B_47, because it is not driving any load. (OPT-112)
Warning: Removing don't touch or size only GTECH cell div3/B_49, because it is not driving any load. (OPT-112)
Warning: Removing don't touch or size only GTECH cell div3/B_51, because it is not driving any load. (OPT-112)
Warning: Removing don't touch or size only GTECH cell div3/B_54, because it is not driving any load. (OPT-112)
Warning: Removing don't touch or size only GTECH cell div3/B_56, because it is not driving any load. (OPT-112)
Warning: Removing don't touch or size only GTECH cell div3/B_58, because it is not driving any load. (OPT-112)
Warning: Removing don't touch or size only GTECH cell div3/B_24, because it is not driving any load. (OPT-112)
Warning: Removing don't touch or size only GTECH cell div3/B_65, because it is not driving any load. (OPT-112)
Warning: Removing don't touch or size only GTECH cell div3/B_63, because it is not driving any load. (OPT-112)
Warning: Removing don't touch or size only GTECH cell div3/B_61, because it is not driving any load. (OPT-112)
Warning: Removing don't touch or size only GTECH cell div4/B_59, because it is not driving any load. (OPT-112)
Warning: Removing don't touch or size only GTECH cell div4/B_52, because it is not driving any load. (OPT-112)
Warning: Removing don't touch or size only GTECH cell div4/B_45, because it is not driving any load. (OPT-112)
Warning: Removing don't touch or size only GTECH cell div4/B_38, because it is not driving any load. (OPT-112)
Warning: Removing don't touch or size only GTECH cell div4/B_31, because it is not driving any load. (OPT-112)
Warning: Removing don't touch or size only GTECH cell div4/B_26, because it is not driving any load. (OPT-112)
Warning: Removing don't touch or size only GTECH cell div4/B_28, because it is not driving any load. (OPT-112)
Warning: Removing don't touch or size only GTECH cell div4/B_30, because it is not driving any load. (OPT-112)
Warning: Removing don't touch or size only GTECH cell div4/B_33, because it is not driving any load. (OPT-112)
Warning: Removing don't touch or size only GTECH cell div4/B_35, because it is not driving any load. (OPT-112)
Warning: Removing don't touch or size only GTECH cell div4/B_37, because it is not driving any load. (OPT-112)
Warning: Removing don't touch or size only GTECH cell div4/B_40, because it is not driving any load. (OPT-112)
Warning: Removing don't touch or size only GTECH cell div4/B_42, because it is not driving any load. (OPT-112)
Warning: Removing don't touch or size only GTECH cell div4/B_44, because it is not driving any load. (OPT-112)
Warning: Removing don't touch or size only GTECH cell div4/B_47, because it is not driving any load. (OPT-112)
Warning: Removing don't touch or size only GTECH cell div4/B_49, because it is not driving any load. (OPT-112)
Warning: Removing don't touch or size only GTECH cell div4/B_51, because it is not driving any load. (OPT-112)
Warning: Removing don't touch or size only GTECH cell div4/B_54, because it is not driving any load. (OPT-112)
Warning: Removing don't touch or size only GTECH cell div4/B_56, because it is not driving any load. (OPT-112)
Warning: Removing don't touch or size only GTECH cell div4/B_58, because it is not driving any load. (OPT-112)
Warning: Removing don't touch or size only GTECH cell div4/B_24, because it is not driving any load. (OPT-112)
Warning: Removing don't touch or size only GTECH cell div4/B_65, because it is not driving any load. (OPT-112)
Warning: Removing don't touch or size only GTECH cell div4/B_63, because it is not driving any load. (OPT-112)
Warning: Removing don't touch or size only GTECH cell div4/B_61, because it is not driving any load. (OPT-112)
Warning: Removing don't touch or size only GTECH cell div5/B_59, because it is not driving any load. (OPT-112)
Warning: Removing don't touch or size only GTECH cell div5/B_52, because it is not driving any load. (OPT-112)
Warning: Removing don't touch or size only GTECH cell div5/B_45, because it is not driving any load. (OPT-112)
Warning: Removing don't touch or size only GTECH cell div5/B_38, because it is not driving any load. (OPT-112)
Warning: Removing don't touch or size only GTECH cell div5/B_31, because it is not driving any load. (OPT-112)
Warning: Removing don't touch or size only GTECH cell div5/B_26, because it is not driving any load. (OPT-112)
Warning: Removing don't touch or size only GTECH cell div5/B_28, because it is not driving any load. (OPT-112)
Warning: Removing don't touch or size only GTECH cell div5/B_30, because it is not driving any load. (OPT-112)
Warning: Removing don't touch or size only GTECH cell div5/B_33, because it is not driving any load. (OPT-112)
Warning: Removing don't touch or size only GTECH cell div5/B_35, because it is not driving any load. (OPT-112)
Warning: Removing don't touch or size only GTECH cell div5/B_37, because it is not driving any load. (OPT-112)
Warning: Removing don't touch or size only GTECH cell div5/B_40, because it is not driving any load. (OPT-112)
Warning: Removing don't touch or size only GTECH cell div5/B_42, because it is not driving any load. (OPT-112)
Warning: Removing don't touch or size only GTECH cell div5/B_44, because it is not driving any load. (OPT-112)
Warning: Removing don't touch or size only GTECH cell div5/B_47, because it is not driving any load. (OPT-112)
Warning: Removing don't touch or size only GTECH cell div5/B_49, because it is not driving any load. (OPT-112)
Warning: Removing don't touch or size only GTECH cell div5/B_51, because it is not driving any load. (OPT-112)
Warning: Removing don't touch or size only GTECH cell div5/B_54, because it is not driving any load. (OPT-112)
Warning: Removing don't touch or size only GTECH cell div5/B_56, because it is not driving any load. (OPT-112)
Warning: Removing don't touch or size only GTECH cell div5/B_58, because it is not driving any load. (OPT-112)
Warning: Removing don't touch or size only GTECH cell div5/B_24, because it is not driving any load. (OPT-112)
Warning: Removing don't touch or size only GTECH cell div5/B_65, because it is not driving any load. (OPT-112)
Warning: Removing don't touch or size only GTECH cell div5/B_63, because it is not driving any load. (OPT-112)
Warning: Removing don't touch or size only GTECH cell div5/B_61, because it is not driving any load. (OPT-112)
Warning: Removing don't touch or size only GTECH cell div6/B_59, because it is not driving any load. (OPT-112)
Warning: Removing don't touch or size only GTECH cell div6/B_52, because it is not driving any load. (OPT-112)
Warning: Removing don't touch or size only GTECH cell div6/B_45, because it is not driving any load. (OPT-112)
Warning: Removing don't touch or size only GTECH cell div6/B_38, because it is not driving any load. (OPT-112)
Warning: Removing don't touch or size only GTECH cell div6/B_31, because it is not driving any load. (OPT-112)
Warning: Removing don't touch or size only GTECH cell div6/B_26, because it is not driving any load. (OPT-112)
Warning: Removing don't touch or size only GTECH cell div6/B_28, because it is not driving any load. (OPT-112)
Warning: Removing don't touch or size only GTECH cell div6/B_30, because it is not driving any load. (OPT-112)
Warning: Removing don't touch or size only GTECH cell div6/B_33, because it is not driving any load. (OPT-112)
Warning: Removing don't touch or size only GTECH cell div6/B_35, because it is not driving any load. (OPT-112)
Warning: Removing don't touch or size only GTECH cell div6/B_37, because it is not driving any load. (OPT-112)
Warning: Removing don't touch or size only GTECH cell div6/B_40, because it is not driving any load. (OPT-112)
Warning: Removing don't touch or size only GTECH cell div6/B_42, because it is not driving any load. (OPT-112)
Warning: Removing don't touch or size only GTECH cell div6/B_44, because it is not driving any load. (OPT-112)
Warning: Removing don't touch or size only GTECH cell div6/B_47, because it is not driving any load. (OPT-112)
Warning: Removing don't touch or size only GTECH cell div6/B_49, because it is not driving any load. (OPT-112)
Warning: Removing don't touch or size only GTECH cell div6/B_51, because it is not driving any load. (OPT-112)
Warning: Removing don't touch or size only GTECH cell div6/B_54, because it is not driving any load. (OPT-112)
Warning: Removing don't touch or size only GTECH cell div6/B_56, because it is not driving any load. (OPT-112)
Warning: Removing don't touch or size only GTECH cell div6/B_58, because it is not driving any load. (OPT-112)
Warning: Removing don't touch or size only GTECH cell div6/B_24, because it is not driving any load. (OPT-112)
Warning: Removing don't touch or size only GTECH cell div6/B_65, because it is not driving any load. (OPT-112)
Warning: Removing don't touch or size only GTECH cell div6/B_63, because it is not driving any load. (OPT-112)
Warning: Removing don't touch or size only GTECH cell div6/B_61, because it is not driving any load. (OPT-112)
Warning: Removing don't touch or size only GTECH cell div7/B_59, because it is not driving any load. (OPT-112)
Warning: Removing don't touch or size only GTECH cell div7/B_52, because it is not driving any load. (OPT-112)
Warning: Removing don't touch or size only GTECH cell div7/B_45, because it is not driving any load. (OPT-112)
Warning: Removing don't touch or size only GTECH cell div7/B_38, because it is not driving any load. (OPT-112)
Warning: Removing don't touch or size only GTECH cell div7/B_31, because it is not driving any load. (OPT-112)
Warning: Removing don't touch or size only GTECH cell div7/B_26, because it is not driving any load. (OPT-112)
Warning: Removing don't touch or size only GTECH cell div7/B_28, because it is not driving any load. (OPT-112)
Warning: Removing don't touch or size only GTECH cell div7/B_30, because it is not driving any load. (OPT-112)
Warning: Removing don't touch or size only GTECH cell div7/B_33, because it is not driving any load. (OPT-112)
Warning: Removing don't touch or size only GTECH cell div7/B_35, because it is not driving any load. (OPT-112)
Warning: Removing don't touch or size only GTECH cell div7/B_37, because it is not driving any load. (OPT-112)
Warning: Removing don't touch or size only GTECH cell div7/B_40, because it is not driving any load. (OPT-112)
Warning: Removing don't touch or size only GTECH cell div7/B_42, because it is not driving any load. (OPT-112)
Warning: Removing don't touch or size only GTECH cell div7/B_44, because it is not driving any load. (OPT-112)
Warning: Removing don't touch or size only GTECH cell div7/B_47, because it is not driving any load. (OPT-112)
Warning: Removing don't touch or size only GTECH cell div7/B_49, because it is not driving any load. (OPT-112)
Warning: Removing don't touch or size only GTECH cell div7/B_51, because it is not driving any load. (OPT-112)
Warning: Removing don't touch or size only GTECH cell div7/B_54, because it is not driving any load. (OPT-112)
Warning: Removing don't touch or size only GTECH cell div7/B_56, because it is not driving any load. (OPT-112)
Warning: Removing don't touch or size only GTECH cell div7/B_58, because it is not driving any load. (OPT-112)
Warning: Removing don't touch or size only GTECH cell div7/B_24, because it is not driving any load. (OPT-112)
Warning: Removing don't touch or size only GTECH cell div7/B_65, because it is not driving any load. (OPT-112)
Warning: Removing don't touch or size only GTECH cell div7/B_63, because it is not driving any load. (OPT-112)
Warning: Removing don't touch or size only GTECH cell div7/B_61, because it is not driving any load. (OPT-112)

  Beginning Mapping Optimizations  (Ultra High effort)
  -------------------------------
Warning: Removing don't touch or size only GTECH cell div0/B_24, because it is not driving any load. (OPT-112)
Warning: Removing don't touch or size only GTECH cell div0/B_26, because it is not driving any load. (OPT-112)
Warning: Removing don't touch or size only GTECH cell div0/B_28, because it is not driving any load. (OPT-112)
Warning: Removing don't touch or size only GTECH cell div0/B_30, because it is not driving any load. (OPT-112)
Warning: Removing don't touch or size only GTECH cell div0/B_31, because it is not driving any load. (OPT-112)
Warning: Removing don't touch or size only GTECH cell div0/B_33, because it is not driving any load. (OPT-112)
Warning: Removing don't touch or size only GTECH cell div0/B_35, because it is not driving any load. (OPT-112)
Warning: Removing don't touch or size only GTECH cell div0/B_37, because it is not driving any load. (OPT-112)
Warning: Removing don't touch or size only GTECH cell div0/B_38, because it is not driving any load. (OPT-112)
Warning: Removing don't touch or size only GTECH cell div0/B_40, because it is not driving any load. (OPT-112)
Warning: Removing don't touch or size only GTECH cell div0/B_42, because it is not driving any load. (OPT-112)
Warning: Removing don't touch or size only GTECH cell div0/B_44, because it is not driving any load. (OPT-112)
Warning: Removing don't touch or size only GTECH cell div0/B_45, because it is not driving any load. (OPT-112)
Warning: Removing don't touch or size only GTECH cell div0/B_47, because it is not driving any load. (OPT-112)
Warning: Removing don't touch or size only GTECH cell div0/B_49, because it is not driving any load. (OPT-112)
Warning: Removing don't touch or size only GTECH cell div0/B_51, because it is not driving any load. (OPT-112)
Warning: Removing don't touch or size only GTECH cell div0/B_52, because it is not driving any load. (OPT-112)
Warning: Removing don't touch or size only GTECH cell div0/B_54, because it is not driving any load. (OPT-112)
Warning: Removing don't touch or size only GTECH cell div0/B_56, because it is not driving any load. (OPT-112)
Warning: Removing don't touch or size only GTECH cell div0/B_58, because it is not driving any load. (OPT-112)
Warning: Removing don't touch or size only GTECH cell div0/B_59, because it is not driving any load. (OPT-112)
Warning: Removing don't touch or size only GTECH cell div0/B_61, because it is not driving any load. (OPT-112)
Warning: Removing don't touch or size only GTECH cell div0/B_63, because it is not driving any load. (OPT-112)
Warning: Removing don't touch or size only GTECH cell div0/B_65, because it is not driving any load. (OPT-112)
Warning: Removing don't touch or size only GTECH cell div1/B_24, because it is not driving any load. (OPT-112)
Warning: Removing don't touch or size only GTECH cell div1/B_26, because it is not driving any load. (OPT-112)
Warning: Removing don't touch or size only GTECH cell div1/B_28, because it is not driving any load. (OPT-112)
Warning: Removing don't touch or size only GTECH cell div1/B_30, because it is not driving any load. (OPT-112)
Warning: Removing don't touch or size only GTECH cell div1/B_31, because it is not driving any load. (OPT-112)
Warning: Removing don't touch or size only GTECH cell div1/B_33, because it is not driving any load. (OPT-112)
Warning: Removing don't touch or size only GTECH cell div1/B_35, because it is not driving any load. (OPT-112)
Warning: Removing don't touch or size only GTECH cell div1/B_37, because it is not driving any load. (OPT-112)
Warning: Removing don't touch or size only GTECH cell div1/B_38, because it is not driving any load. (OPT-112)
Warning: Removing don't touch or size only GTECH cell div1/B_40, because it is not driving any load. (OPT-112)
Warning: Removing don't touch or size only GTECH cell div1/B_42, because it is not driving any load. (OPT-112)
Warning: Removing don't touch or size only GTECH cell div1/B_44, because it is not driving any load. (OPT-112)
Warning: Removing don't touch or size only GTECH cell div1/B_45, because it is not driving any load. (OPT-112)
Warning: Removing don't touch or size only GTECH cell div1/B_47, because it is not driving any load. (OPT-112)
Warning: Removing don't touch or size only GTECH cell div1/B_49, because it is not driving any load. (OPT-112)
Warning: Removing don't touch or size only GTECH cell div1/B_51, because it is not driving any load. (OPT-112)
Warning: Removing don't touch or size only GTECH cell div1/B_52, because it is not driving any load. (OPT-112)
Warning: Removing don't touch or size only GTECH cell div1/B_54, because it is not driving any load. (OPT-112)
Warning: Removing don't touch or size only GTECH cell div1/B_56, because it is not driving any load. (OPT-112)
Warning: Removing don't touch or size only GTECH cell div1/B_58, because it is not driving any load. (OPT-112)
Warning: Removing don't touch or size only GTECH cell div1/B_59, because it is not driving any load. (OPT-112)
Warning: Removing don't touch or size only GTECH cell div1/B_61, because it is not driving any load. (OPT-112)
Warning: Removing don't touch or size only GTECH cell div1/B_63, because it is not driving any load. (OPT-112)
Warning: Removing don't touch or size only GTECH cell div1/B_65, because it is not driving any load. (OPT-112)
Warning: Removing don't touch or size only GTECH cell div2/B_24, because it is not driving any load. (OPT-112)
Warning: Removing don't touch or size only GTECH cell div2/B_26, because it is not driving any load. (OPT-112)
Warning: Removing don't touch or size only GTECH cell div2/B_28, because it is not driving any load. (OPT-112)
Warning: Removing don't touch or size only GTECH cell div2/B_30, because it is not driving any load. (OPT-112)
Warning: Removing don't touch or size only GTECH cell div2/B_31, because it is not driving any load. (OPT-112)
Warning: Removing don't touch or size only GTECH cell div2/B_33, because it is not driving any load. (OPT-112)
Warning: Removing don't touch or size only GTECH cell div2/B_35, because it is not driving any load. (OPT-112)
Warning: Removing don't touch or size only GTECH cell div2/B_37, because it is not driving any load. (OPT-112)
Warning: Removing don't touch or size only GTECH cell div2/B_38, because it is not driving any load. (OPT-112)
Warning: Removing don't touch or size only GTECH cell div2/B_40, because it is not driving any load. (OPT-112)
Warning: Removing don't touch or size only GTECH cell div2/B_42, because it is not driving any load. (OPT-112)
Warning: Removing don't touch or size only GTECH cell div2/B_44, because it is not driving any load. (OPT-112)
Warning: Removing don't touch or size only GTECH cell div2/B_45, because it is not driving any load. (OPT-112)
Warning: Removing don't touch or size only GTECH cell div2/B_47, because it is not driving any load. (OPT-112)
Warning: Removing don't touch or size only GTECH cell div2/B_49, because it is not driving any load. (OPT-112)
Warning: Removing don't touch or size only GTECH cell div2/B_51, because it is not driving any load. (OPT-112)
Warning: Removing don't touch or size only GTECH cell div2/B_52, because it is not driving any load. (OPT-112)
Warning: Removing don't touch or size only GTECH cell div2/B_54, because it is not driving any load. (OPT-112)
Warning: Removing don't touch or size only GTECH cell div2/B_56, because it is not driving any load. (OPT-112)
Warning: Removing don't touch or size only GTECH cell div2/B_58, because it is not driving any load. (OPT-112)
Warning: Removing don't touch or size only GTECH cell div2/B_59, because it is not driving any load. (OPT-112)
Warning: Removing don't touch or size only GTECH cell div2/B_61, because it is not driving any load. (OPT-112)
Warning: Removing don't touch or size only GTECH cell div2/B_63, because it is not driving any load. (OPT-112)
Warning: Removing don't touch or size only GTECH cell div2/B_65, because it is not driving any load. (OPT-112)
Warning: Removing don't touch or size only GTECH cell div3/B_24, because it is not driving any load. (OPT-112)
Warning: Removing don't touch or size only GTECH cell div3/B_26, because it is not driving any load. (OPT-112)
Warning: Removing don't touch or size only GTECH cell div3/B_28, because it is not driving any load. (OPT-112)
Warning: Removing don't touch or size only GTECH cell div3/B_30, because it is not driving any load. (OPT-112)
Warning: Removing don't touch or size only GTECH cell div3/B_31, because it is not driving any load. (OPT-112)
Warning: Removing don't touch or size only GTECH cell div3/B_33, because it is not driving any load. (OPT-112)
Warning: Removing don't touch or size only GTECH cell div3/B_35, because it is not driving any load. (OPT-112)
Warning: Removing don't touch or size only GTECH cell div3/B_37, because it is not driving any load. (OPT-112)
Warning: Removing don't touch or size only GTECH cell div3/B_38, because it is not driving any load. (OPT-112)
Warning: Removing don't touch or size only GTECH cell div3/B_40, because it is not driving any load. (OPT-112)
Warning: Removing don't touch or size only GTECH cell div3/B_42, because it is not driving any load. (OPT-112)
Warning: Removing don't touch or size only GTECH cell div3/B_44, because it is not driving any load. (OPT-112)
Warning: Removing don't touch or size only GTECH cell div3/B_45, because it is not driving any load. (OPT-112)
Warning: Removing don't touch or size only GTECH cell div3/B_47, because it is not driving any load. (OPT-112)
Warning: Removing don't touch or size only GTECH cell div3/B_49, because it is not driving any load. (OPT-112)
Warning: Removing don't touch or size only GTECH cell div3/B_51, because it is not driving any load. (OPT-112)
Warning: Removing don't touch or size only GTECH cell div3/B_52, because it is not driving any load. (OPT-112)
Warning: Removing don't touch or size only GTECH cell div3/B_54, because it is not driving any load. (OPT-112)
Warning: Removing don't touch or size only GTECH cell div3/B_56, because it is not driving any load. (OPT-112)
Warning: Removing don't touch or size only GTECH cell div3/B_58, because it is not driving any load. (OPT-112)
Warning: Removing don't touch or size only GTECH cell div3/B_59, because it is not driving any load. (OPT-112)
Warning: Removing don't touch or size only GTECH cell div3/B_61, because it is not driving any load. (OPT-112)
Warning: Removing don't touch or size only GTECH cell div3/B_63, because it is not driving any load. (OPT-112)
Warning: Removing don't touch or size only GTECH cell div3/B_65, because it is not driving any load. (OPT-112)
Warning: Removing don't touch or size only GTECH cell div4/B_24, because it is not driving any load. (OPT-112)
Warning: Removing don't touch or size only GTECH cell div4/B_26, because it is not driving any load. (OPT-112)
Warning: Removing don't touch or size only GTECH cell div4/B_28, because it is not driving any load. (OPT-112)
Warning: Removing don't touch or size only GTECH cell div4/B_30, because it is not driving any load. (OPT-112)
Warning: Removing don't touch or size only GTECH cell div4/B_31, because it is not driving any load. (OPT-112)
Warning: Removing don't touch or size only GTECH cell div4/B_33, because it is not driving any load. (OPT-112)
Warning: Removing don't touch or size only GTECH cell div4/B_35, because it is not driving any load. (OPT-112)
Warning: Removing don't touch or size only GTECH cell div4/B_37, because it is not driving any load. (OPT-112)
Warning: Removing don't touch or size only GTECH cell div4/B_38, because it is not driving any load. (OPT-112)
Warning: Removing don't touch or size only GTECH cell div4/B_40, because it is not driving any load. (OPT-112)
Warning: Removing don't touch or size only GTECH cell div4/B_42, because it is not driving any load. (OPT-112)
Warning: Removing don't touch or size only GTECH cell div4/B_44, because it is not driving any load. (OPT-112)
Warning: Removing don't touch or size only GTECH cell div4/B_45, because it is not driving any load. (OPT-112)
Warning: Removing don't touch or size only GTECH cell div4/B_47, because it is not driving any load. (OPT-112)
Warning: Removing don't touch or size only GTECH cell div4/B_49, because it is not driving any load. (OPT-112)
Warning: Removing don't touch or size only GTECH cell div4/B_51, because it is not driving any load. (OPT-112)
Warning: Removing don't touch or size only GTECH cell div4/B_52, because it is not driving any load. (OPT-112)
Warning: Removing don't touch or size only GTECH cell div4/B_54, because it is not driving any load. (OPT-112)
Warning: Removing don't touch or size only GTECH cell div4/B_56, because it is not driving any load. (OPT-112)
Warning: Removing don't touch or size only GTECH cell div4/B_58, because it is not driving any load. (OPT-112)
Warning: Removing don't touch or size only GTECH cell div4/B_59, because it is not driving any load. (OPT-112)
Warning: Removing don't touch or size only GTECH cell div4/B_61, because it is not driving any load. (OPT-112)
Warning: Removing don't touch or size only GTECH cell div4/B_63, because it is not driving any load. (OPT-112)
Warning: Removing don't touch or size only GTECH cell div4/B_65, because it is not driving any load. (OPT-112)
Warning: Removing don't touch or size only GTECH cell div5/B_24, because it is not driving any load. (OPT-112)
Warning: Removing don't touch or size only GTECH cell div5/B_26, because it is not driving any load. (OPT-112)
Warning: Removing don't touch or size only GTECH cell div5/B_28, because it is not driving any load. (OPT-112)
Warning: Removing don't touch or size only GTECH cell div5/B_30, because it is not driving any load. (OPT-112)
Warning: Removing don't touch or size only GTECH cell div5/B_31, because it is not driving any load. (OPT-112)
Warning: Removing don't touch or size only GTECH cell div5/B_33, because it is not driving any load. (OPT-112)
Warning: Removing don't touch or size only GTECH cell div5/B_35, because it is not driving any load. (OPT-112)
Warning: Removing don't touch or size only GTECH cell div5/B_37, because it is not driving any load. (OPT-112)
Warning: Removing don't touch or size only GTECH cell div5/B_38, because it is not driving any load. (OPT-112)
Warning: Removing don't touch or size only GTECH cell div5/B_40, because it is not driving any load. (OPT-112)
Warning: Removing don't touch or size only GTECH cell div5/B_42, because it is not driving any load. (OPT-112)
Warning: Removing don't touch or size only GTECH cell div5/B_44, because it is not driving any load. (OPT-112)
Warning: Removing don't touch or size only GTECH cell div5/B_45, because it is not driving any load. (OPT-112)
Warning: Removing don't touch or size only GTECH cell div5/B_47, because it is not driving any load. (OPT-112)
Warning: Removing don't touch or size only GTECH cell div5/B_49, because it is not driving any load. (OPT-112)
Warning: Removing don't touch or size only GTECH cell div5/B_51, because it is not driving any load. (OPT-112)
Warning: Removing don't touch or size only GTECH cell div5/B_52, because it is not driving any load. (OPT-112)
Warning: Removing don't touch or size only GTECH cell div5/B_54, because it is not driving any load. (OPT-112)
Warning: Removing don't touch or size only GTECH cell div5/B_56, because it is not driving any load. (OPT-112)
Warning: Removing don't touch or size only GTECH cell div5/B_58, because it is not driving any load. (OPT-112)
Warning: Removing don't touch or size only GTECH cell div5/B_59, because it is not driving any load. (OPT-112)
Warning: Removing don't touch or size only GTECH cell div5/B_61, because it is not driving any load. (OPT-112)
Warning: Removing don't touch or size only GTECH cell div5/B_63, because it is not driving any load. (OPT-112)
Warning: Removing don't touch or size only GTECH cell div5/B_65, because it is not driving any load. (OPT-112)
Warning: Removing don't touch or size only GTECH cell div6/B_24, because it is not driving any load. (OPT-112)
Warning: Removing don't touch or size only GTECH cell div6/B_26, because it is not driving any load. (OPT-112)
Warning: Removing don't touch or size only GTECH cell div6/B_28, because it is not driving any load. (OPT-112)
Warning: Removing don't touch or size only GTECH cell div6/B_30, because it is not driving any load. (OPT-112)
Warning: Removing don't touch or size only GTECH cell div6/B_31, because it is not driving any load. (OPT-112)
Warning: Removing don't touch or size only GTECH cell div6/B_33, because it is not driving any load. (OPT-112)
Warning: Removing don't touch or size only GTECH cell div6/B_35, because it is not driving any load. (OPT-112)
Warning: Removing don't touch or size only GTECH cell div6/B_37, because it is not driving any load. (OPT-112)
Warning: Removing don't touch or size only GTECH cell div6/B_38, because it is not driving any load. (OPT-112)
Warning: Removing don't touch or size only GTECH cell div6/B_40, because it is not driving any load. (OPT-112)
Warning: Removing don't touch or size only GTECH cell div6/B_42, because it is not driving any load. (OPT-112)
Warning: Removing don't touch or size only GTECH cell div6/B_44, because it is not driving any load. (OPT-112)
Warning: Removing don't touch or size only GTECH cell div6/B_45, because it is not driving any load. (OPT-112)
Warning: Removing don't touch or size only GTECH cell div6/B_47, because it is not driving any load. (OPT-112)
Warning: Removing don't touch or size only GTECH cell div6/B_49, because it is not driving any load. (OPT-112)
Warning: Removing don't touch or size only GTECH cell div6/B_51, because it is not driving any load. (OPT-112)
Warning: Removing don't touch or size only GTECH cell div6/B_52, because it is not driving any load. (OPT-112)
Warning: Removing don't touch or size only GTECH cell div6/B_54, because it is not driving any load. (OPT-112)
Warning: Removing don't touch or size only GTECH cell div6/B_56, because it is not driving any load. (OPT-112)
Warning: Removing don't touch or size only GTECH cell div6/B_58, because it is not driving any load. (OPT-112)
Warning: Removing don't touch or size only GTECH cell div6/B_59, because it is not driving any load. (OPT-112)
Warning: Removing don't touch or size only GTECH cell div6/B_61, because it is not driving any load. (OPT-112)
Warning: Removing don't touch or size only GTECH cell div6/B_63, because it is not driving any load. (OPT-112)
Warning: Removing don't touch or size only GTECH cell div6/B_65, because it is not driving any load. (OPT-112)
Warning: Removing don't touch or size only GTECH cell div7/B_24, because it is not driving any load. (OPT-112)
Warning: Removing don't touch or size only GTECH cell div7/B_26, because it is not driving any load. (OPT-112)
Warning: Removing don't touch or size only GTECH cell div7/B_28, because it is not driving any load. (OPT-112)
Warning: Removing don't touch or size only GTECH cell div7/B_30, because it is not driving any load. (OPT-112)
Warning: Removing don't touch or size only GTECH cell div7/B_31, because it is not driving any load. (OPT-112)
Warning: Removing don't touch or size only GTECH cell div7/B_33, because it is not driving any load. (OPT-112)
Warning: Removing don't touch or size only GTECH cell div7/B_35, because it is not driving any load. (OPT-112)
Warning: Removing don't touch or size only GTECH cell div7/B_37, because it is not driving any load. (OPT-112)
Warning: Removing don't touch or size only GTECH cell div7/B_38, because it is not driving any load. (OPT-112)
Warning: Removing don't touch or size only GTECH cell div7/B_40, because it is not driving any load. (OPT-112)
Warning: Removing don't touch or size only GTECH cell div7/B_42, because it is not driving any load. (OPT-112)
Warning: Removing don't touch or size only GTECH cell div7/B_44, because it is not driving any load. (OPT-112)
Warning: Removing don't touch or size only GTECH cell div7/B_45, because it is not driving any load. (OPT-112)
Warning: Removing don't touch or size only GTECH cell div7/B_47, because it is not driving any load. (OPT-112)
Warning: Removing don't touch or size only GTECH cell div7/B_49, because it is not driving any load. (OPT-112)
Warning: Removing don't touch or size only GTECH cell div7/B_51, because it is not driving any load. (OPT-112)
Warning: Removing don't touch or size only GTECH cell div7/B_52, because it is not driving any load. (OPT-112)
Warning: Removing don't touch or size only GTECH cell div7/B_54, because it is not driving any load. (OPT-112)
Warning: Removing don't touch or size only GTECH cell div7/B_56, because it is not driving any load. (OPT-112)
Warning: Removing don't touch or size only GTECH cell div7/B_58, because it is not driving any load. (OPT-112)
Warning: Removing don't touch or size only GTECH cell div7/B_59, because it is not driving any load. (OPT-112)
Warning: Removing don't touch or size only GTECH cell div7/B_61, because it is not driving any load. (OPT-112)
Warning: Removing don't touch or size only GTECH cell div7/B_63, because it is not driving any load. (OPT-112)
Warning: Removing don't touch or size only GTECH cell div7/B_65, because it is not driving any load. (OPT-112)
Warning: Removing don't touch or size only GTECH cell div0/B_59, because it is not driving any load. (OPT-112)
Warning: Removing don't touch or size only GTECH cell div0/B_52, because it is not driving any load. (OPT-112)
Warning: Removing don't touch or size only GTECH cell div0/B_45, because it is not driving any load. (OPT-112)
Warning: Removing don't touch or size only GTECH cell div0/B_38, because it is not driving any load. (OPT-112)
Warning: Removing don't touch or size only GTECH cell div0/B_31, because it is not driving any load. (OPT-112)
Warning: Removing don't touch or size only GTECH cell div0/B_26, because it is not driving any load. (OPT-112)
Warning: Removing don't touch or size only GTECH cell div0/B_28, because it is not driving any load. (OPT-112)
Warning: Removing don't touch or size only GTECH cell div0/B_30, because it is not driving any load. (OPT-112)
Warning: Removing don't touch or size only GTECH cell div0/B_33, because it is not driving any load. (OPT-112)
Warning: Removing don't touch or size only GTECH cell div0/B_35, because it is not driving any load. (OPT-112)
Warning: Removing don't touch or size only GTECH cell div0/B_37, because it is not driving any load. (OPT-112)
Warning: Removing don't touch or size only GTECH cell div0/B_40, because it is not driving any load. (OPT-112)
Warning: Removing don't touch or size only GTECH cell div0/B_42, because it is not driving any load. (OPT-112)
Warning: Removing don't touch or size only GTECH cell div0/B_44, because it is not driving any load. (OPT-112)
Warning: Removing don't touch or size only GTECH cell div0/B_47, because it is not driving any load. (OPT-112)
Warning: Removing don't touch or size only GTECH cell div0/B_49, because it is not driving any load. (OPT-112)
Warning: Removing don't touch or size only GTECH cell div0/B_51, because it is not driving any load. (OPT-112)
Warning: Removing don't touch or size only GTECH cell div0/B_54, because it is not driving any load. (OPT-112)
Warning: Removing don't touch or size only GTECH cell div0/B_56, because it is not driving any load. (OPT-112)
Warning: Removing don't touch or size only GTECH cell div0/B_58, because it is not driving any load. (OPT-112)
Warning: Removing don't touch or size only GTECH cell div0/B_24, because it is not driving any load. (OPT-112)
Warning: Removing don't touch or size only GTECH cell div0/B_65, because it is not driving any load. (OPT-112)
Warning: Removing don't touch or size only GTECH cell div0/B_63, because it is not driving any load. (OPT-112)
Warning: Removing don't touch or size only GTECH cell div0/B_61, because it is not driving any load. (OPT-112)
Warning: Removing don't touch or size only GTECH cell div1/B_59, because it is not driving any load. (OPT-112)
Warning: Removing don't touch or size only GTECH cell div1/B_52, because it is not driving any load. (OPT-112)
Warning: Removing don't touch or size only GTECH cell div1/B_45, because it is not driving any load. (OPT-112)
Warning: Removing don't touch or size only GTECH cell div1/B_38, because it is not driving any load. (OPT-112)
Warning: Removing don't touch or size only GTECH cell div1/B_31, because it is not driving any load. (OPT-112)
Warning: Removing don't touch or size only GTECH cell div1/B_26, because it is not driving any load. (OPT-112)
Warning: Removing don't touch or size only GTECH cell div1/B_28, because it is not driving any load. (OPT-112)
Warning: Removing don't touch or size only GTECH cell div1/B_30, because it is not driving any load. (OPT-112)
Warning: Removing don't touch or size only GTECH cell div1/B_33, because it is not driving any load. (OPT-112)
Warning: Removing don't touch or size only GTECH cell div1/B_35, because it is not driving any load. (OPT-112)
Warning: Removing don't touch or size only GTECH cell div1/B_37, because it is not driving any load. (OPT-112)
Warning: Removing don't touch or size only GTECH cell div1/B_40, because it is not driving any load. (OPT-112)
Warning: Removing don't touch or size only GTECH cell div1/B_42, because it is not driving any load. (OPT-112)
Warning: Removing don't touch or size only GTECH cell div1/B_44, because it is not driving any load. (OPT-112)
Warning: Removing don't touch or size only GTECH cell div1/B_47, because it is not driving any load. (OPT-112)
Warning: Removing don't touch or size only GTECH cell div1/B_49, because it is not driving any load. (OPT-112)
Warning: Removing don't touch or size only GTECH cell div1/B_51, because it is not driving any load. (OPT-112)
Warning: Removing don't touch or size only GTECH cell div1/B_54, because it is not driving any load. (OPT-112)
Warning: Removing don't touch or size only GTECH cell div1/B_56, because it is not driving any load. (OPT-112)
Warning: Removing don't touch or size only GTECH cell div1/B_58, because it is not driving any load. (OPT-112)
Warning: Removing don't touch or size only GTECH cell div1/B_24, because it is not driving any load. (OPT-112)
Warning: Removing don't touch or size only GTECH cell div1/B_65, because it is not driving any load. (OPT-112)
Warning: Removing don't touch or size only GTECH cell div1/B_63, because it is not driving any load. (OPT-112)
Warning: Removing don't touch or size only GTECH cell div1/B_61, because it is not driving any load. (OPT-112)
Warning: Removing don't touch or size only GTECH cell div2/B_59, because it is not driving any load. (OPT-112)
Warning: Removing don't touch or size only GTECH cell div2/B_52, because it is not driving any load. (OPT-112)
Warning: Removing don't touch or size only GTECH cell div2/B_45, because it is not driving any load. (OPT-112)
Warning: Removing don't touch or size only GTECH cell div2/B_38, because it is not driving any load. (OPT-112)
Warning: Removing don't touch or size only GTECH cell div2/B_31, because it is not driving any load. (OPT-112)
Warning: Removing don't touch or size only GTECH cell div2/B_26, because it is not driving any load. (OPT-112)
Warning: Removing don't touch or size only GTECH cell div2/B_28, because it is not driving any load. (OPT-112)
Warning: Removing don't touch or size only GTECH cell div2/B_30, because it is not driving any load. (OPT-112)
Warning: Removing don't touch or size only GTECH cell div2/B_33, because it is not driving any load. (OPT-112)
Warning: Removing don't touch or size only GTECH cell div2/B_35, because it is not driving any load. (OPT-112)
Warning: Removing don't touch or size only GTECH cell div2/B_37, because it is not driving any load. (OPT-112)
Warning: Removing don't touch or size only GTECH cell div2/B_40, because it is not driving any load. (OPT-112)
Warning: Removing don't touch or size only GTECH cell div2/B_42, because it is not driving any load. (OPT-112)
Warning: Removing don't touch or size only GTECH cell div2/B_44, because it is not driving any load. (OPT-112)
Warning: Removing don't touch or size only GTECH cell div2/B_47, because it is not driving any load. (OPT-112)
Warning: Removing don't touch or size only GTECH cell div2/B_49, because it is not driving any load. (OPT-112)
Warning: Removing don't touch or size only GTECH cell div2/B_51, because it is not driving any load. (OPT-112)
Warning: Removing don't touch or size only GTECH cell div2/B_54, because it is not driving any load. (OPT-112)
Warning: Removing don't touch or size only GTECH cell div2/B_56, because it is not driving any load. (OPT-112)
Warning: Removing don't touch or size only GTECH cell div2/B_58, because it is not driving any load. (OPT-112)
Warning: Removing don't touch or size only GTECH cell div2/B_24, because it is not driving any load. (OPT-112)
Warning: Removing don't touch or size only GTECH cell div2/B_65, because it is not driving any load. (OPT-112)
Warning: Removing don't touch or size only GTECH cell div2/B_63, because it is not driving any load. (OPT-112)
Warning: Removing don't touch or size only GTECH cell div2/B_61, because it is not driving any load. (OPT-112)
Warning: Removing don't touch or size only GTECH cell div3/B_59, because it is not driving any load. (OPT-112)
Warning: Removing don't touch or size only GTECH cell div3/B_52, because it is not driving any load. (OPT-112)
Warning: Removing don't touch or size only GTECH cell div3/B_45, because it is not driving any load. (OPT-112)
Warning: Removing don't touch or size only GTECH cell div3/B_38, because it is not driving any load. (OPT-112)
Warning: Removing don't touch or size only GTECH cell div3/B_31, because it is not driving any load. (OPT-112)
Warning: Removing don't touch or size only GTECH cell div3/B_26, because it is not driving any load. (OPT-112)
Warning: Removing don't touch or size only GTECH cell div3/B_28, because it is not driving any load. (OPT-112)
Warning: Removing don't touch or size only GTECH cell div3/B_30, because it is not driving any load. (OPT-112)
Warning: Removing don't touch or size only GTECH cell div3/B_33, because it is not driving any load. (OPT-112)
Warning: Removing don't touch or size only GTECH cell div3/B_35, because it is not driving any load. (OPT-112)
Warning: Removing don't touch or size only GTECH cell div3/B_37, because it is not driving any load. (OPT-112)
Warning: Removing don't touch or size only GTECH cell div3/B_40, because it is not driving any load. (OPT-112)
Warning: Removing don't touch or size only GTECH cell div3/B_42, because it is not driving any load. (OPT-112)
Warning: Removing don't touch or size only GTECH cell div3/B_44, because it is not driving any load. (OPT-112)
Warning: Removing don't touch or size only GTECH cell div3/B_47, because it is not driving any load. (OPT-112)
Warning: Removing don't touch or size only GTECH cell div3/B_49, because it is not driving any load. (OPT-112)
Warning: Removing don't touch or size only GTECH cell div3/B_51, because it is not driving any load. (OPT-112)
Warning: Removing don't touch or size only GTECH cell div3/B_54, because it is not driving any load. (OPT-112)
Warning: Removing don't touch or size only GTECH cell div3/B_56, because it is not driving any load. (OPT-112)
Warning: Removing don't touch or size only GTECH cell div3/B_58, because it is not driving any load. (OPT-112)
Warning: Removing don't touch or size only GTECH cell div3/B_24, because it is not driving any load. (OPT-112)
Warning: Removing don't touch or size only GTECH cell div3/B_65, because it is not driving any load. (OPT-112)
Warning: Removing don't touch or size only GTECH cell div3/B_63, because it is not driving any load. (OPT-112)
Warning: Removing don't touch or size only GTECH cell div3/B_61, because it is not driving any load. (OPT-112)
Warning: Removing don't touch or size only GTECH cell div4/B_59, because it is not driving any load. (OPT-112)
Warning: Removing don't touch or size only GTECH cell div4/B_52, because it is not driving any load. (OPT-112)
Warning: Removing don't touch or size only GTECH cell div4/B_45, because it is not driving any load. (OPT-112)
Warning: Removing don't touch or size only GTECH cell div4/B_38, because it is not driving any load. (OPT-112)
Warning: Removing don't touch or size only GTECH cell div4/B_31, because it is not driving any load. (OPT-112)
Warning: Removing don't touch or size only GTECH cell div4/B_26, because it is not driving any load. (OPT-112)
Warning: Removing don't touch or size only GTECH cell div4/B_28, because it is not driving any load. (OPT-112)
Warning: Removing don't touch or size only GTECH cell div4/B_30, because it is not driving any load. (OPT-112)
Warning: Removing don't touch or size only GTECH cell div4/B_33, because it is not driving any load. (OPT-112)
Warning: Removing don't touch or size only GTECH cell div4/B_35, because it is not driving any load. (OPT-112)
Warning: Removing don't touch or size only GTECH cell div4/B_37, because it is not driving any load. (OPT-112)
Warning: Removing don't touch or size only GTECH cell div4/B_40, because it is not driving any load. (OPT-112)
Warning: Removing don't touch or size only GTECH cell div4/B_42, because it is not driving any load. (OPT-112)
Warning: Removing don't touch or size only GTECH cell div4/B_44, because it is not driving any load. (OPT-112)
Warning: Removing don't touch or size only GTECH cell div4/B_47, because it is not driving any load. (OPT-112)
Warning: Removing don't touch or size only GTECH cell div4/B_49, because it is not driving any load. (OPT-112)
Warning: Removing don't touch or size only GTECH cell div4/B_51, because it is not driving any load. (OPT-112)
Warning: Removing don't touch or size only GTECH cell div4/B_54, because it is not driving any load. (OPT-112)
Warning: Removing don't touch or size only GTECH cell div4/B_56, because it is not driving any load. (OPT-112)
Warning: Removing don't touch or size only GTECH cell div4/B_58, because it is not driving any load. (OPT-112)
Warning: Removing don't touch or size only GTECH cell div4/B_24, because it is not driving any load. (OPT-112)
Warning: Removing don't touch or size only GTECH cell div4/B_65, because it is not driving any load. (OPT-112)
Warning: Removing don't touch or size only GTECH cell div4/B_63, because it is not driving any load. (OPT-112)
Warning: Removing don't touch or size only GTECH cell div4/B_61, because it is not driving any load. (OPT-112)
Warning: Removing don't touch or size only GTECH cell div5/B_59, because it is not driving any load. (OPT-112)
Warning: Removing don't touch or size only GTECH cell div5/B_52, because it is not driving any load. (OPT-112)
Warning: Removing don't touch or size only GTECH cell div5/B_45, because it is not driving any load. (OPT-112)
Warning: Removing don't touch or size only GTECH cell div5/B_38, because it is not driving any load. (OPT-112)
Warning: Removing don't touch or size only GTECH cell div5/B_31, because it is not driving any load. (OPT-112)
Warning: Removing don't touch or size only GTECH cell div5/B_26, because it is not driving any load. (OPT-112)
Warning: Removing don't touch or size only GTECH cell div5/B_28, because it is not driving any load. (OPT-112)
Warning: Removing don't touch or size only GTECH cell div5/B_30, because it is not driving any load. (OPT-112)
Warning: Removing don't touch or size only GTECH cell div5/B_33, because it is not driving any load. (OPT-112)
Warning: Removing don't touch or size only GTECH cell div5/B_35, because it is not driving any load. (OPT-112)
Warning: Removing don't touch or size only GTECH cell div5/B_37, because it is not driving any load. (OPT-112)
Warning: Removing don't touch or size only GTECH cell div5/B_40, because it is not driving any load. (OPT-112)
Warning: Removing don't touch or size only GTECH cell div5/B_42, because it is not driving any load. (OPT-112)
Warning: Removing don't touch or size only GTECH cell div5/B_44, because it is not driving any load. (OPT-112)
Warning: Removing don't touch or size only GTECH cell div5/B_47, because it is not driving any load. (OPT-112)
Warning: Removing don't touch or size only GTECH cell div5/B_49, because it is not driving any load. (OPT-112)
Warning: Removing don't touch or size only GTECH cell div5/B_51, because it is not driving any load. (OPT-112)
Warning: Removing don't touch or size only GTECH cell div5/B_54, because it is not driving any load. (OPT-112)
Warning: Removing don't touch or size only GTECH cell div5/B_56, because it is not driving any load. (OPT-112)
Warning: Removing don't touch or size only GTECH cell div5/B_58, because it is not driving any load. (OPT-112)
Warning: Removing don't touch or size only GTECH cell div5/B_24, because it is not driving any load. (OPT-112)
Warning: Removing don't touch or size only GTECH cell div5/B_65, because it is not driving any load. (OPT-112)
Warning: Removing don't touch or size only GTECH cell div5/B_63, because it is not driving any load. (OPT-112)
Warning: Removing don't touch or size only GTECH cell div5/B_61, because it is not driving any load. (OPT-112)
Warning: Removing don't touch or size only GTECH cell div6/B_59, because it is not driving any load. (OPT-112)
Warning: Removing don't touch or size only GTECH cell div6/B_52, because it is not driving any load. (OPT-112)
Warning: Removing don't touch or size only GTECH cell div6/B_45, because it is not driving any load. (OPT-112)
Warning: Removing don't touch or size only GTECH cell div6/B_38, because it is not driving any load. (OPT-112)
Warning: Removing don't touch or size only GTECH cell div6/B_31, because it is not driving any load. (OPT-112)
Warning: Removing don't touch or size only GTECH cell div6/B_26, because it is not driving any load. (OPT-112)
Warning: Removing don't touch or size only GTECH cell div6/B_28, because it is not driving any load. (OPT-112)
Warning: Removing don't touch or size only GTECH cell div6/B_30, because it is not driving any load. (OPT-112)
Warning: Removing don't touch or size only GTECH cell div6/B_33, because it is not driving any load. (OPT-112)
Warning: Removing don't touch or size only GTECH cell div6/B_35, because it is not driving any load. (OPT-112)
Warning: Removing don't touch or size only GTECH cell div6/B_37, because it is not driving any load. (OPT-112)
Warning: Removing don't touch or size only GTECH cell div6/B_40, because it is not driving any load. (OPT-112)
Warning: Removing don't touch or size only GTECH cell div6/B_42, because it is not driving any load. (OPT-112)
Warning: Removing don't touch or size only GTECH cell div6/B_44, because it is not driving any load. (OPT-112)
Warning: Removing don't touch or size only GTECH cell div6/B_47, because it is not driving any load. (OPT-112)
Warning: Removing don't touch or size only GTECH cell div6/B_49, because it is not driving any load. (OPT-112)
Warning: Removing don't touch or size only GTECH cell div6/B_51, because it is not driving any load. (OPT-112)
Warning: Removing don't touch or size only GTECH cell div6/B_54, because it is not driving any load. (OPT-112)
Warning: Removing don't touch or size only GTECH cell div6/B_56, because it is not driving any load. (OPT-112)
Warning: Removing don't touch or size only GTECH cell div6/B_58, because it is not driving any load. (OPT-112)
Warning: Removing don't touch or size only GTECH cell div6/B_24, because it is not driving any load. (OPT-112)
Warning: Removing don't touch or size only GTECH cell div6/B_65, because it is not driving any load. (OPT-112)
Warning: Removing don't touch or size only GTECH cell div6/B_63, because it is not driving any load. (OPT-112)
Warning: Removing don't touch or size only GTECH cell div6/B_61, because it is not driving any load. (OPT-112)
Warning: Removing don't touch or size only GTECH cell div7/B_59, because it is not driving any load. (OPT-112)
Warning: Removing don't touch or size only GTECH cell div7/B_52, because it is not driving any load. (OPT-112)
Warning: Removing don't touch or size only GTECH cell div7/B_45, because it is not driving any load. (OPT-112)
Warning: Removing don't touch or size only GTECH cell div7/B_38, because it is not driving any load. (OPT-112)
Warning: Removing don't touch or size only GTECH cell div7/B_31, because it is not driving any load. (OPT-112)
Warning: Removing don't touch or size only GTECH cell div7/B_26, because it is not driving any load. (OPT-112)
Warning: Removing don't touch or size only GTECH cell div7/B_28, because it is not driving any load. (OPT-112)
Warning: Removing don't touch or size only GTECH cell div7/B_30, because it is not driving any load. (OPT-112)
Warning: Removing don't touch or size only GTECH cell div7/B_33, because it is not driving any load. (OPT-112)
Warning: Removing don't touch or size only GTECH cell div7/B_35, because it is not driving any load. (OPT-112)
Warning: Removing don't touch or size only GTECH cell div7/B_37, because it is not driving any load. (OPT-112)
Warning: Removing don't touch or size only GTECH cell div7/B_40, because it is not driving any load. (OPT-112)
Warning: Removing don't touch or size only GTECH cell div7/B_42, because it is not driving any load. (OPT-112)
Warning: Removing don't touch or size only GTECH cell div7/B_44, because it is not driving any load. (OPT-112)
Warning: Removing don't touch or size only GTECH cell div7/B_47, because it is not driving any load. (OPT-112)
Warning: Removing don't touch or size only GTECH cell div7/B_49, because it is not driving any load. (OPT-112)
Warning: Removing don't touch or size only GTECH cell div7/B_51, because it is not driving any load. (OPT-112)
Warning: Removing don't touch or size only GTECH cell div7/B_54, because it is not driving any load. (OPT-112)
Warning: Removing don't touch or size only GTECH cell div7/B_56, because it is not driving any load. (OPT-112)
Warning: Removing don't touch or size only GTECH cell div7/B_58, because it is not driving any load. (OPT-112)
Warning: Removing don't touch or size only GTECH cell div7/B_24, because it is not driving any load. (OPT-112)
Warning: Removing don't touch or size only GTECH cell div7/B_65, because it is not driving any load. (OPT-112)
Warning: Removing don't touch or size only GTECH cell div7/B_63, because it is not driving any load. (OPT-112)
Warning: Removing don't touch or size only GTECH cell div7/B_61, because it is not driving any load. (OPT-112)
  Mapping Optimization (Phase 1)
Warning: Removing don't touch or size only GTECH cell div0/B_24, because it is not driving any load. (OPT-112)
Warning: Removing don't touch or size only GTECH cell div0/B_26, because it is not driving any load. (OPT-112)
Warning: Removing don't touch or size only GTECH cell div0/B_28, because it is not driving any load. (OPT-112)
Warning: Removing don't touch or size only GTECH cell div0/B_30, because it is not driving any load. (OPT-112)
Warning: Removing don't touch or size only GTECH cell div0/B_31, because it is not driving any load. (OPT-112)
Warning: Removing don't touch or size only GTECH cell div0/B_33, because it is not driving any load. (OPT-112)
Warning: Removing don't touch or size only GTECH cell div0/B_35, because it is not driving any load. (OPT-112)
Warning: Removing don't touch or size only GTECH cell div0/B_37, because it is not driving any load. (OPT-112)
Warning: Removing don't touch or size only GTECH cell div0/B_38, because it is not driving any load. (OPT-112)
Warning: Removing don't touch or size only GTECH cell div0/B_40, because it is not driving any load. (OPT-112)
Warning: Removing don't touch or size only GTECH cell div0/B_42, because it is not driving any load. (OPT-112)
Warning: Removing don't touch or size only GTECH cell div0/B_44, because it is not driving any load. (OPT-112)
Warning: Removing don't touch or size only GTECH cell div0/B_45, because it is not driving any load. (OPT-112)
Warning: Removing don't touch or size only GTECH cell div0/B_47, because it is not driving any load. (OPT-112)
Warning: Removing don't touch or size only GTECH cell div0/B_49, because it is not driving any load. (OPT-112)
Warning: Removing don't touch or size only GTECH cell div0/B_51, because it is not driving any load. (OPT-112)
Warning: Removing don't touch or size only GTECH cell div0/B_52, because it is not driving any load. (OPT-112)
Warning: Removing don't touch or size only GTECH cell div0/B_54, because it is not driving any load. (OPT-112)
Warning: Removing don't touch or size only GTECH cell div0/B_56, because it is not driving any load. (OPT-112)
Warning: Removing don't touch or size only GTECH cell div0/B_58, because it is not driving any load. (OPT-112)
Warning: Removing don't touch or size only GTECH cell div0/B_59, because it is not driving any load. (OPT-112)
Warning: Removing don't touch or size only GTECH cell div0/B_61, because it is not driving any load. (OPT-112)
Warning: Removing don't touch or size only GTECH cell div0/B_63, because it is not driving any load. (OPT-112)
Warning: Removing don't touch or size only GTECH cell div0/B_65, because it is not driving any load. (OPT-112)
Warning: Removing don't touch or size only GTECH cell div1/B_24, because it is not driving any load. (OPT-112)
Warning: Removing don't touch or size only GTECH cell div1/B_26, because it is not driving any load. (OPT-112)
Warning: Removing don't touch or size only GTECH cell div1/B_28, because it is not driving any load. (OPT-112)
Warning: Removing don't touch or size only GTECH cell div1/B_30, because it is not driving any load. (OPT-112)
Warning: Removing don't touch or size only GTECH cell div1/B_31, because it is not driving any load. (OPT-112)
Warning: Removing don't touch or size only GTECH cell div1/B_33, because it is not driving any load. (OPT-112)
Warning: Removing don't touch or size only GTECH cell div1/B_35, because it is not driving any load. (OPT-112)
Warning: Removing don't touch or size only GTECH cell div1/B_37, because it is not driving any load. (OPT-112)
Warning: Removing don't touch or size only GTECH cell div1/B_38, because it is not driving any load. (OPT-112)
Warning: Removing don't touch or size only GTECH cell div1/B_40, because it is not driving any load. (OPT-112)
Warning: Removing don't touch or size only GTECH cell div1/B_42, because it is not driving any load. (OPT-112)
Warning: Removing don't touch or size only GTECH cell div1/B_44, because it is not driving any load. (OPT-112)
Warning: Removing don't touch or size only GTECH cell div1/B_45, because it is not driving any load. (OPT-112)
Warning: Removing don't touch or size only GTECH cell div1/B_47, because it is not driving any load. (OPT-112)
Warning: Removing don't touch or size only GTECH cell div1/B_49, because it is not driving any load. (OPT-112)
Warning: Removing don't touch or size only GTECH cell div1/B_51, because it is not driving any load. (OPT-112)
Warning: Removing don't touch or size only GTECH cell div1/B_52, because it is not driving any load. (OPT-112)
Warning: Removing don't touch or size only GTECH cell div1/B_54, because it is not driving any load. (OPT-112)
Warning: Removing don't touch or size only GTECH cell div1/B_56, because it is not driving any load. (OPT-112)
Warning: Removing don't touch or size only GTECH cell div1/B_58, because it is not driving any load. (OPT-112)
Warning: Removing don't touch or size only GTECH cell div1/B_59, because it is not driving any load. (OPT-112)
Warning: Removing don't touch or size only GTECH cell div1/B_61, because it is not driving any load. (OPT-112)
Warning: Removing don't touch or size only GTECH cell div1/B_63, because it is not driving any load. (OPT-112)
Warning: Removing don't touch or size only GTECH cell div1/B_65, because it is not driving any load. (OPT-112)
Warning: Removing don't touch or size only GTECH cell div2/B_24, because it is not driving any load. (OPT-112)
Warning: Removing don't touch or size only GTECH cell div2/B_26, because it is not driving any load. (OPT-112)
Warning: Removing don't touch or size only GTECH cell div2/B_28, because it is not driving any load. (OPT-112)
Warning: Removing don't touch or size only GTECH cell div2/B_30, because it is not driving any load. (OPT-112)
Warning: Removing don't touch or size only GTECH cell div2/B_31, because it is not driving any load. (OPT-112)
Warning: Removing don't touch or size only GTECH cell div2/B_33, because it is not driving any load. (OPT-112)
Warning: Removing don't touch or size only GTECH cell div2/B_35, because it is not driving any load. (OPT-112)
Warning: Removing don't touch or size only GTECH cell div2/B_37, because it is not driving any load. (OPT-112)
Warning: Removing don't touch or size only GTECH cell div2/B_38, because it is not driving any load. (OPT-112)
Warning: Removing don't touch or size only GTECH cell div2/B_40, because it is not driving any load. (OPT-112)
Warning: Removing don't touch or size only GTECH cell div2/B_42, because it is not driving any load. (OPT-112)
Warning: Removing don't touch or size only GTECH cell div2/B_44, because it is not driving any load. (OPT-112)
Warning: Removing don't touch or size only GTECH cell div2/B_45, because it is not driving any load. (OPT-112)
Warning: Removing don't touch or size only GTECH cell div2/B_47, because it is not driving any load. (OPT-112)
Warning: Removing don't touch or size only GTECH cell div2/B_49, because it is not driving any load. (OPT-112)
Warning: Removing don't touch or size only GTECH cell div2/B_51, because it is not driving any load. (OPT-112)
Warning: Removing don't touch or size only GTECH cell div2/B_52, because it is not driving any load. (OPT-112)
Warning: Removing don't touch or size only GTECH cell div2/B_54, because it is not driving any load. (OPT-112)
Warning: Removing don't touch or size only GTECH cell div2/B_56, because it is not driving any load. (OPT-112)
Warning: Removing don't touch or size only GTECH cell div2/B_58, because it is not driving any load. (OPT-112)
Warning: Removing don't touch or size only GTECH cell div2/B_59, because it is not driving any load. (OPT-112)
Warning: Removing don't touch or size only GTECH cell div2/B_61, because it is not driving any load. (OPT-112)
Warning: Removing don't touch or size only GTECH cell div2/B_63, because it is not driving any load. (OPT-112)
Warning: Removing don't touch or size only GTECH cell div2/B_65, because it is not driving any load. (OPT-112)
Warning: Removing don't touch or size only GTECH cell div3/B_24, because it is not driving any load. (OPT-112)
Warning: Removing don't touch or size only GTECH cell div3/B_26, because it is not driving any load. (OPT-112)
Warning: Removing don't touch or size only GTECH cell div3/B_28, because it is not driving any load. (OPT-112)
Warning: Removing don't touch or size only GTECH cell div3/B_30, because it is not driving any load. (OPT-112)
Warning: Removing don't touch or size only GTECH cell div3/B_31, because it is not driving any load. (OPT-112)
Warning: Removing don't touch or size only GTECH cell div3/B_33, because it is not driving any load. (OPT-112)
Warning: Removing don't touch or size only GTECH cell div3/B_35, because it is not driving any load. (OPT-112)
Warning: Removing don't touch or size only GTECH cell div3/B_37, because it is not driving any load. (OPT-112)
Warning: Removing don't touch or size only GTECH cell div3/B_38, because it is not driving any load. (OPT-112)
Warning: Removing don't touch or size only GTECH cell div3/B_40, because it is not driving any load. (OPT-112)
Warning: Removing don't touch or size only GTECH cell div3/B_42, because it is not driving any load. (OPT-112)
Warning: Removing don't touch or size only GTECH cell div3/B_44, because it is not driving any load. (OPT-112)
Warning: Removing don't touch or size only GTECH cell div3/B_45, because it is not driving any load. (OPT-112)
Warning: Removing don't touch or size only GTECH cell div3/B_47, because it is not driving any load. (OPT-112)
Warning: Removing don't touch or size only GTECH cell div3/B_49, because it is not driving any load. (OPT-112)
Warning: Removing don't touch or size only GTECH cell div3/B_51, because it is not driving any load. (OPT-112)
Warning: Removing don't touch or size only GTECH cell div3/B_52, because it is not driving any load. (OPT-112)
Warning: Removing don't touch or size only GTECH cell div3/B_54, because it is not driving any load. (OPT-112)
Warning: Removing don't touch or size only GTECH cell div3/B_56, because it is not driving any load. (OPT-112)
Warning: Removing don't touch or size only GTECH cell div3/B_58, because it is not driving any load. (OPT-112)
Warning: Removing don't touch or size only GTECH cell div3/B_59, because it is not driving any load. (OPT-112)
Warning: Removing don't touch or size only GTECH cell div3/B_61, because it is not driving any load. (OPT-112)
Warning: Removing don't touch or size only GTECH cell div3/B_63, because it is not driving any load. (OPT-112)
Warning: Removing don't touch or size only GTECH cell div3/B_65, because it is not driving any load. (OPT-112)
Warning: Removing don't touch or size only GTECH cell div4/B_24, because it is not driving any load. (OPT-112)
Warning: Removing don't touch or size only GTECH cell div4/B_26, because it is not driving any load. (OPT-112)
Warning: Removing don't touch or size only GTECH cell div4/B_28, because it is not driving any load. (OPT-112)
Warning: Removing don't touch or size only GTECH cell div4/B_30, because it is not driving any load. (OPT-112)
Warning: Removing don't touch or size only GTECH cell div4/B_31, because it is not driving any load. (OPT-112)
Warning: Removing don't touch or size only GTECH cell div4/B_33, because it is not driving any load. (OPT-112)
Warning: Removing don't touch or size only GTECH cell div4/B_35, because it is not driving any load. (OPT-112)
Warning: Removing don't touch or size only GTECH cell div4/B_37, because it is not driving any load. (OPT-112)
Warning: Removing don't touch or size only GTECH cell div4/B_38, because it is not driving any load. (OPT-112)
Warning: Removing don't touch or size only GTECH cell div4/B_40, because it is not driving any load. (OPT-112)
Warning: Removing don't touch or size only GTECH cell div4/B_42, because it is not driving any load. (OPT-112)
Warning: Removing don't touch or size only GTECH cell div4/B_44, because it is not driving any load. (OPT-112)
Warning: Removing don't touch or size only GTECH cell div4/B_45, because it is not driving any load. (OPT-112)
Warning: Removing don't touch or size only GTECH cell div4/B_47, because it is not driving any load. (OPT-112)
Warning: Removing don't touch or size only GTECH cell div4/B_49, because it is not driving any load. (OPT-112)
Warning: Removing don't touch or size only GTECH cell div4/B_51, because it is not driving any load. (OPT-112)
Warning: Removing don't touch or size only GTECH cell div4/B_52, because it is not driving any load. (OPT-112)
Warning: Removing don't touch or size only GTECH cell div4/B_54, because it is not driving any load. (OPT-112)
Warning: Removing don't touch or size only GTECH cell div4/B_56, because it is not driving any load. (OPT-112)
Warning: Removing don't touch or size only GTECH cell div4/B_58, because it is not driving any load. (OPT-112)
Warning: Removing don't touch or size only GTECH cell div4/B_59, because it is not driving any load. (OPT-112)
Warning: Removing don't touch or size only GTECH cell div4/B_61, because it is not driving any load. (OPT-112)
Warning: Removing don't touch or size only GTECH cell div4/B_63, because it is not driving any load. (OPT-112)
Warning: Removing don't touch or size only GTECH cell div4/B_65, because it is not driving any load. (OPT-112)
Warning: Removing don't touch or size only GTECH cell div5/B_24, because it is not driving any load. (OPT-112)
Warning: Removing don't touch or size only GTECH cell div5/B_26, because it is not driving any load. (OPT-112)
Warning: Removing don't touch or size only GTECH cell div5/B_28, because it is not driving any load. (OPT-112)
Warning: Removing don't touch or size only GTECH cell div5/B_30, because it is not driving any load. (OPT-112)
Warning: Removing don't touch or size only GTECH cell div5/B_31, because it is not driving any load. (OPT-112)
Warning: Removing don't touch or size only GTECH cell div5/B_33, because it is not driving any load. (OPT-112)
Warning: Removing don't touch or size only GTECH cell div5/B_35, because it is not driving any load. (OPT-112)
Warning: Removing don't touch or size only GTECH cell div5/B_37, because it is not driving any load. (OPT-112)
Warning: Removing don't touch or size only GTECH cell div5/B_38, because it is not driving any load. (OPT-112)
Warning: Removing don't touch or size only GTECH cell div5/B_40, because it is not driving any load. (OPT-112)
Warning: Removing don't touch or size only GTECH cell div5/B_42, because it is not driving any load. (OPT-112)
Warning: Removing don't touch or size only GTECH cell div5/B_44, because it is not driving any load. (OPT-112)
Warning: Removing don't touch or size only GTECH cell div5/B_45, because it is not driving any load. (OPT-112)
Warning: Removing don't touch or size only GTECH cell div5/B_47, because it is not driving any load. (OPT-112)
Warning: Removing don't touch or size only GTECH cell div5/B_49, because it is not driving any load. (OPT-112)
Warning: Removing don't touch or size only GTECH cell div5/B_51, because it is not driving any load. (OPT-112)
Warning: Removing don't touch or size only GTECH cell div5/B_52, because it is not driving any load. (OPT-112)
Warning: Removing don't touch or size only GTECH cell div5/B_54, because it is not driving any load. (OPT-112)
Warning: Removing don't touch or size only GTECH cell div5/B_56, because it is not driving any load. (OPT-112)
Warning: Removing don't touch or size only GTECH cell div5/B_58, because it is not driving any load. (OPT-112)
Warning: Removing don't touch or size only GTECH cell div5/B_59, because it is not driving any load. (OPT-112)
Warning: Removing don't touch or size only GTECH cell div5/B_61, because it is not driving any load. (OPT-112)
Warning: Removing don't touch or size only GTECH cell div5/B_63, because it is not driving any load. (OPT-112)
Warning: Removing don't touch or size only GTECH cell div5/B_65, because it is not driving any load. (OPT-112)
Warning: Removing don't touch or size only GTECH cell div6/B_24, because it is not driving any load. (OPT-112)
Warning: Removing don't touch or size only GTECH cell div6/B_26, because it is not driving any load. (OPT-112)
Warning: Removing don't touch or size only GTECH cell div6/B_28, because it is not driving any load. (OPT-112)
Warning: Removing don't touch or size only GTECH cell div6/B_30, because it is not driving any load. (OPT-112)
Warning: Removing don't touch or size only GTECH cell div6/B_31, because it is not driving any load. (OPT-112)
Warning: Removing don't touch or size only GTECH cell div6/B_33, because it is not driving any load. (OPT-112)
Warning: Removing don't touch or size only GTECH cell div6/B_35, because it is not driving any load. (OPT-112)
Warning: Removing don't touch or size only GTECH cell div6/B_37, because it is not driving any load. (OPT-112)
Warning: Removing don't touch or size only GTECH cell div6/B_38, because it is not driving any load. (OPT-112)
Warning: Removing don't touch or size only GTECH cell div6/B_40, because it is not driving any load. (OPT-112)
Warning: Removing don't touch or size only GTECH cell div6/B_42, because it is not driving any load. (OPT-112)
Warning: Removing don't touch or size only GTECH cell div6/B_44, because it is not driving any load. (OPT-112)
Warning: Removing don't touch or size only GTECH cell div6/B_45, because it is not driving any load. (OPT-112)
Warning: Removing don't touch or size only GTECH cell div6/B_47, because it is not driving any load. (OPT-112)
Warning: Removing don't touch or size only GTECH cell div6/B_49, because it is not driving any load. (OPT-112)
Warning: Removing don't touch or size only GTECH cell div6/B_51, because it is not driving any load. (OPT-112)
Warning: Removing don't touch or size only GTECH cell div6/B_52, because it is not driving any load. (OPT-112)
Warning: Removing don't touch or size only GTECH cell div6/B_54, because it is not driving any load. (OPT-112)
Warning: Removing don't touch or size only GTECH cell div6/B_56, because it is not driving any load. (OPT-112)
Warning: Removing don't touch or size only GTECH cell div6/B_58, because it is not driving any load. (OPT-112)
Warning: Removing don't touch or size only GTECH cell div6/B_59, because it is not driving any load. (OPT-112)
Warning: Removing don't touch or size only GTECH cell div6/B_61, because it is not driving any load. (OPT-112)
Warning: Removing don't touch or size only GTECH cell div6/B_63, because it is not driving any load. (OPT-112)
Warning: Removing don't touch or size only GTECH cell div6/B_65, because it is not driving any load. (OPT-112)
Warning: Removing don't touch or size only GTECH cell div7/B_24, because it is not driving any load. (OPT-112)
Warning: Removing don't touch or size only GTECH cell div7/B_26, because it is not driving any load. (OPT-112)
Warning: Removing don't touch or size only GTECH cell div7/B_28, because it is not driving any load. (OPT-112)
Warning: Removing don't touch or size only GTECH cell div7/B_30, because it is not driving any load. (OPT-112)
Warning: Removing don't touch or size only GTECH cell div7/B_31, because it is not driving any load. (OPT-112)
Warning: Removing don't touch or size only GTECH cell div7/B_33, because it is not driving any load. (OPT-112)
Warning: Removing don't touch or size only GTECH cell div7/B_35, because it is not driving any load. (OPT-112)
Warning: Removing don't touch or size only GTECH cell div7/B_37, because it is not driving any load. (OPT-112)
Warning: Removing don't touch or size only GTECH cell div7/B_38, because it is not driving any load. (OPT-112)
Warning: Removing don't touch or size only GTECH cell div7/B_40, because it is not driving any load. (OPT-112)
Warning: Removing don't touch or size only GTECH cell div7/B_42, because it is not driving any load. (OPT-112)
Warning: Removing don't touch or size only GTECH cell div7/B_44, because it is not driving any load. (OPT-112)
Warning: Removing don't touch or size only GTECH cell div7/B_45, because it is not driving any load. (OPT-112)
Warning: Removing don't touch or size only GTECH cell div7/B_47, because it is not driving any load. (OPT-112)
Warning: Removing don't touch or size only GTECH cell div7/B_49, because it is not driving any load. (OPT-112)
Warning: Removing don't touch or size only GTECH cell div7/B_51, because it is not driving any load. (OPT-112)
Warning: Removing don't touch or size only GTECH cell div7/B_52, because it is not driving any load. (OPT-112)
Warning: Removing don't touch or size only GTECH cell div7/B_54, because it is not driving any load. (OPT-112)
Warning: Removing don't touch or size only GTECH cell div7/B_56, because it is not driving any load. (OPT-112)
Warning: Removing don't touch or size only GTECH cell div7/B_58, because it is not driving any load. (OPT-112)
Warning: Removing don't touch or size only GTECH cell div7/B_59, because it is not driving any load. (OPT-112)
Warning: Removing don't touch or size only GTECH cell div7/B_61, because it is not driving any load. (OPT-112)
Warning: Removing don't touch or size only GTECH cell div7/B_63, because it is not driving any load. (OPT-112)
Warning: Removing don't touch or size only GTECH cell div7/B_65, because it is not driving any load. (OPT-112)
Warning: Removing don't touch or size only GTECH cell div0/B_59, because it is not driving any load. (OPT-112)
Warning: Removing don't touch or size only GTECH cell div0/B_52, because it is not driving any load. (OPT-112)
Warning: Removing don't touch or size only GTECH cell div0/B_45, because it is not driving any load. (OPT-112)
Warning: Removing don't touch or size only GTECH cell div0/B_38, because it is not driving any load. (OPT-112)
Warning: Removing don't touch or size only GTECH cell div0/B_31, because it is not driving any load. (OPT-112)
Warning: Removing don't touch or size only GTECH cell div0/B_26, because it is not driving any load. (OPT-112)
Warning: Removing don't touch or size only GTECH cell div0/B_28, because it is not driving any load. (OPT-112)
Warning: Removing don't touch or size only GTECH cell div0/B_30, because it is not driving any load. (OPT-112)
Warning: Removing don't touch or size only GTECH cell div0/B_33, because it is not driving any load. (OPT-112)
Warning: Removing don't touch or size only GTECH cell div0/B_35, because it is not driving any load. (OPT-112)
Warning: Removing don't touch or size only GTECH cell div0/B_37, because it is not driving any load. (OPT-112)
Warning: Removing don't touch or size only GTECH cell div0/B_40, because it is not driving any load. (OPT-112)
Warning: Removing don't touch or size only GTECH cell div0/B_42, because it is not driving any load. (OPT-112)
Warning: Removing don't touch or size only GTECH cell div0/B_44, because it is not driving any load. (OPT-112)
Warning: Removing don't touch or size only GTECH cell div0/B_47, because it is not driving any load. (OPT-112)
Warning: Removing don't touch or size only GTECH cell div0/B_49, because it is not driving any load. (OPT-112)
Warning: Removing don't touch or size only GTECH cell div0/B_51, because it is not driving any load. (OPT-112)
Warning: Removing don't touch or size only GTECH cell div0/B_54, because it is not driving any load. (OPT-112)
Warning: Removing don't touch or size only GTECH cell div0/B_56, because it is not driving any load. (OPT-112)
Warning: Removing don't touch or size only GTECH cell div0/B_58, because it is not driving any load. (OPT-112)
Warning: Removing don't touch or size only GTECH cell div0/B_24, because it is not driving any load. (OPT-112)
Warning: Removing don't touch or size only GTECH cell div0/B_65, because it is not driving any load. (OPT-112)
Warning: Removing don't touch or size only GTECH cell div0/B_63, because it is not driving any load. (OPT-112)
Warning: Removing don't touch or size only GTECH cell div0/B_61, because it is not driving any load. (OPT-112)
Warning: Removing don't touch or size only GTECH cell div1/B_59, because it is not driving any load. (OPT-112)
Warning: Removing don't touch or size only GTECH cell div1/B_52, because it is not driving any load. (OPT-112)
Warning: Removing don't touch or size only GTECH cell div1/B_45, because it is not driving any load. (OPT-112)
Warning: Removing don't touch or size only GTECH cell div1/B_38, because it is not driving any load. (OPT-112)
Warning: Removing don't touch or size only GTECH cell div1/B_31, because it is not driving any load. (OPT-112)
Warning: Removing don't touch or size only GTECH cell div1/B_26, because it is not driving any load. (OPT-112)
Warning: Removing don't touch or size only GTECH cell div1/B_28, because it is not driving any load. (OPT-112)
Warning: Removing don't touch or size only GTECH cell div1/B_30, because it is not driving any load. (OPT-112)
Warning: Removing don't touch or size only GTECH cell div1/B_33, because it is not driving any load. (OPT-112)
Warning: Removing don't touch or size only GTECH cell div1/B_35, because it is not driving any load. (OPT-112)
Warning: Removing don't touch or size only GTECH cell div1/B_37, because it is not driving any load. (OPT-112)
Warning: Removing don't touch or size only GTECH cell div1/B_40, because it is not driving any load. (OPT-112)
Warning: Removing don't touch or size only GTECH cell div1/B_42, because it is not driving any load. (OPT-112)
Warning: Removing don't touch or size only GTECH cell div1/B_44, because it is not driving any load. (OPT-112)
Warning: Removing don't touch or size only GTECH cell div1/B_47, because it is not driving any load. (OPT-112)
Warning: Removing don't touch or size only GTECH cell div1/B_49, because it is not driving any load. (OPT-112)
Warning: Removing don't touch or size only GTECH cell div1/B_51, because it is not driving any load. (OPT-112)
Warning: Removing don't touch or size only GTECH cell div1/B_54, because it is not driving any load. (OPT-112)
Warning: Removing don't touch or size only GTECH cell div1/B_56, because it is not driving any load. (OPT-112)
Warning: Removing don't touch or size only GTECH cell div1/B_58, because it is not driving any load. (OPT-112)
Warning: Removing don't touch or size only GTECH cell div1/B_24, because it is not driving any load. (OPT-112)
Warning: Removing don't touch or size only GTECH cell div1/B_65, because it is not driving any load. (OPT-112)
Warning: Removing don't touch or size only GTECH cell div1/B_63, because it is not driving any load. (OPT-112)
Warning: Removing don't touch or size only GTECH cell div1/B_61, because it is not driving any load. (OPT-112)
Warning: Removing don't touch or size only GTECH cell div2/B_59, because it is not driving any load. (OPT-112)
Warning: Removing don't touch or size only GTECH cell div2/B_52, because it is not driving any load. (OPT-112)
Warning: Removing don't touch or size only GTECH cell div2/B_45, because it is not driving any load. (OPT-112)
Warning: Removing don't touch or size only GTECH cell div2/B_38, because it is not driving any load. (OPT-112)
Warning: Removing don't touch or size only GTECH cell div2/B_31, because it is not driving any load. (OPT-112)
Warning: Removing don't touch or size only GTECH cell div2/B_26, because it is not driving any load. (OPT-112)
Warning: Removing don't touch or size only GTECH cell div2/B_28, because it is not driving any load. (OPT-112)
Warning: Removing don't touch or size only GTECH cell div2/B_30, because it is not driving any load. (OPT-112)
Warning: Removing don't touch or size only GTECH cell div2/B_33, because it is not driving any load. (OPT-112)
Warning: Removing don't touch or size only GTECH cell div2/B_35, because it is not driving any load. (OPT-112)
Warning: Removing don't touch or size only GTECH cell div2/B_37, because it is not driving any load. (OPT-112)
Warning: Removing don't touch or size only GTECH cell div2/B_40, because it is not driving any load. (OPT-112)
Warning: Removing don't touch or size only GTECH cell div2/B_42, because it is not driving any load. (OPT-112)
Warning: Removing don't touch or size only GTECH cell div2/B_44, because it is not driving any load. (OPT-112)
Warning: Removing don't touch or size only GTECH cell div2/B_47, because it is not driving any load. (OPT-112)
Warning: Removing don't touch or size only GTECH cell div2/B_49, because it is not driving any load. (OPT-112)
Warning: Removing don't touch or size only GTECH cell div2/B_51, because it is not driving any load. (OPT-112)
Warning: Removing don't touch or size only GTECH cell div2/B_54, because it is not driving any load. (OPT-112)
Warning: Removing don't touch or size only GTECH cell div2/B_56, because it is not driving any load. (OPT-112)
Warning: Removing don't touch or size only GTECH cell div2/B_58, because it is not driving any load. (OPT-112)
Warning: Removing don't touch or size only GTECH cell div2/B_24, because it is not driving any load. (OPT-112)
Warning: Removing don't touch or size only GTECH cell div2/B_65, because it is not driving any load. (OPT-112)
Warning: Removing don't touch or size only GTECH cell div2/B_63, because it is not driving any load. (OPT-112)
Warning: Removing don't touch or size only GTECH cell div2/B_61, because it is not driving any load. (OPT-112)
Warning: Removing don't touch or size only GTECH cell div3/B_59, because it is not driving any load. (OPT-112)
Warning: Removing don't touch or size only GTECH cell div3/B_52, because it is not driving any load. (OPT-112)
Warning: Removing don't touch or size only GTECH cell div3/B_45, because it is not driving any load. (OPT-112)
Warning: Removing don't touch or size only GTECH cell div3/B_38, because it is not driving any load. (OPT-112)
Warning: Removing don't touch or size only GTECH cell div3/B_31, because it is not driving any load. (OPT-112)
Warning: Removing don't touch or size only GTECH cell div3/B_26, because it is not driving any load. (OPT-112)
Warning: Removing don't touch or size only GTECH cell div3/B_28, because it is not driving any load. (OPT-112)
Warning: Removing don't touch or size only GTECH cell div3/B_30, because it is not driving any load. (OPT-112)
Warning: Removing don't touch or size only GTECH cell div3/B_33, because it is not driving any load. (OPT-112)
Warning: Removing don't touch or size only GTECH cell div3/B_35, because it is not driving any load. (OPT-112)
Warning: Removing don't touch or size only GTECH cell div3/B_37, because it is not driving any load. (OPT-112)
Warning: Removing don't touch or size only GTECH cell div3/B_40, because it is not driving any load. (OPT-112)
Warning: Removing don't touch or size only GTECH cell div3/B_42, because it is not driving any load. (OPT-112)
Warning: Removing don't touch or size only GTECH cell div3/B_44, because it is not driving any load. (OPT-112)
Warning: Removing don't touch or size only GTECH cell div3/B_47, because it is not driving any load. (OPT-112)
Warning: Removing don't touch or size only GTECH cell div3/B_49, because it is not driving any load. (OPT-112)
Warning: Removing don't touch or size only GTECH cell div3/B_51, because it is not driving any load. (OPT-112)
Warning: Removing don't touch or size only GTECH cell div3/B_54, because it is not driving any load. (OPT-112)
Warning: Removing don't touch or size only GTECH cell div3/B_56, because it is not driving any load. (OPT-112)
Warning: Removing don't touch or size only GTECH cell div3/B_58, because it is not driving any load. (OPT-112)
Warning: Removing don't touch or size only GTECH cell div3/B_24, because it is not driving any load. (OPT-112)
Warning: Removing don't touch or size only GTECH cell div3/B_65, because it is not driving any load. (OPT-112)
Warning: Removing don't touch or size only GTECH cell div3/B_63, because it is not driving any load. (OPT-112)
Warning: Removing don't touch or size only GTECH cell div3/B_61, because it is not driving any load. (OPT-112)
Warning: Removing don't touch or size only GTECH cell div4/B_59, because it is not driving any load. (OPT-112)
Warning: Removing don't touch or size only GTECH cell div4/B_52, because it is not driving any load. (OPT-112)
Warning: Removing don't touch or size only GTECH cell div4/B_45, because it is not driving any load. (OPT-112)
Warning: Removing don't touch or size only GTECH cell div4/B_38, because it is not driving any load. (OPT-112)
Warning: Removing don't touch or size only GTECH cell div4/B_31, because it is not driving any load. (OPT-112)
Warning: Removing don't touch or size only GTECH cell div4/B_26, because it is not driving any load. (OPT-112)
Warning: Removing don't touch or size only GTECH cell div4/B_28, because it is not driving any load. (OPT-112)
Warning: Removing don't touch or size only GTECH cell div4/B_30, because it is not driving any load. (OPT-112)
Warning: Removing don't touch or size only GTECH cell div4/B_33, because it is not driving any load. (OPT-112)
Warning: Removing don't touch or size only GTECH cell div4/B_35, because it is not driving any load. (OPT-112)
Warning: Removing don't touch or size only GTECH cell div4/B_37, because it is not driving any load. (OPT-112)
Warning: Removing don't touch or size only GTECH cell div4/B_40, because it is not driving any load. (OPT-112)
Warning: Removing don't touch or size only GTECH cell div4/B_42, because it is not driving any load. (OPT-112)
Warning: Removing don't touch or size only GTECH cell div4/B_44, because it is not driving any load. (OPT-112)
Warning: Removing don't touch or size only GTECH cell div4/B_47, because it is not driving any load. (OPT-112)
Warning: Removing don't touch or size only GTECH cell div4/B_49, because it is not driving any load. (OPT-112)
Warning: Removing don't touch or size only GTECH cell div4/B_51, because it is not driving any load. (OPT-112)
Warning: Removing don't touch or size only GTECH cell div4/B_54, because it is not driving any load. (OPT-112)
Warning: Removing don't touch or size only GTECH cell div4/B_56, because it is not driving any load. (OPT-112)
Warning: Removing don't touch or size only GTECH cell div4/B_58, because it is not driving any load. (OPT-112)
Warning: Removing don't touch or size only GTECH cell div4/B_24, because it is not driving any load. (OPT-112)
Warning: Removing don't touch or size only GTECH cell div4/B_65, because it is not driving any load. (OPT-112)
Warning: Removing don't touch or size only GTECH cell div4/B_63, because it is not driving any load. (OPT-112)
Warning: Removing don't touch or size only GTECH cell div4/B_61, because it is not driving any load. (OPT-112)
Warning: Removing don't touch or size only GTECH cell div5/B_59, because it is not driving any load. (OPT-112)
Warning: Removing don't touch or size only GTECH cell div5/B_52, because it is not driving any load. (OPT-112)
Warning: Removing don't touch or size only GTECH cell div5/B_45, because it is not driving any load. (OPT-112)
Warning: Removing don't touch or size only GTECH cell div5/B_38, because it is not driving any load. (OPT-112)
Warning: Removing don't touch or size only GTECH cell div5/B_31, because it is not driving any load. (OPT-112)
Warning: Removing don't touch or size only GTECH cell div5/B_26, because it is not driving any load. (OPT-112)
Warning: Removing don't touch or size only GTECH cell div5/B_28, because it is not driving any load. (OPT-112)
Warning: Removing don't touch or size only GTECH cell div5/B_30, because it is not driving any load. (OPT-112)
Warning: Removing don't touch or size only GTECH cell div5/B_33, because it is not driving any load. (OPT-112)
Warning: Removing don't touch or size only GTECH cell div5/B_35, because it is not driving any load. (OPT-112)
Warning: Removing don't touch or size only GTECH cell div5/B_37, because it is not driving any load. (OPT-112)
Warning: Removing don't touch or size only GTECH cell div5/B_40, because it is not driving any load. (OPT-112)
Warning: Removing don't touch or size only GTECH cell div5/B_42, because it is not driving any load. (OPT-112)
Warning: Removing don't touch or size only GTECH cell div5/B_44, because it is not driving any load. (OPT-112)
Warning: Removing don't touch or size only GTECH cell div5/B_47, because it is not driving any load. (OPT-112)
Warning: Removing don't touch or size only GTECH cell div5/B_49, because it is not driving any load. (OPT-112)
Warning: Removing don't touch or size only GTECH cell div5/B_51, because it is not driving any load. (OPT-112)
Warning: Removing don't touch or size only GTECH cell div5/B_54, because it is not driving any load. (OPT-112)
Warning: Removing don't touch or size only GTECH cell div5/B_56, because it is not driving any load. (OPT-112)
Warning: Removing don't touch or size only GTECH cell div5/B_58, because it is not driving any load. (OPT-112)
Warning: Removing don't touch or size only GTECH cell div5/B_24, because it is not driving any load. (OPT-112)
Warning: Removing don't touch or size only GTECH cell div5/B_65, because it is not driving any load. (OPT-112)
Warning: Removing don't touch or size only GTECH cell div5/B_63, because it is not driving any load. (OPT-112)
Warning: Removing don't touch or size only GTECH cell div5/B_61, because it is not driving any load. (OPT-112)
Warning: Removing don't touch or size only GTECH cell div6/B_59, because it is not driving any load. (OPT-112)
Warning: Removing don't touch or size only GTECH cell div6/B_52, because it is not driving any load. (OPT-112)
Warning: Removing don't touch or size only GTECH cell div6/B_45, because it is not driving any load. (OPT-112)
Warning: Removing don't touch or size only GTECH cell div6/B_38, because it is not driving any load. (OPT-112)
Warning: Removing don't touch or size only GTECH cell div6/B_31, because it is not driving any load. (OPT-112)
Warning: Removing don't touch or size only GTECH cell div6/B_26, because it is not driving any load. (OPT-112)
Warning: Removing don't touch or size only GTECH cell div6/B_28, because it is not driving any load. (OPT-112)
Warning: Removing don't touch or size only GTECH cell div6/B_30, because it is not driving any load. (OPT-112)
Warning: Removing don't touch or size only GTECH cell div6/B_33, because it is not driving any load. (OPT-112)
Warning: Removing don't touch or size only GTECH cell div6/B_35, because it is not driving any load. (OPT-112)
Warning: Removing don't touch or size only GTECH cell div6/B_37, because it is not driving any load. (OPT-112)
Warning: Removing don't touch or size only GTECH cell div6/B_40, because it is not driving any load. (OPT-112)
Warning: Removing don't touch or size only GTECH cell div6/B_42, because it is not driving any load. (OPT-112)
Warning: Removing don't touch or size only GTECH cell div6/B_44, because it is not driving any load. (OPT-112)
Warning: Removing don't touch or size only GTECH cell div6/B_47, because it is not driving any load. (OPT-112)
Warning: Removing don't touch or size only GTECH cell div6/B_49, because it is not driving any load. (OPT-112)
Warning: Removing don't touch or size only GTECH cell div6/B_51, because it is not driving any load. (OPT-112)
Warning: Removing don't touch or size only GTECH cell div6/B_54, because it is not driving any load. (OPT-112)
Warning: Removing don't touch or size only GTECH cell div6/B_56, because it is not driving any load. (OPT-112)
Warning: Removing don't touch or size only GTECH cell div6/B_58, because it is not driving any load. (OPT-112)
Warning: Removing don't touch or size only GTECH cell div6/B_24, because it is not driving any load. (OPT-112)
Warning: Removing don't touch or size only GTECH cell div6/B_65, because it is not driving any load. (OPT-112)
Warning: Removing don't touch or size only GTECH cell div6/B_63, because it is not driving any load. (OPT-112)
Warning: Removing don't touch or size only GTECH cell div6/B_61, because it is not driving any load. (OPT-112)
Warning: Removing don't touch or size only GTECH cell div7/B_59, because it is not driving any load. (OPT-112)
Warning: Removing don't touch or size only GTECH cell div7/B_52, because it is not driving any load. (OPT-112)
Warning: Removing don't touch or size only GTECH cell div7/B_45, because it is not driving any load. (OPT-112)
Warning: Removing don't touch or size only GTECH cell div7/B_38, because it is not driving any load. (OPT-112)
Warning: Removing don't touch or size only GTECH cell div7/B_31, because it is not driving any load. (OPT-112)
Warning: Removing don't touch or size only GTECH cell div7/B_26, because it is not driving any load. (OPT-112)
Warning: Removing don't touch or size only GTECH cell div7/B_28, because it is not driving any load. (OPT-112)
Warning: Removing don't touch or size only GTECH cell div7/B_30, because it is not driving any load. (OPT-112)
Warning: Removing don't touch or size only GTECH cell div7/B_33, because it is not driving any load. (OPT-112)
Warning: Removing don't touch or size only GTECH cell div7/B_35, because it is not driving any load. (OPT-112)
Warning: Removing don't touch or size only GTECH cell div7/B_37, because it is not driving any load. (OPT-112)
Warning: Removing don't touch or size only GTECH cell div7/B_40, because it is not driving any load. (OPT-112)
Warning: Removing don't touch or size only GTECH cell div7/B_42, because it is not driving any load. (OPT-112)
Warning: Removing don't touch or size only GTECH cell div7/B_44, because it is not driving any load. (OPT-112)
Warning: Removing don't touch or size only GTECH cell div7/B_47, because it is not driving any load. (OPT-112)
Warning: Removing don't touch or size only GTECH cell div7/B_49, because it is not driving any load. (OPT-112)
Warning: Removing don't touch or size only GTECH cell div7/B_51, because it is not driving any load. (OPT-112)
Warning: Removing don't touch or size only GTECH cell div7/B_54, because it is not driving any load. (OPT-112)
Warning: Removing don't touch or size only GTECH cell div7/B_56, because it is not driving any load. (OPT-112)
Warning: Removing don't touch or size only GTECH cell div7/B_58, because it is not driving any load. (OPT-112)
Warning: Removing don't touch or size only GTECH cell div7/B_24, because it is not driving any load. (OPT-112)
Warning: Removing don't touch or size only GTECH cell div7/B_65, because it is not driving any load. (OPT-112)
Warning: Removing don't touch or size only GTECH cell div7/B_63, because it is not driving any load. (OPT-112)
Warning: Removing don't touch or size only GTECH cell div7/B_61, because it is not driving any load. (OPT-112)
Warning: Removing don't touch or size only GTECH cell div0/B_24, because it is not driving any load. (OPT-112)
Warning: Removing don't touch or size only GTECH cell div0/B_26, because it is not driving any load. (OPT-112)
Warning: Removing don't touch or size only GTECH cell div0/B_28, because it is not driving any load. (OPT-112)
Warning: Removing don't touch or size only GTECH cell div0/B_30, because it is not driving any load. (OPT-112)
Warning: Removing don't touch or size only GTECH cell div0/B_31, because it is not driving any load. (OPT-112)
Warning: Removing don't touch or size only GTECH cell div0/B_33, because it is not driving any load. (OPT-112)
Warning: Removing don't touch or size only GTECH cell div0/B_35, because it is not driving any load. (OPT-112)
Warning: Removing don't touch or size only GTECH cell div0/B_37, because it is not driving any load. (OPT-112)
Warning: Removing don't touch or size only GTECH cell div0/B_38, because it is not driving any load. (OPT-112)
Warning: Removing don't touch or size only GTECH cell div0/B_40, because it is not driving any load. (OPT-112)
Warning: Removing don't touch or size only GTECH cell div0/B_42, because it is not driving any load. (OPT-112)
Warning: Removing don't touch or size only GTECH cell div0/B_44, because it is not driving any load. (OPT-112)
Warning: Removing don't touch or size only GTECH cell div0/B_45, because it is not driving any load. (OPT-112)
Warning: Removing don't touch or size only GTECH cell div0/B_47, because it is not driving any load. (OPT-112)
Warning: Removing don't touch or size only GTECH cell div0/B_49, because it is not driving any load. (OPT-112)
Warning: Removing don't touch or size only GTECH cell div0/B_51, because it is not driving any load. (OPT-112)
Warning: Removing don't touch or size only GTECH cell div0/B_52, because it is not driving any load. (OPT-112)
Warning: Removing don't touch or size only GTECH cell div0/B_54, because it is not driving any load. (OPT-112)
Warning: Removing don't touch or size only GTECH cell div0/B_56, because it is not driving any load. (OPT-112)
Warning: Removing don't touch or size only GTECH cell div0/B_58, because it is not driving any load. (OPT-112)
Warning: Removing don't touch or size only GTECH cell div0/B_59, because it is not driving any load. (OPT-112)
Warning: Removing don't touch or size only GTECH cell div0/B_61, because it is not driving any load. (OPT-112)
Warning: Removing don't touch or size only GTECH cell div0/B_63, because it is not driving any load. (OPT-112)
Warning: Removing don't touch or size only GTECH cell div0/B_65, because it is not driving any load. (OPT-112)
Warning: Removing don't touch or size only GTECH cell div1/B_24, because it is not driving any load. (OPT-112)
Warning: Removing don't touch or size only GTECH cell div1/B_26, because it is not driving any load. (OPT-112)
Warning: Removing don't touch or size only GTECH cell div1/B_28, because it is not driving any load. (OPT-112)
Warning: Removing don't touch or size only GTECH cell div1/B_30, because it is not driving any load. (OPT-112)
Warning: Removing don't touch or size only GTECH cell div1/B_31, because it is not driving any load. (OPT-112)
Warning: Removing don't touch or size only GTECH cell div1/B_33, because it is not driving any load. (OPT-112)
Warning: Removing don't touch or size only GTECH cell div1/B_35, because it is not driving any load. (OPT-112)
Warning: Removing don't touch or size only GTECH cell div1/B_37, because it is not driving any load. (OPT-112)
Warning: Removing don't touch or size only GTECH cell div1/B_38, because it is not driving any load. (OPT-112)
Warning: Removing don't touch or size only GTECH cell div1/B_40, because it is not driving any load. (OPT-112)
Warning: Removing don't touch or size only GTECH cell div1/B_42, because it is not driving any load. (OPT-112)
Warning: Removing don't touch or size only GTECH cell div1/B_44, because it is not driving any load. (OPT-112)
Warning: Removing don't touch or size only GTECH cell div1/B_45, because it is not driving any load. (OPT-112)
Warning: Removing don't touch or size only GTECH cell div1/B_47, because it is not driving any load. (OPT-112)
Warning: Removing don't touch or size only GTECH cell div1/B_49, because it is not driving any load. (OPT-112)
Warning: Removing don't touch or size only GTECH cell div1/B_51, because it is not driving any load. (OPT-112)
Warning: Removing don't touch or size only GTECH cell div1/B_52, because it is not driving any load. (OPT-112)
Warning: Removing don't touch or size only GTECH cell div1/B_54, because it is not driving any load. (OPT-112)
Warning: Removing don't touch or size only GTECH cell div1/B_56, because it is not driving any load. (OPT-112)
Warning: Removing don't touch or size only GTECH cell div1/B_58, because it is not driving any load. (OPT-112)
Warning: Removing don't touch or size only GTECH cell div1/B_59, because it is not driving any load. (OPT-112)
Warning: Removing don't touch or size only GTECH cell div1/B_61, because it is not driving any load. (OPT-112)
Warning: Removing don't touch or size only GTECH cell div1/B_63, because it is not driving any load. (OPT-112)
Warning: Removing don't touch or size only GTECH cell div1/B_65, because it is not driving any load. (OPT-112)
Warning: Removing don't touch or size only GTECH cell div2/B_24, because it is not driving any load. (OPT-112)
Warning: Removing don't touch or size only GTECH cell div2/B_26, because it is not driving any load. (OPT-112)
Warning: Removing don't touch or size only GTECH cell div2/B_28, because it is not driving any load. (OPT-112)
Warning: Removing don't touch or size only GTECH cell div2/B_30, because it is not driving any load. (OPT-112)
Warning: Removing don't touch or size only GTECH cell div2/B_31, because it is not driving any load. (OPT-112)
Warning: Removing don't touch or size only GTECH cell div2/B_33, because it is not driving any load. (OPT-112)
Warning: Removing don't touch or size only GTECH cell div2/B_35, because it is not driving any load. (OPT-112)
Warning: Removing don't touch or size only GTECH cell div2/B_37, because it is not driving any load. (OPT-112)
Warning: Removing don't touch or size only GTECH cell div2/B_38, because it is not driving any load. (OPT-112)
Warning: Removing don't touch or size only GTECH cell div2/B_40, because it is not driving any load. (OPT-112)
Warning: Removing don't touch or size only GTECH cell div2/B_42, because it is not driving any load. (OPT-112)
Warning: Removing don't touch or size only GTECH cell div2/B_44, because it is not driving any load. (OPT-112)
Warning: Removing don't touch or size only GTECH cell div2/B_45, because it is not driving any load. (OPT-112)
Warning: Removing don't touch or size only GTECH cell div2/B_47, because it is not driving any load. (OPT-112)
Warning: Removing don't touch or size only GTECH cell div2/B_49, because it is not driving any load. (OPT-112)
Warning: Removing don't touch or size only GTECH cell div2/B_51, because it is not driving any load. (OPT-112)
Warning: Removing don't touch or size only GTECH cell div2/B_52, because it is not driving any load. (OPT-112)
Warning: Removing don't touch or size only GTECH cell div2/B_54, because it is not driving any load. (OPT-112)
Warning: Removing don't touch or size only GTECH cell div2/B_56, because it is not driving any load. (OPT-112)
Warning: Removing don't touch or size only GTECH cell div2/B_58, because it is not driving any load. (OPT-112)
Warning: Removing don't touch or size only GTECH cell div2/B_59, because it is not driving any load. (OPT-112)
Warning: Removing don't touch or size only GTECH cell div2/B_61, because it is not driving any load. (OPT-112)
Warning: Removing don't touch or size only GTECH cell div2/B_63, because it is not driving any load. (OPT-112)
Warning: Removing don't touch or size only GTECH cell div2/B_65, because it is not driving any load. (OPT-112)
Warning: Removing don't touch or size only GTECH cell div3/B_24, because it is not driving any load. (OPT-112)
Warning: Removing don't touch or size only GTECH cell div3/B_26, because it is not driving any load. (OPT-112)
Warning: Removing don't touch or size only GTECH cell div3/B_28, because it is not driving any load. (OPT-112)
Warning: Removing don't touch or size only GTECH cell div3/B_30, because it is not driving any load. (OPT-112)
Warning: Removing don't touch or size only GTECH cell div3/B_31, because it is not driving any load. (OPT-112)
Warning: Removing don't touch or size only GTECH cell div3/B_33, because it is not driving any load. (OPT-112)
Warning: Removing don't touch or size only GTECH cell div3/B_35, because it is not driving any load. (OPT-112)
Warning: Removing don't touch or size only GTECH cell div3/B_37, because it is not driving any load. (OPT-112)
Warning: Removing don't touch or size only GTECH cell div3/B_38, because it is not driving any load. (OPT-112)
Warning: Removing don't touch or size only GTECH cell div3/B_40, because it is not driving any load. (OPT-112)
Warning: Removing don't touch or size only GTECH cell div3/B_42, because it is not driving any load. (OPT-112)
Warning: Removing don't touch or size only GTECH cell div3/B_44, because it is not driving any load. (OPT-112)
Warning: Removing don't touch or size only GTECH cell div3/B_45, because it is not driving any load. (OPT-112)
Warning: Removing don't touch or size only GTECH cell div3/B_47, because it is not driving any load. (OPT-112)
Warning: Removing don't touch or size only GTECH cell div3/B_49, because it is not driving any load. (OPT-112)
Warning: Removing don't touch or size only GTECH cell div3/B_51, because it is not driving any load. (OPT-112)
Warning: Removing don't touch or size only GTECH cell div3/B_52, because it is not driving any load. (OPT-112)
Warning: Removing don't touch or size only GTECH cell div3/B_54, because it is not driving any load. (OPT-112)
Warning: Removing don't touch or size only GTECH cell div3/B_56, because it is not driving any load. (OPT-112)
Warning: Removing don't touch or size only GTECH cell div3/B_58, because it is not driving any load. (OPT-112)
Warning: Removing don't touch or size only GTECH cell div3/B_59, because it is not driving any load. (OPT-112)
Warning: Removing don't touch or size only GTECH cell div3/B_61, because it is not driving any load. (OPT-112)
Warning: Removing don't touch or size only GTECH cell div3/B_63, because it is not driving any load. (OPT-112)
Warning: Removing don't touch or size only GTECH cell div3/B_65, because it is not driving any load. (OPT-112)
Warning: Removing don't touch or size only GTECH cell div4/B_24, because it is not driving any load. (OPT-112)
Warning: Removing don't touch or size only GTECH cell div4/B_26, because it is not driving any load. (OPT-112)
Warning: Removing don't touch or size only GTECH cell div4/B_28, because it is not driving any load. (OPT-112)
Warning: Removing don't touch or size only GTECH cell div4/B_30, because it is not driving any load. (OPT-112)
Warning: Removing don't touch or size only GTECH cell div4/B_31, because it is not driving any load. (OPT-112)
Warning: Removing don't touch or size only GTECH cell div4/B_33, because it is not driving any load. (OPT-112)
Warning: Removing don't touch or size only GTECH cell div4/B_35, because it is not driving any load. (OPT-112)
Warning: Removing don't touch or size only GTECH cell div4/B_37, because it is not driving any load. (OPT-112)
Warning: Removing don't touch or size only GTECH cell div4/B_38, because it is not driving any load. (OPT-112)
Warning: Removing don't touch or size only GTECH cell div4/B_40, because it is not driving any load. (OPT-112)
Warning: Removing don't touch or size only GTECH cell div4/B_42, because it is not driving any load. (OPT-112)
Warning: Removing don't touch or size only GTECH cell div4/B_44, because it is not driving any load. (OPT-112)
Warning: Removing don't touch or size only GTECH cell div4/B_45, because it is not driving any load. (OPT-112)
Warning: Removing don't touch or size only GTECH cell div4/B_47, because it is not driving any load. (OPT-112)
Warning: Removing don't touch or size only GTECH cell div4/B_49, because it is not driving any load. (OPT-112)
Warning: Removing don't touch or size only GTECH cell div4/B_51, because it is not driving any load. (OPT-112)
Warning: Removing don't touch or size only GTECH cell div4/B_52, because it is not driving any load. (OPT-112)
Warning: Removing don't touch or size only GTECH cell div4/B_54, because it is not driving any load. (OPT-112)
Warning: Removing don't touch or size only GTECH cell div4/B_56, because it is not driving any load. (OPT-112)
Warning: Removing don't touch or size only GTECH cell div4/B_58, because it is not driving any load. (OPT-112)
Warning: Removing don't touch or size only GTECH cell div4/B_59, because it is not driving any load. (OPT-112)
Warning: Removing don't touch or size only GTECH cell div4/B_61, because it is not driving any load. (OPT-112)
Warning: Removing don't touch or size only GTECH cell div4/B_63, because it is not driving any load. (OPT-112)
Warning: Removing don't touch or size only GTECH cell div4/B_65, because it is not driving any load. (OPT-112)
Warning: Removing don't touch or size only GTECH cell div5/B_24, because it is not driving any load. (OPT-112)
Warning: Removing don't touch or size only GTECH cell div5/B_26, because it is not driving any load. (OPT-112)
Warning: Removing don't touch or size only GTECH cell div5/B_28, because it is not driving any load. (OPT-112)
Warning: Removing don't touch or size only GTECH cell div5/B_30, because it is not driving any load. (OPT-112)
Warning: Removing don't touch or size only GTECH cell div5/B_31, because it is not driving any load. (OPT-112)
Warning: Removing don't touch or size only GTECH cell div5/B_33, because it is not driving any load. (OPT-112)
Warning: Removing don't touch or size only GTECH cell div5/B_35, because it is not driving any load. (OPT-112)
Warning: Removing don't touch or size only GTECH cell div5/B_37, because it is not driving any load. (OPT-112)
Warning: Removing don't touch or size only GTECH cell div5/B_38, because it is not driving any load. (OPT-112)
Warning: Removing don't touch or size only GTECH cell div5/B_40, because it is not driving any load. (OPT-112)
Warning: Removing don't touch or size only GTECH cell div5/B_42, because it is not driving any load. (OPT-112)
Warning: Removing don't touch or size only GTECH cell div5/B_44, because it is not driving any load. (OPT-112)
Warning: Removing don't touch or size only GTECH cell div5/B_45, because it is not driving any load. (OPT-112)
Warning: Removing don't touch or size only GTECH cell div5/B_47, because it is not driving any load. (OPT-112)
Warning: Removing don't touch or size only GTECH cell div5/B_49, because it is not driving any load. (OPT-112)
Warning: Removing don't touch or size only GTECH cell div5/B_51, because it is not driving any load. (OPT-112)
Warning: Removing don't touch or size only GTECH cell div5/B_52, because it is not driving any load. (OPT-112)
Warning: Removing don't touch or size only GTECH cell div5/B_54, because it is not driving any load. (OPT-112)
Warning: Removing don't touch or size only GTECH cell div5/B_56, because it is not driving any load. (OPT-112)
Warning: Removing don't touch or size only GTECH cell div5/B_58, because it is not driving any load. (OPT-112)
Warning: Removing don't touch or size only GTECH cell div5/B_59, because it is not driving any load. (OPT-112)
Warning: Removing don't touch or size only GTECH cell div5/B_61, because it is not driving any load. (OPT-112)
Warning: Removing don't touch or size only GTECH cell div5/B_63, because it is not driving any load. (OPT-112)
Warning: Removing don't touch or size only GTECH cell div5/B_65, because it is not driving any load. (OPT-112)
Warning: Removing don't touch or size only GTECH cell div6/B_24, because it is not driving any load. (OPT-112)
Warning: Removing don't touch or size only GTECH cell div6/B_26, because it is not driving any load. (OPT-112)
Warning: Removing don't touch or size only GTECH cell div6/B_28, because it is not driving any load. (OPT-112)
Warning: Removing don't touch or size only GTECH cell div6/B_30, because it is not driving any load. (OPT-112)
Warning: Removing don't touch or size only GTECH cell div6/B_31, because it is not driving any load. (OPT-112)
Warning: Removing don't touch or size only GTECH cell div6/B_33, because it is not driving any load. (OPT-112)
Warning: Removing don't touch or size only GTECH cell div6/B_35, because it is not driving any load. (OPT-112)
Warning: Removing don't touch or size only GTECH cell div6/B_37, because it is not driving any load. (OPT-112)
Warning: Removing don't touch or size only GTECH cell div6/B_38, because it is not driving any load. (OPT-112)
Warning: Removing don't touch or size only GTECH cell div6/B_40, because it is not driving any load. (OPT-112)
Warning: Removing don't touch or size only GTECH cell div6/B_42, because it is not driving any load. (OPT-112)
Warning: Removing don't touch or size only GTECH cell div6/B_44, because it is not driving any load. (OPT-112)
Warning: Removing don't touch or size only GTECH cell div6/B_45, because it is not driving any load. (OPT-112)
Warning: Removing don't touch or size only GTECH cell div6/B_47, because it is not driving any load. (OPT-112)
Warning: Removing don't touch or size only GTECH cell div6/B_49, because it is not driving any load. (OPT-112)
Warning: Removing don't touch or size only GTECH cell div6/B_51, because it is not driving any load. (OPT-112)
Warning: Removing don't touch or size only GTECH cell div6/B_52, because it is not driving any load. (OPT-112)
Warning: Removing don't touch or size only GTECH cell div6/B_54, because it is not driving any load. (OPT-112)
Warning: Removing don't touch or size only GTECH cell div6/B_56, because it is not driving any load. (OPT-112)
Warning: Removing don't touch or size only GTECH cell div6/B_58, because it is not driving any load. (OPT-112)
Warning: Removing don't touch or size only GTECH cell div6/B_59, because it is not driving any load. (OPT-112)
Warning: Removing don't touch or size only GTECH cell div6/B_61, because it is not driving any load. (OPT-112)
Warning: Removing don't touch or size only GTECH cell div6/B_63, because it is not driving any load. (OPT-112)
Warning: Removing don't touch or size only GTECH cell div6/B_65, because it is not driving any load. (OPT-112)
Warning: Removing don't touch or size only GTECH cell div7/B_24, because it is not driving any load. (OPT-112)
Warning: Removing don't touch or size only GTECH cell div7/B_26, because it is not driving any load. (OPT-112)
Warning: Removing don't touch or size only GTECH cell div7/B_28, because it is not driving any load. (OPT-112)
Warning: Removing don't touch or size only GTECH cell div7/B_30, because it is not driving any load. (OPT-112)
Warning: Removing don't touch or size only GTECH cell div7/B_31, because it is not driving any load. (OPT-112)
Warning: Removing don't touch or size only GTECH cell div7/B_33, because it is not driving any load. (OPT-112)
Warning: Removing don't touch or size only GTECH cell div7/B_35, because it is not driving any load. (OPT-112)
Warning: Removing don't touch or size only GTECH cell div7/B_37, because it is not driving any load. (OPT-112)
Warning: Removing don't touch or size only GTECH cell div7/B_38, because it is not driving any load. (OPT-112)
Warning: Removing don't touch or size only GTECH cell div7/B_40, because it is not driving any load. (OPT-112)
Warning: Removing don't touch or size only GTECH cell div7/B_42, because it is not driving any load. (OPT-112)
Warning: Removing don't touch or size only GTECH cell div7/B_44, because it is not driving any load. (OPT-112)
Warning: Removing don't touch or size only GTECH cell div7/B_45, because it is not driving any load. (OPT-112)
Warning: Removing don't touch or size only GTECH cell div7/B_47, because it is not driving any load. (OPT-112)
Warning: Removing don't touch or size only GTECH cell div7/B_49, because it is not driving any load. (OPT-112)
Warning: Removing don't touch or size only GTECH cell div7/B_51, because it is not driving any load. (OPT-112)
Warning: Removing don't touch or size only GTECH cell div7/B_52, because it is not driving any load. (OPT-112)
Warning: Removing don't touch or size only GTECH cell div7/B_54, because it is not driving any load. (OPT-112)
Warning: Removing don't touch or size only GTECH cell div7/B_56, because it is not driving any load. (OPT-112)
Warning: Removing don't touch or size only GTECH cell div7/B_58, because it is not driving any load. (OPT-112)
Warning: Removing don't touch or size only GTECH cell div7/B_59, because it is not driving any load. (OPT-112)
Warning: Removing don't touch or size only GTECH cell div7/B_61, because it is not driving any load. (OPT-112)
Warning: Removing don't touch or size only GTECH cell div7/B_63, because it is not driving any load. (OPT-112)
Warning: Removing don't touch or size only GTECH cell div7/B_65, because it is not driving any load. (OPT-112)
Warning: Removing don't touch or size only GTECH cell div0/B_59, because it is not driving any load. (OPT-112)
Warning: Removing don't touch or size only GTECH cell div0/B_52, because it is not driving any load. (OPT-112)
Warning: Removing don't touch or size only GTECH cell div0/B_45, because it is not driving any load. (OPT-112)
Warning: Removing don't touch or size only GTECH cell div0/B_38, because it is not driving any load. (OPT-112)
Warning: Removing don't touch or size only GTECH cell div0/B_31, because it is not driving any load. (OPT-112)
Warning: Removing don't touch or size only GTECH cell div0/B_26, because it is not driving any load. (OPT-112)
Warning: Removing don't touch or size only GTECH cell div0/B_28, because it is not driving any load. (OPT-112)
Warning: Removing don't touch or size only GTECH cell div0/B_30, because it is not driving any load. (OPT-112)
Warning: Removing don't touch or size only GTECH cell div0/B_33, because it is not driving any load. (OPT-112)
Warning: Removing don't touch or size only GTECH cell div0/B_35, because it is not driving any load. (OPT-112)
Warning: Removing don't touch or size only GTECH cell div0/B_37, because it is not driving any load. (OPT-112)
Warning: Removing don't touch or size only GTECH cell div0/B_40, because it is not driving any load. (OPT-112)
Warning: Removing don't touch or size only GTECH cell div0/B_42, because it is not driving any load. (OPT-112)
Warning: Removing don't touch or size only GTECH cell div0/B_44, because it is not driving any load. (OPT-112)
Warning: Removing don't touch or size only GTECH cell div0/B_47, because it is not driving any load. (OPT-112)
Warning: Removing don't touch or size only GTECH cell div0/B_49, because it is not driving any load. (OPT-112)
Warning: Removing don't touch or size only GTECH cell div0/B_51, because it is not driving any load. (OPT-112)
Warning: Removing don't touch or size only GTECH cell div0/B_54, because it is not driving any load. (OPT-112)
Warning: Removing don't touch or size only GTECH cell div0/B_56, because it is not driving any load. (OPT-112)
Warning: Removing don't touch or size only GTECH cell div0/B_58, because it is not driving any load. (OPT-112)
Warning: Removing don't touch or size only GTECH cell div0/B_24, because it is not driving any load. (OPT-112)
Warning: Removing don't touch or size only GTECH cell div0/B_65, because it is not driving any load. (OPT-112)
Warning: Removing don't touch or size only GTECH cell div0/B_63, because it is not driving any load. (OPT-112)
Warning: Removing don't touch or size only GTECH cell div0/B_61, because it is not driving any load. (OPT-112)
Warning: Removing don't touch or size only GTECH cell div1/B_59, because it is not driving any load. (OPT-112)
Warning: Removing don't touch or size only GTECH cell div1/B_52, because it is not driving any load. (OPT-112)
Warning: Removing don't touch or size only GTECH cell div1/B_45, because it is not driving any load. (OPT-112)
Warning: Removing don't touch or size only GTECH cell div1/B_38, because it is not driving any load. (OPT-112)
Warning: Removing don't touch or size only GTECH cell div1/B_31, because it is not driving any load. (OPT-112)
Warning: Removing don't touch or size only GTECH cell div1/B_26, because it is not driving any load. (OPT-112)
Warning: Removing don't touch or size only GTECH cell div1/B_28, because it is not driving any load. (OPT-112)
Warning: Removing don't touch or size only GTECH cell div1/B_30, because it is not driving any load. (OPT-112)
Warning: Removing don't touch or size only GTECH cell div1/B_33, because it is not driving any load. (OPT-112)
Warning: Removing don't touch or size only GTECH cell div1/B_35, because it is not driving any load. (OPT-112)
Warning: Removing don't touch or size only GTECH cell div1/B_37, because it is not driving any load. (OPT-112)
Warning: Removing don't touch or size only GTECH cell div1/B_40, because it is not driving any load. (OPT-112)
Warning: Removing don't touch or size only GTECH cell div1/B_42, because it is not driving any load. (OPT-112)
Warning: Removing don't touch or size only GTECH cell div1/B_44, because it is not driving any load. (OPT-112)
Warning: Removing don't touch or size only GTECH cell div1/B_47, because it is not driving any load. (OPT-112)
Warning: Removing don't touch or size only GTECH cell div1/B_49, because it is not driving any load. (OPT-112)
Warning: Removing don't touch or size only GTECH cell div1/B_51, because it is not driving any load. (OPT-112)
Warning: Removing don't touch or size only GTECH cell div1/B_54, because it is not driving any load. (OPT-112)
Warning: Removing don't touch or size only GTECH cell div1/B_56, because it is not driving any load. (OPT-112)
Warning: Removing don't touch or size only GTECH cell div1/B_58, because it is not driving any load. (OPT-112)
Warning: Removing don't touch or size only GTECH cell div1/B_24, because it is not driving any load. (OPT-112)
Warning: Removing don't touch or size only GTECH cell div1/B_65, because it is not driving any load. (OPT-112)
Warning: Removing don't touch or size only GTECH cell div1/B_63, because it is not driving any load. (OPT-112)
Warning: Removing don't touch or size only GTECH cell div1/B_61, because it is not driving any load. (OPT-112)
Warning: Removing don't touch or size only GTECH cell div2/B_59, because it is not driving any load. (OPT-112)
Warning: Removing don't touch or size only GTECH cell div2/B_52, because it is not driving any load. (OPT-112)
Warning: Removing don't touch or size only GTECH cell div2/B_45, because it is not driving any load. (OPT-112)
Warning: Removing don't touch or size only GTECH cell div2/B_38, because it is not driving any load. (OPT-112)
Warning: Removing don't touch or size only GTECH cell div2/B_31, because it is not driving any load. (OPT-112)
Warning: Removing don't touch or size only GTECH cell div2/B_26, because it is not driving any load. (OPT-112)
Warning: Removing don't touch or size only GTECH cell div2/B_28, because it is not driving any load. (OPT-112)
Warning: Removing don't touch or size only GTECH cell div2/B_30, because it is not driving any load. (OPT-112)
Warning: Removing don't touch or size only GTECH cell div2/B_33, because it is not driving any load. (OPT-112)
Warning: Removing don't touch or size only GTECH cell div2/B_35, because it is not driving any load. (OPT-112)
Warning: Removing don't touch or size only GTECH cell div2/B_37, because it is not driving any load. (OPT-112)
Warning: Removing don't touch or size only GTECH cell div2/B_40, because it is not driving any load. (OPT-112)
Warning: Removing don't touch or size only GTECH cell div2/B_42, because it is not driving any load. (OPT-112)
Warning: Removing don't touch or size only GTECH cell div2/B_44, because it is not driving any load. (OPT-112)
Warning: Removing don't touch or size only GTECH cell div2/B_47, because it is not driving any load. (OPT-112)
Warning: Removing don't touch or size only GTECH cell div2/B_49, because it is not driving any load. (OPT-112)
Warning: Removing don't touch or size only GTECH cell div2/B_51, because it is not driving any load. (OPT-112)
Warning: Removing don't touch or size only GTECH cell div2/B_54, because it is not driving any load. (OPT-112)
Warning: Removing don't touch or size only GTECH cell div2/B_56, because it is not driving any load. (OPT-112)
Warning: Removing don't touch or size only GTECH cell div2/B_58, because it is not driving any load. (OPT-112)
Warning: Removing don't touch or size only GTECH cell div2/B_24, because it is not driving any load. (OPT-112)
Warning: Removing don't touch or size only GTECH cell div2/B_65, because it is not driving any load. (OPT-112)
Warning: Removing don't touch or size only GTECH cell div2/B_63, because it is not driving any load. (OPT-112)
Warning: Removing don't touch or size only GTECH cell div2/B_61, because it is not driving any load. (OPT-112)
Warning: Removing don't touch or size only GTECH cell div3/B_59, because it is not driving any load. (OPT-112)
Warning: Removing don't touch or size only GTECH cell div3/B_52, because it is not driving any load. (OPT-112)
Warning: Removing don't touch or size only GTECH cell div3/B_45, because it is not driving any load. (OPT-112)
Warning: Removing don't touch or size only GTECH cell div3/B_38, because it is not driving any load. (OPT-112)
Warning: Removing don't touch or size only GTECH cell div3/B_31, because it is not driving any load. (OPT-112)
Warning: Removing don't touch or size only GTECH cell div3/B_26, because it is not driving any load. (OPT-112)
Warning: Removing don't touch or size only GTECH cell div3/B_28, because it is not driving any load. (OPT-112)
Warning: Removing don't touch or size only GTECH cell div3/B_30, because it is not driving any load. (OPT-112)
Warning: Removing don't touch or size only GTECH cell div3/B_33, because it is not driving any load. (OPT-112)
Warning: Removing don't touch or size only GTECH cell div3/B_35, because it is not driving any load. (OPT-112)
Warning: Removing don't touch or size only GTECH cell div3/B_37, because it is not driving any load. (OPT-112)
Warning: Removing don't touch or size only GTECH cell div3/B_40, because it is not driving any load. (OPT-112)
Warning: Removing don't touch or size only GTECH cell div3/B_42, because it is not driving any load. (OPT-112)
Warning: Removing don't touch or size only GTECH cell div3/B_44, because it is not driving any load. (OPT-112)
Warning: Removing don't touch or size only GTECH cell div3/B_47, because it is not driving any load. (OPT-112)
Warning: Removing don't touch or size only GTECH cell div3/B_49, because it is not driving any load. (OPT-112)
Warning: Removing don't touch or size only GTECH cell div3/B_51, because it is not driving any load. (OPT-112)
Warning: Removing don't touch or size only GTECH cell div3/B_54, because it is not driving any load. (OPT-112)
Warning: Removing don't touch or size only GTECH cell div3/B_56, because it is not driving any load. (OPT-112)
Warning: Removing don't touch or size only GTECH cell div3/B_58, because it is not driving any load. (OPT-112)
Warning: Removing don't touch or size only GTECH cell div3/B_24, because it is not driving any load. (OPT-112)
Warning: Removing don't touch or size only GTECH cell div3/B_65, because it is not driving any load. (OPT-112)
Warning: Removing don't touch or size only GTECH cell div3/B_63, because it is not driving any load. (OPT-112)
Warning: Removing don't touch or size only GTECH cell div3/B_61, because it is not driving any load. (OPT-112)
Warning: Removing don't touch or size only GTECH cell div4/B_59, because it is not driving any load. (OPT-112)
Warning: Removing don't touch or size only GTECH cell div4/B_52, because it is not driving any load. (OPT-112)
Warning: Removing don't touch or size only GTECH cell div4/B_45, because it is not driving any load. (OPT-112)
Warning: Removing don't touch or size only GTECH cell div4/B_38, because it is not driving any load. (OPT-112)
Warning: Removing don't touch or size only GTECH cell div4/B_31, because it is not driving any load. (OPT-112)
Warning: Removing don't touch or size only GTECH cell div4/B_26, because it is not driving any load. (OPT-112)
Warning: Removing don't touch or size only GTECH cell div4/B_28, because it is not driving any load. (OPT-112)
Warning: Removing don't touch or size only GTECH cell div4/B_30, because it is not driving any load. (OPT-112)
Warning: Removing don't touch or size only GTECH cell div4/B_33, because it is not driving any load. (OPT-112)
Warning: Removing don't touch or size only GTECH cell div4/B_35, because it is not driving any load. (OPT-112)
Warning: Removing don't touch or size only GTECH cell div4/B_37, because it is not driving any load. (OPT-112)
Warning: Removing don't touch or size only GTECH cell div4/B_40, because it is not driving any load. (OPT-112)
Warning: Removing don't touch or size only GTECH cell div4/B_42, because it is not driving any load. (OPT-112)
Warning: Removing don't touch or size only GTECH cell div4/B_44, because it is not driving any load. (OPT-112)
Warning: Removing don't touch or size only GTECH cell div4/B_47, because it is not driving any load. (OPT-112)
Warning: Removing don't touch or size only GTECH cell div4/B_49, because it is not driving any load. (OPT-112)
Warning: Removing don't touch or size only GTECH cell div4/B_51, because it is not driving any load. (OPT-112)
Warning: Removing don't touch or size only GTECH cell div4/B_54, because it is not driving any load. (OPT-112)
Warning: Removing don't touch or size only GTECH cell div4/B_56, because it is not driving any load. (OPT-112)
Warning: Removing don't touch or size only GTECH cell div4/B_58, because it is not driving any load. (OPT-112)
Warning: Removing don't touch or size only GTECH cell div4/B_24, because it is not driving any load. (OPT-112)
Warning: Removing don't touch or size only GTECH cell div4/B_65, because it is not driving any load. (OPT-112)
Warning: Removing don't touch or size only GTECH cell div4/B_63, because it is not driving any load. (OPT-112)
Warning: Removing don't touch or size only GTECH cell div4/B_61, because it is not driving any load. (OPT-112)
Warning: Removing don't touch or size only GTECH cell div5/B_59, because it is not driving any load. (OPT-112)
Warning: Removing don't touch or size only GTECH cell div5/B_52, because it is not driving any load. (OPT-112)
Warning: Removing don't touch or size only GTECH cell div5/B_45, because it is not driving any load. (OPT-112)
Warning: Removing don't touch or size only GTECH cell div5/B_38, because it is not driving any load. (OPT-112)
Warning: Removing don't touch or size only GTECH cell div5/B_31, because it is not driving any load. (OPT-112)
Warning: Removing don't touch or size only GTECH cell div5/B_26, because it is not driving any load. (OPT-112)
Warning: Removing don't touch or size only GTECH cell div5/B_28, because it is not driving any load. (OPT-112)
Warning: Removing don't touch or size only GTECH cell div5/B_30, because it is not driving any load. (OPT-112)
Warning: Removing don't touch or size only GTECH cell div5/B_33, because it is not driving any load. (OPT-112)
Warning: Removing don't touch or size only GTECH cell div5/B_35, because it is not driving any load. (OPT-112)
Warning: Removing don't touch or size only GTECH cell div5/B_37, because it is not driving any load. (OPT-112)
Warning: Removing don't touch or size only GTECH cell div5/B_40, because it is not driving any load. (OPT-112)
Warning: Removing don't touch or size only GTECH cell div5/B_42, because it is not driving any load. (OPT-112)
Warning: Removing don't touch or size only GTECH cell div5/B_44, because it is not driving any load. (OPT-112)
Warning: Removing don't touch or size only GTECH cell div5/B_47, because it is not driving any load. (OPT-112)
Warning: Removing don't touch or size only GTECH cell div5/B_49, because it is not driving any load. (OPT-112)
Warning: Removing don't touch or size only GTECH cell div5/B_51, because it is not driving any load. (OPT-112)
Warning: Removing don't touch or size only GTECH cell div5/B_54, because it is not driving any load. (OPT-112)
Warning: Removing don't touch or size only GTECH cell div5/B_56, because it is not driving any load. (OPT-112)
Warning: Removing don't touch or size only GTECH cell div5/B_58, because it is not driving any load. (OPT-112)
Warning: Removing don't touch or size only GTECH cell div5/B_24, because it is not driving any load. (OPT-112)
Warning: Removing don't touch or size only GTECH cell div5/B_65, because it is not driving any load. (OPT-112)
Warning: Removing don't touch or size only GTECH cell div5/B_63, because it is not driving any load. (OPT-112)
Warning: Removing don't touch or size only GTECH cell div5/B_61, because it is not driving any load. (OPT-112)
Warning: Removing don't touch or size only GTECH cell div6/B_59, because it is not driving any load. (OPT-112)
Warning: Removing don't touch or size only GTECH cell div6/B_52, because it is not driving any load. (OPT-112)
Warning: Removing don't touch or size only GTECH cell div6/B_45, because it is not driving any load. (OPT-112)
Warning: Removing don't touch or size only GTECH cell div6/B_38, because it is not driving any load. (OPT-112)
Warning: Removing don't touch or size only GTECH cell div6/B_31, because it is not driving any load. (OPT-112)
Warning: Removing don't touch or size only GTECH cell div6/B_26, because it is not driving any load. (OPT-112)
Warning: Removing don't touch or size only GTECH cell div6/B_28, because it is not driving any load. (OPT-112)
Warning: Removing don't touch or size only GTECH cell div6/B_30, because it is not driving any load. (OPT-112)
Warning: Removing don't touch or size only GTECH cell div6/B_33, because it is not driving any load. (OPT-112)
Warning: Removing don't touch or size only GTECH cell div6/B_35, because it is not driving any load. (OPT-112)
Warning: Removing don't touch or size only GTECH cell div6/B_37, because it is not driving any load. (OPT-112)
Warning: Removing don't touch or size only GTECH cell div6/B_40, because it is not driving any load. (OPT-112)
Warning: Removing don't touch or size only GTECH cell div6/B_42, because it is not driving any load. (OPT-112)
Warning: Removing don't touch or size only GTECH cell div6/B_44, because it is not driving any load. (OPT-112)
Warning: Removing don't touch or size only GTECH cell div6/B_47, because it is not driving any load. (OPT-112)
Warning: Removing don't touch or size only GTECH cell div6/B_49, because it is not driving any load. (OPT-112)
Warning: Removing don't touch or size only GTECH cell div6/B_51, because it is not driving any load. (OPT-112)
Warning: Removing don't touch or size only GTECH cell div6/B_54, because it is not driving any load. (OPT-112)
Warning: Removing don't touch or size only GTECH cell div6/B_56, because it is not driving any load. (OPT-112)
Warning: Removing don't touch or size only GTECH cell div6/B_58, because it is not driving any load. (OPT-112)
Warning: Removing don't touch or size only GTECH cell div6/B_24, because it is not driving any load. (OPT-112)
Warning: Removing don't touch or size only GTECH cell div6/B_65, because it is not driving any load. (OPT-112)
Warning: Removing don't touch or size only GTECH cell div6/B_63, because it is not driving any load. (OPT-112)
Warning: Removing don't touch or size only GTECH cell div6/B_61, because it is not driving any load. (OPT-112)
Warning: Removing don't touch or size only GTECH cell div7/B_59, because it is not driving any load. (OPT-112)
Warning: Removing don't touch or size only GTECH cell div7/B_52, because it is not driving any load. (OPT-112)
Warning: Removing don't touch or size only GTECH cell div7/B_45, because it is not driving any load. (OPT-112)
Warning: Removing don't touch or size only GTECH cell div7/B_38, because it is not driving any load. (OPT-112)
Warning: Removing don't touch or size only GTECH cell div7/B_31, because it is not driving any load. (OPT-112)
Warning: Removing don't touch or size only GTECH cell div7/B_26, because it is not driving any load. (OPT-112)
Warning: Removing don't touch or size only GTECH cell div7/B_28, because it is not driving any load. (OPT-112)
Warning: Removing don't touch or size only GTECH cell div7/B_30, because it is not driving any load. (OPT-112)
Warning: Removing don't touch or size only GTECH cell div7/B_33, because it is not driving any load. (OPT-112)
Warning: Removing don't touch or size only GTECH cell div7/B_35, because it is not driving any load. (OPT-112)
Warning: Removing don't touch or size only GTECH cell div7/B_37, because it is not driving any load. (OPT-112)
Warning: Removing don't touch or size only GTECH cell div7/B_40, because it is not driving any load. (OPT-112)
Warning: Removing don't touch or size only GTECH cell div7/B_42, because it is not driving any load. (OPT-112)
Warning: Removing don't touch or size only GTECH cell div7/B_44, because it is not driving any load. (OPT-112)
Warning: Removing don't touch or size only GTECH cell div7/B_47, because it is not driving any load. (OPT-112)
Warning: Removing don't touch or size only GTECH cell div7/B_49, because it is not driving any load. (OPT-112)
Warning: Removing don't touch or size only GTECH cell div7/B_51, because it is not driving any load. (OPT-112)
Warning: Removing don't touch or size only GTECH cell div7/B_54, because it is not driving any load. (OPT-112)
Warning: Removing don't touch or size only GTECH cell div7/B_56, because it is not driving any load. (OPT-112)
Warning: Removing don't touch or size only GTECH cell div7/B_58, because it is not driving any load. (OPT-112)
Warning: Removing don't touch or size only GTECH cell div7/B_24, because it is not driving any load. (OPT-112)
Warning: Removing don't touch or size only GTECH cell div7/B_65, because it is not driving any load. (OPT-112)
Warning: Removing don't touch or size only GTECH cell div7/B_63, because it is not driving any load. (OPT-112)
Warning: Removing don't touch or size only GTECH cell div7/B_61, because it is not driving any load. (OPT-112)

                                  TOTAL                                                
   ELAPSED            WORST NEG   SETUP    DESIGN                              LEAKAGE 
    TIME      AREA      SLACK     COST    RULE COST         ENDPOINT            POWER  
  --------- --------- --------- --------- --------- ------------------------- ---------
    0:00:58   62397.8      2.61     813.8      28.0                           2406984.5000
    0:00:58   62367.0      2.66     815.6      28.0                           2405884.7500

  Beginning Constant Register Removal
  -----------------------------------
Warning: Removing don't touch or size only GTECH cell div0/B_24, because it is not driving any load. (OPT-112)
Warning: Removing don't touch or size only GTECH cell div0/B_26, because it is not driving any load. (OPT-112)
Warning: Removing don't touch or size only GTECH cell div0/B_28, because it is not driving any load. (OPT-112)
Warning: Removing don't touch or size only GTECH cell div0/B_30, because it is not driving any load. (OPT-112)
Warning: Removing don't touch or size only GTECH cell div0/B_31, because it is not driving any load. (OPT-112)
Warning: Removing don't touch or size only GTECH cell div0/B_33, because it is not driving any load. (OPT-112)
Warning: Removing don't touch or size only GTECH cell div0/B_35, because it is not driving any load. (OPT-112)
Warning: Removing don't touch or size only GTECH cell div0/B_37, because it is not driving any load. (OPT-112)
Warning: Removing don't touch or size only GTECH cell div0/B_38, because it is not driving any load. (OPT-112)
Warning: Removing don't touch or size only GTECH cell div0/B_40, because it is not driving any load. (OPT-112)
Warning: Removing don't touch or size only GTECH cell div0/B_42, because it is not driving any load. (OPT-112)
Warning: Removing don't touch or size only GTECH cell div0/B_44, because it is not driving any load. (OPT-112)
Warning: Removing don't touch or size only GTECH cell div0/B_45, because it is not driving any load. (OPT-112)
Warning: Removing don't touch or size only GTECH cell div0/B_47, because it is not driving any load. (OPT-112)
Warning: Removing don't touch or size only GTECH cell div0/B_49, because it is not driving any load. (OPT-112)
Warning: Removing don't touch or size only GTECH cell div0/B_51, because it is not driving any load. (OPT-112)
Warning: Removing don't touch or size only GTECH cell div0/B_52, because it is not driving any load. (OPT-112)
Warning: Removing don't touch or size only GTECH cell div0/B_54, because it is not driving any load. (OPT-112)
Warning: Removing don't touch or size only GTECH cell div0/B_56, because it is not driving any load. (OPT-112)
Warning: Removing don't touch or size only GTECH cell div0/B_58, because it is not driving any load. (OPT-112)
Warning: Removing don't touch or size only GTECH cell div0/B_59, because it is not driving any load. (OPT-112)
Warning: Removing don't touch or size only GTECH cell div0/B_61, because it is not driving any load. (OPT-112)
Warning: Removing don't touch or size only GTECH cell div0/B_63, because it is not driving any load. (OPT-112)
Warning: Removing don't touch or size only GTECH cell div0/B_65, because it is not driving any load. (OPT-112)
Warning: Removing don't touch or size only GTECH cell div1/B_24, because it is not driving any load. (OPT-112)
Warning: Removing don't touch or size only GTECH cell div1/B_26, because it is not driving any load. (OPT-112)
Warning: Removing don't touch or size only GTECH cell div1/B_28, because it is not driving any load. (OPT-112)
Warning: Removing don't touch or size only GTECH cell div1/B_30, because it is not driving any load. (OPT-112)
Warning: Removing don't touch or size only GTECH cell div1/B_31, because it is not driving any load. (OPT-112)
Warning: Removing don't touch or size only GTECH cell div1/B_33, because it is not driving any load. (OPT-112)
Warning: Removing don't touch or size only GTECH cell div1/B_35, because it is not driving any load. (OPT-112)
Warning: Removing don't touch or size only GTECH cell div1/B_37, because it is not driving any load. (OPT-112)
Warning: Removing don't touch or size only GTECH cell div1/B_38, because it is not driving any load. (OPT-112)
Warning: Removing don't touch or size only GTECH cell div1/B_40, because it is not driving any load. (OPT-112)
Warning: Removing don't touch or size only GTECH cell div1/B_42, because it is not driving any load. (OPT-112)
Warning: Removing don't touch or size only GTECH cell div1/B_44, because it is not driving any load. (OPT-112)
Warning: Removing don't touch or size only GTECH cell div1/B_45, because it is not driving any load. (OPT-112)
Warning: Removing don't touch or size only GTECH cell div1/B_47, because it is not driving any load. (OPT-112)
Warning: Removing don't touch or size only GTECH cell div1/B_49, because it is not driving any load. (OPT-112)
Warning: Removing don't touch or size only GTECH cell div1/B_51, because it is not driving any load. (OPT-112)
Warning: Removing don't touch or size only GTECH cell div1/B_52, because it is not driving any load. (OPT-112)
Warning: Removing don't touch or size only GTECH cell div1/B_54, because it is not driving any load. (OPT-112)
Warning: Removing don't touch or size only GTECH cell div1/B_56, because it is not driving any load. (OPT-112)
Warning: Removing don't touch or size only GTECH cell div1/B_58, because it is not driving any load. (OPT-112)
Warning: Removing don't touch or size only GTECH cell div1/B_59, because it is not driving any load. (OPT-112)
Warning: Removing don't touch or size only GTECH cell div1/B_61, because it is not driving any load. (OPT-112)
Warning: Removing don't touch or size only GTECH cell div1/B_63, because it is not driving any load. (OPT-112)
Warning: Removing don't touch or size only GTECH cell div1/B_65, because it is not driving any load. (OPT-112)
Warning: Removing don't touch or size only GTECH cell div2/B_24, because it is not driving any load. (OPT-112)
Warning: Removing don't touch or size only GTECH cell div2/B_26, because it is not driving any load. (OPT-112)
Warning: Removing don't touch or size only GTECH cell div2/B_28, because it is not driving any load. (OPT-112)
Warning: Removing don't touch or size only GTECH cell div2/B_30, because it is not driving any load. (OPT-112)
Warning: Removing don't touch or size only GTECH cell div2/B_31, because it is not driving any load. (OPT-112)
Warning: Removing don't touch or size only GTECH cell div2/B_33, because it is not driving any load. (OPT-112)
Warning: Removing don't touch or size only GTECH cell div2/B_35, because it is not driving any load. (OPT-112)
Warning: Removing don't touch or size only GTECH cell div2/B_37, because it is not driving any load. (OPT-112)
Warning: Removing don't touch or size only GTECH cell div2/B_38, because it is not driving any load. (OPT-112)
Warning: Removing don't touch or size only GTECH cell div2/B_40, because it is not driving any load. (OPT-112)
Warning: Removing don't touch or size only GTECH cell div2/B_42, because it is not driving any load. (OPT-112)
Warning: Removing don't touch or size only GTECH cell div2/B_44, because it is not driving any load. (OPT-112)
Warning: Removing don't touch or size only GTECH cell div2/B_45, because it is not driving any load. (OPT-112)
Warning: Removing don't touch or size only GTECH cell div2/B_47, because it is not driving any load. (OPT-112)
Warning: Removing don't touch or size only GTECH cell div2/B_49, because it is not driving any load. (OPT-112)
Warning: Removing don't touch or size only GTECH cell div2/B_51, because it is not driving any load. (OPT-112)
Warning: Removing don't touch or size only GTECH cell div2/B_52, because it is not driving any load. (OPT-112)
Warning: Removing don't touch or size only GTECH cell div2/B_54, because it is not driving any load. (OPT-112)
Warning: Removing don't touch or size only GTECH cell div2/B_56, because it is not driving any load. (OPT-112)
Warning: Removing don't touch or size only GTECH cell div2/B_58, because it is not driving any load. (OPT-112)
Warning: Removing don't touch or size only GTECH cell div2/B_59, because it is not driving any load. (OPT-112)
Warning: Removing don't touch or size only GTECH cell div2/B_61, because it is not driving any load. (OPT-112)
Warning: Removing don't touch or size only GTECH cell div2/B_63, because it is not driving any load. (OPT-112)
Warning: Removing don't touch or size only GTECH cell div2/B_65, because it is not driving any load. (OPT-112)
Warning: Removing don't touch or size only GTECH cell div3/B_24, because it is not driving any load. (OPT-112)
Warning: Removing don't touch or size only GTECH cell div3/B_26, because it is not driving any load. (OPT-112)
Warning: Removing don't touch or size only GTECH cell div3/B_28, because it is not driving any load. (OPT-112)
Warning: Removing don't touch or size only GTECH cell div3/B_30, because it is not driving any load. (OPT-112)
Warning: Removing don't touch or size only GTECH cell div3/B_31, because it is not driving any load. (OPT-112)
Warning: Removing don't touch or size only GTECH cell div3/B_33, because it is not driving any load. (OPT-112)
Warning: Removing don't touch or size only GTECH cell div3/B_35, because it is not driving any load. (OPT-112)
Warning: Removing don't touch or size only GTECH cell div3/B_37, because it is not driving any load. (OPT-112)
Warning: Removing don't touch or size only GTECH cell div3/B_38, because it is not driving any load. (OPT-112)
Warning: Removing don't touch or size only GTECH cell div3/B_40, because it is not driving any load. (OPT-112)
Warning: Removing don't touch or size only GTECH cell div3/B_42, because it is not driving any load. (OPT-112)
Warning: Removing don't touch or size only GTECH cell div3/B_44, because it is not driving any load. (OPT-112)
Warning: Removing don't touch or size only GTECH cell div3/B_45, because it is not driving any load. (OPT-112)
Warning: Removing don't touch or size only GTECH cell div3/B_47, because it is not driving any load. (OPT-112)
Warning: Removing don't touch or size only GTECH cell div3/B_49, because it is not driving any load. (OPT-112)
Warning: Removing don't touch or size only GTECH cell div3/B_51, because it is not driving any load. (OPT-112)
Warning: Removing don't touch or size only GTECH cell div3/B_52, because it is not driving any load. (OPT-112)
Warning: Removing don't touch or size only GTECH cell div3/B_54, because it is not driving any load. (OPT-112)
Warning: Removing don't touch or size only GTECH cell div3/B_56, because it is not driving any load. (OPT-112)
Warning: Removing don't touch or size only GTECH cell div3/B_58, because it is not driving any load. (OPT-112)
Warning: Removing don't touch or size only GTECH cell div3/B_59, because it is not driving any load. (OPT-112)
Warning: Removing don't touch or size only GTECH cell div3/B_61, because it is not driving any load. (OPT-112)
Warning: Removing don't touch or size only GTECH cell div3/B_63, because it is not driving any load. (OPT-112)
Warning: Removing don't touch or size only GTECH cell div3/B_65, because it is not driving any load. (OPT-112)
Warning: Removing don't touch or size only GTECH cell div4/B_24, because it is not driving any load. (OPT-112)
Warning: Removing don't touch or size only GTECH cell div4/B_26, because it is not driving any load. (OPT-112)
Warning: Removing don't touch or size only GTECH cell div4/B_28, because it is not driving any load. (OPT-112)
Warning: Removing don't touch or size only GTECH cell div4/B_30, because it is not driving any load. (OPT-112)
Warning: Removing don't touch or size only GTECH cell div4/B_31, because it is not driving any load. (OPT-112)
Warning: Removing don't touch or size only GTECH cell div4/B_33, because it is not driving any load. (OPT-112)
Warning: Removing don't touch or size only GTECH cell div4/B_35, because it is not driving any load. (OPT-112)
Warning: Removing don't touch or size only GTECH cell div4/B_37, because it is not driving any load. (OPT-112)
Warning: Removing don't touch or size only GTECH cell div4/B_38, because it is not driving any load. (OPT-112)
Warning: Removing don't touch or size only GTECH cell div4/B_40, because it is not driving any load. (OPT-112)
Warning: Removing don't touch or size only GTECH cell div4/B_42, because it is not driving any load. (OPT-112)
Warning: Removing don't touch or size only GTECH cell div4/B_44, because it is not driving any load. (OPT-112)
Warning: Removing don't touch or size only GTECH cell div4/B_45, because it is not driving any load. (OPT-112)
Warning: Removing don't touch or size only GTECH cell div4/B_47, because it is not driving any load. (OPT-112)
Warning: Removing don't touch or size only GTECH cell div4/B_49, because it is not driving any load. (OPT-112)
Warning: Removing don't touch or size only GTECH cell div4/B_51, because it is not driving any load. (OPT-112)
Warning: Removing don't touch or size only GTECH cell div4/B_52, because it is not driving any load. (OPT-112)
Warning: Removing don't touch or size only GTECH cell div4/B_54, because it is not driving any load. (OPT-112)
Warning: Removing don't touch or size only GTECH cell div4/B_56, because it is not driving any load. (OPT-112)
Warning: Removing don't touch or size only GTECH cell div4/B_58, because it is not driving any load. (OPT-112)
Warning: Removing don't touch or size only GTECH cell div4/B_59, because it is not driving any load. (OPT-112)
Warning: Removing don't touch or size only GTECH cell div4/B_61, because it is not driving any load. (OPT-112)
Warning: Removing don't touch or size only GTECH cell div4/B_63, because it is not driving any load. (OPT-112)
Warning: Removing don't touch or size only GTECH cell div4/B_65, because it is not driving any load. (OPT-112)
Warning: Removing don't touch or size only GTECH cell div5/B_24, because it is not driving any load. (OPT-112)
Warning: Removing don't touch or size only GTECH cell div5/B_26, because it is not driving any load. (OPT-112)
Warning: Removing don't touch or size only GTECH cell div5/B_28, because it is not driving any load. (OPT-112)
Warning: Removing don't touch or size only GTECH cell div5/B_30, because it is not driving any load. (OPT-112)
Warning: Removing don't touch or size only GTECH cell div5/B_31, because it is not driving any load. (OPT-112)
Warning: Removing don't touch or size only GTECH cell div5/B_33, because it is not driving any load. (OPT-112)
Warning: Removing don't touch or size only GTECH cell div5/B_35, because it is not driving any load. (OPT-112)
Warning: Removing don't touch or size only GTECH cell div5/B_37, because it is not driving any load. (OPT-112)
Warning: Removing don't touch or size only GTECH cell div5/B_38, because it is not driving any load. (OPT-112)
Warning: Removing don't touch or size only GTECH cell div5/B_40, because it is not driving any load. (OPT-112)
Warning: Removing don't touch or size only GTECH cell div5/B_42, because it is not driving any load. (OPT-112)
Warning: Removing don't touch or size only GTECH cell div5/B_44, because it is not driving any load. (OPT-112)
Warning: Removing don't touch or size only GTECH cell div5/B_45, because it is not driving any load. (OPT-112)
Warning: Removing don't touch or size only GTECH cell div5/B_47, because it is not driving any load. (OPT-112)
Warning: Removing don't touch or size only GTECH cell div5/B_49, because it is not driving any load. (OPT-112)
Warning: Removing don't touch or size only GTECH cell div5/B_51, because it is not driving any load. (OPT-112)
Warning: Removing don't touch or size only GTECH cell div5/B_52, because it is not driving any load. (OPT-112)
Warning: Removing don't touch or size only GTECH cell div5/B_54, because it is not driving any load. (OPT-112)
Warning: Removing don't touch or size only GTECH cell div5/B_56, because it is not driving any load. (OPT-112)
Warning: Removing don't touch or size only GTECH cell div5/B_58, because it is not driving any load. (OPT-112)
Warning: Removing don't touch or size only GTECH cell div5/B_59, because it is not driving any load. (OPT-112)
Warning: Removing don't touch or size only GTECH cell div5/B_61, because it is not driving any load. (OPT-112)
Warning: Removing don't touch or size only GTECH cell div5/B_63, because it is not driving any load. (OPT-112)
Warning: Removing don't touch or size only GTECH cell div5/B_65, because it is not driving any load. (OPT-112)
Warning: Removing don't touch or size only GTECH cell div6/B_24, because it is not driving any load. (OPT-112)
Warning: Removing don't touch or size only GTECH cell div6/B_26, because it is not driving any load. (OPT-112)
Warning: Removing don't touch or size only GTECH cell div6/B_28, because it is not driving any load. (OPT-112)
Warning: Removing don't touch or size only GTECH cell div6/B_30, because it is not driving any load. (OPT-112)
Warning: Removing don't touch or size only GTECH cell div6/B_31, because it is not driving any load. (OPT-112)
Warning: Removing don't touch or size only GTECH cell div6/B_33, because it is not driving any load. (OPT-112)
Warning: Removing don't touch or size only GTECH cell div6/B_35, because it is not driving any load. (OPT-112)
Warning: Removing don't touch or size only GTECH cell div6/B_37, because it is not driving any load. (OPT-112)
Warning: Removing don't touch or size only GTECH cell div6/B_38, because it is not driving any load. (OPT-112)
Warning: Removing don't touch or size only GTECH cell div6/B_40, because it is not driving any load. (OPT-112)
Warning: Removing don't touch or size only GTECH cell div6/B_42, because it is not driving any load. (OPT-112)
Warning: Removing don't touch or size only GTECH cell div6/B_44, because it is not driving any load. (OPT-112)
Warning: Removing don't touch or size only GTECH cell div6/B_45, because it is not driving any load. (OPT-112)
Warning: Removing don't touch or size only GTECH cell div6/B_47, because it is not driving any load. (OPT-112)
Warning: Removing don't touch or size only GTECH cell div6/B_49, because it is not driving any load. (OPT-112)
Warning: Removing don't touch or size only GTECH cell div6/B_51, because it is not driving any load. (OPT-112)
Warning: Removing don't touch or size only GTECH cell div6/B_52, because it is not driving any load. (OPT-112)
Warning: Removing don't touch or size only GTECH cell div6/B_54, because it is not driving any load. (OPT-112)
Warning: Removing don't touch or size only GTECH cell div6/B_56, because it is not driving any load. (OPT-112)
Warning: Removing don't touch or size only GTECH cell div6/B_58, because it is not driving any load. (OPT-112)
Warning: Removing don't touch or size only GTECH cell div6/B_59, because it is not driving any load. (OPT-112)
Warning: Removing don't touch or size only GTECH cell div6/B_61, because it is not driving any load. (OPT-112)
Warning: Removing don't touch or size only GTECH cell div6/B_63, because it is not driving any load. (OPT-112)
Warning: Removing don't touch or size only GTECH cell div6/B_65, because it is not driving any load. (OPT-112)
Warning: Removing don't touch or size only GTECH cell div7/B_24, because it is not driving any load. (OPT-112)
Warning: Removing don't touch or size only GTECH cell div7/B_26, because it is not driving any load. (OPT-112)
Warning: Removing don't touch or size only GTECH cell div7/B_28, because it is not driving any load. (OPT-112)
Warning: Removing don't touch or size only GTECH cell div7/B_30, because it is not driving any load. (OPT-112)
Warning: Removing don't touch or size only GTECH cell div7/B_31, because it is not driving any load. (OPT-112)
Warning: Removing don't touch or size only GTECH cell div7/B_33, because it is not driving any load. (OPT-112)
Warning: Removing don't touch or size only GTECH cell div7/B_35, because it is not driving any load. (OPT-112)
Warning: Removing don't touch or size only GTECH cell div7/B_37, because it is not driving any load. (OPT-112)
Warning: Removing don't touch or size only GTECH cell div7/B_38, because it is not driving any load. (OPT-112)
Warning: Removing don't touch or size only GTECH cell div7/B_40, because it is not driving any load. (OPT-112)
Warning: Removing don't touch or size only GTECH cell div7/B_42, because it is not driving any load. (OPT-112)
Warning: Removing don't touch or size only GTECH cell div7/B_44, because it is not driving any load. (OPT-112)
Warning: Removing don't touch or size only GTECH cell div7/B_45, because it is not driving any load. (OPT-112)
Warning: Removing don't touch or size only GTECH cell div7/B_47, because it is not driving any load. (OPT-112)
Warning: Removing don't touch or size only GTECH cell div7/B_49, because it is not driving any load. (OPT-112)
Warning: Removing don't touch or size only GTECH cell div7/B_51, because it is not driving any load. (OPT-112)
Warning: Removing don't touch or size only GTECH cell div7/B_52, because it is not driving any load. (OPT-112)
Warning: Removing don't touch or size only GTECH cell div7/B_54, because it is not driving any load. (OPT-112)
Warning: Removing don't touch or size only GTECH cell div7/B_56, because it is not driving any load. (OPT-112)
Warning: Removing don't touch or size only GTECH cell div7/B_58, because it is not driving any load. (OPT-112)
Warning: Removing don't touch or size only GTECH cell div7/B_59, because it is not driving any load. (OPT-112)
Warning: Removing don't touch or size only GTECH cell div7/B_61, because it is not driving any load. (OPT-112)
Warning: Removing don't touch or size only GTECH cell div7/B_63, because it is not driving any load. (OPT-112)
Warning: Removing don't touch or size only GTECH cell div7/B_65, because it is not driving any load. (OPT-112)
Warning: Removing don't touch or size only GTECH cell div0/B_59, because it is not driving any load. (OPT-112)
Warning: Removing don't touch or size only GTECH cell div0/B_52, because it is not driving any load. (OPT-112)
Warning: Removing don't touch or size only GTECH cell div0/B_45, because it is not driving any load. (OPT-112)
Warning: Removing don't touch or size only GTECH cell div0/B_38, because it is not driving any load. (OPT-112)
Warning: Removing don't touch or size only GTECH cell div0/B_31, because it is not driving any load. (OPT-112)
Warning: Removing don't touch or size only GTECH cell div0/B_26, because it is not driving any load. (OPT-112)
Warning: Removing don't touch or size only GTECH cell div0/B_28, because it is not driving any load. (OPT-112)
Warning: Removing don't touch or size only GTECH cell div0/B_30, because it is not driving any load. (OPT-112)
Warning: Removing don't touch or size only GTECH cell div0/B_33, because it is not driving any load. (OPT-112)
Warning: Removing don't touch or size only GTECH cell div0/B_35, because it is not driving any load. (OPT-112)
Warning: Removing don't touch or size only GTECH cell div0/B_37, because it is not driving any load. (OPT-112)
Warning: Removing don't touch or size only GTECH cell div0/B_40, because it is not driving any load. (OPT-112)
Warning: Removing don't touch or size only GTECH cell div0/B_42, because it is not driving any load. (OPT-112)
Warning: Removing don't touch or size only GTECH cell div0/B_44, because it is not driving any load. (OPT-112)
Warning: Removing don't touch or size only GTECH cell div0/B_47, because it is not driving any load. (OPT-112)
Warning: Removing don't touch or size only GTECH cell div0/B_49, because it is not driving any load. (OPT-112)
Warning: Removing don't touch or size only GTECH cell div0/B_51, because it is not driving any load. (OPT-112)
Warning: Removing don't touch or size only GTECH cell div0/B_54, because it is not driving any load. (OPT-112)
Warning: Removing don't touch or size only GTECH cell div0/B_56, because it is not driving any load. (OPT-112)
Warning: Removing don't touch or size only GTECH cell div0/B_58, because it is not driving any load. (OPT-112)
Warning: Removing don't touch or size only GTECH cell div0/B_24, because it is not driving any load. (OPT-112)
Warning: Removing don't touch or size only GTECH cell div0/B_65, because it is not driving any load. (OPT-112)
Warning: Removing don't touch or size only GTECH cell div0/B_63, because it is not driving any load. (OPT-112)
Warning: Removing don't touch or size only GTECH cell div0/B_61, because it is not driving any load. (OPT-112)
Warning: Removing don't touch or size only GTECH cell div1/B_59, because it is not driving any load. (OPT-112)
Warning: Removing don't touch or size only GTECH cell div1/B_52, because it is not driving any load. (OPT-112)
Warning: Removing don't touch or size only GTECH cell div1/B_45, because it is not driving any load. (OPT-112)
Warning: Removing don't touch or size only GTECH cell div1/B_38, because it is not driving any load. (OPT-112)
Warning: Removing don't touch or size only GTECH cell div1/B_31, because it is not driving any load. (OPT-112)
Warning: Removing don't touch or size only GTECH cell div1/B_26, because it is not driving any load. (OPT-112)
Warning: Removing don't touch or size only GTECH cell div1/B_28, because it is not driving any load. (OPT-112)
Warning: Removing don't touch or size only GTECH cell div1/B_30, because it is not driving any load. (OPT-112)
Warning: Removing don't touch or size only GTECH cell div1/B_33, because it is not driving any load. (OPT-112)
Warning: Removing don't touch or size only GTECH cell div1/B_35, because it is not driving any load. (OPT-112)
Warning: Removing don't touch or size only GTECH cell div1/B_37, because it is not driving any load. (OPT-112)
Warning: Removing don't touch or size only GTECH cell div1/B_40, because it is not driving any load. (OPT-112)
Warning: Removing don't touch or size only GTECH cell div1/B_42, because it is not driving any load. (OPT-112)
Warning: Removing don't touch or size only GTECH cell div1/B_44, because it is not driving any load. (OPT-112)
Warning: Removing don't touch or size only GTECH cell div1/B_47, because it is not driving any load. (OPT-112)
Warning: Removing don't touch or size only GTECH cell div1/B_49, because it is not driving any load. (OPT-112)
Warning: Removing don't touch or size only GTECH cell div1/B_51, because it is not driving any load. (OPT-112)
Warning: Removing don't touch or size only GTECH cell div1/B_54, because it is not driving any load. (OPT-112)
Warning: Removing don't touch or size only GTECH cell div1/B_56, because it is not driving any load. (OPT-112)
Warning: Removing don't touch or size only GTECH cell div1/B_58, because it is not driving any load. (OPT-112)
Warning: Removing don't touch or size only GTECH cell div1/B_24, because it is not driving any load. (OPT-112)
Warning: Removing don't touch or size only GTECH cell div1/B_65, because it is not driving any load. (OPT-112)
Warning: Removing don't touch or size only GTECH cell div1/B_63, because it is not driving any load. (OPT-112)
Warning: Removing don't touch or size only GTECH cell div1/B_61, because it is not driving any load. (OPT-112)
Warning: Removing don't touch or size only GTECH cell div2/B_59, because it is not driving any load. (OPT-112)
Warning: Removing don't touch or size only GTECH cell div2/B_52, because it is not driving any load. (OPT-112)
Warning: Removing don't touch or size only GTECH cell div2/B_45, because it is not driving any load. (OPT-112)
Warning: Removing don't touch or size only GTECH cell div2/B_38, because it is not driving any load. (OPT-112)
Warning: Removing don't touch or size only GTECH cell div2/B_31, because it is not driving any load. (OPT-112)
Warning: Removing don't touch or size only GTECH cell div2/B_26, because it is not driving any load. (OPT-112)
Warning: Removing don't touch or size only GTECH cell div2/B_28, because it is not driving any load. (OPT-112)
Warning: Removing don't touch or size only GTECH cell div2/B_30, because it is not driving any load. (OPT-112)
Warning: Removing don't touch or size only GTECH cell div2/B_33, because it is not driving any load. (OPT-112)
Warning: Removing don't touch or size only GTECH cell div2/B_35, because it is not driving any load. (OPT-112)
Warning: Removing don't touch or size only GTECH cell div2/B_37, because it is not driving any load. (OPT-112)
Warning: Removing don't touch or size only GTECH cell div2/B_40, because it is not driving any load. (OPT-112)
Warning: Removing don't touch or size only GTECH cell div2/B_42, because it is not driving any load. (OPT-112)
Warning: Removing don't touch or size only GTECH cell div2/B_44, because it is not driving any load. (OPT-112)
Warning: Removing don't touch or size only GTECH cell div2/B_47, because it is not driving any load. (OPT-112)
Warning: Removing don't touch or size only GTECH cell div2/B_49, because it is not driving any load. (OPT-112)
Warning: Removing don't touch or size only GTECH cell div2/B_51, because it is not driving any load. (OPT-112)
Warning: Removing don't touch or size only GTECH cell div2/B_54, because it is not driving any load. (OPT-112)
Warning: Removing don't touch or size only GTECH cell div2/B_56, because it is not driving any load. (OPT-112)
Warning: Removing don't touch or size only GTECH cell div2/B_58, because it is not driving any load. (OPT-112)
Warning: Removing don't touch or size only GTECH cell div2/B_24, because it is not driving any load. (OPT-112)
Warning: Removing don't touch or size only GTECH cell div2/B_65, because it is not driving any load. (OPT-112)
Warning: Removing don't touch or size only GTECH cell div2/B_63, because it is not driving any load. (OPT-112)
Warning: Removing don't touch or size only GTECH cell div2/B_61, because it is not driving any load. (OPT-112)
Warning: Removing don't touch or size only GTECH cell div3/B_59, because it is not driving any load. (OPT-112)
Warning: Removing don't touch or size only GTECH cell div3/B_52, because it is not driving any load. (OPT-112)
Warning: Removing don't touch or size only GTECH cell div3/B_45, because it is not driving any load. (OPT-112)
Warning: Removing don't touch or size only GTECH cell div3/B_38, because it is not driving any load. (OPT-112)
Warning: Removing don't touch or size only GTECH cell div3/B_31, because it is not driving any load. (OPT-112)
Warning: Removing don't touch or size only GTECH cell div3/B_26, because it is not driving any load. (OPT-112)
Warning: Removing don't touch or size only GTECH cell div3/B_28, because it is not driving any load. (OPT-112)
Warning: Removing don't touch or size only GTECH cell div3/B_30, because it is not driving any load. (OPT-112)
Warning: Removing don't touch or size only GTECH cell div3/B_33, because it is not driving any load. (OPT-112)
Warning: Removing don't touch or size only GTECH cell div3/B_35, because it is not driving any load. (OPT-112)
Warning: Removing don't touch or size only GTECH cell div3/B_37, because it is not driving any load. (OPT-112)
Warning: Removing don't touch or size only GTECH cell div3/B_40, because it is not driving any load. (OPT-112)
Warning: Removing don't touch or size only GTECH cell div3/B_42, because it is not driving any load. (OPT-112)
Warning: Removing don't touch or size only GTECH cell div3/B_44, because it is not driving any load. (OPT-112)
Warning: Removing don't touch or size only GTECH cell div3/B_47, because it is not driving any load. (OPT-112)
Warning: Removing don't touch or size only GTECH cell div3/B_49, because it is not driving any load. (OPT-112)
Warning: Removing don't touch or size only GTECH cell div3/B_51, because it is not driving any load. (OPT-112)
Warning: Removing don't touch or size only GTECH cell div3/B_54, because it is not driving any load. (OPT-112)
Warning: Removing don't touch or size only GTECH cell div3/B_56, because it is not driving any load. (OPT-112)
Warning: Removing don't touch or size only GTECH cell div3/B_58, because it is not driving any load. (OPT-112)
Warning: Removing don't touch or size only GTECH cell div3/B_24, because it is not driving any load. (OPT-112)
Warning: Removing don't touch or size only GTECH cell div3/B_65, because it is not driving any load. (OPT-112)
Warning: Removing don't touch or size only GTECH cell div3/B_63, because it is not driving any load. (OPT-112)
Warning: Removing don't touch or size only GTECH cell div3/B_61, because it is not driving any load. (OPT-112)
Warning: Removing don't touch or size only GTECH cell div4/B_59, because it is not driving any load. (OPT-112)
Warning: Removing don't touch or size only GTECH cell div4/B_52, because it is not driving any load. (OPT-112)
Warning: Removing don't touch or size only GTECH cell div4/B_45, because it is not driving any load. (OPT-112)
Warning: Removing don't touch or size only GTECH cell div4/B_38, because it is not driving any load. (OPT-112)
Warning: Removing don't touch or size only GTECH cell div4/B_31, because it is not driving any load. (OPT-112)
Warning: Removing don't touch or size only GTECH cell div4/B_26, because it is not driving any load. (OPT-112)
Warning: Removing don't touch or size only GTECH cell div4/B_28, because it is not driving any load. (OPT-112)
Warning: Removing don't touch or size only GTECH cell div4/B_30, because it is not driving any load. (OPT-112)
Warning: Removing don't touch or size only GTECH cell div4/B_33, because it is not driving any load. (OPT-112)
Warning: Removing don't touch or size only GTECH cell div4/B_35, because it is not driving any load. (OPT-112)
Warning: Removing don't touch or size only GTECH cell div4/B_37, because it is not driving any load. (OPT-112)
Warning: Removing don't touch or size only GTECH cell div4/B_40, because it is not driving any load. (OPT-112)
Warning: Removing don't touch or size only GTECH cell div4/B_42, because it is not driving any load. (OPT-112)
Warning: Removing don't touch or size only GTECH cell div4/B_44, because it is not driving any load. (OPT-112)
Warning: Removing don't touch or size only GTECH cell div4/B_47, because it is not driving any load. (OPT-112)
Warning: Removing don't touch or size only GTECH cell div4/B_49, because it is not driving any load. (OPT-112)
Warning: Removing don't touch or size only GTECH cell div4/B_51, because it is not driving any load. (OPT-112)
Warning: Removing don't touch or size only GTECH cell div4/B_54, because it is not driving any load. (OPT-112)
Warning: Removing don't touch or size only GTECH cell div4/B_56, because it is not driving any load. (OPT-112)
Warning: Removing don't touch or size only GTECH cell div4/B_58, because it is not driving any load. (OPT-112)
Warning: Removing don't touch or size only GTECH cell div4/B_24, because it is not driving any load. (OPT-112)
Warning: Removing don't touch or size only GTECH cell div4/B_65, because it is not driving any load. (OPT-112)
Warning: Removing don't touch or size only GTECH cell div4/B_63, because it is not driving any load. (OPT-112)
Warning: Removing don't touch or size only GTECH cell div4/B_61, because it is not driving any load. (OPT-112)
Warning: Removing don't touch or size only GTECH cell div5/B_59, because it is not driving any load. (OPT-112)
Warning: Removing don't touch or size only GTECH cell div5/B_52, because it is not driving any load. (OPT-112)
Warning: Removing don't touch or size only GTECH cell div5/B_45, because it is not driving any load. (OPT-112)
Warning: Removing don't touch or size only GTECH cell div5/B_38, because it is not driving any load. (OPT-112)
Warning: Removing don't touch or size only GTECH cell div5/B_31, because it is not driving any load. (OPT-112)
Warning: Removing don't touch or size only GTECH cell div5/B_26, because it is not driving any load. (OPT-112)
Warning: Removing don't touch or size only GTECH cell div5/B_28, because it is not driving any load. (OPT-112)
Warning: Removing don't touch or size only GTECH cell div5/B_30, because it is not driving any load. (OPT-112)
Warning: Removing don't touch or size only GTECH cell div5/B_33, because it is not driving any load. (OPT-112)
Warning: Removing don't touch or size only GTECH cell div5/B_35, because it is not driving any load. (OPT-112)
Warning: Removing don't touch or size only GTECH cell div5/B_37, because it is not driving any load. (OPT-112)
Warning: Removing don't touch or size only GTECH cell div5/B_40, because it is not driving any load. (OPT-112)
Warning: Removing don't touch or size only GTECH cell div5/B_42, because it is not driving any load. (OPT-112)
Warning: Removing don't touch or size only GTECH cell div5/B_44, because it is not driving any load. (OPT-112)
Warning: Removing don't touch or size only GTECH cell div5/B_47, because it is not driving any load. (OPT-112)
Warning: Removing don't touch or size only GTECH cell div5/B_49, because it is not driving any load. (OPT-112)
Warning: Removing don't touch or size only GTECH cell div5/B_51, because it is not driving any load. (OPT-112)
Warning: Removing don't touch or size only GTECH cell div5/B_54, because it is not driving any load. (OPT-112)
Warning: Removing don't touch or size only GTECH cell div5/B_56, because it is not driving any load. (OPT-112)
Warning: Removing don't touch or size only GTECH cell div5/B_58, because it is not driving any load. (OPT-112)
Warning: Removing don't touch or size only GTECH cell div5/B_24, because it is not driving any load. (OPT-112)
Warning: Removing don't touch or size only GTECH cell div5/B_65, because it is not driving any load. (OPT-112)
Warning: Removing don't touch or size only GTECH cell div5/B_63, because it is not driving any load. (OPT-112)
Warning: Removing don't touch or size only GTECH cell div5/B_61, because it is not driving any load. (OPT-112)
Warning: Removing don't touch or size only GTECH cell div6/B_59, because it is not driving any load. (OPT-112)
Warning: Removing don't touch or size only GTECH cell div6/B_52, because it is not driving any load. (OPT-112)
Warning: Removing don't touch or size only GTECH cell div6/B_45, because it is not driving any load. (OPT-112)
Warning: Removing don't touch or size only GTECH cell div6/B_38, because it is not driving any load. (OPT-112)
Warning: Removing don't touch or size only GTECH cell div6/B_31, because it is not driving any load. (OPT-112)
Warning: Removing don't touch or size only GTECH cell div6/B_26, because it is not driving any load. (OPT-112)
Warning: Removing don't touch or size only GTECH cell div6/B_28, because it is not driving any load. (OPT-112)
Warning: Removing don't touch or size only GTECH cell div6/B_30, because it is not driving any load. (OPT-112)
Warning: Removing don't touch or size only GTECH cell div6/B_33, because it is not driving any load. (OPT-112)
Warning: Removing don't touch or size only GTECH cell div6/B_35, because it is not driving any load. (OPT-112)
Warning: Removing don't touch or size only GTECH cell div6/B_37, because it is not driving any load. (OPT-112)
Warning: Removing don't touch or size only GTECH cell div6/B_40, because it is not driving any load. (OPT-112)
Warning: Removing don't touch or size only GTECH cell div6/B_42, because it is not driving any load. (OPT-112)
Warning: Removing don't touch or size only GTECH cell div6/B_44, because it is not driving any load. (OPT-112)
Warning: Removing don't touch or size only GTECH cell div6/B_47, because it is not driving any load. (OPT-112)
Warning: Removing don't touch or size only GTECH cell div6/B_49, because it is not driving any load. (OPT-112)
Warning: Removing don't touch or size only GTECH cell div6/B_51, because it is not driving any load. (OPT-112)
Warning: Removing don't touch or size only GTECH cell div6/B_54, because it is not driving any load. (OPT-112)
Warning: Removing don't touch or size only GTECH cell div6/B_56, because it is not driving any load. (OPT-112)
Warning: Removing don't touch or size only GTECH cell div6/B_58, because it is not driving any load. (OPT-112)
Warning: Removing don't touch or size only GTECH cell div6/B_24, because it is not driving any load. (OPT-112)
Warning: Removing don't touch or size only GTECH cell div6/B_65, because it is not driving any load. (OPT-112)
Warning: Removing don't touch or size only GTECH cell div6/B_63, because it is not driving any load. (OPT-112)
Warning: Removing don't touch or size only GTECH cell div6/B_61, because it is not driving any load. (OPT-112)
Warning: Removing don't touch or size only GTECH cell div7/B_59, because it is not driving any load. (OPT-112)
Warning: Removing don't touch or size only GTECH cell div7/B_52, because it is not driving any load. (OPT-112)
Warning: Removing don't touch or size only GTECH cell div7/B_45, because it is not driving any load. (OPT-112)
Warning: Removing don't touch or size only GTECH cell div7/B_38, because it is not driving any load. (OPT-112)
Warning: Removing don't touch or size only GTECH cell div7/B_31, because it is not driving any load. (OPT-112)
Warning: Removing don't touch or size only GTECH cell div7/B_26, because it is not driving any load. (OPT-112)
Warning: Removing don't touch or size only GTECH cell div7/B_28, because it is not driving any load. (OPT-112)
Warning: Removing don't touch or size only GTECH cell div7/B_30, because it is not driving any load. (OPT-112)
Warning: Removing don't touch or size only GTECH cell div7/B_33, because it is not driving any load. (OPT-112)
Warning: Removing don't touch or size only GTECH cell div7/B_35, because it is not driving any load. (OPT-112)
Warning: Removing don't touch or size only GTECH cell div7/B_37, because it is not driving any load. (OPT-112)
Warning: Removing don't touch or size only GTECH cell div7/B_40, because it is not driving any load. (OPT-112)
Warning: Removing don't touch or size only GTECH cell div7/B_42, because it is not driving any load. (OPT-112)
Warning: Removing don't touch or size only GTECH cell div7/B_44, because it is not driving any load. (OPT-112)
Warning: Removing don't touch or size only GTECH cell div7/B_47, because it is not driving any load. (OPT-112)
Warning: Removing don't touch or size only GTECH cell div7/B_49, because it is not driving any load. (OPT-112)
Warning: Removing don't touch or size only GTECH cell div7/B_51, because it is not driving any load. (OPT-112)
Warning: Removing don't touch or size only GTECH cell div7/B_54, because it is not driving any load. (OPT-112)
Warning: Removing don't touch or size only GTECH cell div7/B_56, because it is not driving any load. (OPT-112)
Warning: Removing don't touch or size only GTECH cell div7/B_58, because it is not driving any load. (OPT-112)
Warning: Removing don't touch or size only GTECH cell div7/B_24, because it is not driving any load. (OPT-112)
Warning: Removing don't touch or size only GTECH cell div7/B_65, because it is not driving any load. (OPT-112)
Warning: Removing don't touch or size only GTECH cell div7/B_63, because it is not driving any load. (OPT-112)
Warning: Removing don't touch or size only GTECH cell div7/B_61, because it is not driving any load. (OPT-112)

  Beginning Global Optimizations
  ------------------------------
  Numerical Synthesis (Phase 1)
  Numerical Synthesis (Phase 2)
  Global Optimization (Phase 1)
  Global Optimization (Phase 2)
  Global Optimization (Phase 3)
  Global Optimization (Phase 4)
  Global Optimization (Phase 5)
  Global Optimization (Phase 6)
  Global Optimization (Phase 7)
  Global Optimization (Phase 8)
  Global Optimization (Phase 9)
  Global Optimization (Phase 10)
  Global Optimization (Phase 11)
  Global Optimization (Phase 12)
  Global Optimization (Phase 13)
  Global Optimization (Phase 14)
  Global Optimization (Phase 15)
  Global Optimization (Phase 16)
  Global Optimization (Phase 17)
  Global Optimization (Phase 18)
  Global Optimization (Phase 19)
  Global Optimization (Phase 20)
  Global Optimization (Phase 21)
  Global Optimization (Phase 22)
  Global Optimization (Phase 23)
  Global Optimization (Phase 24)
  Global Optimization (Phase 25)
  Global Optimization (Phase 26)
  Global Optimization (Phase 27)
  Global Optimization (Phase 28)
  Global Optimization (Phase 29)
  Global Optimization (Phase 30)
  Global Optimization (Phase 31)
  Mapping 'ViT_top_DP_OP_750J1_123_1791_3'
  Mapping 'ViT_top_DW01_sub_33'
Warning: Removing don't touch or size only GTECH cell div0/B_24, because it is not driving any load. (OPT-112)
Warning: Removing don't touch or size only GTECH cell div0/B_26, because it is not driving any load. (OPT-112)
Warning: Removing don't touch or size only GTECH cell div0/B_28, because it is not driving any load. (OPT-112)
Warning: Removing don't touch or size only GTECH cell div0/B_30, because it is not driving any load. (OPT-112)
Warning: Removing don't touch or size only GTECH cell div0/B_31, because it is not driving any load. (OPT-112)
Warning: Removing don't touch or size only GTECH cell div0/B_33, because it is not driving any load. (OPT-112)
Warning: Removing don't touch or size only GTECH cell div0/B_35, because it is not driving any load. (OPT-112)
Warning: Removing don't touch or size only GTECH cell div0/B_37, because it is not driving any load. (OPT-112)
Warning: Removing don't touch or size only GTECH cell div0/B_38, because it is not driving any load. (OPT-112)
Warning: Removing don't touch or size only GTECH cell div0/B_40, because it is not driving any load. (OPT-112)
Warning: Removing don't touch or size only GTECH cell div0/B_42, because it is not driving any load. (OPT-112)
Warning: Removing don't touch or size only GTECH cell div0/B_44, because it is not driving any load. (OPT-112)
Warning: Removing don't touch or size only GTECH cell div0/B_45, because it is not driving any load. (OPT-112)
Warning: Removing don't touch or size only GTECH cell div0/B_47, because it is not driving any load. (OPT-112)
Warning: Removing don't touch or size only GTECH cell div0/B_49, because it is not driving any load. (OPT-112)
Warning: Removing don't touch or size only GTECH cell div0/B_51, because it is not driving any load. (OPT-112)
Warning: Removing don't touch or size only GTECH cell div0/B_52, because it is not driving any load. (OPT-112)
Warning: Removing don't touch or size only GTECH cell div0/B_54, because it is not driving any load. (OPT-112)
Warning: Removing don't touch or size only GTECH cell div0/B_56, because it is not driving any load. (OPT-112)
Warning: Removing don't touch or size only GTECH cell div0/B_58, because it is not driving any load. (OPT-112)
Warning: Removing don't touch or size only GTECH cell div0/B_59, because it is not driving any load. (OPT-112)
Warning: Removing don't touch or size only GTECH cell div0/B_61, because it is not driving any load. (OPT-112)
Warning: Removing don't touch or size only GTECH cell div0/B_63, because it is not driving any load. (OPT-112)
Warning: Removing don't touch or size only GTECH cell div0/B_65, because it is not driving any load. (OPT-112)
Warning: Removing don't touch or size only GTECH cell div1/B_24, because it is not driving any load. (OPT-112)
Warning: Removing don't touch or size only GTECH cell div1/B_26, because it is not driving any load. (OPT-112)
Warning: Removing don't touch or size only GTECH cell div1/B_28, because it is not driving any load. (OPT-112)
Warning: Removing don't touch or size only GTECH cell div1/B_30, because it is not driving any load. (OPT-112)
Warning: Removing don't touch or size only GTECH cell div1/B_31, because it is not driving any load. (OPT-112)
Warning: Removing don't touch or size only GTECH cell div1/B_33, because it is not driving any load. (OPT-112)
Warning: Removing don't touch or size only GTECH cell div1/B_35, because it is not driving any load. (OPT-112)
Warning: Removing don't touch or size only GTECH cell div1/B_37, because it is not driving any load. (OPT-112)
Warning: Removing don't touch or size only GTECH cell div1/B_38, because it is not driving any load. (OPT-112)
Warning: Removing don't touch or size only GTECH cell div1/B_40, because it is not driving any load. (OPT-112)
Warning: Removing don't touch or size only GTECH cell div1/B_42, because it is not driving any load. (OPT-112)
Warning: Removing don't touch or size only GTECH cell div1/B_44, because it is not driving any load. (OPT-112)
Warning: Removing don't touch or size only GTECH cell div1/B_45, because it is not driving any load. (OPT-112)
Warning: Removing don't touch or size only GTECH cell div1/B_47, because it is not driving any load. (OPT-112)
Warning: Removing don't touch or size only GTECH cell div1/B_49, because it is not driving any load. (OPT-112)
Warning: Removing don't touch or size only GTECH cell div1/B_51, because it is not driving any load. (OPT-112)
Warning: Removing don't touch or size only GTECH cell div1/B_52, because it is not driving any load. (OPT-112)
Warning: Removing don't touch or size only GTECH cell div1/B_54, because it is not driving any load. (OPT-112)
Warning: Removing don't touch or size only GTECH cell div1/B_56, because it is not driving any load. (OPT-112)
Warning: Removing don't touch or size only GTECH cell div1/B_58, because it is not driving any load. (OPT-112)
Warning: Removing don't touch or size only GTECH cell div1/B_59, because it is not driving any load. (OPT-112)
Warning: Removing don't touch or size only GTECH cell div1/B_61, because it is not driving any load. (OPT-112)
Warning: Removing don't touch or size only GTECH cell div1/B_63, because it is not driving any load. (OPT-112)
Warning: Removing don't touch or size only GTECH cell div1/B_65, because it is not driving any load. (OPT-112)
Warning: Removing don't touch or size only GTECH cell div2/B_24, because it is not driving any load. (OPT-112)
Warning: Removing don't touch or size only GTECH cell div2/B_26, because it is not driving any load. (OPT-112)
Warning: Removing don't touch or size only GTECH cell div2/B_28, because it is not driving any load. (OPT-112)
Warning: Removing don't touch or size only GTECH cell div2/B_30, because it is not driving any load. (OPT-112)
Warning: Removing don't touch or size only GTECH cell div2/B_31, because it is not driving any load. (OPT-112)
Warning: Removing don't touch or size only GTECH cell div2/B_33, because it is not driving any load. (OPT-112)
Warning: Removing don't touch or size only GTECH cell div2/B_35, because it is not driving any load. (OPT-112)
Warning: Removing don't touch or size only GTECH cell div2/B_37, because it is not driving any load. (OPT-112)
Warning: Removing don't touch or size only GTECH cell div2/B_38, because it is not driving any load. (OPT-112)
Warning: Removing don't touch or size only GTECH cell div2/B_40, because it is not driving any load. (OPT-112)
Warning: Removing don't touch or size only GTECH cell div2/B_42, because it is not driving any load. (OPT-112)
Warning: Removing don't touch or size only GTECH cell div2/B_44, because it is not driving any load. (OPT-112)
Warning: Removing don't touch or size only GTECH cell div2/B_45, because it is not driving any load. (OPT-112)
Warning: Removing don't touch or size only GTECH cell div2/B_47, because it is not driving any load. (OPT-112)
Warning: Removing don't touch or size only GTECH cell div2/B_49, because it is not driving any load. (OPT-112)
Warning: Removing don't touch or size only GTECH cell div2/B_51, because it is not driving any load. (OPT-112)
Warning: Removing don't touch or size only GTECH cell div2/B_52, because it is not driving any load. (OPT-112)
Warning: Removing don't touch or size only GTECH cell div2/B_54, because it is not driving any load. (OPT-112)
Warning: Removing don't touch or size only GTECH cell div2/B_56, because it is not driving any load. (OPT-112)
Warning: Removing don't touch or size only GTECH cell div2/B_58, because it is not driving any load. (OPT-112)
Warning: Removing don't touch or size only GTECH cell div2/B_59, because it is not driving any load. (OPT-112)
Warning: Removing don't touch or size only GTECH cell div2/B_61, because it is not driving any load. (OPT-112)
Warning: Removing don't touch or size only GTECH cell div2/B_63, because it is not driving any load. (OPT-112)
Warning: Removing don't touch or size only GTECH cell div2/B_65, because it is not driving any load. (OPT-112)
Warning: Removing don't touch or size only GTECH cell div3/B_24, because it is not driving any load. (OPT-112)
Warning: Removing don't touch or size only GTECH cell div3/B_26, because it is not driving any load. (OPT-112)
Warning: Removing don't touch or size only GTECH cell div3/B_28, because it is not driving any load. (OPT-112)
Warning: Removing don't touch or size only GTECH cell div3/B_30, because it is not driving any load. (OPT-112)
Warning: Removing don't touch or size only GTECH cell div3/B_31, because it is not driving any load. (OPT-112)
Warning: Removing don't touch or size only GTECH cell div3/B_33, because it is not driving any load. (OPT-112)
Warning: Removing don't touch or size only GTECH cell div3/B_35, because it is not driving any load. (OPT-112)
Warning: Removing don't touch or size only GTECH cell div3/B_37, because it is not driving any load. (OPT-112)
Warning: Removing don't touch or size only GTECH cell div3/B_38, because it is not driving any load. (OPT-112)
Warning: Removing don't touch or size only GTECH cell div3/B_40, because it is not driving any load. (OPT-112)
Warning: Removing don't touch or size only GTECH cell div3/B_42, because it is not driving any load. (OPT-112)
Warning: Removing don't touch or size only GTECH cell div3/B_44, because it is not driving any load. (OPT-112)
Warning: Removing don't touch or size only GTECH cell div3/B_45, because it is not driving any load. (OPT-112)
Warning: Removing don't touch or size only GTECH cell div3/B_47, because it is not driving any load. (OPT-112)
Warning: Removing don't touch or size only GTECH cell div3/B_49, because it is not driving any load. (OPT-112)
Warning: Removing don't touch or size only GTECH cell div3/B_51, because it is not driving any load. (OPT-112)
Warning: Removing don't touch or size only GTECH cell div3/B_52, because it is not driving any load. (OPT-112)
Warning: Removing don't touch or size only GTECH cell div3/B_54, because it is not driving any load. (OPT-112)
Warning: Removing don't touch or size only GTECH cell div3/B_56, because it is not driving any load. (OPT-112)
Warning: Removing don't touch or size only GTECH cell div3/B_58, because it is not driving any load. (OPT-112)
Warning: Removing don't touch or size only GTECH cell div3/B_59, because it is not driving any load. (OPT-112)
Warning: Removing don't touch or size only GTECH cell div3/B_61, because it is not driving any load. (OPT-112)
Warning: Removing don't touch or size only GTECH cell div3/B_63, because it is not driving any load. (OPT-112)
Warning: Removing don't touch or size only GTECH cell div3/B_65, because it is not driving any load. (OPT-112)
Warning: Removing don't touch or size only GTECH cell div4/B_24, because it is not driving any load. (OPT-112)
Warning: Removing don't touch or size only GTECH cell div4/B_26, because it is not driving any load. (OPT-112)
Warning: Removing don't touch or size only GTECH cell div4/B_28, because it is not driving any load. (OPT-112)
Warning: Removing don't touch or size only GTECH cell div4/B_30, because it is not driving any load. (OPT-112)
Warning: Removing don't touch or size only GTECH cell div4/B_31, because it is not driving any load. (OPT-112)
Warning: Removing don't touch or size only GTECH cell div4/B_33, because it is not driving any load. (OPT-112)
Warning: Removing don't touch or size only GTECH cell div4/B_35, because it is not driving any load. (OPT-112)
Warning: Removing don't touch or size only GTECH cell div4/B_37, because it is not driving any load. (OPT-112)
Warning: Removing don't touch or size only GTECH cell div4/B_38, because it is not driving any load. (OPT-112)
Warning: Removing don't touch or size only GTECH cell div4/B_40, because it is not driving any load. (OPT-112)
Warning: Removing don't touch or size only GTECH cell div4/B_42, because it is not driving any load. (OPT-112)
Warning: Removing don't touch or size only GTECH cell div4/B_44, because it is not driving any load. (OPT-112)
Warning: Removing don't touch or size only GTECH cell div4/B_45, because it is not driving any load. (OPT-112)
Warning: Removing don't touch or size only GTECH cell div4/B_47, because it is not driving any load. (OPT-112)
Warning: Removing don't touch or size only GTECH cell div4/B_49, because it is not driving any load. (OPT-112)
Warning: Removing don't touch or size only GTECH cell div4/B_51, because it is not driving any load. (OPT-112)
Warning: Removing don't touch or size only GTECH cell div4/B_52, because it is not driving any load. (OPT-112)
Warning: Removing don't touch or size only GTECH cell div4/B_54, because it is not driving any load. (OPT-112)
Warning: Removing don't touch or size only GTECH cell div4/B_56, because it is not driving any load. (OPT-112)
Warning: Removing don't touch or size only GTECH cell div4/B_58, because it is not driving any load. (OPT-112)
Warning: Removing don't touch or size only GTECH cell div4/B_59, because it is not driving any load. (OPT-112)
Warning: Removing don't touch or size only GTECH cell div4/B_61, because it is not driving any load. (OPT-112)
Warning: Removing don't touch or size only GTECH cell div4/B_63, because it is not driving any load. (OPT-112)
Warning: Removing don't touch or size only GTECH cell div4/B_65, because it is not driving any load. (OPT-112)
Warning: Removing don't touch or size only GTECH cell div5/B_24, because it is not driving any load. (OPT-112)
Warning: Removing don't touch or size only GTECH cell div5/B_26, because it is not driving any load. (OPT-112)
Warning: Removing don't touch or size only GTECH cell div5/B_28, because it is not driving any load. (OPT-112)
Warning: Removing don't touch or size only GTECH cell div5/B_30, because it is not driving any load. (OPT-112)
Warning: Removing don't touch or size only GTECH cell div5/B_31, because it is not driving any load. (OPT-112)
Warning: Removing don't touch or size only GTECH cell div5/B_33, because it is not driving any load. (OPT-112)
Warning: Removing don't touch or size only GTECH cell div5/B_35, because it is not driving any load. (OPT-112)
Warning: Removing don't touch or size only GTECH cell div5/B_37, because it is not driving any load. (OPT-112)
Warning: Removing don't touch or size only GTECH cell div5/B_38, because it is not driving any load. (OPT-112)
Warning: Removing don't touch or size only GTECH cell div5/B_40, because it is not driving any load. (OPT-112)
Warning: Removing don't touch or size only GTECH cell div5/B_42, because it is not driving any load. (OPT-112)
Warning: Removing don't touch or size only GTECH cell div5/B_44, because it is not driving any load. (OPT-112)
Warning: Removing don't touch or size only GTECH cell div5/B_45, because it is not driving any load. (OPT-112)
Warning: Removing don't touch or size only GTECH cell div5/B_47, because it is not driving any load. (OPT-112)
Warning: Removing don't touch or size only GTECH cell div5/B_49, because it is not driving any load. (OPT-112)
Warning: Removing don't touch or size only GTECH cell div5/B_51, because it is not driving any load. (OPT-112)
Warning: Removing don't touch or size only GTECH cell div5/B_52, because it is not driving any load. (OPT-112)
Warning: Removing don't touch or size only GTECH cell div5/B_54, because it is not driving any load. (OPT-112)
Warning: Removing don't touch or size only GTECH cell div5/B_56, because it is not driving any load. (OPT-112)
Warning: Removing don't touch or size only GTECH cell div5/B_58, because it is not driving any load. (OPT-112)
Warning: Removing don't touch or size only GTECH cell div5/B_59, because it is not driving any load. (OPT-112)
Warning: Removing don't touch or size only GTECH cell div5/B_61, because it is not driving any load. (OPT-112)
Warning: Removing don't touch or size only GTECH cell div5/B_63, because it is not driving any load. (OPT-112)
Warning: Removing don't touch or size only GTECH cell div5/B_65, because it is not driving any load. (OPT-112)
Warning: Removing don't touch or size only GTECH cell div6/B_24, because it is not driving any load. (OPT-112)
Warning: Removing don't touch or size only GTECH cell div6/B_26, because it is not driving any load. (OPT-112)
Warning: Removing don't touch or size only GTECH cell div6/B_28, because it is not driving any load. (OPT-112)
Warning: Removing don't touch or size only GTECH cell div6/B_30, because it is not driving any load. (OPT-112)
Warning: Removing don't touch or size only GTECH cell div6/B_31, because it is not driving any load. (OPT-112)
Warning: Removing don't touch or size only GTECH cell div6/B_33, because it is not driving any load. (OPT-112)
Warning: Removing don't touch or size only GTECH cell div6/B_35, because it is not driving any load. (OPT-112)
Warning: Removing don't touch or size only GTECH cell div6/B_37, because it is not driving any load. (OPT-112)
Warning: Removing don't touch or size only GTECH cell div6/B_38, because it is not driving any load. (OPT-112)
Warning: Removing don't touch or size only GTECH cell div6/B_40, because it is not driving any load. (OPT-112)
Warning: Removing don't touch or size only GTECH cell div6/B_42, because it is not driving any load. (OPT-112)
Warning: Removing don't touch or size only GTECH cell div6/B_44, because it is not driving any load. (OPT-112)
Warning: Removing don't touch or size only GTECH cell div6/B_45, because it is not driving any load. (OPT-112)
Warning: Removing don't touch or size only GTECH cell div6/B_47, because it is not driving any load. (OPT-112)
Warning: Removing don't touch or size only GTECH cell div6/B_49, because it is not driving any load. (OPT-112)
Warning: Removing don't touch or size only GTECH cell div6/B_51, because it is not driving any load. (OPT-112)
Warning: Removing don't touch or size only GTECH cell div6/B_52, because it is not driving any load. (OPT-112)
Warning: Removing don't touch or size only GTECH cell div6/B_54, because it is not driving any load. (OPT-112)
Warning: Removing don't touch or size only GTECH cell div6/B_56, because it is not driving any load. (OPT-112)
Warning: Removing don't touch or size only GTECH cell div6/B_58, because it is not driving any load. (OPT-112)
Warning: Removing don't touch or size only GTECH cell div6/B_59, because it is not driving any load. (OPT-112)
Warning: Removing don't touch or size only GTECH cell div6/B_61, because it is not driving any load. (OPT-112)
Warning: Removing don't touch or size only GTECH cell div6/B_63, because it is not driving any load. (OPT-112)
Warning: Removing don't touch or size only GTECH cell div6/B_65, because it is not driving any load. (OPT-112)
Warning: Removing don't touch or size only GTECH cell div7/B_24, because it is not driving any load. (OPT-112)
Warning: Removing don't touch or size only GTECH cell div7/B_26, because it is not driving any load. (OPT-112)
Warning: Removing don't touch or size only GTECH cell div7/B_28, because it is not driving any load. (OPT-112)
Warning: Removing don't touch or size only GTECH cell div7/B_30, because it is not driving any load. (OPT-112)
Warning: Removing don't touch or size only GTECH cell div7/B_31, because it is not driving any load. (OPT-112)
Warning: Removing don't touch or size only GTECH cell div7/B_33, because it is not driving any load. (OPT-112)
Warning: Removing don't touch or size only GTECH cell div7/B_35, because it is not driving any load. (OPT-112)
Warning: Removing don't touch or size only GTECH cell div7/B_37, because it is not driving any load. (OPT-112)
Warning: Removing don't touch or size only GTECH cell div7/B_38, because it is not driving any load. (OPT-112)
Warning: Removing don't touch or size only GTECH cell div7/B_40, because it is not driving any load. (OPT-112)
Warning: Removing don't touch or size only GTECH cell div7/B_42, because it is not driving any load. (OPT-112)
Warning: Removing don't touch or size only GTECH cell div7/B_44, because it is not driving any load. (OPT-112)
Warning: Removing don't touch or size only GTECH cell div7/B_45, because it is not driving any load. (OPT-112)
Warning: Removing don't touch or size only GTECH cell div7/B_47, because it is not driving any load. (OPT-112)
Warning: Removing don't touch or size only GTECH cell div7/B_49, because it is not driving any load. (OPT-112)
Warning: Removing don't touch or size only GTECH cell div7/B_51, because it is not driving any load. (OPT-112)
Warning: Removing don't touch or size only GTECH cell div7/B_52, because it is not driving any load. (OPT-112)
Warning: Removing don't touch or size only GTECH cell div7/B_54, because it is not driving any load. (OPT-112)
Warning: Removing don't touch or size only GTECH cell div7/B_56, because it is not driving any load. (OPT-112)
Warning: Removing don't touch or size only GTECH cell div7/B_58, because it is not driving any load. (OPT-112)
Warning: Removing don't touch or size only GTECH cell div7/B_59, because it is not driving any load. (OPT-112)
Warning: Removing don't touch or size only GTECH cell div7/B_61, because it is not driving any load. (OPT-112)
Warning: Removing don't touch or size only GTECH cell div7/B_63, because it is not driving any load. (OPT-112)
Warning: Removing don't touch or size only GTECH cell div7/B_65, because it is not driving any load. (OPT-112)
Warning: Removing don't touch or size only GTECH cell div0/B_59, because it is not driving any load. (OPT-112)
Warning: Removing don't touch or size only GTECH cell div0/B_52, because it is not driving any load. (OPT-112)
Warning: Removing don't touch or size only GTECH cell div0/B_45, because it is not driving any load. (OPT-112)
Warning: Removing don't touch or size only GTECH cell div0/B_38, because it is not driving any load. (OPT-112)
Warning: Removing don't touch or size only GTECH cell div0/B_31, because it is not driving any load. (OPT-112)
Warning: Removing don't touch or size only GTECH cell div0/B_26, because it is not driving any load. (OPT-112)
Warning: Removing don't touch or size only GTECH cell div0/B_28, because it is not driving any load. (OPT-112)
Warning: Removing don't touch or size only GTECH cell div0/B_30, because it is not driving any load. (OPT-112)
Warning: Removing don't touch or size only GTECH cell div0/B_33, because it is not driving any load. (OPT-112)
Warning: Removing don't touch or size only GTECH cell div0/B_35, because it is not driving any load. (OPT-112)
Warning: Removing don't touch or size only GTECH cell div0/B_37, because it is not driving any load. (OPT-112)
Warning: Removing don't touch or size only GTECH cell div0/B_40, because it is not driving any load. (OPT-112)
Warning: Removing don't touch or size only GTECH cell div0/B_42, because it is not driving any load. (OPT-112)
Warning: Removing don't touch or size only GTECH cell div0/B_44, because it is not driving any load. (OPT-112)
Warning: Removing don't touch or size only GTECH cell div0/B_47, because it is not driving any load. (OPT-112)
Warning: Removing don't touch or size only GTECH cell div0/B_49, because it is not driving any load. (OPT-112)
Warning: Removing don't touch or size only GTECH cell div0/B_51, because it is not driving any load. (OPT-112)
Warning: Removing don't touch or size only GTECH cell div0/B_54, because it is not driving any load. (OPT-112)
Warning: Removing don't touch or size only GTECH cell div0/B_56, because it is not driving any load. (OPT-112)
Warning: Removing don't touch or size only GTECH cell div0/B_58, because it is not driving any load. (OPT-112)
Warning: Removing don't touch or size only GTECH cell div0/B_24, because it is not driving any load. (OPT-112)
Warning: Removing don't touch or size only GTECH cell div0/B_65, because it is not driving any load. (OPT-112)
Warning: Removing don't touch or size only GTECH cell div0/B_63, because it is not driving any load. (OPT-112)
Warning: Removing don't touch or size only GTECH cell div0/B_61, because it is not driving any load. (OPT-112)
Warning: Removing don't touch or size only GTECH cell div1/B_59, because it is not driving any load. (OPT-112)
Warning: Removing don't touch or size only GTECH cell div1/B_52, because it is not driving any load. (OPT-112)
Warning: Removing don't touch or size only GTECH cell div1/B_45, because it is not driving any load. (OPT-112)
Warning: Removing don't touch or size only GTECH cell div1/B_38, because it is not driving any load. (OPT-112)
Warning: Removing don't touch or size only GTECH cell div1/B_31, because it is not driving any load. (OPT-112)
Warning: Removing don't touch or size only GTECH cell div1/B_26, because it is not driving any load. (OPT-112)
Warning: Removing don't touch or size only GTECH cell div1/B_28, because it is not driving any load. (OPT-112)
Warning: Removing don't touch or size only GTECH cell div1/B_30, because it is not driving any load. (OPT-112)
Warning: Removing don't touch or size only GTECH cell div1/B_33, because it is not driving any load. (OPT-112)
Warning: Removing don't touch or size only GTECH cell div1/B_35, because it is not driving any load. (OPT-112)
Warning: Removing don't touch or size only GTECH cell div1/B_37, because it is not driving any load. (OPT-112)
Warning: Removing don't touch or size only GTECH cell div1/B_40, because it is not driving any load. (OPT-112)
Warning: Removing don't touch or size only GTECH cell div1/B_42, because it is not driving any load. (OPT-112)
Warning: Removing don't touch or size only GTECH cell div1/B_44, because it is not driving any load. (OPT-112)
Warning: Removing don't touch or size only GTECH cell div1/B_47, because it is not driving any load. (OPT-112)
Warning: Removing don't touch or size only GTECH cell div1/B_49, because it is not driving any load. (OPT-112)
Warning: Removing don't touch or size only GTECH cell div1/B_51, because it is not driving any load. (OPT-112)
Warning: Removing don't touch or size only GTECH cell div1/B_54, because it is not driving any load. (OPT-112)
Warning: Removing don't touch or size only GTECH cell div1/B_56, because it is not driving any load. (OPT-112)
Warning: Removing don't touch or size only GTECH cell div1/B_58, because it is not driving any load. (OPT-112)
Warning: Removing don't touch or size only GTECH cell div1/B_24, because it is not driving any load. (OPT-112)
Warning: Removing don't touch or size only GTECH cell div1/B_65, because it is not driving any load. (OPT-112)
Warning: Removing don't touch or size only GTECH cell div1/B_63, because it is not driving any load. (OPT-112)
Warning: Removing don't touch or size only GTECH cell div1/B_61, because it is not driving any load. (OPT-112)
Warning: Removing don't touch or size only GTECH cell div2/B_59, because it is not driving any load. (OPT-112)
Warning: Removing don't touch or size only GTECH cell div2/B_52, because it is not driving any load. (OPT-112)
Warning: Removing don't touch or size only GTECH cell div2/B_45, because it is not driving any load. (OPT-112)
Warning: Removing don't touch or size only GTECH cell div2/B_38, because it is not driving any load. (OPT-112)
Warning: Removing don't touch or size only GTECH cell div2/B_31, because it is not driving any load. (OPT-112)
Warning: Removing don't touch or size only GTECH cell div2/B_26, because it is not driving any load. (OPT-112)
Warning: Removing don't touch or size only GTECH cell div2/B_28, because it is not driving any load. (OPT-112)
Warning: Removing don't touch or size only GTECH cell div2/B_30, because it is not driving any load. (OPT-112)
Warning: Removing don't touch or size only GTECH cell div2/B_33, because it is not driving any load. (OPT-112)
Warning: Removing don't touch or size only GTECH cell div2/B_35, because it is not driving any load. (OPT-112)
Warning: Removing don't touch or size only GTECH cell div2/B_37, because it is not driving any load. (OPT-112)
Warning: Removing don't touch or size only GTECH cell div2/B_40, because it is not driving any load. (OPT-112)
Warning: Removing don't touch or size only GTECH cell div2/B_42, because it is not driving any load. (OPT-112)
Warning: Removing don't touch or size only GTECH cell div2/B_44, because it is not driving any load. (OPT-112)
Warning: Removing don't touch or size only GTECH cell div2/B_47, because it is not driving any load. (OPT-112)
Warning: Removing don't touch or size only GTECH cell div2/B_49, because it is not driving any load. (OPT-112)
Warning: Removing don't touch or size only GTECH cell div2/B_51, because it is not driving any load. (OPT-112)
Warning: Removing don't touch or size only GTECH cell div2/B_54, because it is not driving any load. (OPT-112)
Warning: Removing don't touch or size only GTECH cell div2/B_56, because it is not driving any load. (OPT-112)
Warning: Removing don't touch or size only GTECH cell div2/B_58, because it is not driving any load. (OPT-112)
Warning: Removing don't touch or size only GTECH cell div2/B_24, because it is not driving any load. (OPT-112)
Warning: Removing don't touch or size only GTECH cell div2/B_65, because it is not driving any load. (OPT-112)
Warning: Removing don't touch or size only GTECH cell div2/B_63, because it is not driving any load. (OPT-112)
Warning: Removing don't touch or size only GTECH cell div2/B_61, because it is not driving any load. (OPT-112)
Warning: Removing don't touch or size only GTECH cell div3/B_59, because it is not driving any load. (OPT-112)
Warning: Removing don't touch or size only GTECH cell div3/B_52, because it is not driving any load. (OPT-112)
Warning: Removing don't touch or size only GTECH cell div3/B_45, because it is not driving any load. (OPT-112)
Warning: Removing don't touch or size only GTECH cell div3/B_38, because it is not driving any load. (OPT-112)
Warning: Removing don't touch or size only GTECH cell div3/B_31, because it is not driving any load. (OPT-112)
Warning: Removing don't touch or size only GTECH cell div3/B_26, because it is not driving any load. (OPT-112)
Warning: Removing don't touch or size only GTECH cell div3/B_28, because it is not driving any load. (OPT-112)
Warning: Removing don't touch or size only GTECH cell div3/B_30, because it is not driving any load. (OPT-112)
Warning: Removing don't touch or size only GTECH cell div3/B_33, because it is not driving any load. (OPT-112)
Warning: Removing don't touch or size only GTECH cell div3/B_35, because it is not driving any load. (OPT-112)
Warning: Removing don't touch or size only GTECH cell div3/B_37, because it is not driving any load. (OPT-112)
Warning: Removing don't touch or size only GTECH cell div3/B_40, because it is not driving any load. (OPT-112)
Warning: Removing don't touch or size only GTECH cell div3/B_42, because it is not driving any load. (OPT-112)
Warning: Removing don't touch or size only GTECH cell div3/B_44, because it is not driving any load. (OPT-112)
Warning: Removing don't touch or size only GTECH cell div3/B_47, because it is not driving any load. (OPT-112)
Warning: Removing don't touch or size only GTECH cell div3/B_49, because it is not driving any load. (OPT-112)
Warning: Removing don't touch or size only GTECH cell div3/B_51, because it is not driving any load. (OPT-112)
Warning: Removing don't touch or size only GTECH cell div3/B_54, because it is not driving any load. (OPT-112)
Warning: Removing don't touch or size only GTECH cell div3/B_56, because it is not driving any load. (OPT-112)
Warning: Removing don't touch or size only GTECH cell div3/B_58, because it is not driving any load. (OPT-112)
Warning: Removing don't touch or size only GTECH cell div3/B_24, because it is not driving any load. (OPT-112)
Warning: Removing don't touch or size only GTECH cell div3/B_65, because it is not driving any load. (OPT-112)
Warning: Removing don't touch or size only GTECH cell div3/B_63, because it is not driving any load. (OPT-112)
Warning: Removing don't touch or size only GTECH cell div3/B_61, because it is not driving any load. (OPT-112)
Warning: Removing don't touch or size only GTECH cell div4/B_59, because it is not driving any load. (OPT-112)
Warning: Removing don't touch or size only GTECH cell div4/B_52, because it is not driving any load. (OPT-112)
Warning: Removing don't touch or size only GTECH cell div4/B_45, because it is not driving any load. (OPT-112)
Warning: Removing don't touch or size only GTECH cell div4/B_38, because it is not driving any load. (OPT-112)
Warning: Removing don't touch or size only GTECH cell div4/B_31, because it is not driving any load. (OPT-112)
Warning: Removing don't touch or size only GTECH cell div4/B_26, because it is not driving any load. (OPT-112)
Warning: Removing don't touch or size only GTECH cell div4/B_28, because it is not driving any load. (OPT-112)
Warning: Removing don't touch or size only GTECH cell div4/B_30, because it is not driving any load. (OPT-112)
Warning: Removing don't touch or size only GTECH cell div4/B_33, because it is not driving any load. (OPT-112)
Warning: Removing don't touch or size only GTECH cell div4/B_35, because it is not driving any load. (OPT-112)
Warning: Removing don't touch or size only GTECH cell div4/B_37, because it is not driving any load. (OPT-112)
Warning: Removing don't touch or size only GTECH cell div4/B_40, because it is not driving any load. (OPT-112)
Warning: Removing don't touch or size only GTECH cell div4/B_42, because it is not driving any load. (OPT-112)
Warning: Removing don't touch or size only GTECH cell div4/B_44, because it is not driving any load. (OPT-112)
Warning: Removing don't touch or size only GTECH cell div4/B_47, because it is not driving any load. (OPT-112)
Warning: Removing don't touch or size only GTECH cell div4/B_49, because it is not driving any load. (OPT-112)
Warning: Removing don't touch or size only GTECH cell div4/B_51, because it is not driving any load. (OPT-112)
Warning: Removing don't touch or size only GTECH cell div4/B_54, because it is not driving any load. (OPT-112)
Warning: Removing don't touch or size only GTECH cell div4/B_56, because it is not driving any load. (OPT-112)
Warning: Removing don't touch or size only GTECH cell div4/B_58, because it is not driving any load. (OPT-112)
Warning: Removing don't touch or size only GTECH cell div4/B_24, because it is not driving any load. (OPT-112)
Warning: Removing don't touch or size only GTECH cell div4/B_65, because it is not driving any load. (OPT-112)
Warning: Removing don't touch or size only GTECH cell div4/B_63, because it is not driving any load. (OPT-112)
Warning: Removing don't touch or size only GTECH cell div4/B_61, because it is not driving any load. (OPT-112)
Warning: Removing don't touch or size only GTECH cell div5/B_59, because it is not driving any load. (OPT-112)
Warning: Removing don't touch or size only GTECH cell div5/B_52, because it is not driving any load. (OPT-112)
Warning: Removing don't touch or size only GTECH cell div5/B_45, because it is not driving any load. (OPT-112)
Warning: Removing don't touch or size only GTECH cell div5/B_38, because it is not driving any load. (OPT-112)
Warning: Removing don't touch or size only GTECH cell div5/B_31, because it is not driving any load. (OPT-112)
Warning: Removing don't touch or size only GTECH cell div5/B_26, because it is not driving any load. (OPT-112)
Warning: Removing don't touch or size only GTECH cell div5/B_28, because it is not driving any load. (OPT-112)
Warning: Removing don't touch or size only GTECH cell div5/B_30, because it is not driving any load. (OPT-112)
Warning: Removing don't touch or size only GTECH cell div5/B_33, because it is not driving any load. (OPT-112)
Warning: Removing don't touch or size only GTECH cell div5/B_35, because it is not driving any load. (OPT-112)
Warning: Removing don't touch or size only GTECH cell div5/B_37, because it is not driving any load. (OPT-112)
Warning: Removing don't touch or size only GTECH cell div5/B_40, because it is not driving any load. (OPT-112)
Warning: Removing don't touch or size only GTECH cell div5/B_42, because it is not driving any load. (OPT-112)
Warning: Removing don't touch or size only GTECH cell div5/B_44, because it is not driving any load. (OPT-112)
Warning: Removing don't touch or size only GTECH cell div5/B_47, because it is not driving any load. (OPT-112)
Warning: Removing don't touch or size only GTECH cell div5/B_49, because it is not driving any load. (OPT-112)
Warning: Removing don't touch or size only GTECH cell div5/B_51, because it is not driving any load. (OPT-112)
Warning: Removing don't touch or size only GTECH cell div5/B_54, because it is not driving any load. (OPT-112)
Warning: Removing don't touch or size only GTECH cell div5/B_56, because it is not driving any load. (OPT-112)
Warning: Removing don't touch or size only GTECH cell div5/B_58, because it is not driving any load. (OPT-112)
Warning: Removing don't touch or size only GTECH cell div5/B_24, because it is not driving any load. (OPT-112)
Warning: Removing don't touch or size only GTECH cell div5/B_65, because it is not driving any load. (OPT-112)
Warning: Removing don't touch or size only GTECH cell div5/B_63, because it is not driving any load. (OPT-112)
Warning: Removing don't touch or size only GTECH cell div5/B_61, because it is not driving any load. (OPT-112)
Warning: Removing don't touch or size only GTECH cell div6/B_59, because it is not driving any load. (OPT-112)
Warning: Removing don't touch or size only GTECH cell div6/B_52, because it is not driving any load. (OPT-112)
Warning: Removing don't touch or size only GTECH cell div6/B_45, because it is not driving any load. (OPT-112)
Warning: Removing don't touch or size only GTECH cell div6/B_38, because it is not driving any load. (OPT-112)
Warning: Removing don't touch or size only GTECH cell div6/B_31, because it is not driving any load. (OPT-112)
Warning: Removing don't touch or size only GTECH cell div6/B_26, because it is not driving any load. (OPT-112)
Warning: Removing don't touch or size only GTECH cell div6/B_28, because it is not driving any load. (OPT-112)
Warning: Removing don't touch or size only GTECH cell div6/B_30, because it is not driving any load. (OPT-112)
Warning: Removing don't touch or size only GTECH cell div6/B_33, because it is not driving any load. (OPT-112)
Warning: Removing don't touch or size only GTECH cell div6/B_35, because it is not driving any load. (OPT-112)
Warning: Removing don't touch or size only GTECH cell div6/B_37, because it is not driving any load. (OPT-112)
Warning: Removing don't touch or size only GTECH cell div6/B_40, because it is not driving any load. (OPT-112)
Warning: Removing don't touch or size only GTECH cell div6/B_42, because it is not driving any load. (OPT-112)
Warning: Removing don't touch or size only GTECH cell div6/B_44, because it is not driving any load. (OPT-112)
Warning: Removing don't touch or size only GTECH cell div6/B_47, because it is not driving any load. (OPT-112)
Warning: Removing don't touch or size only GTECH cell div6/B_49, because it is not driving any load. (OPT-112)
Warning: Removing don't touch or size only GTECH cell div6/B_51, because it is not driving any load. (OPT-112)
Warning: Removing don't touch or size only GTECH cell div6/B_54, because it is not driving any load. (OPT-112)
Warning: Removing don't touch or size only GTECH cell div6/B_56, because it is not driving any load. (OPT-112)
Warning: Removing don't touch or size only GTECH cell div6/B_58, because it is not driving any load. (OPT-112)
Warning: Removing don't touch or size only GTECH cell div6/B_24, because it is not driving any load. (OPT-112)
Warning: Removing don't touch or size only GTECH cell div6/B_65, because it is not driving any load. (OPT-112)
Warning: Removing don't touch or size only GTECH cell div6/B_63, because it is not driving any load. (OPT-112)
Warning: Removing don't touch or size only GTECH cell div6/B_61, because it is not driving any load. (OPT-112)
Warning: Removing don't touch or size only GTECH cell div7/B_59, because it is not driving any load. (OPT-112)
Warning: Removing don't touch or size only GTECH cell div7/B_52, because it is not driving any load. (OPT-112)
Warning: Removing don't touch or size only GTECH cell div7/B_45, because it is not driving any load. (OPT-112)
Warning: Removing don't touch or size only GTECH cell div7/B_38, because it is not driving any load. (OPT-112)
Warning: Removing don't touch or size only GTECH cell div7/B_31, because it is not driving any load. (OPT-112)
Warning: Removing don't touch or size only GTECH cell div7/B_26, because it is not driving any load. (OPT-112)
Warning: Removing don't touch or size only GTECH cell div7/B_28, because it is not driving any load. (OPT-112)
Warning: Removing don't touch or size only GTECH cell div7/B_30, because it is not driving any load. (OPT-112)
Warning: Removing don't touch or size only GTECH cell div7/B_33, because it is not driving any load. (OPT-112)
Warning: Removing don't touch or size only GTECH cell div7/B_35, because it is not driving any load. (OPT-112)
Warning: Removing don't touch or size only GTECH cell div7/B_37, because it is not driving any load. (OPT-112)
Warning: Removing don't touch or size only GTECH cell div7/B_40, because it is not driving any load. (OPT-112)
Warning: Removing don't touch or size only GTECH cell div7/B_42, because it is not driving any load. (OPT-112)
Warning: Removing don't touch or size only GTECH cell div7/B_44, because it is not driving any load. (OPT-112)
Warning: Removing don't touch or size only GTECH cell div7/B_47, because it is not driving any load. (OPT-112)
Warning: Removing don't touch or size only GTECH cell div7/B_49, because it is not driving any load. (OPT-112)
Warning: Removing don't touch or size only GTECH cell div7/B_51, because it is not driving any load. (OPT-112)
Warning: Removing don't touch or size only GTECH cell div7/B_54, because it is not driving any load. (OPT-112)
Warning: Removing don't touch or size only GTECH cell div7/B_56, because it is not driving any load. (OPT-112)
Warning: Removing don't touch or size only GTECH cell div7/B_58, because it is not driving any load. (OPT-112)
Warning: Removing don't touch or size only GTECH cell div7/B_24, because it is not driving any load. (OPT-112)
Warning: Removing don't touch or size only GTECH cell div7/B_65, because it is not driving any load. (OPT-112)
Warning: Removing don't touch or size only GTECH cell div7/B_63, because it is not driving any load. (OPT-112)
Warning: Removing don't touch or size only GTECH cell div7/B_61, because it is not driving any load. (OPT-112)

  Beginning Isolate Ports
  -----------------------

  Beginning Delay Optimization
  ----------------------------
    0:01:10   47763.7      2.39     597.0       2.0                           1738532.3750
    0:01:26   48566.1      1.33     460.8      10.0                           1743769.1250
    0:01:26   48566.1      1.33     460.8      10.0                           1743769.1250
    0:01:26   48566.1      1.33     460.8      10.0                           1743769.1250
    0:01:30   48197.7      1.33     459.9      10.0                           1729646.0000
    0:01:31   48190.9      1.38     465.8      10.0                           1729386.7500

  Beginning WLM Backend Optimization
  --------------------------------------
Warning: Removing don't touch or size only GTECH cell div0/B_24, because it is not driving any load. (OPT-112)
Warning: Removing don't touch or size only GTECH cell div0/B_26, because it is not driving any load. (OPT-112)
Warning: Removing don't touch or size only GTECH cell div0/B_28, because it is not driving any load. (OPT-112)
Warning: Removing don't touch or size only GTECH cell div0/B_30, because it is not driving any load. (OPT-112)
Warning: Removing don't touch or size only GTECH cell div0/B_31, because it is not driving any load. (OPT-112)
Warning: Removing don't touch or size only GTECH cell div0/B_33, because it is not driving any load. (OPT-112)
Warning: Removing don't touch or size only GTECH cell div0/B_35, because it is not driving any load. (OPT-112)
Warning: Removing don't touch or size only GTECH cell div0/B_37, because it is not driving any load. (OPT-112)
Warning: Removing don't touch or size only GTECH cell div0/B_38, because it is not driving any load. (OPT-112)
Warning: Removing don't touch or size only GTECH cell div0/B_40, because it is not driving any load. (OPT-112)
Warning: Removing don't touch or size only GTECH cell div0/B_42, because it is not driving any load. (OPT-112)
Warning: Removing don't touch or size only GTECH cell div0/B_44, because it is not driving any load. (OPT-112)
Warning: Removing don't touch or size only GTECH cell div0/B_45, because it is not driving any load. (OPT-112)
Warning: Removing don't touch or size only GTECH cell div0/B_47, because it is not driving any load. (OPT-112)
Warning: Removing don't touch or size only GTECH cell div0/B_49, because it is not driving any load. (OPT-112)
Warning: Removing don't touch or size only GTECH cell div0/B_51, because it is not driving any load. (OPT-112)
Warning: Removing don't touch or size only GTECH cell div0/B_52, because it is not driving any load. (OPT-112)
Warning: Removing don't touch or size only GTECH cell div0/B_54, because it is not driving any load. (OPT-112)
Warning: Removing don't touch or size only GTECH cell div0/B_56, because it is not driving any load. (OPT-112)
Warning: Removing don't touch or size only GTECH cell div0/B_58, because it is not driving any load. (OPT-112)
Warning: Removing don't touch or size only GTECH cell div0/B_59, because it is not driving any load. (OPT-112)
Warning: Removing don't touch or size only GTECH cell div0/B_61, because it is not driving any load. (OPT-112)
Warning: Removing don't touch or size only GTECH cell div0/B_63, because it is not driving any load. (OPT-112)
Warning: Removing don't touch or size only GTECH cell div0/B_65, because it is not driving any load. (OPT-112)
Warning: Removing don't touch or size only GTECH cell div1/B_24, because it is not driving any load. (OPT-112)
Warning: Removing don't touch or size only GTECH cell div1/B_26, because it is not driving any load. (OPT-112)
Warning: Removing don't touch or size only GTECH cell div1/B_28, because it is not driving any load. (OPT-112)
Warning: Removing don't touch or size only GTECH cell div1/B_30, because it is not driving any load. (OPT-112)
Warning: Removing don't touch or size only GTECH cell div1/B_31, because it is not driving any load. (OPT-112)
Warning: Removing don't touch or size only GTECH cell div1/B_33, because it is not driving any load. (OPT-112)
Warning: Removing don't touch or size only GTECH cell div1/B_35, because it is not driving any load. (OPT-112)
Warning: Removing don't touch or size only GTECH cell div1/B_37, because it is not driving any load. (OPT-112)
Warning: Removing don't touch or size only GTECH cell div1/B_38, because it is not driving any load. (OPT-112)
Warning: Removing don't touch or size only GTECH cell div1/B_40, because it is not driving any load. (OPT-112)
Warning: Removing don't touch or size only GTECH cell div1/B_42, because it is not driving any load. (OPT-112)
Warning: Removing don't touch or size only GTECH cell div1/B_44, because it is not driving any load. (OPT-112)
Warning: Removing don't touch or size only GTECH cell div1/B_45, because it is not driving any load. (OPT-112)
Warning: Removing don't touch or size only GTECH cell div1/B_47, because it is not driving any load. (OPT-112)
Warning: Removing don't touch or size only GTECH cell div1/B_49, because it is not driving any load. (OPT-112)
Warning: Removing don't touch or size only GTECH cell div1/B_51, because it is not driving any load. (OPT-112)
Warning: Removing don't touch or size only GTECH cell div1/B_52, because it is not driving any load. (OPT-112)
Warning: Removing don't touch or size only GTECH cell div1/B_54, because it is not driving any load. (OPT-112)
Warning: Removing don't touch or size only GTECH cell div1/B_56, because it is not driving any load. (OPT-112)
Warning: Removing don't touch or size only GTECH cell div1/B_58, because it is not driving any load. (OPT-112)
Warning: Removing don't touch or size only GTECH cell div1/B_59, because it is not driving any load. (OPT-112)
Warning: Removing don't touch or size only GTECH cell div1/B_61, because it is not driving any load. (OPT-112)
Warning: Removing don't touch or size only GTECH cell div1/B_63, because it is not driving any load. (OPT-112)
Warning: Removing don't touch or size only GTECH cell div1/B_65, because it is not driving any load. (OPT-112)
Warning: Removing don't touch or size only GTECH cell div2/B_24, because it is not driving any load. (OPT-112)
Warning: Removing don't touch or size only GTECH cell div2/B_26, because it is not driving any load. (OPT-112)
Warning: Removing don't touch or size only GTECH cell div2/B_28, because it is not driving any load. (OPT-112)
Warning: Removing don't touch or size only GTECH cell div2/B_30, because it is not driving any load. (OPT-112)
Warning: Removing don't touch or size only GTECH cell div2/B_31, because it is not driving any load. (OPT-112)
Warning: Removing don't touch or size only GTECH cell div2/B_33, because it is not driving any load. (OPT-112)
Warning: Removing don't touch or size only GTECH cell div2/B_35, because it is not driving any load. (OPT-112)
Warning: Removing don't touch or size only GTECH cell div2/B_37, because it is not driving any load. (OPT-112)
Warning: Removing don't touch or size only GTECH cell div2/B_38, because it is not driving any load. (OPT-112)
Warning: Removing don't touch or size only GTECH cell div2/B_40, because it is not driving any load. (OPT-112)
Warning: Removing don't touch or size only GTECH cell div2/B_42, because it is not driving any load. (OPT-112)
Warning: Removing don't touch or size only GTECH cell div2/B_44, because it is not driving any load. (OPT-112)
Warning: Removing don't touch or size only GTECH cell div2/B_45, because it is not driving any load. (OPT-112)
Warning: Removing don't touch or size only GTECH cell div2/B_47, because it is not driving any load. (OPT-112)
Warning: Removing don't touch or size only GTECH cell div2/B_49, because it is not driving any load. (OPT-112)
Warning: Removing don't touch or size only GTECH cell div2/B_51, because it is not driving any load. (OPT-112)
Warning: Removing don't touch or size only GTECH cell div2/B_52, because it is not driving any load. (OPT-112)
Warning: Removing don't touch or size only GTECH cell div2/B_54, because it is not driving any load. (OPT-112)
Warning: Removing don't touch or size only GTECH cell div2/B_56, because it is not driving any load. (OPT-112)
Warning: Removing don't touch or size only GTECH cell div2/B_58, because it is not driving any load. (OPT-112)
Warning: Removing don't touch or size only GTECH cell div2/B_59, because it is not driving any load. (OPT-112)
Warning: Removing don't touch or size only GTECH cell div2/B_61, because it is not driving any load. (OPT-112)
Warning: Removing don't touch or size only GTECH cell div2/B_63, because it is not driving any load. (OPT-112)
Warning: Removing don't touch or size only GTECH cell div2/B_65, because it is not driving any load. (OPT-112)
Warning: Removing don't touch or size only GTECH cell div3/B_24, because it is not driving any load. (OPT-112)
Warning: Removing don't touch or size only GTECH cell div3/B_26, because it is not driving any load. (OPT-112)
Warning: Removing don't touch or size only GTECH cell div3/B_28, because it is not driving any load. (OPT-112)
Warning: Removing don't touch or size only GTECH cell div3/B_30, because it is not driving any load. (OPT-112)
Warning: Removing don't touch or size only GTECH cell div3/B_31, because it is not driving any load. (OPT-112)
Warning: Removing don't touch or size only GTECH cell div3/B_33, because it is not driving any load. (OPT-112)
Warning: Removing don't touch or size only GTECH cell div3/B_35, because it is not driving any load. (OPT-112)
Warning: Removing don't touch or size only GTECH cell div3/B_37, because it is not driving any load. (OPT-112)
Warning: Removing don't touch or size only GTECH cell div3/B_38, because it is not driving any load. (OPT-112)
Warning: Removing don't touch or size only GTECH cell div3/B_40, because it is not driving any load. (OPT-112)
Warning: Removing don't touch or size only GTECH cell div3/B_42, because it is not driving any load. (OPT-112)
Warning: Removing don't touch or size only GTECH cell div3/B_44, because it is not driving any load. (OPT-112)
Warning: Removing don't touch or size only GTECH cell div3/B_45, because it is not driving any load. (OPT-112)
Warning: Removing don't touch or size only GTECH cell div3/B_47, because it is not driving any load. (OPT-112)
Warning: Removing don't touch or size only GTECH cell div3/B_49, because it is not driving any load. (OPT-112)
Warning: Removing don't touch or size only GTECH cell div3/B_51, because it is not driving any load. (OPT-112)
Warning: Removing don't touch or size only GTECH cell div3/B_52, because it is not driving any load. (OPT-112)
Warning: Removing don't touch or size only GTECH cell div3/B_54, because it is not driving any load. (OPT-112)
Warning: Removing don't touch or size only GTECH cell div3/B_56, because it is not driving any load. (OPT-112)
Warning: Removing don't touch or size only GTECH cell div3/B_58, because it is not driving any load. (OPT-112)
Warning: Removing don't touch or size only GTECH cell div3/B_59, because it is not driving any load. (OPT-112)
Warning: Removing don't touch or size only GTECH cell div3/B_61, because it is not driving any load. (OPT-112)
Warning: Removing don't touch or size only GTECH cell div3/B_63, because it is not driving any load. (OPT-112)
Warning: Removing don't touch or size only GTECH cell div3/B_65, because it is not driving any load. (OPT-112)
Warning: Removing don't touch or size only GTECH cell div4/B_24, because it is not driving any load. (OPT-112)
Warning: Removing don't touch or size only GTECH cell div4/B_26, because it is not driving any load. (OPT-112)
Warning: Removing don't touch or size only GTECH cell div4/B_28, because it is not driving any load. (OPT-112)
Warning: Removing don't touch or size only GTECH cell div4/B_30, because it is not driving any load. (OPT-112)
Warning: Removing don't touch or size only GTECH cell div4/B_31, because it is not driving any load. (OPT-112)
Warning: Removing don't touch or size only GTECH cell div4/B_33, because it is not driving any load. (OPT-112)
Warning: Removing don't touch or size only GTECH cell div4/B_35, because it is not driving any load. (OPT-112)
Warning: Removing don't touch or size only GTECH cell div4/B_37, because it is not driving any load. (OPT-112)
Warning: Removing don't touch or size only GTECH cell div4/B_38, because it is not driving any load. (OPT-112)
Warning: Removing don't touch or size only GTECH cell div4/B_40, because it is not driving any load. (OPT-112)
Warning: Removing don't touch or size only GTECH cell div4/B_42, because it is not driving any load. (OPT-112)
Warning: Removing don't touch or size only GTECH cell div4/B_44, because it is not driving any load. (OPT-112)
Warning: Removing don't touch or size only GTECH cell div4/B_45, because it is not driving any load. (OPT-112)
Warning: Removing don't touch or size only GTECH cell div4/B_47, because it is not driving any load. (OPT-112)
Warning: Removing don't touch or size only GTECH cell div4/B_49, because it is not driving any load. (OPT-112)
Warning: Removing don't touch or size only GTECH cell div4/B_51, because it is not driving any load. (OPT-112)
Warning: Removing don't touch or size only GTECH cell div4/B_52, because it is not driving any load. (OPT-112)
Warning: Removing don't touch or size only GTECH cell div4/B_54, because it is not driving any load. (OPT-112)
Warning: Removing don't touch or size only GTECH cell div4/B_56, because it is not driving any load. (OPT-112)
Warning: Removing don't touch or size only GTECH cell div4/B_58, because it is not driving any load. (OPT-112)
Warning: Removing don't touch or size only GTECH cell div4/B_59, because it is not driving any load. (OPT-112)
Warning: Removing don't touch or size only GTECH cell div4/B_61, because it is not driving any load. (OPT-112)
Warning: Removing don't touch or size only GTECH cell div4/B_63, because it is not driving any load. (OPT-112)
Warning: Removing don't touch or size only GTECH cell div4/B_65, because it is not driving any load. (OPT-112)
Warning: Removing don't touch or size only GTECH cell div5/B_24, because it is not driving any load. (OPT-112)
Warning: Removing don't touch or size only GTECH cell div5/B_26, because it is not driving any load. (OPT-112)
Warning: Removing don't touch or size only GTECH cell div5/B_28, because it is not driving any load. (OPT-112)
Warning: Removing don't touch or size only GTECH cell div5/B_30, because it is not driving any load. (OPT-112)
Warning: Removing don't touch or size only GTECH cell div5/B_31, because it is not driving any load. (OPT-112)
Warning: Removing don't touch or size only GTECH cell div5/B_33, because it is not driving any load. (OPT-112)
Warning: Removing don't touch or size only GTECH cell div5/B_35, because it is not driving any load. (OPT-112)
Warning: Removing don't touch or size only GTECH cell div5/B_37, because it is not driving any load. (OPT-112)
Warning: Removing don't touch or size only GTECH cell div5/B_38, because it is not driving any load. (OPT-112)
Warning: Removing don't touch or size only GTECH cell div5/B_40, because it is not driving any load. (OPT-112)
Warning: Removing don't touch or size only GTECH cell div5/B_42, because it is not driving any load. (OPT-112)
Warning: Removing don't touch or size only GTECH cell div5/B_44, because it is not driving any load. (OPT-112)
Warning: Removing don't touch or size only GTECH cell div5/B_45, because it is not driving any load. (OPT-112)
Warning: Removing don't touch or size only GTECH cell div5/B_47, because it is not driving any load. (OPT-112)
Warning: Removing don't touch or size only GTECH cell div5/B_49, because it is not driving any load. (OPT-112)
Warning: Removing don't touch or size only GTECH cell div5/B_51, because it is not driving any load. (OPT-112)
Warning: Removing don't touch or size only GTECH cell div5/B_52, because it is not driving any load. (OPT-112)
Warning: Removing don't touch or size only GTECH cell div5/B_54, because it is not driving any load. (OPT-112)
Warning: Removing don't touch or size only GTECH cell div5/B_56, because it is not driving any load. (OPT-112)
Warning: Removing don't touch or size only GTECH cell div5/B_58, because it is not driving any load. (OPT-112)
Warning: Removing don't touch or size only GTECH cell div5/B_59, because it is not driving any load. (OPT-112)
Warning: Removing don't touch or size only GTECH cell div5/B_61, because it is not driving any load. (OPT-112)
Warning: Removing don't touch or size only GTECH cell div5/B_63, because it is not driving any load. (OPT-112)
Warning: Removing don't touch or size only GTECH cell div5/B_65, because it is not driving any load. (OPT-112)
Warning: Removing don't touch or size only GTECH cell div6/B_24, because it is not driving any load. (OPT-112)
Warning: Removing don't touch or size only GTECH cell div6/B_26, because it is not driving any load. (OPT-112)
Warning: Removing don't touch or size only GTECH cell div6/B_28, because it is not driving any load. (OPT-112)
Warning: Removing don't touch or size only GTECH cell div6/B_30, because it is not driving any load. (OPT-112)
Warning: Removing don't touch or size only GTECH cell div6/B_31, because it is not driving any load. (OPT-112)
Warning: Removing don't touch or size only GTECH cell div6/B_33, because it is not driving any load. (OPT-112)
Warning: Removing don't touch or size only GTECH cell div6/B_35, because it is not driving any load. (OPT-112)
Warning: Removing don't touch or size only GTECH cell div6/B_37, because it is not driving any load. (OPT-112)
Warning: Removing don't touch or size only GTECH cell div6/B_38, because it is not driving any load. (OPT-112)
Warning: Removing don't touch or size only GTECH cell div6/B_40, because it is not driving any load. (OPT-112)
Warning: Removing don't touch or size only GTECH cell div6/B_42, because it is not driving any load. (OPT-112)
Warning: Removing don't touch or size only GTECH cell div6/B_44, because it is not driving any load. (OPT-112)
Warning: Removing don't touch or size only GTECH cell div6/B_45, because it is not driving any load. (OPT-112)
Warning: Removing don't touch or size only GTECH cell div6/B_47, because it is not driving any load. (OPT-112)
Warning: Removing don't touch or size only GTECH cell div6/B_49, because it is not driving any load. (OPT-112)
Warning: Removing don't touch or size only GTECH cell div6/B_51, because it is not driving any load. (OPT-112)
Warning: Removing don't touch or size only GTECH cell div6/B_52, because it is not driving any load. (OPT-112)
Warning: Removing don't touch or size only GTECH cell div6/B_54, because it is not driving any load. (OPT-112)
Warning: Removing don't touch or size only GTECH cell div6/B_56, because it is not driving any load. (OPT-112)
Warning: Removing don't touch or size only GTECH cell div6/B_58, because it is not driving any load. (OPT-112)
Warning: Removing don't touch or size only GTECH cell div6/B_59, because it is not driving any load. (OPT-112)
Warning: Removing don't touch or size only GTECH cell div6/B_61, because it is not driving any load. (OPT-112)
Warning: Removing don't touch or size only GTECH cell div6/B_63, because it is not driving any load. (OPT-112)
Warning: Removing don't touch or size only GTECH cell div6/B_65, because it is not driving any load. (OPT-112)
Warning: Removing don't touch or size only GTECH cell div7/B_24, because it is not driving any load. (OPT-112)
Warning: Removing don't touch or size only GTECH cell div7/B_26, because it is not driving any load. (OPT-112)
Warning: Removing don't touch or size only GTECH cell div7/B_28, because it is not driving any load. (OPT-112)
Warning: Removing don't touch or size only GTECH cell div7/B_30, because it is not driving any load. (OPT-112)
Warning: Removing don't touch or size only GTECH cell div7/B_31, because it is not driving any load. (OPT-112)
Warning: Removing don't touch or size only GTECH cell div7/B_33, because it is not driving any load. (OPT-112)
Warning: Removing don't touch or size only GTECH cell div7/B_35, because it is not driving any load. (OPT-112)
Warning: Removing don't touch or size only GTECH cell div7/B_37, because it is not driving any load. (OPT-112)
Warning: Removing don't touch or size only GTECH cell div7/B_38, because it is not driving any load. (OPT-112)
Warning: Removing don't touch or size only GTECH cell div7/B_40, because it is not driving any load. (OPT-112)
Warning: Removing don't touch or size only GTECH cell div7/B_42, because it is not driving any load. (OPT-112)
Warning: Removing don't touch or size only GTECH cell div7/B_44, because it is not driving any load. (OPT-112)
Warning: Removing don't touch or size only GTECH cell div7/B_45, because it is not driving any load. (OPT-112)
Warning: Removing don't touch or size only GTECH cell div7/B_47, because it is not driving any load. (OPT-112)
Warning: Removing don't touch or size only GTECH cell div7/B_49, because it is not driving any load. (OPT-112)
Warning: Removing don't touch or size only GTECH cell div7/B_51, because it is not driving any load. (OPT-112)
Warning: Removing don't touch or size only GTECH cell div7/B_52, because it is not driving any load. (OPT-112)
Warning: Removing don't touch or size only GTECH cell div7/B_54, because it is not driving any load. (OPT-112)
Warning: Removing don't touch or size only GTECH cell div7/B_56, because it is not driving any load. (OPT-112)
Warning: Removing don't touch or size only GTECH cell div7/B_58, because it is not driving any load. (OPT-112)
Warning: Removing don't touch or size only GTECH cell div7/B_59, because it is not driving any load. (OPT-112)
Warning: Removing don't touch or size only GTECH cell div7/B_61, because it is not driving any load. (OPT-112)
Warning: Removing don't touch or size only GTECH cell div7/B_63, because it is not driving any load. (OPT-112)
Warning: Removing don't touch or size only GTECH cell div7/B_65, because it is not driving any load. (OPT-112)
Warning: Removing don't touch or size only GTECH cell div0/B_59, because it is not driving any load. (OPT-112)
Warning: Removing don't touch or size only GTECH cell div0/B_52, because it is not driving any load. (OPT-112)
Warning: Removing don't touch or size only GTECH cell div0/B_45, because it is not driving any load. (OPT-112)
Warning: Removing don't touch or size only GTECH cell div0/B_38, because it is not driving any load. (OPT-112)
Warning: Removing don't touch or size only GTECH cell div0/B_31, because it is not driving any load. (OPT-112)
Warning: Removing don't touch or size only GTECH cell div0/B_26, because it is not driving any load. (OPT-112)
Warning: Removing don't touch or size only GTECH cell div0/B_28, because it is not driving any load. (OPT-112)
Warning: Removing don't touch or size only GTECH cell div0/B_30, because it is not driving any load. (OPT-112)
Warning: Removing don't touch or size only GTECH cell div0/B_33, because it is not driving any load. (OPT-112)
Warning: Removing don't touch or size only GTECH cell div0/B_35, because it is not driving any load. (OPT-112)
Warning: Removing don't touch or size only GTECH cell div0/B_37, because it is not driving any load. (OPT-112)
Warning: Removing don't touch or size only GTECH cell div0/B_40, because it is not driving any load. (OPT-112)
Warning: Removing don't touch or size only GTECH cell div0/B_42, because it is not driving any load. (OPT-112)
Warning: Removing don't touch or size only GTECH cell div0/B_44, because it is not driving any load. (OPT-112)
Warning: Removing don't touch or size only GTECH cell div0/B_47, because it is not driving any load. (OPT-112)
Warning: Removing don't touch or size only GTECH cell div0/B_49, because it is not driving any load. (OPT-112)
Warning: Removing don't touch or size only GTECH cell div0/B_51, because it is not driving any load. (OPT-112)
Warning: Removing don't touch or size only GTECH cell div0/B_54, because it is not driving any load. (OPT-112)
Warning: Removing don't touch or size only GTECH cell div0/B_56, because it is not driving any load. (OPT-112)
Warning: Removing don't touch or size only GTECH cell div0/B_58, because it is not driving any load. (OPT-112)
Warning: Removing don't touch or size only GTECH cell div0/B_24, because it is not driving any load. (OPT-112)
Warning: Removing don't touch or size only GTECH cell div0/B_65, because it is not driving any load. (OPT-112)
Warning: Removing don't touch or size only GTECH cell div0/B_63, because it is not driving any load. (OPT-112)
Warning: Removing don't touch or size only GTECH cell div0/B_61, because it is not driving any load. (OPT-112)
Warning: Removing don't touch or size only GTECH cell div1/B_59, because it is not driving any load. (OPT-112)
Warning: Removing don't touch or size only GTECH cell div1/B_52, because it is not driving any load. (OPT-112)
Warning: Removing don't touch or size only GTECH cell div1/B_45, because it is not driving any load. (OPT-112)
Warning: Removing don't touch or size only GTECH cell div1/B_38, because it is not driving any load. (OPT-112)
Warning: Removing don't touch or size only GTECH cell div1/B_31, because it is not driving any load. (OPT-112)
Warning: Removing don't touch or size only GTECH cell div1/B_26, because it is not driving any load. (OPT-112)
Warning: Removing don't touch or size only GTECH cell div1/B_28, because it is not driving any load. (OPT-112)
Warning: Removing don't touch or size only GTECH cell div1/B_30, because it is not driving any load. (OPT-112)
Warning: Removing don't touch or size only GTECH cell div1/B_33, because it is not driving any load. (OPT-112)
Warning: Removing don't touch or size only GTECH cell div1/B_35, because it is not driving any load. (OPT-112)
Warning: Removing don't touch or size only GTECH cell div1/B_37, because it is not driving any load. (OPT-112)
Warning: Removing don't touch or size only GTECH cell div1/B_40, because it is not driving any load. (OPT-112)
Warning: Removing don't touch or size only GTECH cell div1/B_42, because it is not driving any load. (OPT-112)
Warning: Removing don't touch or size only GTECH cell div1/B_44, because it is not driving any load. (OPT-112)
Warning: Removing don't touch or size only GTECH cell div1/B_47, because it is not driving any load. (OPT-112)
Warning: Removing don't touch or size only GTECH cell div1/B_49, because it is not driving any load. (OPT-112)
Warning: Removing don't touch or size only GTECH cell div1/B_51, because it is not driving any load. (OPT-112)
Warning: Removing don't touch or size only GTECH cell div1/B_54, because it is not driving any load. (OPT-112)
Warning: Removing don't touch or size only GTECH cell div1/B_56, because it is not driving any load. (OPT-112)
Warning: Removing don't touch or size only GTECH cell div1/B_58, because it is not driving any load. (OPT-112)
Warning: Removing don't touch or size only GTECH cell div1/B_24, because it is not driving any load. (OPT-112)
Warning: Removing don't touch or size only GTECH cell div1/B_65, because it is not driving any load. (OPT-112)
Warning: Removing don't touch or size only GTECH cell div1/B_63, because it is not driving any load. (OPT-112)
Warning: Removing don't touch or size only GTECH cell div1/B_61, because it is not driving any load. (OPT-112)
Warning: Removing don't touch or size only GTECH cell div2/B_59, because it is not driving any load. (OPT-112)
Warning: Removing don't touch or size only GTECH cell div2/B_52, because it is not driving any load. (OPT-112)
Warning: Removing don't touch or size only GTECH cell div2/B_45, because it is not driving any load. (OPT-112)
Warning: Removing don't touch or size only GTECH cell div2/B_38, because it is not driving any load. (OPT-112)
Warning: Removing don't touch or size only GTECH cell div2/B_31, because it is not driving any load. (OPT-112)
Warning: Removing don't touch or size only GTECH cell div2/B_26, because it is not driving any load. (OPT-112)
Warning: Removing don't touch or size only GTECH cell div2/B_28, because it is not driving any load. (OPT-112)
Warning: Removing don't touch or size only GTECH cell div2/B_30, because it is not driving any load. (OPT-112)
Warning: Removing don't touch or size only GTECH cell div2/B_33, because it is not driving any load. (OPT-112)
Warning: Removing don't touch or size only GTECH cell div2/B_35, because it is not driving any load. (OPT-112)
Warning: Removing don't touch or size only GTECH cell div2/B_37, because it is not driving any load. (OPT-112)
Warning: Removing don't touch or size only GTECH cell div2/B_40, because it is not driving any load. (OPT-112)
Warning: Removing don't touch or size only GTECH cell div2/B_42, because it is not driving any load. (OPT-112)
Warning: Removing don't touch or size only GTECH cell div2/B_44, because it is not driving any load. (OPT-112)
Warning: Removing don't touch or size only GTECH cell div2/B_47, because it is not driving any load. (OPT-112)
Warning: Removing don't touch or size only GTECH cell div2/B_49, because it is not driving any load. (OPT-112)
Warning: Removing don't touch or size only GTECH cell div2/B_51, because it is not driving any load. (OPT-112)
Warning: Removing don't touch or size only GTECH cell div2/B_54, because it is not driving any load. (OPT-112)
Warning: Removing don't touch or size only GTECH cell div2/B_56, because it is not driving any load. (OPT-112)
Warning: Removing don't touch or size only GTECH cell div2/B_58, because it is not driving any load. (OPT-112)
Warning: Removing don't touch or size only GTECH cell div2/B_24, because it is not driving any load. (OPT-112)
Warning: Removing don't touch or size only GTECH cell div2/B_65, because it is not driving any load. (OPT-112)
Warning: Removing don't touch or size only GTECH cell div2/B_63, because it is not driving any load. (OPT-112)
Warning: Removing don't touch or size only GTECH cell div2/B_61, because it is not driving any load. (OPT-112)
Warning: Removing don't touch or size only GTECH cell div3/B_59, because it is not driving any load. (OPT-112)
Warning: Removing don't touch or size only GTECH cell div3/B_52, because it is not driving any load. (OPT-112)
Warning: Removing don't touch or size only GTECH cell div3/B_45, because it is not driving any load. (OPT-112)
Warning: Removing don't touch or size only GTECH cell div3/B_38, because it is not driving any load. (OPT-112)
Warning: Removing don't touch or size only GTECH cell div3/B_31, because it is not driving any load. (OPT-112)
Warning: Removing don't touch or size only GTECH cell div3/B_26, because it is not driving any load. (OPT-112)
Warning: Removing don't touch or size only GTECH cell div3/B_28, because it is not driving any load. (OPT-112)
Warning: Removing don't touch or size only GTECH cell div3/B_30, because it is not driving any load. (OPT-112)
Warning: Removing don't touch or size only GTECH cell div3/B_33, because it is not driving any load. (OPT-112)
Warning: Removing don't touch or size only GTECH cell div3/B_35, because it is not driving any load. (OPT-112)
Warning: Removing don't touch or size only GTECH cell div3/B_37, because it is not driving any load. (OPT-112)
Warning: Removing don't touch or size only GTECH cell div3/B_40, because it is not driving any load. (OPT-112)
Warning: Removing don't touch or size only GTECH cell div3/B_42, because it is not driving any load. (OPT-112)
Warning: Removing don't touch or size only GTECH cell div3/B_44, because it is not driving any load. (OPT-112)
Warning: Removing don't touch or size only GTECH cell div3/B_47, because it is not driving any load. (OPT-112)
Warning: Removing don't touch or size only GTECH cell div3/B_49, because it is not driving any load. (OPT-112)
Warning: Removing don't touch or size only GTECH cell div3/B_51, because it is not driving any load. (OPT-112)
Warning: Removing don't touch or size only GTECH cell div3/B_54, because it is not driving any load. (OPT-112)
Warning: Removing don't touch or size only GTECH cell div3/B_56, because it is not driving any load. (OPT-112)
Warning: Removing don't touch or size only GTECH cell div3/B_58, because it is not driving any load. (OPT-112)
Warning: Removing don't touch or size only GTECH cell div3/B_24, because it is not driving any load. (OPT-112)
Warning: Removing don't touch or size only GTECH cell div3/B_65, because it is not driving any load. (OPT-112)
Warning: Removing don't touch or size only GTECH cell div3/B_63, because it is not driving any load. (OPT-112)
Warning: Removing don't touch or size only GTECH cell div3/B_61, because it is not driving any load. (OPT-112)
Warning: Removing don't touch or size only GTECH cell div4/B_59, because it is not driving any load. (OPT-112)
Warning: Removing don't touch or size only GTECH cell div4/B_52, because it is not driving any load. (OPT-112)
Warning: Removing don't touch or size only GTECH cell div4/B_45, because it is not driving any load. (OPT-112)
Warning: Removing don't touch or size only GTECH cell div4/B_38, because it is not driving any load. (OPT-112)
Warning: Removing don't touch or size only GTECH cell div4/B_31, because it is not driving any load. (OPT-112)
Warning: Removing don't touch or size only GTECH cell div4/B_26, because it is not driving any load. (OPT-112)
Warning: Removing don't touch or size only GTECH cell div4/B_28, because it is not driving any load. (OPT-112)
Warning: Removing don't touch or size only GTECH cell div4/B_30, because it is not driving any load. (OPT-112)
Warning: Removing don't touch or size only GTECH cell div4/B_33, because it is not driving any load. (OPT-112)
Warning: Removing don't touch or size only GTECH cell div4/B_35, because it is not driving any load. (OPT-112)
Warning: Removing don't touch or size only GTECH cell div4/B_37, because it is not driving any load. (OPT-112)
Warning: Removing don't touch or size only GTECH cell div4/B_40, because it is not driving any load. (OPT-112)
Warning: Removing don't touch or size only GTECH cell div4/B_42, because it is not driving any load. (OPT-112)
Warning: Removing don't touch or size only GTECH cell div4/B_44, because it is not driving any load. (OPT-112)
Warning: Removing don't touch or size only GTECH cell div4/B_47, because it is not driving any load. (OPT-112)
Warning: Removing don't touch or size only GTECH cell div4/B_49, because it is not driving any load. (OPT-112)
Warning: Removing don't touch or size only GTECH cell div4/B_51, because it is not driving any load. (OPT-112)
Warning: Removing don't touch or size only GTECH cell div4/B_54, because it is not driving any load. (OPT-112)
Warning: Removing don't touch or size only GTECH cell div4/B_56, because it is not driving any load. (OPT-112)
Warning: Removing don't touch or size only GTECH cell div4/B_58, because it is not driving any load. (OPT-112)
Warning: Removing don't touch or size only GTECH cell div4/B_24, because it is not driving any load. (OPT-112)
Warning: Removing don't touch or size only GTECH cell div4/B_65, because it is not driving any load. (OPT-112)
Warning: Removing don't touch or size only GTECH cell div4/B_63, because it is not driving any load. (OPT-112)
Warning: Removing don't touch or size only GTECH cell div4/B_61, because it is not driving any load. (OPT-112)
Warning: Removing don't touch or size only GTECH cell div5/B_59, because it is not driving any load. (OPT-112)
Warning: Removing don't touch or size only GTECH cell div5/B_52, because it is not driving any load. (OPT-112)
Warning: Removing don't touch or size only GTECH cell div5/B_45, because it is not driving any load. (OPT-112)
Warning: Removing don't touch or size only GTECH cell div5/B_38, because it is not driving any load. (OPT-112)
Warning: Removing don't touch or size only GTECH cell div5/B_31, because it is not driving any load. (OPT-112)
Warning: Removing don't touch or size only GTECH cell div5/B_26, because it is not driving any load. (OPT-112)
Warning: Removing don't touch or size only GTECH cell div5/B_28, because it is not driving any load. (OPT-112)
Warning: Removing don't touch or size only GTECH cell div5/B_30, because it is not driving any load. (OPT-112)
Warning: Removing don't touch or size only GTECH cell div5/B_33, because it is not driving any load. (OPT-112)
Warning: Removing don't touch or size only GTECH cell div5/B_35, because it is not driving any load. (OPT-112)
Warning: Removing don't touch or size only GTECH cell div5/B_37, because it is not driving any load. (OPT-112)
Warning: Removing don't touch or size only GTECH cell div5/B_40, because it is not driving any load. (OPT-112)
Warning: Removing don't touch or size only GTECH cell div5/B_42, because it is not driving any load. (OPT-112)
Warning: Removing don't touch or size only GTECH cell div5/B_44, because it is not driving any load. (OPT-112)
Warning: Removing don't touch or size only GTECH cell div5/B_47, because it is not driving any load. (OPT-112)
Warning: Removing don't touch or size only GTECH cell div5/B_49, because it is not driving any load. (OPT-112)
Warning: Removing don't touch or size only GTECH cell div5/B_51, because it is not driving any load. (OPT-112)
Warning: Removing don't touch or size only GTECH cell div5/B_54, because it is not driving any load. (OPT-112)
Warning: Removing don't touch or size only GTECH cell div5/B_56, because it is not driving any load. (OPT-112)
Warning: Removing don't touch or size only GTECH cell div5/B_58, because it is not driving any load. (OPT-112)
Warning: Removing don't touch or size only GTECH cell div5/B_24, because it is not driving any load. (OPT-112)
Warning: Removing don't touch or size only GTECH cell div5/B_65, because it is not driving any load. (OPT-112)
Warning: Removing don't touch or size only GTECH cell div5/B_63, because it is not driving any load. (OPT-112)
Warning: Removing don't touch or size only GTECH cell div5/B_61, because it is not driving any load. (OPT-112)
Warning: Removing don't touch or size only GTECH cell div6/B_59, because it is not driving any load. (OPT-112)
Warning: Removing don't touch or size only GTECH cell div6/B_52, because it is not driving any load. (OPT-112)
Warning: Removing don't touch or size only GTECH cell div6/B_45, because it is not driving any load. (OPT-112)
Warning: Removing don't touch or size only GTECH cell div6/B_38, because it is not driving any load. (OPT-112)
Warning: Removing don't touch or size only GTECH cell div6/B_31, because it is not driving any load. (OPT-112)
Warning: Removing don't touch or size only GTECH cell div6/B_26, because it is not driving any load. (OPT-112)
Warning: Removing don't touch or size only GTECH cell div6/B_28, because it is not driving any load. (OPT-112)
Warning: Removing don't touch or size only GTECH cell div6/B_30, because it is not driving any load. (OPT-112)
Warning: Removing don't touch or size only GTECH cell div6/B_33, because it is not driving any load. (OPT-112)
Warning: Removing don't touch or size only GTECH cell div6/B_35, because it is not driving any load. (OPT-112)
Warning: Removing don't touch or size only GTECH cell div6/B_37, because it is not driving any load. (OPT-112)
Warning: Removing don't touch or size only GTECH cell div6/B_40, because it is not driving any load. (OPT-112)
Warning: Removing don't touch or size only GTECH cell div6/B_42, because it is not driving any load. (OPT-112)
Warning: Removing don't touch or size only GTECH cell div6/B_44, because it is not driving any load. (OPT-112)
Warning: Removing don't touch or size only GTECH cell div6/B_47, because it is not driving any load. (OPT-112)
Warning: Removing don't touch or size only GTECH cell div6/B_49, because it is not driving any load. (OPT-112)
Warning: Removing don't touch or size only GTECH cell div6/B_51, because it is not driving any load. (OPT-112)
Warning: Removing don't touch or size only GTECH cell div6/B_54, because it is not driving any load. (OPT-112)
Warning: Removing don't touch or size only GTECH cell div6/B_56, because it is not driving any load. (OPT-112)
Warning: Removing don't touch or size only GTECH cell div6/B_58, because it is not driving any load. (OPT-112)
Warning: Removing don't touch or size only GTECH cell div6/B_24, because it is not driving any load. (OPT-112)
Warning: Removing don't touch or size only GTECH cell div6/B_65, because it is not driving any load. (OPT-112)
Warning: Removing don't touch or size only GTECH cell div6/B_63, because it is not driving any load. (OPT-112)
Warning: Removing don't touch or size only GTECH cell div6/B_61, because it is not driving any load. (OPT-112)
Warning: Removing don't touch or size only GTECH cell div7/B_59, because it is not driving any load. (OPT-112)
Warning: Removing don't touch or size only GTECH cell div7/B_52, because it is not driving any load. (OPT-112)
Warning: Removing don't touch or size only GTECH cell div7/B_45, because it is not driving any load. (OPT-112)
Warning: Removing don't touch or size only GTECH cell div7/B_38, because it is not driving any load. (OPT-112)
Warning: Removing don't touch or size only GTECH cell div7/B_31, because it is not driving any load. (OPT-112)
Warning: Removing don't touch or size only GTECH cell div7/B_26, because it is not driving any load. (OPT-112)
Warning: Removing don't touch or size only GTECH cell div7/B_28, because it is not driving any load. (OPT-112)
Warning: Removing don't touch or size only GTECH cell div7/B_30, because it is not driving any load. (OPT-112)
Warning: Removing don't touch or size only GTECH cell div7/B_33, because it is not driving any load. (OPT-112)
Warning: Removing don't touch or size only GTECH cell div7/B_35, because it is not driving any load. (OPT-112)
Warning: Removing don't touch or size only GTECH cell div7/B_37, because it is not driving any load. (OPT-112)
Warning: Removing don't touch or size only GTECH cell div7/B_40, because it is not driving any load. (OPT-112)
Warning: Removing don't touch or size only GTECH cell div7/B_42, because it is not driving any load. (OPT-112)
Warning: Removing don't touch or size only GTECH cell div7/B_44, because it is not driving any load. (OPT-112)
Warning: Removing don't touch or size only GTECH cell div7/B_47, because it is not driving any load. (OPT-112)
Warning: Removing don't touch or size only GTECH cell div7/B_49, because it is not driving any load. (OPT-112)
Warning: Removing don't touch or size only GTECH cell div7/B_51, because it is not driving any load. (OPT-112)
Warning: Removing don't touch or size only GTECH cell div7/B_54, because it is not driving any load. (OPT-112)
Warning: Removing don't touch or size only GTECH cell div7/B_56, because it is not driving any load. (OPT-112)
Warning: Removing don't touch or size only GTECH cell div7/B_58, because it is not driving any load. (OPT-112)
Warning: Removing don't touch or size only GTECH cell div7/B_24, because it is not driving any load. (OPT-112)
Warning: Removing don't touch or size only GTECH cell div7/B_65, because it is not driving any load. (OPT-112)
Warning: Removing don't touch or size only GTECH cell div7/B_63, because it is not driving any load. (OPT-112)
Warning: Removing don't touch or size only GTECH cell div7/B_61, because it is not driving any load. (OPT-112)
Warning: Removing don't touch or size only GTECH cell div0/B_24, because it is not driving any load. (OPT-112)
Warning: Removing don't touch or size only GTECH cell div0/B_26, because it is not driving any load. (OPT-112)
Warning: Removing don't touch or size only GTECH cell div0/B_28, because it is not driving any load. (OPT-112)
Warning: Removing don't touch or size only GTECH cell div0/B_30, because it is not driving any load. (OPT-112)
Warning: Removing don't touch or size only GTECH cell div0/B_31, because it is not driving any load. (OPT-112)
Warning: Removing don't touch or size only GTECH cell div0/B_33, because it is not driving any load. (OPT-112)
Warning: Removing don't touch or size only GTECH cell div0/B_35, because it is not driving any load. (OPT-112)
Warning: Removing don't touch or size only GTECH cell div0/B_37, because it is not driving any load. (OPT-112)
Warning: Removing don't touch or size only GTECH cell div0/B_38, because it is not driving any load. (OPT-112)
Warning: Removing don't touch or size only GTECH cell div0/B_40, because it is not driving any load. (OPT-112)
Warning: Removing don't touch or size only GTECH cell div0/B_42, because it is not driving any load. (OPT-112)
Warning: Removing don't touch or size only GTECH cell div0/B_44, because it is not driving any load. (OPT-112)
Warning: Removing don't touch or size only GTECH cell div0/B_45, because it is not driving any load. (OPT-112)
Warning: Removing don't touch or size only GTECH cell div0/B_47, because it is not driving any load. (OPT-112)
Warning: Removing don't touch or size only GTECH cell div0/B_49, because it is not driving any load. (OPT-112)
Warning: Removing don't touch or size only GTECH cell div0/B_51, because it is not driving any load. (OPT-112)
Warning: Removing don't touch or size only GTECH cell div0/B_52, because it is not driving any load. (OPT-112)
Warning: Removing don't touch or size only GTECH cell div0/B_54, because it is not driving any load. (OPT-112)
Warning: Removing don't touch or size only GTECH cell div0/B_56, because it is not driving any load. (OPT-112)
Warning: Removing don't touch or size only GTECH cell div0/B_58, because it is not driving any load. (OPT-112)
Warning: Removing don't touch or size only GTECH cell div0/B_59, because it is not driving any load. (OPT-112)
Warning: Removing don't touch or size only GTECH cell div0/B_61, because it is not driving any load. (OPT-112)
Warning: Removing don't touch or size only GTECH cell div0/B_63, because it is not driving any load. (OPT-112)
Warning: Removing don't touch or size only GTECH cell div0/B_65, because it is not driving any load. (OPT-112)
Warning: Removing don't touch or size only GTECH cell div1/B_24, because it is not driving any load. (OPT-112)
Warning: Removing don't touch or size only GTECH cell div1/B_26, because it is not driving any load. (OPT-112)
Warning: Removing don't touch or size only GTECH cell div1/B_28, because it is not driving any load. (OPT-112)
Warning: Removing don't touch or size only GTECH cell div1/B_30, because it is not driving any load. (OPT-112)
Warning: Removing don't touch or size only GTECH cell div1/B_31, because it is not driving any load. (OPT-112)
Warning: Removing don't touch or size only GTECH cell div1/B_33, because it is not driving any load. (OPT-112)
Warning: Removing don't touch or size only GTECH cell div1/B_35, because it is not driving any load. (OPT-112)
Warning: Removing don't touch or size only GTECH cell div1/B_37, because it is not driving any load. (OPT-112)
Warning: Removing don't touch or size only GTECH cell div1/B_38, because it is not driving any load. (OPT-112)
Warning: Removing don't touch or size only GTECH cell div1/B_40, because it is not driving any load. (OPT-112)
Warning: Removing don't touch or size only GTECH cell div1/B_42, because it is not driving any load. (OPT-112)
Warning: Removing don't touch or size only GTECH cell div1/B_44, because it is not driving any load. (OPT-112)
Warning: Removing don't touch or size only GTECH cell div1/B_45, because it is not driving any load. (OPT-112)
Warning: Removing don't touch or size only GTECH cell div1/B_47, because it is not driving any load. (OPT-112)
Warning: Removing don't touch or size only GTECH cell div1/B_49, because it is not driving any load. (OPT-112)
Warning: Removing don't touch or size only GTECH cell div1/B_51, because it is not driving any load. (OPT-112)
Warning: Removing don't touch or size only GTECH cell div1/B_52, because it is not driving any load. (OPT-112)
Warning: Removing don't touch or size only GTECH cell div1/B_54, because it is not driving any load. (OPT-112)
Warning: Removing don't touch or size only GTECH cell div1/B_56, because it is not driving any load. (OPT-112)
Warning: Removing don't touch or size only GTECH cell div1/B_58, because it is not driving any load. (OPT-112)
Warning: Removing don't touch or size only GTECH cell div1/B_59, because it is not driving any load. (OPT-112)
Warning: Removing don't touch or size only GTECH cell div1/B_61, because it is not driving any load. (OPT-112)
Warning: Removing don't touch or size only GTECH cell div1/B_63, because it is not driving any load. (OPT-112)
Warning: Removing don't touch or size only GTECH cell div1/B_65, because it is not driving any load. (OPT-112)
Warning: Removing don't touch or size only GTECH cell div2/B_24, because it is not driving any load. (OPT-112)
Warning: Removing don't touch or size only GTECH cell div2/B_26, because it is not driving any load. (OPT-112)
Warning: Removing don't touch or size only GTECH cell div2/B_28, because it is not driving any load. (OPT-112)
Warning: Removing don't touch or size only GTECH cell div2/B_30, because it is not driving any load. (OPT-112)
Warning: Removing don't touch or size only GTECH cell div2/B_31, because it is not driving any load. (OPT-112)
Warning: Removing don't touch or size only GTECH cell div2/B_33, because it is not driving any load. (OPT-112)
Warning: Removing don't touch or size only GTECH cell div2/B_35, because it is not driving any load. (OPT-112)
Warning: Removing don't touch or size only GTECH cell div2/B_37, because it is not driving any load. (OPT-112)
Warning: Removing don't touch or size only GTECH cell div2/B_38, because it is not driving any load. (OPT-112)
Warning: Removing don't touch or size only GTECH cell div2/B_40, because it is not driving any load. (OPT-112)
Warning: Removing don't touch or size only GTECH cell div2/B_42, because it is not driving any load. (OPT-112)
Warning: Removing don't touch or size only GTECH cell div2/B_44, because it is not driving any load. (OPT-112)
Warning: Removing don't touch or size only GTECH cell div2/B_45, because it is not driving any load. (OPT-112)
Warning: Removing don't touch or size only GTECH cell div2/B_47, because it is not driving any load. (OPT-112)
Warning: Removing don't touch or size only GTECH cell div2/B_49, because it is not driving any load. (OPT-112)
Warning: Removing don't touch or size only GTECH cell div2/B_51, because it is not driving any load. (OPT-112)
Warning: Removing don't touch or size only GTECH cell div2/B_52, because it is not driving any load. (OPT-112)
Warning: Removing don't touch or size only GTECH cell div2/B_54, because it is not driving any load. (OPT-112)
Warning: Removing don't touch or size only GTECH cell div2/B_56, because it is not driving any load. (OPT-112)
Warning: Removing don't touch or size only GTECH cell div2/B_58, because it is not driving any load. (OPT-112)
Warning: Removing don't touch or size only GTECH cell div2/B_59, because it is not driving any load. (OPT-112)
Warning: Removing don't touch or size only GTECH cell div2/B_61, because it is not driving any load. (OPT-112)
Warning: Removing don't touch or size only GTECH cell div2/B_63, because it is not driving any load. (OPT-112)
Warning: Removing don't touch or size only GTECH cell div2/B_65, because it is not driving any load. (OPT-112)
Warning: Removing don't touch or size only GTECH cell div3/B_24, because it is not driving any load. (OPT-112)
Warning: Removing don't touch or size only GTECH cell div3/B_26, because it is not driving any load. (OPT-112)
Warning: Removing don't touch or size only GTECH cell div3/B_28, because it is not driving any load. (OPT-112)
Warning: Removing don't touch or size only GTECH cell div3/B_30, because it is not driving any load. (OPT-112)
Warning: Removing don't touch or size only GTECH cell div3/B_31, because it is not driving any load. (OPT-112)
Warning: Removing don't touch or size only GTECH cell div3/B_33, because it is not driving any load. (OPT-112)
Warning: Removing don't touch or size only GTECH cell div3/B_35, because it is not driving any load. (OPT-112)
Warning: Removing don't touch or size only GTECH cell div3/B_37, because it is not driving any load. (OPT-112)
Warning: Removing don't touch or size only GTECH cell div3/B_38, because it is not driving any load. (OPT-112)
Warning: Removing don't touch or size only GTECH cell div3/B_40, because it is not driving any load. (OPT-112)
Warning: Removing don't touch or size only GTECH cell div3/B_42, because it is not driving any load. (OPT-112)
Warning: Removing don't touch or size only GTECH cell div3/B_44, because it is not driving any load. (OPT-112)
Warning: Removing don't touch or size only GTECH cell div3/B_45, because it is not driving any load. (OPT-112)
Warning: Removing don't touch or size only GTECH cell div3/B_47, because it is not driving any load. (OPT-112)
Warning: Removing don't touch or size only GTECH cell div3/B_49, because it is not driving any load. (OPT-112)
Warning: Removing don't touch or size only GTECH cell div3/B_51, because it is not driving any load. (OPT-112)
Warning: Removing don't touch or size only GTECH cell div3/B_52, because it is not driving any load. (OPT-112)
Warning: Removing don't touch or size only GTECH cell div3/B_54, because it is not driving any load. (OPT-112)
Warning: Removing don't touch or size only GTECH cell div3/B_56, because it is not driving any load. (OPT-112)
Warning: Removing don't touch or size only GTECH cell div3/B_58, because it is not driving any load. (OPT-112)
Warning: Removing don't touch or size only GTECH cell div3/B_59, because it is not driving any load. (OPT-112)
Warning: Removing don't touch or size only GTECH cell div3/B_61, because it is not driving any load. (OPT-112)
Warning: Removing don't touch or size only GTECH cell div3/B_63, because it is not driving any load. (OPT-112)
Warning: Removing don't touch or size only GTECH cell div3/B_65, because it is not driving any load. (OPT-112)
Warning: Removing don't touch or size only GTECH cell div4/B_24, because it is not driving any load. (OPT-112)
Warning: Removing don't touch or size only GTECH cell div4/B_26, because it is not driving any load. (OPT-112)
Warning: Removing don't touch or size only GTECH cell div4/B_28, because it is not driving any load. (OPT-112)
Warning: Removing don't touch or size only GTECH cell div4/B_30, because it is not driving any load. (OPT-112)
Warning: Removing don't touch or size only GTECH cell div4/B_31, because it is not driving any load. (OPT-112)
Warning: Removing don't touch or size only GTECH cell div4/B_33, because it is not driving any load. (OPT-112)
Warning: Removing don't touch or size only GTECH cell div4/B_35, because it is not driving any load. (OPT-112)
Warning: Removing don't touch or size only GTECH cell div4/B_37, because it is not driving any load. (OPT-112)
Warning: Removing don't touch or size only GTECH cell div4/B_38, because it is not driving any load. (OPT-112)
Warning: Removing don't touch or size only GTECH cell div4/B_40, because it is not driving any load. (OPT-112)
Warning: Removing don't touch or size only GTECH cell div4/B_42, because it is not driving any load. (OPT-112)
Warning: Removing don't touch or size only GTECH cell div4/B_44, because it is not driving any load. (OPT-112)
Warning: Removing don't touch or size only GTECH cell div4/B_45, because it is not driving any load. (OPT-112)
Warning: Removing don't touch or size only GTECH cell div4/B_47, because it is not driving any load. (OPT-112)
Warning: Removing don't touch or size only GTECH cell div4/B_49, because it is not driving any load. (OPT-112)
Warning: Removing don't touch or size only GTECH cell div4/B_51, because it is not driving any load. (OPT-112)
Warning: Removing don't touch or size only GTECH cell div4/B_52, because it is not driving any load. (OPT-112)
Warning: Removing don't touch or size only GTECH cell div4/B_54, because it is not driving any load. (OPT-112)
Warning: Removing don't touch or size only GTECH cell div4/B_56, because it is not driving any load. (OPT-112)
Warning: Removing don't touch or size only GTECH cell div4/B_58, because it is not driving any load. (OPT-112)
Warning: Removing don't touch or size only GTECH cell div4/B_59, because it is not driving any load. (OPT-112)
Warning: Removing don't touch or size only GTECH cell div4/B_61, because it is not driving any load. (OPT-112)
Warning: Removing don't touch or size only GTECH cell div4/B_63, because it is not driving any load. (OPT-112)
Warning: Removing don't touch or size only GTECH cell div4/B_65, because it is not driving any load. (OPT-112)
Warning: Removing don't touch or size only GTECH cell div5/B_24, because it is not driving any load. (OPT-112)
Warning: Removing don't touch or size only GTECH cell div5/B_26, because it is not driving any load. (OPT-112)
Warning: Removing don't touch or size only GTECH cell div5/B_28, because it is not driving any load. (OPT-112)
Warning: Removing don't touch or size only GTECH cell div5/B_30, because it is not driving any load. (OPT-112)
Warning: Removing don't touch or size only GTECH cell div5/B_31, because it is not driving any load. (OPT-112)
Warning: Removing don't touch or size only GTECH cell div5/B_33, because it is not driving any load. (OPT-112)
Warning: Removing don't touch or size only GTECH cell div5/B_35, because it is not driving any load. (OPT-112)
Warning: Removing don't touch or size only GTECH cell div5/B_37, because it is not driving any load. (OPT-112)
Warning: Removing don't touch or size only GTECH cell div5/B_38, because it is not driving any load. (OPT-112)
Warning: Removing don't touch or size only GTECH cell div5/B_40, because it is not driving any load. (OPT-112)
Warning: Removing don't touch or size only GTECH cell div5/B_42, because it is not driving any load. (OPT-112)
Warning: Removing don't touch or size only GTECH cell div5/B_44, because it is not driving any load. (OPT-112)
Warning: Removing don't touch or size only GTECH cell div5/B_45, because it is not driving any load. (OPT-112)
Warning: Removing don't touch or size only GTECH cell div5/B_47, because it is not driving any load. (OPT-112)
Warning: Removing don't touch or size only GTECH cell div5/B_49, because it is not driving any load. (OPT-112)
Warning: Removing don't touch or size only GTECH cell div5/B_51, because it is not driving any load. (OPT-112)
Warning: Removing don't touch or size only GTECH cell div5/B_52, because it is not driving any load. (OPT-112)
Warning: Removing don't touch or size only GTECH cell div5/B_54, because it is not driving any load. (OPT-112)
Warning: Removing don't touch or size only GTECH cell div5/B_56, because it is not driving any load. (OPT-112)
Warning: Removing don't touch or size only GTECH cell div5/B_58, because it is not driving any load. (OPT-112)
Warning: Removing don't touch or size only GTECH cell div5/B_59, because it is not driving any load. (OPT-112)
Warning: Removing don't touch or size only GTECH cell div5/B_61, because it is not driving any load. (OPT-112)
Warning: Removing don't touch or size only GTECH cell div5/B_63, because it is not driving any load. (OPT-112)
Warning: Removing don't touch or size only GTECH cell div5/B_65, because it is not driving any load. (OPT-112)
Warning: Removing don't touch or size only GTECH cell div6/B_24, because it is not driving any load. (OPT-112)
Warning: Removing don't touch or size only GTECH cell div6/B_26, because it is not driving any load. (OPT-112)
Warning: Removing don't touch or size only GTECH cell div6/B_28, because it is not driving any load. (OPT-112)
Warning: Removing don't touch or size only GTECH cell div6/B_30, because it is not driving any load. (OPT-112)
Warning: Removing don't touch or size only GTECH cell div6/B_31, because it is not driving any load. (OPT-112)
Warning: Removing don't touch or size only GTECH cell div6/B_33, because it is not driving any load. (OPT-112)
Warning: Removing don't touch or size only GTECH cell div6/B_35, because it is not driving any load. (OPT-112)
Warning: Removing don't touch or size only GTECH cell div6/B_37, because it is not driving any load. (OPT-112)
Warning: Removing don't touch or size only GTECH cell div6/B_38, because it is not driving any load. (OPT-112)
Warning: Removing don't touch or size only GTECH cell div6/B_40, because it is not driving any load. (OPT-112)
Warning: Removing don't touch or size only GTECH cell div6/B_42, because it is not driving any load. (OPT-112)
Warning: Removing don't touch or size only GTECH cell div6/B_44, because it is not driving any load. (OPT-112)
Warning: Removing don't touch or size only GTECH cell div6/B_45, because it is not driving any load. (OPT-112)
Warning: Removing don't touch or size only GTECH cell div6/B_47, because it is not driving any load. (OPT-112)
Warning: Removing don't touch or size only GTECH cell div6/B_49, because it is not driving any load. (OPT-112)
Warning: Removing don't touch or size only GTECH cell div6/B_51, because it is not driving any load. (OPT-112)
Warning: Removing don't touch or size only GTECH cell div6/B_52, because it is not driving any load. (OPT-112)
Warning: Removing don't touch or size only GTECH cell div6/B_54, because it is not driving any load. (OPT-112)
Warning: Removing don't touch or size only GTECH cell div6/B_56, because it is not driving any load. (OPT-112)
Warning: Removing don't touch or size only GTECH cell div6/B_58, because it is not driving any load. (OPT-112)
Warning: Removing don't touch or size only GTECH cell div6/B_59, because it is not driving any load. (OPT-112)
Warning: Removing don't touch or size only GTECH cell div6/B_61, because it is not driving any load. (OPT-112)
Warning: Removing don't touch or size only GTECH cell div6/B_63, because it is not driving any load. (OPT-112)
Warning: Removing don't touch or size only GTECH cell div6/B_65, because it is not driving any load. (OPT-112)
Warning: Removing don't touch or size only GTECH cell div7/B_24, because it is not driving any load. (OPT-112)
Warning: Removing don't touch or size only GTECH cell div7/B_26, because it is not driving any load. (OPT-112)
Warning: Removing don't touch or size only GTECH cell div7/B_28, because it is not driving any load. (OPT-112)
Warning: Removing don't touch or size only GTECH cell div7/B_30, because it is not driving any load. (OPT-112)
Warning: Removing don't touch or size only GTECH cell div7/B_31, because it is not driving any load. (OPT-112)
Warning: Removing don't touch or size only GTECH cell div7/B_33, because it is not driving any load. (OPT-112)
Warning: Removing don't touch or size only GTECH cell div7/B_35, because it is not driving any load. (OPT-112)
Warning: Removing don't touch or size only GTECH cell div7/B_37, because it is not driving any load. (OPT-112)
Warning: Removing don't touch or size only GTECH cell div7/B_38, because it is not driving any load. (OPT-112)
Warning: Removing don't touch or size only GTECH cell div7/B_40, because it is not driving any load. (OPT-112)
Warning: Removing don't touch or size only GTECH cell div7/B_42, because it is not driving any load. (OPT-112)
Warning: Removing don't touch or size only GTECH cell div7/B_44, because it is not driving any load. (OPT-112)
Warning: Removing don't touch or size only GTECH cell div7/B_45, because it is not driving any load. (OPT-112)
Warning: Removing don't touch or size only GTECH cell div7/B_47, because it is not driving any load. (OPT-112)
Warning: Removing don't touch or size only GTECH cell div7/B_49, because it is not driving any load. (OPT-112)
Warning: Removing don't touch or size only GTECH cell div7/B_51, because it is not driving any load. (OPT-112)
Warning: Removing don't touch or size only GTECH cell div7/B_52, because it is not driving any load. (OPT-112)
Warning: Removing don't touch or size only GTECH cell div7/B_54, because it is not driving any load. (OPT-112)
Warning: Removing don't touch or size only GTECH cell div7/B_56, because it is not driving any load. (OPT-112)
Warning: Removing don't touch or size only GTECH cell div7/B_58, because it is not driving any load. (OPT-112)
Warning: Removing don't touch or size only GTECH cell div7/B_59, because it is not driving any load. (OPT-112)
Warning: Removing don't touch or size only GTECH cell div7/B_61, because it is not driving any load. (OPT-112)
Warning: Removing don't touch or size only GTECH cell div7/B_63, because it is not driving any load. (OPT-112)
Warning: Removing don't touch or size only GTECH cell div7/B_65, because it is not driving any load. (OPT-112)
Warning: Removing don't touch or size only GTECH cell div0/B_59, because it is not driving any load. (OPT-112)
Warning: Removing don't touch or size only GTECH cell div0/B_52, because it is not driving any load. (OPT-112)
Warning: Removing don't touch or size only GTECH cell div0/B_45, because it is not driving any load. (OPT-112)
Warning: Removing don't touch or size only GTECH cell div0/B_38, because it is not driving any load. (OPT-112)
Warning: Removing don't touch or size only GTECH cell div0/B_31, because it is not driving any load. (OPT-112)
Warning: Removing don't touch or size only GTECH cell div0/B_26, because it is not driving any load. (OPT-112)
Warning: Removing don't touch or size only GTECH cell div0/B_28, because it is not driving any load. (OPT-112)
Warning: Removing don't touch or size only GTECH cell div0/B_30, because it is not driving any load. (OPT-112)
Warning: Removing don't touch or size only GTECH cell div0/B_33, because it is not driving any load. (OPT-112)
Warning: Removing don't touch or size only GTECH cell div0/B_35, because it is not driving any load. (OPT-112)
Warning: Removing don't touch or size only GTECH cell div0/B_37, because it is not driving any load. (OPT-112)
Warning: Removing don't touch or size only GTECH cell div0/B_40, because it is not driving any load. (OPT-112)
Warning: Removing don't touch or size only GTECH cell div0/B_42, because it is not driving any load. (OPT-112)
Warning: Removing don't touch or size only GTECH cell div0/B_44, because it is not driving any load. (OPT-112)
Warning: Removing don't touch or size only GTECH cell div0/B_47, because it is not driving any load. (OPT-112)
Warning: Removing don't touch or size only GTECH cell div0/B_49, because it is not driving any load. (OPT-112)
Warning: Removing don't touch or size only GTECH cell div0/B_51, because it is not driving any load. (OPT-112)
Warning: Removing don't touch or size only GTECH cell div0/B_54, because it is not driving any load. (OPT-112)
Warning: Removing don't touch or size only GTECH cell div0/B_56, because it is not driving any load. (OPT-112)
Warning: Removing don't touch or size only GTECH cell div0/B_58, because it is not driving any load. (OPT-112)
Warning: Removing don't touch or size only GTECH cell div0/B_24, because it is not driving any load. (OPT-112)
Warning: Removing don't touch or size only GTECH cell div0/B_65, because it is not driving any load. (OPT-112)
Warning: Removing don't touch or size only GTECH cell div0/B_63, because it is not driving any load. (OPT-112)
Warning: Removing don't touch or size only GTECH cell div0/B_61, because it is not driving any load. (OPT-112)
Warning: Removing don't touch or size only GTECH cell div1/B_59, because it is not driving any load. (OPT-112)
Warning: Removing don't touch or size only GTECH cell div1/B_52, because it is not driving any load. (OPT-112)
Warning: Removing don't touch or size only GTECH cell div1/B_45, because it is not driving any load. (OPT-112)
Warning: Removing don't touch or size only GTECH cell div1/B_38, because it is not driving any load. (OPT-112)
Warning: Removing don't touch or size only GTECH cell div1/B_31, because it is not driving any load. (OPT-112)
Warning: Removing don't touch or size only GTECH cell div1/B_26, because it is not driving any load. (OPT-112)
Warning: Removing don't touch or size only GTECH cell div1/B_28, because it is not driving any load. (OPT-112)
Warning: Removing don't touch or size only GTECH cell div1/B_30, because it is not driving any load. (OPT-112)
Warning: Removing don't touch or size only GTECH cell div1/B_33, because it is not driving any load. (OPT-112)
Warning: Removing don't touch or size only GTECH cell div1/B_35, because it is not driving any load. (OPT-112)
Warning: Removing don't touch or size only GTECH cell div1/B_37, because it is not driving any load. (OPT-112)
Warning: Removing don't touch or size only GTECH cell div1/B_40, because it is not driving any load. (OPT-112)
Warning: Removing don't touch or size only GTECH cell div1/B_42, because it is not driving any load. (OPT-112)
Warning: Removing don't touch or size only GTECH cell div1/B_44, because it is not driving any load. (OPT-112)
Warning: Removing don't touch or size only GTECH cell div1/B_47, because it is not driving any load. (OPT-112)
Warning: Removing don't touch or size only GTECH cell div1/B_49, because it is not driving any load. (OPT-112)
Warning: Removing don't touch or size only GTECH cell div1/B_51, because it is not driving any load. (OPT-112)
Warning: Removing don't touch or size only GTECH cell div1/B_54, because it is not driving any load. (OPT-112)
Warning: Removing don't touch or size only GTECH cell div1/B_56, because it is not driving any load. (OPT-112)
Warning: Removing don't touch or size only GTECH cell div1/B_58, because it is not driving any load. (OPT-112)
Warning: Removing don't touch or size only GTECH cell div1/B_24, because it is not driving any load. (OPT-112)
Warning: Removing don't touch or size only GTECH cell div1/B_65, because it is not driving any load. (OPT-112)
Warning: Removing don't touch or size only GTECH cell div1/B_63, because it is not driving any load. (OPT-112)
Warning: Removing don't touch or size only GTECH cell div1/B_61, because it is not driving any load. (OPT-112)
Warning: Removing don't touch or size only GTECH cell div2/B_59, because it is not driving any load. (OPT-112)
Warning: Removing don't touch or size only GTECH cell div2/B_52, because it is not driving any load. (OPT-112)
Warning: Removing don't touch or size only GTECH cell div2/B_45, because it is not driving any load. (OPT-112)
Warning: Removing don't touch or size only GTECH cell div2/B_38, because it is not driving any load. (OPT-112)
Warning: Removing don't touch or size only GTECH cell div2/B_31, because it is not driving any load. (OPT-112)
Warning: Removing don't touch or size only GTECH cell div2/B_26, because it is not driving any load. (OPT-112)
Warning: Removing don't touch or size only GTECH cell div2/B_28, because it is not driving any load. (OPT-112)
Warning: Removing don't touch or size only GTECH cell div2/B_30, because it is not driving any load. (OPT-112)
Warning: Removing don't touch or size only GTECH cell div2/B_33, because it is not driving any load. (OPT-112)
Warning: Removing don't touch or size only GTECH cell div2/B_35, because it is not driving any load. (OPT-112)
Warning: Removing don't touch or size only GTECH cell div2/B_37, because it is not driving any load. (OPT-112)
Warning: Removing don't touch or size only GTECH cell div2/B_40, because it is not driving any load. (OPT-112)
Warning: Removing don't touch or size only GTECH cell div2/B_42, because it is not driving any load. (OPT-112)
Warning: Removing don't touch or size only GTECH cell div2/B_44, because it is not driving any load. (OPT-112)
Warning: Removing don't touch or size only GTECH cell div2/B_47, because it is not driving any load. (OPT-112)
Warning: Removing don't touch or size only GTECH cell div2/B_49, because it is not driving any load. (OPT-112)
Warning: Removing don't touch or size only GTECH cell div2/B_51, because it is not driving any load. (OPT-112)
Warning: Removing don't touch or size only GTECH cell div2/B_54, because it is not driving any load. (OPT-112)
Warning: Removing don't touch or size only GTECH cell div2/B_56, because it is not driving any load. (OPT-112)
Warning: Removing don't touch or size only GTECH cell div2/B_58, because it is not driving any load. (OPT-112)
Warning: Removing don't touch or size only GTECH cell div2/B_24, because it is not driving any load. (OPT-112)
Warning: Removing don't touch or size only GTECH cell div2/B_65, because it is not driving any load. (OPT-112)
Warning: Removing don't touch or size only GTECH cell div2/B_63, because it is not driving any load. (OPT-112)
Warning: Removing don't touch or size only GTECH cell div2/B_61, because it is not driving any load. (OPT-112)
Warning: Removing don't touch or size only GTECH cell div3/B_59, because it is not driving any load. (OPT-112)
Warning: Removing don't touch or size only GTECH cell div3/B_52, because it is not driving any load. (OPT-112)
Warning: Removing don't touch or size only GTECH cell div3/B_45, because it is not driving any load. (OPT-112)
Warning: Removing don't touch or size only GTECH cell div3/B_38, because it is not driving any load. (OPT-112)
Warning: Removing don't touch or size only GTECH cell div3/B_31, because it is not driving any load. (OPT-112)
Warning: Removing don't touch or size only GTECH cell div3/B_26, because it is not driving any load. (OPT-112)
Warning: Removing don't touch or size only GTECH cell div3/B_28, because it is not driving any load. (OPT-112)
Warning: Removing don't touch or size only GTECH cell div3/B_30, because it is not driving any load. (OPT-112)
Warning: Removing don't touch or size only GTECH cell div3/B_33, because it is not driving any load. (OPT-112)
Warning: Removing don't touch or size only GTECH cell div3/B_35, because it is not driving any load. (OPT-112)
Warning: Removing don't touch or size only GTECH cell div3/B_37, because it is not driving any load. (OPT-112)
Warning: Removing don't touch or size only GTECH cell div3/B_40, because it is not driving any load. (OPT-112)
Warning: Removing don't touch or size only GTECH cell div3/B_42, because it is not driving any load. (OPT-112)
Warning: Removing don't touch or size only GTECH cell div3/B_44, because it is not driving any load. (OPT-112)
Warning: Removing don't touch or size only GTECH cell div3/B_47, because it is not driving any load. (OPT-112)
Warning: Removing don't touch or size only GTECH cell div3/B_49, because it is not driving any load. (OPT-112)
Warning: Removing don't touch or size only GTECH cell div3/B_51, because it is not driving any load. (OPT-112)
Warning: Removing don't touch or size only GTECH cell div3/B_54, because it is not driving any load. (OPT-112)
Warning: Removing don't touch or size only GTECH cell div3/B_56, because it is not driving any load. (OPT-112)
Warning: Removing don't touch or size only GTECH cell div3/B_58, because it is not driving any load. (OPT-112)
Warning: Removing don't touch or size only GTECH cell div3/B_24, because it is not driving any load. (OPT-112)
Warning: Removing don't touch or size only GTECH cell div3/B_65, because it is not driving any load. (OPT-112)
Warning: Removing don't touch or size only GTECH cell div3/B_63, because it is not driving any load. (OPT-112)
Warning: Removing don't touch or size only GTECH cell div3/B_61, because it is not driving any load. (OPT-112)
Warning: Removing don't touch or size only GTECH cell div4/B_59, because it is not driving any load. (OPT-112)
Warning: Removing don't touch or size only GTECH cell div4/B_52, because it is not driving any load. (OPT-112)
Warning: Removing don't touch or size only GTECH cell div4/B_45, because it is not driving any load. (OPT-112)
Warning: Removing don't touch or size only GTECH cell div4/B_38, because it is not driving any load. (OPT-112)
Warning: Removing don't touch or size only GTECH cell div4/B_31, because it is not driving any load. (OPT-112)
Warning: Removing don't touch or size only GTECH cell div4/B_26, because it is not driving any load. (OPT-112)
Warning: Removing don't touch or size only GTECH cell div4/B_28, because it is not driving any load. (OPT-112)
Warning: Removing don't touch or size only GTECH cell div4/B_30, because it is not driving any load. (OPT-112)
Warning: Removing don't touch or size only GTECH cell div4/B_33, because it is not driving any load. (OPT-112)
Warning: Removing don't touch or size only GTECH cell div4/B_35, because it is not driving any load. (OPT-112)
Warning: Removing don't touch or size only GTECH cell div4/B_37, because it is not driving any load. (OPT-112)
Warning: Removing don't touch or size only GTECH cell div4/B_40, because it is not driving any load. (OPT-112)
Warning: Removing don't touch or size only GTECH cell div4/B_42, because it is not driving any load. (OPT-112)
Warning: Removing don't touch or size only GTECH cell div4/B_44, because it is not driving any load. (OPT-112)
Warning: Removing don't touch or size only GTECH cell div4/B_47, because it is not driving any load. (OPT-112)
Warning: Removing don't touch or size only GTECH cell div4/B_49, because it is not driving any load. (OPT-112)
Warning: Removing don't touch or size only GTECH cell div4/B_51, because it is not driving any load. (OPT-112)
Warning: Removing don't touch or size only GTECH cell div4/B_54, because it is not driving any load. (OPT-112)
Warning: Removing don't touch or size only GTECH cell div4/B_56, because it is not driving any load. (OPT-112)
Warning: Removing don't touch or size only GTECH cell div4/B_58, because it is not driving any load. (OPT-112)
Warning: Removing don't touch or size only GTECH cell div4/B_24, because it is not driving any load. (OPT-112)
Warning: Removing don't touch or size only GTECH cell div4/B_65, because it is not driving any load. (OPT-112)
Warning: Removing don't touch or size only GTECH cell div4/B_63, because it is not driving any load. (OPT-112)
Warning: Removing don't touch or size only GTECH cell div4/B_61, because it is not driving any load. (OPT-112)
Warning: Removing don't touch or size only GTECH cell div5/B_59, because it is not driving any load. (OPT-112)
Warning: Removing don't touch or size only GTECH cell div5/B_52, because it is not driving any load. (OPT-112)
Warning: Removing don't touch or size only GTECH cell div5/B_45, because it is not driving any load. (OPT-112)
Warning: Removing don't touch or size only GTECH cell div5/B_38, because it is not driving any load. (OPT-112)
Warning: Removing don't touch or size only GTECH cell div5/B_31, because it is not driving any load. (OPT-112)
Warning: Removing don't touch or size only GTECH cell div5/B_26, because it is not driving any load. (OPT-112)
Warning: Removing don't touch or size only GTECH cell div5/B_28, because it is not driving any load. (OPT-112)
Warning: Removing don't touch or size only GTECH cell div5/B_30, because it is not driving any load. (OPT-112)
Warning: Removing don't touch or size only GTECH cell div5/B_33, because it is not driving any load. (OPT-112)
Warning: Removing don't touch or size only GTECH cell div5/B_35, because it is not driving any load. (OPT-112)
Warning: Removing don't touch or size only GTECH cell div5/B_37, because it is not driving any load. (OPT-112)
Warning: Removing don't touch or size only GTECH cell div5/B_40, because it is not driving any load. (OPT-112)
Warning: Removing don't touch or size only GTECH cell div5/B_42, because it is not driving any load. (OPT-112)
Warning: Removing don't touch or size only GTECH cell div5/B_44, because it is not driving any load. (OPT-112)
Warning: Removing don't touch or size only GTECH cell div5/B_47, because it is not driving any load. (OPT-112)
Warning: Removing don't touch or size only GTECH cell div5/B_49, because it is not driving any load. (OPT-112)
Warning: Removing don't touch or size only GTECH cell div5/B_51, because it is not driving any load. (OPT-112)
Warning: Removing don't touch or size only GTECH cell div5/B_54, because it is not driving any load. (OPT-112)
Warning: Removing don't touch or size only GTECH cell div5/B_56, because it is not driving any load. (OPT-112)
Warning: Removing don't touch or size only GTECH cell div5/B_58, because it is not driving any load. (OPT-112)
Warning: Removing don't touch or size only GTECH cell div5/B_24, because it is not driving any load. (OPT-112)
Warning: Removing don't touch or size only GTECH cell div5/B_65, because it is not driving any load. (OPT-112)
Warning: Removing don't touch or size only GTECH cell div5/B_63, because it is not driving any load. (OPT-112)
Warning: Removing don't touch or size only GTECH cell div5/B_61, because it is not driving any load. (OPT-112)
Warning: Removing don't touch or size only GTECH cell div6/B_59, because it is not driving any load. (OPT-112)
Warning: Removing don't touch or size only GTECH cell div6/B_52, because it is not driving any load. (OPT-112)
Warning: Removing don't touch or size only GTECH cell div6/B_45, because it is not driving any load. (OPT-112)
Warning: Removing don't touch or size only GTECH cell div6/B_38, because it is not driving any load. (OPT-112)
Warning: Removing don't touch or size only GTECH cell div6/B_31, because it is not driving any load. (OPT-112)
Warning: Removing don't touch or size only GTECH cell div6/B_26, because it is not driving any load. (OPT-112)
Warning: Removing don't touch or size only GTECH cell div6/B_28, because it is not driving any load. (OPT-112)
Warning: Removing don't touch or size only GTECH cell div6/B_30, because it is not driving any load. (OPT-112)
Warning: Removing don't touch or size only GTECH cell div6/B_33, because it is not driving any load. (OPT-112)
Warning: Removing don't touch or size only GTECH cell div6/B_35, because it is not driving any load. (OPT-112)
Warning: Removing don't touch or size only GTECH cell div6/B_37, because it is not driving any load. (OPT-112)
Warning: Removing don't touch or size only GTECH cell div6/B_40, because it is not driving any load. (OPT-112)
Warning: Removing don't touch or size only GTECH cell div6/B_42, because it is not driving any load. (OPT-112)
Warning: Removing don't touch or size only GTECH cell div6/B_44, because it is not driving any load. (OPT-112)
Warning: Removing don't touch or size only GTECH cell div6/B_47, because it is not driving any load. (OPT-112)
Warning: Removing don't touch or size only GTECH cell div6/B_49, because it is not driving any load. (OPT-112)
Warning: Removing don't touch or size only GTECH cell div6/B_51, because it is not driving any load. (OPT-112)
Warning: Removing don't touch or size only GTECH cell div6/B_54, because it is not driving any load. (OPT-112)
Warning: Removing don't touch or size only GTECH cell div6/B_56, because it is not driving any load. (OPT-112)
Warning: Removing don't touch or size only GTECH cell div6/B_58, because it is not driving any load. (OPT-112)
Warning: Removing don't touch or size only GTECH cell div6/B_24, because it is not driving any load. (OPT-112)
Warning: Removing don't touch or size only GTECH cell div6/B_65, because it is not driving any load. (OPT-112)
Warning: Removing don't touch or size only GTECH cell div6/B_63, because it is not driving any load. (OPT-112)
Warning: Removing don't touch or size only GTECH cell div6/B_61, because it is not driving any load. (OPT-112)
Warning: Removing don't touch or size only GTECH cell div7/B_59, because it is not driving any load. (OPT-112)
Warning: Removing don't touch or size only GTECH cell div7/B_52, because it is not driving any load. (OPT-112)
Warning: Removing don't touch or size only GTECH cell div7/B_45, because it is not driving any load. (OPT-112)
Warning: Removing don't touch or size only GTECH cell div7/B_38, because it is not driving any load. (OPT-112)
Warning: Removing don't touch or size only GTECH cell div7/B_31, because it is not driving any load. (OPT-112)
Warning: Removing don't touch or size only GTECH cell div7/B_26, because it is not driving any load. (OPT-112)
Warning: Removing don't touch or size only GTECH cell div7/B_28, because it is not driving any load. (OPT-112)
Warning: Removing don't touch or size only GTECH cell div7/B_30, because it is not driving any load. (OPT-112)
Warning: Removing don't touch or size only GTECH cell div7/B_33, because it is not driving any load. (OPT-112)
Warning: Removing don't touch or size only GTECH cell div7/B_35, because it is not driving any load. (OPT-112)
Warning: Removing don't touch or size only GTECH cell div7/B_37, because it is not driving any load. (OPT-112)
Warning: Removing don't touch or size only GTECH cell div7/B_40, because it is not driving any load. (OPT-112)
Warning: Removing don't touch or size only GTECH cell div7/B_42, because it is not driving any load. (OPT-112)
Warning: Removing don't touch or size only GTECH cell div7/B_44, because it is not driving any load. (OPT-112)
Warning: Removing don't touch or size only GTECH cell div7/B_47, because it is not driving any load. (OPT-112)
Warning: Removing don't touch or size only GTECH cell div7/B_49, because it is not driving any load. (OPT-112)
Warning: Removing don't touch or size only GTECH cell div7/B_51, because it is not driving any load. (OPT-112)
Warning: Removing don't touch or size only GTECH cell div7/B_54, because it is not driving any load. (OPT-112)
Warning: Removing don't touch or size only GTECH cell div7/B_56, because it is not driving any load. (OPT-112)
Warning: Removing don't touch or size only GTECH cell div7/B_58, because it is not driving any load. (OPT-112)
Warning: Removing don't touch or size only GTECH cell div7/B_24, because it is not driving any load. (OPT-112)
Warning: Removing don't touch or size only GTECH cell div7/B_65, because it is not driving any load. (OPT-112)
Warning: Removing don't touch or size only GTECH cell div7/B_63, because it is not driving any load. (OPT-112)
Warning: Removing don't touch or size only GTECH cell div7/B_61, because it is not driving any load. (OPT-112)
Warning: Removing don't touch or size only GTECH cell div0/B_24, because it is not driving any load. (OPT-112)
Warning: Removing don't touch or size only GTECH cell div0/B_26, because it is not driving any load. (OPT-112)
Warning: Removing don't touch or size only GTECH cell div0/B_28, because it is not driving any load. (OPT-112)
Warning: Removing don't touch or size only GTECH cell div0/B_30, because it is not driving any load. (OPT-112)
Warning: Removing don't touch or size only GTECH cell div0/B_31, because it is not driving any load. (OPT-112)
Warning: Removing don't touch or size only GTECH cell div0/B_33, because it is not driving any load. (OPT-112)
Warning: Removing don't touch or size only GTECH cell div0/B_35, because it is not driving any load. (OPT-112)
Warning: Removing don't touch or size only GTECH cell div0/B_37, because it is not driving any load. (OPT-112)
Warning: Removing don't touch or size only GTECH cell div0/B_38, because it is not driving any load. (OPT-112)
Warning: Removing don't touch or size only GTECH cell div0/B_40, because it is not driving any load. (OPT-112)
Warning: Removing don't touch or size only GTECH cell div0/B_42, because it is not driving any load. (OPT-112)
Warning: Removing don't touch or size only GTECH cell div0/B_44, because it is not driving any load. (OPT-112)
Warning: Removing don't touch or size only GTECH cell div0/B_45, because it is not driving any load. (OPT-112)
Warning: Removing don't touch or size only GTECH cell div0/B_47, because it is not driving any load. (OPT-112)
Warning: Removing don't touch or size only GTECH cell div0/B_49, because it is not driving any load. (OPT-112)
Warning: Removing don't touch or size only GTECH cell div0/B_51, because it is not driving any load. (OPT-112)
Warning: Removing don't touch or size only GTECH cell div0/B_52, because it is not driving any load. (OPT-112)
Warning: Removing don't touch or size only GTECH cell div0/B_54, because it is not driving any load. (OPT-112)
Warning: Removing don't touch or size only GTECH cell div0/B_56, because it is not driving any load. (OPT-112)
Warning: Removing don't touch or size only GTECH cell div0/B_58, because it is not driving any load. (OPT-112)
Warning: Removing don't touch or size only GTECH cell div0/B_59, because it is not driving any load. (OPT-112)
Warning: Removing don't touch or size only GTECH cell div0/B_61, because it is not driving any load. (OPT-112)
Warning: Removing don't touch or size only GTECH cell div0/B_63, because it is not driving any load. (OPT-112)
Warning: Removing don't touch or size only GTECH cell div0/B_65, because it is not driving any load. (OPT-112)
Warning: Removing don't touch or size only GTECH cell div1/B_24, because it is not driving any load. (OPT-112)
Warning: Removing don't touch or size only GTECH cell div1/B_26, because it is not driving any load. (OPT-112)
Warning: Removing don't touch or size only GTECH cell div1/B_28, because it is not driving any load. (OPT-112)
Warning: Removing don't touch or size only GTECH cell div1/B_30, because it is not driving any load. (OPT-112)
Warning: Removing don't touch or size only GTECH cell div1/B_31, because it is not driving any load. (OPT-112)
Warning: Removing don't touch or size only GTECH cell div1/B_33, because it is not driving any load. (OPT-112)
Warning: Removing don't touch or size only GTECH cell div1/B_35, because it is not driving any load. (OPT-112)
Warning: Removing don't touch or size only GTECH cell div1/B_37, because it is not driving any load. (OPT-112)
Warning: Removing don't touch or size only GTECH cell div1/B_38, because it is not driving any load. (OPT-112)
Warning: Removing don't touch or size only GTECH cell div1/B_40, because it is not driving any load. (OPT-112)
Warning: Removing don't touch or size only GTECH cell div1/B_42, because it is not driving any load. (OPT-112)
Warning: Removing don't touch or size only GTECH cell div1/B_44, because it is not driving any load. (OPT-112)
Warning: Removing don't touch or size only GTECH cell div1/B_45, because it is not driving any load. (OPT-112)
Warning: Removing don't touch or size only GTECH cell div1/B_47, because it is not driving any load. (OPT-112)
Warning: Removing don't touch or size only GTECH cell div1/B_49, because it is not driving any load. (OPT-112)
Warning: Removing don't touch or size only GTECH cell div1/B_51, because it is not driving any load. (OPT-112)
Warning: Removing don't touch or size only GTECH cell div1/B_52, because it is not driving any load. (OPT-112)
Warning: Removing don't touch or size only GTECH cell div1/B_54, because it is not driving any load. (OPT-112)
Warning: Removing don't touch or size only GTECH cell div1/B_56, because it is not driving any load. (OPT-112)
Warning: Removing don't touch or size only GTECH cell div1/B_58, because it is not driving any load. (OPT-112)
Warning: Removing don't touch or size only GTECH cell div1/B_59, because it is not driving any load. (OPT-112)
Warning: Removing don't touch or size only GTECH cell div1/B_61, because it is not driving any load. (OPT-112)
Warning: Removing don't touch or size only GTECH cell div1/B_63, because it is not driving any load. (OPT-112)
Warning: Removing don't touch or size only GTECH cell div1/B_65, because it is not driving any load. (OPT-112)
Warning: Removing don't touch or size only GTECH cell div2/B_24, because it is not driving any load. (OPT-112)
Warning: Removing don't touch or size only GTECH cell div2/B_26, because it is not driving any load. (OPT-112)
Warning: Removing don't touch or size only GTECH cell div2/B_28, because it is not driving any load. (OPT-112)
Warning: Removing don't touch or size only GTECH cell div2/B_30, because it is not driving any load. (OPT-112)
Warning: Removing don't touch or size only GTECH cell div2/B_31, because it is not driving any load. (OPT-112)
Warning: Removing don't touch or size only GTECH cell div2/B_33, because it is not driving any load. (OPT-112)
Warning: Removing don't touch or size only GTECH cell div2/B_35, because it is not driving any load. (OPT-112)
Warning: Removing don't touch or size only GTECH cell div2/B_37, because it is not driving any load. (OPT-112)
Warning: Removing don't touch or size only GTECH cell div2/B_38, because it is not driving any load. (OPT-112)
Warning: Removing don't touch or size only GTECH cell div2/B_40, because it is not driving any load. (OPT-112)
Warning: Removing don't touch or size only GTECH cell div2/B_42, because it is not driving any load. (OPT-112)
Warning: Removing don't touch or size only GTECH cell div2/B_44, because it is not driving any load. (OPT-112)
Warning: Removing don't touch or size only GTECH cell div2/B_45, because it is not driving any load. (OPT-112)
Warning: Removing don't touch or size only GTECH cell div2/B_47, because it is not driving any load. (OPT-112)
Warning: Removing don't touch or size only GTECH cell div2/B_49, because it is not driving any load. (OPT-112)
Warning: Removing don't touch or size only GTECH cell div2/B_51, because it is not driving any load. (OPT-112)
Warning: Removing don't touch or size only GTECH cell div2/B_52, because it is not driving any load. (OPT-112)
Warning: Removing don't touch or size only GTECH cell div2/B_54, because it is not driving any load. (OPT-112)
Warning: Removing don't touch or size only GTECH cell div2/B_56, because it is not driving any load. (OPT-112)
Warning: Removing don't touch or size only GTECH cell div2/B_58, because it is not driving any load. (OPT-112)
Warning: Removing don't touch or size only GTECH cell div2/B_59, because it is not driving any load. (OPT-112)
Warning: Removing don't touch or size only GTECH cell div2/B_61, because it is not driving any load. (OPT-112)
Warning: Removing don't touch or size only GTECH cell div2/B_63, because it is not driving any load. (OPT-112)
Warning: Removing don't touch or size only GTECH cell div2/B_65, because it is not driving any load. (OPT-112)
Warning: Removing don't touch or size only GTECH cell div3/B_24, because it is not driving any load. (OPT-112)
Warning: Removing don't touch or size only GTECH cell div3/B_26, because it is not driving any load. (OPT-112)
Warning: Removing don't touch or size only GTECH cell div3/B_28, because it is not driving any load. (OPT-112)
Warning: Removing don't touch or size only GTECH cell div3/B_30, because it is not driving any load. (OPT-112)
Warning: Removing don't touch or size only GTECH cell div3/B_31, because it is not driving any load. (OPT-112)
Warning: Removing don't touch or size only GTECH cell div3/B_33, because it is not driving any load. (OPT-112)
Warning: Removing don't touch or size only GTECH cell div3/B_35, because it is not driving any load. (OPT-112)
Warning: Removing don't touch or size only GTECH cell div3/B_37, because it is not driving any load. (OPT-112)
Warning: Removing don't touch or size only GTECH cell div3/B_38, because it is not driving any load. (OPT-112)
Warning: Removing don't touch or size only GTECH cell div3/B_40, because it is not driving any load. (OPT-112)
Warning: Removing don't touch or size only GTECH cell div3/B_42, because it is not driving any load. (OPT-112)
Warning: Removing don't touch or size only GTECH cell div3/B_44, because it is not driving any load. (OPT-112)
Warning: Removing don't touch or size only GTECH cell div3/B_45, because it is not driving any load. (OPT-112)
Warning: Removing don't touch or size only GTECH cell div3/B_47, because it is not driving any load. (OPT-112)
Warning: Removing don't touch or size only GTECH cell div3/B_49, because it is not driving any load. (OPT-112)
Warning: Removing don't touch or size only GTECH cell div3/B_51, because it is not driving any load. (OPT-112)
Warning: Removing don't touch or size only GTECH cell div3/B_52, because it is not driving any load. (OPT-112)
Warning: Removing don't touch or size only GTECH cell div3/B_54, because it is not driving any load. (OPT-112)
Warning: Removing don't touch or size only GTECH cell div3/B_56, because it is not driving any load. (OPT-112)
Warning: Removing don't touch or size only GTECH cell div3/B_58, because it is not driving any load. (OPT-112)
Warning: Removing don't touch or size only GTECH cell div3/B_59, because it is not driving any load. (OPT-112)
Warning: Removing don't touch or size only GTECH cell div3/B_61, because it is not driving any load. (OPT-112)
Warning: Removing don't touch or size only GTECH cell div3/B_63, because it is not driving any load. (OPT-112)
Warning: Removing don't touch or size only GTECH cell div3/B_65, because it is not driving any load. (OPT-112)
Warning: Removing don't touch or size only GTECH cell div4/B_24, because it is not driving any load. (OPT-112)
Warning: Removing don't touch or size only GTECH cell div4/B_26, because it is not driving any load. (OPT-112)
Warning: Removing don't touch or size only GTECH cell div4/B_28, because it is not driving any load. (OPT-112)
Warning: Removing don't touch or size only GTECH cell div4/B_30, because it is not driving any load. (OPT-112)
Warning: Removing don't touch or size only GTECH cell div4/B_31, because it is not driving any load. (OPT-112)
Warning: Removing don't touch or size only GTECH cell div4/B_33, because it is not driving any load. (OPT-112)
Warning: Removing don't touch or size only GTECH cell div4/B_35, because it is not driving any load. (OPT-112)
Warning: Removing don't touch or size only GTECH cell div4/B_37, because it is not driving any load. (OPT-112)
Warning: Removing don't touch or size only GTECH cell div4/B_38, because it is not driving any load. (OPT-112)
Warning: Removing don't touch or size only GTECH cell div4/B_40, because it is not driving any load. (OPT-112)
Warning: Removing don't touch or size only GTECH cell div4/B_42, because it is not driving any load. (OPT-112)
Warning: Removing don't touch or size only GTECH cell div4/B_44, because it is not driving any load. (OPT-112)
Warning: Removing don't touch or size only GTECH cell div4/B_45, because it is not driving any load. (OPT-112)
Warning: Removing don't touch or size only GTECH cell div4/B_47, because it is not driving any load. (OPT-112)
Warning: Removing don't touch or size only GTECH cell div4/B_49, because it is not driving any load. (OPT-112)
Warning: Removing don't touch or size only GTECH cell div4/B_51, because it is not driving any load. (OPT-112)
Warning: Removing don't touch or size only GTECH cell div4/B_52, because it is not driving any load. (OPT-112)
Warning: Removing don't touch or size only GTECH cell div4/B_54, because it is not driving any load. (OPT-112)
Warning: Removing don't touch or size only GTECH cell div4/B_56, because it is not driving any load. (OPT-112)
Warning: Removing don't touch or size only GTECH cell div4/B_58, because it is not driving any load. (OPT-112)
Warning: Removing don't touch or size only GTECH cell div4/B_59, because it is not driving any load. (OPT-112)
Warning: Removing don't touch or size only GTECH cell div4/B_61, because it is not driving any load. (OPT-112)
Warning: Removing don't touch or size only GTECH cell div4/B_63, because it is not driving any load. (OPT-112)
Warning: Removing don't touch or size only GTECH cell div4/B_65, because it is not driving any load. (OPT-112)
Warning: Removing don't touch or size only GTECH cell div5/B_24, because it is not driving any load. (OPT-112)
Warning: Removing don't touch or size only GTECH cell div5/B_26, because it is not driving any load. (OPT-112)
Warning: Removing don't touch or size only GTECH cell div5/B_28, because it is not driving any load. (OPT-112)
Warning: Removing don't touch or size only GTECH cell div5/B_30, because it is not driving any load. (OPT-112)
Warning: Removing don't touch or size only GTECH cell div5/B_31, because it is not driving any load. (OPT-112)
Warning: Removing don't touch or size only GTECH cell div5/B_33, because it is not driving any load. (OPT-112)
Warning: Removing don't touch or size only GTECH cell div5/B_35, because it is not driving any load. (OPT-112)
Warning: Removing don't touch or size only GTECH cell div5/B_37, because it is not driving any load. (OPT-112)
Warning: Removing don't touch or size only GTECH cell div5/B_38, because it is not driving any load. (OPT-112)
Warning: Removing don't touch or size only GTECH cell div5/B_40, because it is not driving any load. (OPT-112)
Warning: Removing don't touch or size only GTECH cell div5/B_42, because it is not driving any load. (OPT-112)
Warning: Removing don't touch or size only GTECH cell div5/B_44, because it is not driving any load. (OPT-112)
Warning: Removing don't touch or size only GTECH cell div5/B_45, because it is not driving any load. (OPT-112)
Warning: Removing don't touch or size only GTECH cell div5/B_47, because it is not driving any load. (OPT-112)
Warning: Removing don't touch or size only GTECH cell div5/B_49, because it is not driving any load. (OPT-112)
Warning: Removing don't touch or size only GTECH cell div5/B_51, because it is not driving any load. (OPT-112)
Warning: Removing don't touch or size only GTECH cell div5/B_52, because it is not driving any load. (OPT-112)
Warning: Removing don't touch or size only GTECH cell div5/B_54, because it is not driving any load. (OPT-112)
Warning: Removing don't touch or size only GTECH cell div5/B_56, because it is not driving any load. (OPT-112)
Warning: Removing don't touch or size only GTECH cell div5/B_58, because it is not driving any load. (OPT-112)
Warning: Removing don't touch or size only GTECH cell div5/B_59, because it is not driving any load. (OPT-112)
Warning: Removing don't touch or size only GTECH cell div5/B_61, because it is not driving any load. (OPT-112)
Warning: Removing don't touch or size only GTECH cell div5/B_63, because it is not driving any load. (OPT-112)
Warning: Removing don't touch or size only GTECH cell div5/B_65, because it is not driving any load. (OPT-112)
Warning: Removing don't touch or size only GTECH cell div6/B_24, because it is not driving any load. (OPT-112)
Warning: Removing don't touch or size only GTECH cell div6/B_26, because it is not driving any load. (OPT-112)
Warning: Removing don't touch or size only GTECH cell div6/B_28, because it is not driving any load. (OPT-112)
Warning: Removing don't touch or size only GTECH cell div6/B_30, because it is not driving any load. (OPT-112)
Warning: Removing don't touch or size only GTECH cell div6/B_31, because it is not driving any load. (OPT-112)
Warning: Removing don't touch or size only GTECH cell div6/B_33, because it is not driving any load. (OPT-112)
Warning: Removing don't touch or size only GTECH cell div6/B_35, because it is not driving any load. (OPT-112)
Warning: Removing don't touch or size only GTECH cell div6/B_37, because it is not driving any load. (OPT-112)
Warning: Removing don't touch or size only GTECH cell div6/B_38, because it is not driving any load. (OPT-112)
Warning: Removing don't touch or size only GTECH cell div6/B_40, because it is not driving any load. (OPT-112)
Warning: Removing don't touch or size only GTECH cell div6/B_42, because it is not driving any load. (OPT-112)
Warning: Removing don't touch or size only GTECH cell div6/B_44, because it is not driving any load. (OPT-112)
Warning: Removing don't touch or size only GTECH cell div6/B_45, because it is not driving any load. (OPT-112)
Warning: Removing don't touch or size only GTECH cell div6/B_47, because it is not driving any load. (OPT-112)
Warning: Removing don't touch or size only GTECH cell div6/B_49, because it is not driving any load. (OPT-112)
Warning: Removing don't touch or size only GTECH cell div6/B_51, because it is not driving any load. (OPT-112)
Warning: Removing don't touch or size only GTECH cell div6/B_52, because it is not driving any load. (OPT-112)
Warning: Removing don't touch or size only GTECH cell div6/B_54, because it is not driving any load. (OPT-112)
Warning: Removing don't touch or size only GTECH cell div6/B_56, because it is not driving any load. (OPT-112)
Warning: Removing don't touch or size only GTECH cell div6/B_58, because it is not driving any load. (OPT-112)
Warning: Removing don't touch or size only GTECH cell div6/B_59, because it is not driving any load. (OPT-112)
Warning: Removing don't touch or size only GTECH cell div6/B_61, because it is not driving any load. (OPT-112)
Warning: Removing don't touch or size only GTECH cell div6/B_63, because it is not driving any load. (OPT-112)
Warning: Removing don't touch or size only GTECH cell div6/B_65, because it is not driving any load. (OPT-112)
Warning: Removing don't touch or size only GTECH cell div7/B_24, because it is not driving any load. (OPT-112)
Warning: Removing don't touch or size only GTECH cell div7/B_26, because it is not driving any load. (OPT-112)
Warning: Removing don't touch or size only GTECH cell div7/B_28, because it is not driving any load. (OPT-112)
Warning: Removing don't touch or size only GTECH cell div7/B_30, because it is not driving any load. (OPT-112)
Warning: Removing don't touch or size only GTECH cell div7/B_31, because it is not driving any load. (OPT-112)
Warning: Removing don't touch or size only GTECH cell div7/B_33, because it is not driving any load. (OPT-112)
Warning: Removing don't touch or size only GTECH cell div7/B_35, because it is not driving any load. (OPT-112)
Warning: Removing don't touch or size only GTECH cell div7/B_37, because it is not driving any load. (OPT-112)
Warning: Removing don't touch or size only GTECH cell div7/B_38, because it is not driving any load. (OPT-112)
Warning: Removing don't touch or size only GTECH cell div7/B_40, because it is not driving any load. (OPT-112)
Warning: Removing don't touch or size only GTECH cell div7/B_42, because it is not driving any load. (OPT-112)
Warning: Removing don't touch or size only GTECH cell div7/B_44, because it is not driving any load. (OPT-112)
Warning: Removing don't touch or size only GTECH cell div7/B_45, because it is not driving any load. (OPT-112)
Warning: Removing don't touch or size only GTECH cell div7/B_47, because it is not driving any load. (OPT-112)
Warning: Removing don't touch or size only GTECH cell div7/B_49, because it is not driving any load. (OPT-112)
Warning: Removing don't touch or size only GTECH cell div7/B_51, because it is not driving any load. (OPT-112)
Warning: Removing don't touch or size only GTECH cell div7/B_52, because it is not driving any load. (OPT-112)
Warning: Removing don't touch or size only GTECH cell div7/B_54, because it is not driving any load. (OPT-112)
Warning: Removing don't touch or size only GTECH cell div7/B_56, because it is not driving any load. (OPT-112)
Warning: Removing don't touch or size only GTECH cell div7/B_58, because it is not driving any load. (OPT-112)
Warning: Removing don't touch or size only GTECH cell div7/B_59, because it is not driving any load. (OPT-112)
Warning: Removing don't touch or size only GTECH cell div7/B_61, because it is not driving any load. (OPT-112)
Warning: Removing don't touch or size only GTECH cell div7/B_63, because it is not driving any load. (OPT-112)
Warning: Removing don't touch or size only GTECH cell div7/B_65, because it is not driving any load. (OPT-112)
Warning: Removing don't touch or size only GTECH cell div0/B_59, because it is not driving any load. (OPT-112)
Warning: Removing don't touch or size only GTECH cell div0/B_52, because it is not driving any load. (OPT-112)
Warning: Removing don't touch or size only GTECH cell div0/B_45, because it is not driving any load. (OPT-112)
Warning: Removing don't touch or size only GTECH cell div0/B_38, because it is not driving any load. (OPT-112)
Warning: Removing don't touch or size only GTECH cell div0/B_31, because it is not driving any load. (OPT-112)
Warning: Removing don't touch or size only GTECH cell div0/B_26, because it is not driving any load. (OPT-112)
Warning: Removing don't touch or size only GTECH cell div0/B_28, because it is not driving any load. (OPT-112)
Warning: Removing don't touch or size only GTECH cell div0/B_30, because it is not driving any load. (OPT-112)
Warning: Removing don't touch or size only GTECH cell div0/B_33, because it is not driving any load. (OPT-112)
Warning: Removing don't touch or size only GTECH cell div0/B_35, because it is not driving any load. (OPT-112)
Warning: Removing don't touch or size only GTECH cell div0/B_37, because it is not driving any load. (OPT-112)
Warning: Removing don't touch or size only GTECH cell div0/B_40, because it is not driving any load. (OPT-112)
Warning: Removing don't touch or size only GTECH cell div0/B_42, because it is not driving any load. (OPT-112)
Warning: Removing don't touch or size only GTECH cell div0/B_44, because it is not driving any load. (OPT-112)
Warning: Removing don't touch or size only GTECH cell div0/B_47, because it is not driving any load. (OPT-112)
Warning: Removing don't touch or size only GTECH cell div0/B_49, because it is not driving any load. (OPT-112)
Warning: Removing don't touch or size only GTECH cell div0/B_51, because it is not driving any load. (OPT-112)
Warning: Removing don't touch or size only GTECH cell div0/B_54, because it is not driving any load. (OPT-112)
Warning: Removing don't touch or size only GTECH cell div0/B_56, because it is not driving any load. (OPT-112)
Warning: Removing don't touch or size only GTECH cell div0/B_58, because it is not driving any load. (OPT-112)
Warning: Removing don't touch or size only GTECH cell div0/B_24, because it is not driving any load. (OPT-112)
Warning: Removing don't touch or size only GTECH cell div0/B_65, because it is not driving any load. (OPT-112)
Warning: Removing don't touch or size only GTECH cell div0/B_63, because it is not driving any load. (OPT-112)
Warning: Removing don't touch or size only GTECH cell div0/B_61, because it is not driving any load. (OPT-112)
Warning: Removing don't touch or size only GTECH cell div1/B_59, because it is not driving any load. (OPT-112)
Warning: Removing don't touch or size only GTECH cell div1/B_52, because it is not driving any load. (OPT-112)
Warning: Removing don't touch or size only GTECH cell div1/B_45, because it is not driving any load. (OPT-112)
Warning: Removing don't touch or size only GTECH cell div1/B_38, because it is not driving any load. (OPT-112)
Warning: Removing don't touch or size only GTECH cell div1/B_31, because it is not driving any load. (OPT-112)
Warning: Removing don't touch or size only GTECH cell div1/B_26, because it is not driving any load. (OPT-112)
Warning: Removing don't touch or size only GTECH cell div1/B_28, because it is not driving any load. (OPT-112)
Warning: Removing don't touch or size only GTECH cell div1/B_30, because it is not driving any load. (OPT-112)
Warning: Removing don't touch or size only GTECH cell div1/B_33, because it is not driving any load. (OPT-112)
Warning: Removing don't touch or size only GTECH cell div1/B_35, because it is not driving any load. (OPT-112)
Warning: Removing don't touch or size only GTECH cell div1/B_37, because it is not driving any load. (OPT-112)
Warning: Removing don't touch or size only GTECH cell div1/B_40, because it is not driving any load. (OPT-112)
Warning: Removing don't touch or size only GTECH cell div1/B_42, because it is not driving any load. (OPT-112)
Warning: Removing don't touch or size only GTECH cell div1/B_44, because it is not driving any load. (OPT-112)
Warning: Removing don't touch or size only GTECH cell div1/B_47, because it is not driving any load. (OPT-112)
Warning: Removing don't touch or size only GTECH cell div1/B_49, because it is not driving any load. (OPT-112)
Warning: Removing don't touch or size only GTECH cell div1/B_51, because it is not driving any load. (OPT-112)
Warning: Removing don't touch or size only GTECH cell div1/B_54, because it is not driving any load. (OPT-112)
Warning: Removing don't touch or size only GTECH cell div1/B_56, because it is not driving any load. (OPT-112)
Warning: Removing don't touch or size only GTECH cell div1/B_58, because it is not driving any load. (OPT-112)
Warning: Removing don't touch or size only GTECH cell div1/B_24, because it is not driving any load. (OPT-112)
Warning: Removing don't touch or size only GTECH cell div1/B_65, because it is not driving any load. (OPT-112)
Warning: Removing don't touch or size only GTECH cell div1/B_63, because it is not driving any load. (OPT-112)
Warning: Removing don't touch or size only GTECH cell div1/B_61, because it is not driving any load. (OPT-112)
Warning: Removing don't touch or size only GTECH cell div2/B_59, because it is not driving any load. (OPT-112)
Warning: Removing don't touch or size only GTECH cell div2/B_52, because it is not driving any load. (OPT-112)
Warning: Removing don't touch or size only GTECH cell div2/B_45, because it is not driving any load. (OPT-112)
Warning: Removing don't touch or size only GTECH cell div2/B_38, because it is not driving any load. (OPT-112)
Warning: Removing don't touch or size only GTECH cell div2/B_31, because it is not driving any load. (OPT-112)
Warning: Removing don't touch or size only GTECH cell div2/B_26, because it is not driving any load. (OPT-112)
Warning: Removing don't touch or size only GTECH cell div2/B_28, because it is not driving any load. (OPT-112)
Warning: Removing don't touch or size only GTECH cell div2/B_30, because it is not driving any load. (OPT-112)
Warning: Removing don't touch or size only GTECH cell div2/B_33, because it is not driving any load. (OPT-112)
Warning: Removing don't touch or size only GTECH cell div2/B_35, because it is not driving any load. (OPT-112)
Warning: Removing don't touch or size only GTECH cell div2/B_37, because it is not driving any load. (OPT-112)
Warning: Removing don't touch or size only GTECH cell div2/B_40, because it is not driving any load. (OPT-112)
Warning: Removing don't touch or size only GTECH cell div2/B_42, because it is not driving any load. (OPT-112)
Warning: Removing don't touch or size only GTECH cell div2/B_44, because it is not driving any load. (OPT-112)
Warning: Removing don't touch or size only GTECH cell div2/B_47, because it is not driving any load. (OPT-112)
Warning: Removing don't touch or size only GTECH cell div2/B_49, because it is not driving any load. (OPT-112)
Warning: Removing don't touch or size only GTECH cell div2/B_51, because it is not driving any load. (OPT-112)
Warning: Removing don't touch or size only GTECH cell div2/B_54, because it is not driving any load. (OPT-112)
Warning: Removing don't touch or size only GTECH cell div2/B_56, because it is not driving any load. (OPT-112)
Warning: Removing don't touch or size only GTECH cell div2/B_58, because it is not driving any load. (OPT-112)
Warning: Removing don't touch or size only GTECH cell div2/B_24, because it is not driving any load. (OPT-112)
Warning: Removing don't touch or size only GTECH cell div2/B_65, because it is not driving any load. (OPT-112)
Warning: Removing don't touch or size only GTECH cell div2/B_63, because it is not driving any load. (OPT-112)
Warning: Removing don't touch or size only GTECH cell div2/B_61, because it is not driving any load. (OPT-112)
Warning: Removing don't touch or size only GTECH cell div3/B_59, because it is not driving any load. (OPT-112)
Warning: Removing don't touch or size only GTECH cell div3/B_52, because it is not driving any load. (OPT-112)
Warning: Removing don't touch or size only GTECH cell div3/B_45, because it is not driving any load. (OPT-112)
Warning: Removing don't touch or size only GTECH cell div3/B_38, because it is not driving any load. (OPT-112)
Warning: Removing don't touch or size only GTECH cell div3/B_31, because it is not driving any load. (OPT-112)
Warning: Removing don't touch or size only GTECH cell div3/B_26, because it is not driving any load. (OPT-112)
Warning: Removing don't touch or size only GTECH cell div3/B_28, because it is not driving any load. (OPT-112)
Warning: Removing don't touch or size only GTECH cell div3/B_30, because it is not driving any load. (OPT-112)
Warning: Removing don't touch or size only GTECH cell div3/B_33, because it is not driving any load. (OPT-112)
Warning: Removing don't touch or size only GTECH cell div3/B_35, because it is not driving any load. (OPT-112)
Warning: Removing don't touch or size only GTECH cell div3/B_37, because it is not driving any load. (OPT-112)
Warning: Removing don't touch or size only GTECH cell div3/B_40, because it is not driving any load. (OPT-112)
Warning: Removing don't touch or size only GTECH cell div3/B_42, because it is not driving any load. (OPT-112)
Warning: Removing don't touch or size only GTECH cell div3/B_44, because it is not driving any load. (OPT-112)
Warning: Removing don't touch or size only GTECH cell div3/B_47, because it is not driving any load. (OPT-112)
Warning: Removing don't touch or size only GTECH cell div3/B_49, because it is not driving any load. (OPT-112)
Warning: Removing don't touch or size only GTECH cell div3/B_51, because it is not driving any load. (OPT-112)
Warning: Removing don't touch or size only GTECH cell div3/B_54, because it is not driving any load. (OPT-112)
Warning: Removing don't touch or size only GTECH cell div3/B_56, because it is not driving any load. (OPT-112)
Warning: Removing don't touch or size only GTECH cell div3/B_58, because it is not driving any load. (OPT-112)
Warning: Removing don't touch or size only GTECH cell div3/B_24, because it is not driving any load. (OPT-112)
Warning: Removing don't touch or size only GTECH cell div3/B_65, because it is not driving any load. (OPT-112)
Warning: Removing don't touch or size only GTECH cell div3/B_63, because it is not driving any load. (OPT-112)
Warning: Removing don't touch or size only GTECH cell div3/B_61, because it is not driving any load. (OPT-112)
Warning: Removing don't touch or size only GTECH cell div4/B_59, because it is not driving any load. (OPT-112)
Warning: Removing don't touch or size only GTECH cell div4/B_52, because it is not driving any load. (OPT-112)
Warning: Removing don't touch or size only GTECH cell div4/B_45, because it is not driving any load. (OPT-112)
Warning: Removing don't touch or size only GTECH cell div4/B_38, because it is not driving any load. (OPT-112)
Warning: Removing don't touch or size only GTECH cell div4/B_31, because it is not driving any load. (OPT-112)
Warning: Removing don't touch or size only GTECH cell div4/B_26, because it is not driving any load. (OPT-112)
Warning: Removing don't touch or size only GTECH cell div4/B_28, because it is not driving any load. (OPT-112)
Warning: Removing don't touch or size only GTECH cell div4/B_30, because it is not driving any load. (OPT-112)
Warning: Removing don't touch or size only GTECH cell div4/B_33, because it is not driving any load. (OPT-112)
Warning: Removing don't touch or size only GTECH cell div4/B_35, because it is not driving any load. (OPT-112)
Warning: Removing don't touch or size only GTECH cell div4/B_37, because it is not driving any load. (OPT-112)
Warning: Removing don't touch or size only GTECH cell div4/B_40, because it is not driving any load. (OPT-112)
Warning: Removing don't touch or size only GTECH cell div4/B_42, because it is not driving any load. (OPT-112)
Warning: Removing don't touch or size only GTECH cell div4/B_44, because it is not driving any load. (OPT-112)
Warning: Removing don't touch or size only GTECH cell div4/B_47, because it is not driving any load. (OPT-112)
Warning: Removing don't touch or size only GTECH cell div4/B_49, because it is not driving any load. (OPT-112)
Warning: Removing don't touch or size only GTECH cell div4/B_51, because it is not driving any load. (OPT-112)
Warning: Removing don't touch or size only GTECH cell div4/B_54, because it is not driving any load. (OPT-112)
Warning: Removing don't touch or size only GTECH cell div4/B_56, because it is not driving any load. (OPT-112)
Warning: Removing don't touch or size only GTECH cell div4/B_58, because it is not driving any load. (OPT-112)
Warning: Removing don't touch or size only GTECH cell div4/B_24, because it is not driving any load. (OPT-112)
Warning: Removing don't touch or size only GTECH cell div4/B_65, because it is not driving any load. (OPT-112)
Warning: Removing don't touch or size only GTECH cell div4/B_63, because it is not driving any load. (OPT-112)
Warning: Removing don't touch or size only GTECH cell div4/B_61, because it is not driving any load. (OPT-112)
Warning: Removing don't touch or size only GTECH cell div5/B_59, because it is not driving any load. (OPT-112)
Warning: Removing don't touch or size only GTECH cell div5/B_52, because it is not driving any load. (OPT-112)
Warning: Removing don't touch or size only GTECH cell div5/B_45, because it is not driving any load. (OPT-112)
Warning: Removing don't touch or size only GTECH cell div5/B_38, because it is not driving any load. (OPT-112)
Warning: Removing don't touch or size only GTECH cell div5/B_31, because it is not driving any load. (OPT-112)
Warning: Removing don't touch or size only GTECH cell div5/B_26, because it is not driving any load. (OPT-112)
Warning: Removing don't touch or size only GTECH cell div5/B_28, because it is not driving any load. (OPT-112)
Warning: Removing don't touch or size only GTECH cell div5/B_30, because it is not driving any load. (OPT-112)
Warning: Removing don't touch or size only GTECH cell div5/B_33, because it is not driving any load. (OPT-112)
Warning: Removing don't touch or size only GTECH cell div5/B_35, because it is not driving any load. (OPT-112)
Warning: Removing don't touch or size only GTECH cell div5/B_37, because it is not driving any load. (OPT-112)
Warning: Removing don't touch or size only GTECH cell div5/B_40, because it is not driving any load. (OPT-112)
Warning: Removing don't touch or size only GTECH cell div5/B_42, because it is not driving any load. (OPT-112)
Warning: Removing don't touch or size only GTECH cell div5/B_44, because it is not driving any load. (OPT-112)
Warning: Removing don't touch or size only GTECH cell div5/B_47, because it is not driving any load. (OPT-112)
Warning: Removing don't touch or size only GTECH cell div5/B_49, because it is not driving any load. (OPT-112)
Warning: Removing don't touch or size only GTECH cell div5/B_51, because it is not driving any load. (OPT-112)
Warning: Removing don't touch or size only GTECH cell div5/B_54, because it is not driving any load. (OPT-112)
Warning: Removing don't touch or size only GTECH cell div5/B_56, because it is not driving any load. (OPT-112)
Warning: Removing don't touch or size only GTECH cell div5/B_58, because it is not driving any load. (OPT-112)
Warning: Removing don't touch or size only GTECH cell div5/B_24, because it is not driving any load. (OPT-112)
Warning: Removing don't touch or size only GTECH cell div5/B_65, because it is not driving any load. (OPT-112)
Warning: Removing don't touch or size only GTECH cell div5/B_63, because it is not driving any load. (OPT-112)
Warning: Removing don't touch or size only GTECH cell div5/B_61, because it is not driving any load. (OPT-112)
Warning: Removing don't touch or size only GTECH cell div6/B_59, because it is not driving any load. (OPT-112)
Warning: Removing don't touch or size only GTECH cell div6/B_52, because it is not driving any load. (OPT-112)
Warning: Removing don't touch or size only GTECH cell div6/B_45, because it is not driving any load. (OPT-112)
Warning: Removing don't touch or size only GTECH cell div6/B_38, because it is not driving any load. (OPT-112)
Warning: Removing don't touch or size only GTECH cell div6/B_31, because it is not driving any load. (OPT-112)
Warning: Removing don't touch or size only GTECH cell div6/B_26, because it is not driving any load. (OPT-112)
Warning: Removing don't touch or size only GTECH cell div6/B_28, because it is not driving any load. (OPT-112)
Warning: Removing don't touch or size only GTECH cell div6/B_30, because it is not driving any load. (OPT-112)
Warning: Removing don't touch or size only GTECH cell div6/B_33, because it is not driving any load. (OPT-112)
Warning: Removing don't touch or size only GTECH cell div6/B_35, because it is not driving any load. (OPT-112)
Warning: Removing don't touch or size only GTECH cell div6/B_37, because it is not driving any load. (OPT-112)
Warning: Removing don't touch or size only GTECH cell div6/B_40, because it is not driving any load. (OPT-112)
Warning: Removing don't touch or size only GTECH cell div6/B_42, because it is not driving any load. (OPT-112)
Warning: Removing don't touch or size only GTECH cell div6/B_44, because it is not driving any load. (OPT-112)
Warning: Removing don't touch or size only GTECH cell div6/B_47, because it is not driving any load. (OPT-112)
Warning: Removing don't touch or size only GTECH cell div6/B_49, because it is not driving any load. (OPT-112)
Warning: Removing don't touch or size only GTECH cell div6/B_51, because it is not driving any load. (OPT-112)
Warning: Removing don't touch or size only GTECH cell div6/B_54, because it is not driving any load. (OPT-112)
Warning: Removing don't touch or size only GTECH cell div6/B_56, because it is not driving any load. (OPT-112)
Warning: Removing don't touch or size only GTECH cell div6/B_58, because it is not driving any load. (OPT-112)
Warning: Removing don't touch or size only GTECH cell div6/B_24, because it is not driving any load. (OPT-112)
Warning: Removing don't touch or size only GTECH cell div6/B_65, because it is not driving any load. (OPT-112)
Warning: Removing don't touch or size only GTECH cell div6/B_63, because it is not driving any load. (OPT-112)
Warning: Removing don't touch or size only GTECH cell div6/B_61, because it is not driving any load. (OPT-112)
Warning: Removing don't touch or size only GTECH cell div7/B_59, because it is not driving any load. (OPT-112)
Warning: Removing don't touch or size only GTECH cell div7/B_52, because it is not driving any load. (OPT-112)
Warning: Removing don't touch or size only GTECH cell div7/B_45, because it is not driving any load. (OPT-112)
Warning: Removing don't touch or size only GTECH cell div7/B_38, because it is not driving any load. (OPT-112)
Warning: Removing don't touch or size only GTECH cell div7/B_31, because it is not driving any load. (OPT-112)
Warning: Removing don't touch or size only GTECH cell div7/B_26, because it is not driving any load. (OPT-112)
Warning: Removing don't touch or size only GTECH cell div7/B_28, because it is not driving any load. (OPT-112)
Warning: Removing don't touch or size only GTECH cell div7/B_30, because it is not driving any load. (OPT-112)
Warning: Removing don't touch or size only GTECH cell div7/B_33, because it is not driving any load. (OPT-112)
Warning: Removing don't touch or size only GTECH cell div7/B_35, because it is not driving any load. (OPT-112)
Warning: Removing don't touch or size only GTECH cell div7/B_37, because it is not driving any load. (OPT-112)
Warning: Removing don't touch or size only GTECH cell div7/B_40, because it is not driving any load. (OPT-112)
Warning: Removing don't touch or size only GTECH cell div7/B_42, because it is not driving any load. (OPT-112)
Warning: Removing don't touch or size only GTECH cell div7/B_44, because it is not driving any load. (OPT-112)
Warning: Removing don't touch or size only GTECH cell div7/B_47, because it is not driving any load. (OPT-112)
Warning: Removing don't touch or size only GTECH cell div7/B_49, because it is not driving any load. (OPT-112)
Warning: Removing don't touch or size only GTECH cell div7/B_51, because it is not driving any load. (OPT-112)
Warning: Removing don't touch or size only GTECH cell div7/B_54, because it is not driving any load. (OPT-112)
Warning: Removing don't touch or size only GTECH cell div7/B_56, because it is not driving any load. (OPT-112)
Warning: Removing don't touch or size only GTECH cell div7/B_58, because it is not driving any load. (OPT-112)
Warning: Removing don't touch or size only GTECH cell div7/B_24, because it is not driving any load. (OPT-112)
Warning: Removing don't touch or size only GTECH cell div7/B_65, because it is not driving any load. (OPT-112)
Warning: Removing don't touch or size only GTECH cell div7/B_63, because it is not driving any load. (OPT-112)
Warning: Removing don't touch or size only GTECH cell div7/B_61, because it is not driving any load. (OPT-112)
Warning: Removing don't touch or size only GTECH cell div0/B_24, because it is not driving any load. (OPT-112)
Warning: Removing don't touch or size only GTECH cell div0/B_26, because it is not driving any load. (OPT-112)
Warning: Removing don't touch or size only GTECH cell div0/B_28, because it is not driving any load. (OPT-112)
Warning: Removing don't touch or size only GTECH cell div0/B_30, because it is not driving any load. (OPT-112)
Warning: Removing don't touch or size only GTECH cell div0/B_31, because it is not driving any load. (OPT-112)
Warning: Removing don't touch or size only GTECH cell div0/B_33, because it is not driving any load. (OPT-112)
Warning: Removing don't touch or size only GTECH cell div0/B_35, because it is not driving any load. (OPT-112)
Warning: Removing don't touch or size only GTECH cell div0/B_37, because it is not driving any load. (OPT-112)
Warning: Removing don't touch or size only GTECH cell div0/B_38, because it is not driving any load. (OPT-112)
Warning: Removing don't touch or size only GTECH cell div0/B_40, because it is not driving any load. (OPT-112)
Warning: Removing don't touch or size only GTECH cell div0/B_42, because it is not driving any load. (OPT-112)
Warning: Removing don't touch or size only GTECH cell div0/B_44, because it is not driving any load. (OPT-112)
Warning: Removing don't touch or size only GTECH cell div0/B_45, because it is not driving any load. (OPT-112)
Warning: Removing don't touch or size only GTECH cell div0/B_47, because it is not driving any load. (OPT-112)
Warning: Removing don't touch or size only GTECH cell div0/B_49, because it is not driving any load. (OPT-112)
Warning: Removing don't touch or size only GTECH cell div0/B_51, because it is not driving any load. (OPT-112)
Warning: Removing don't touch or size only GTECH cell div0/B_52, because it is not driving any load. (OPT-112)
Warning: Removing don't touch or size only GTECH cell div0/B_54, because it is not driving any load. (OPT-112)
Warning: Removing don't touch or size only GTECH cell div0/B_56, because it is not driving any load. (OPT-112)
Warning: Removing don't touch or size only GTECH cell div0/B_58, because it is not driving any load. (OPT-112)
Warning: Removing don't touch or size only GTECH cell div0/B_59, because it is not driving any load. (OPT-112)
Warning: Removing don't touch or size only GTECH cell div0/B_61, because it is not driving any load. (OPT-112)
Warning: Removing don't touch or size only GTECH cell div0/B_63, because it is not driving any load. (OPT-112)
Warning: Removing don't touch or size only GTECH cell div0/B_65, because it is not driving any load. (OPT-112)
Warning: Removing don't touch or size only GTECH cell div1/B_24, because it is not driving any load. (OPT-112)
Warning: Removing don't touch or size only GTECH cell div1/B_26, because it is not driving any load. (OPT-112)
Warning: Removing don't touch or size only GTECH cell div1/B_28, because it is not driving any load. (OPT-112)
Warning: Removing don't touch or size only GTECH cell div1/B_30, because it is not driving any load. (OPT-112)
Warning: Removing don't touch or size only GTECH cell div1/B_31, because it is not driving any load. (OPT-112)
Warning: Removing don't touch or size only GTECH cell div1/B_33, because it is not driving any load. (OPT-112)
Warning: Removing don't touch or size only GTECH cell div1/B_35, because it is not driving any load. (OPT-112)
Warning: Removing don't touch or size only GTECH cell div1/B_37, because it is not driving any load. (OPT-112)
Warning: Removing don't touch or size only GTECH cell div1/B_38, because it is not driving any load. (OPT-112)
Warning: Removing don't touch or size only GTECH cell div1/B_40, because it is not driving any load. (OPT-112)
Warning: Removing don't touch or size only GTECH cell div1/B_42, because it is not driving any load. (OPT-112)
Warning: Removing don't touch or size only GTECH cell div1/B_44, because it is not driving any load. (OPT-112)
Warning: Removing don't touch or size only GTECH cell div1/B_45, because it is not driving any load. (OPT-112)
Warning: Removing don't touch or size only GTECH cell div1/B_47, because it is not driving any load. (OPT-112)
Warning: Removing don't touch or size only GTECH cell div1/B_49, because it is not driving any load. (OPT-112)
Warning: Removing don't touch or size only GTECH cell div1/B_51, because it is not driving any load. (OPT-112)
Warning: Removing don't touch or size only GTECH cell div1/B_52, because it is not driving any load. (OPT-112)
Warning: Removing don't touch or size only GTECH cell div1/B_54, because it is not driving any load. (OPT-112)
Warning: Removing don't touch or size only GTECH cell div1/B_56, because it is not driving any load. (OPT-112)
Warning: Removing don't touch or size only GTECH cell div1/B_58, because it is not driving any load. (OPT-112)
Warning: Removing don't touch or size only GTECH cell div1/B_59, because it is not driving any load. (OPT-112)
Warning: Removing don't touch or size only GTECH cell div1/B_61, because it is not driving any load. (OPT-112)
Warning: Removing don't touch or size only GTECH cell div1/B_63, because it is not driving any load. (OPT-112)
Warning: Removing don't touch or size only GTECH cell div1/B_65, because it is not driving any load. (OPT-112)
Warning: Removing don't touch or size only GTECH cell div2/B_24, because it is not driving any load. (OPT-112)
Warning: Removing don't touch or size only GTECH cell div2/B_26, because it is not driving any load. (OPT-112)
Warning: Removing don't touch or size only GTECH cell div2/B_28, because it is not driving any load. (OPT-112)
Warning: Removing don't touch or size only GTECH cell div2/B_30, because it is not driving any load. (OPT-112)
Warning: Removing don't touch or size only GTECH cell div2/B_31, because it is not driving any load. (OPT-112)
Warning: Removing don't touch or size only GTECH cell div2/B_33, because it is not driving any load. (OPT-112)
Warning: Removing don't touch or size only GTECH cell div2/B_35, because it is not driving any load. (OPT-112)
Warning: Removing don't touch or size only GTECH cell div2/B_37, because it is not driving any load. (OPT-112)
Warning: Removing don't touch or size only GTECH cell div2/B_38, because it is not driving any load. (OPT-112)
Warning: Removing don't touch or size only GTECH cell div2/B_40, because it is not driving any load. (OPT-112)
Warning: Removing don't touch or size only GTECH cell div2/B_42, because it is not driving any load. (OPT-112)
Warning: Removing don't touch or size only GTECH cell div2/B_44, because it is not driving any load. (OPT-112)
Warning: Removing don't touch or size only GTECH cell div2/B_45, because it is not driving any load. (OPT-112)
Warning: Removing don't touch or size only GTECH cell div2/B_47, because it is not driving any load. (OPT-112)
Warning: Removing don't touch or size only GTECH cell div2/B_49, because it is not driving any load. (OPT-112)
Warning: Removing don't touch or size only GTECH cell div2/B_51, because it is not driving any load. (OPT-112)
Warning: Removing don't touch or size only GTECH cell div2/B_52, because it is not driving any load. (OPT-112)
Warning: Removing don't touch or size only GTECH cell div2/B_54, because it is not driving any load. (OPT-112)
Warning: Removing don't touch or size only GTECH cell div2/B_56, because it is not driving any load. (OPT-112)
Warning: Removing don't touch or size only GTECH cell div2/B_58, because it is not driving any load. (OPT-112)
Warning: Removing don't touch or size only GTECH cell div2/B_59, because it is not driving any load. (OPT-112)
Warning: Removing don't touch or size only GTECH cell div2/B_61, because it is not driving any load. (OPT-112)
Warning: Removing don't touch or size only GTECH cell div2/B_63, because it is not driving any load. (OPT-112)
Warning: Removing don't touch or size only GTECH cell div2/B_65, because it is not driving any load. (OPT-112)
Warning: Removing don't touch or size only GTECH cell div3/B_24, because it is not driving any load. (OPT-112)
Warning: Removing don't touch or size only GTECH cell div3/B_26, because it is not driving any load. (OPT-112)
Warning: Removing don't touch or size only GTECH cell div3/B_28, because it is not driving any load. (OPT-112)
Warning: Removing don't touch or size only GTECH cell div3/B_30, because it is not driving any load. (OPT-112)
Warning: Removing don't touch or size only GTECH cell div3/B_31, because it is not driving any load. (OPT-112)
Warning: Removing don't touch or size only GTECH cell div3/B_33, because it is not driving any load. (OPT-112)
Warning: Removing don't touch or size only GTECH cell div3/B_35, because it is not driving any load. (OPT-112)
Warning: Removing don't touch or size only GTECH cell div3/B_37, because it is not driving any load. (OPT-112)
Warning: Removing don't touch or size only GTECH cell div3/B_38, because it is not driving any load. (OPT-112)
Warning: Removing don't touch or size only GTECH cell div3/B_40, because it is not driving any load. (OPT-112)
Warning: Removing don't touch or size only GTECH cell div3/B_42, because it is not driving any load. (OPT-112)
Warning: Removing don't touch or size only GTECH cell div3/B_44, because it is not driving any load. (OPT-112)
Warning: Removing don't touch or size only GTECH cell div3/B_45, because it is not driving any load. (OPT-112)
Warning: Removing don't touch or size only GTECH cell div3/B_47, because it is not driving any load. (OPT-112)
Warning: Removing don't touch or size only GTECH cell div3/B_49, because it is not driving any load. (OPT-112)
Warning: Removing don't touch or size only GTECH cell div3/B_51, because it is not driving any load. (OPT-112)
Warning: Removing don't touch or size only GTECH cell div3/B_52, because it is not driving any load. (OPT-112)
Warning: Removing don't touch or size only GTECH cell div3/B_54, because it is not driving any load. (OPT-112)
Warning: Removing don't touch or size only GTECH cell div3/B_56, because it is not driving any load. (OPT-112)
Warning: Removing don't touch or size only GTECH cell div3/B_58, because it is not driving any load. (OPT-112)
Warning: Removing don't touch or size only GTECH cell div3/B_59, because it is not driving any load. (OPT-112)
Warning: Removing don't touch or size only GTECH cell div3/B_61, because it is not driving any load. (OPT-112)
Warning: Removing don't touch or size only GTECH cell div3/B_63, because it is not driving any load. (OPT-112)
Warning: Removing don't touch or size only GTECH cell div3/B_65, because it is not driving any load. (OPT-112)
Warning: Removing don't touch or size only GTECH cell div4/B_24, because it is not driving any load. (OPT-112)
Warning: Removing don't touch or size only GTECH cell div4/B_26, because it is not driving any load. (OPT-112)
Warning: Removing don't touch or size only GTECH cell div4/B_28, because it is not driving any load. (OPT-112)
Warning: Removing don't touch or size only GTECH cell div4/B_30, because it is not driving any load. (OPT-112)
Warning: Removing don't touch or size only GTECH cell div4/B_31, because it is not driving any load. (OPT-112)
Warning: Removing don't touch or size only GTECH cell div4/B_33, because it is not driving any load. (OPT-112)
Warning: Removing don't touch or size only GTECH cell div4/B_35, because it is not driving any load. (OPT-112)
Warning: Removing don't touch or size only GTECH cell div4/B_37, because it is not driving any load. (OPT-112)
Warning: Removing don't touch or size only GTECH cell div4/B_38, because it is not driving any load. (OPT-112)
Warning: Removing don't touch or size only GTECH cell div4/B_40, because it is not driving any load. (OPT-112)
Warning: Removing don't touch or size only GTECH cell div4/B_42, because it is not driving any load. (OPT-112)
Warning: Removing don't touch or size only GTECH cell div4/B_44, because it is not driving any load. (OPT-112)
Warning: Removing don't touch or size only GTECH cell div4/B_45, because it is not driving any load. (OPT-112)
Warning: Removing don't touch or size only GTECH cell div4/B_47, because it is not driving any load. (OPT-112)
Warning: Removing don't touch or size only GTECH cell div4/B_49, because it is not driving any load. (OPT-112)
Warning: Removing don't touch or size only GTECH cell div4/B_51, because it is not driving any load. (OPT-112)
Warning: Removing don't touch or size only GTECH cell div4/B_52, because it is not driving any load. (OPT-112)
Warning: Removing don't touch or size only GTECH cell div4/B_54, because it is not driving any load. (OPT-112)
Warning: Removing don't touch or size only GTECH cell div4/B_56, because it is not driving any load. (OPT-112)
Warning: Removing don't touch or size only GTECH cell div4/B_58, because it is not driving any load. (OPT-112)
Warning: Removing don't touch or size only GTECH cell div4/B_59, because it is not driving any load. (OPT-112)
Warning: Removing don't touch or size only GTECH cell div4/B_61, because it is not driving any load. (OPT-112)
Warning: Removing don't touch or size only GTECH cell div4/B_63, because it is not driving any load. (OPT-112)
Warning: Removing don't touch or size only GTECH cell div4/B_65, because it is not driving any load. (OPT-112)
Warning: Removing don't touch or size only GTECH cell div5/B_24, because it is not driving any load. (OPT-112)
Warning: Removing don't touch or size only GTECH cell div5/B_26, because it is not driving any load. (OPT-112)
Warning: Removing don't touch or size only GTECH cell div5/B_28, because it is not driving any load. (OPT-112)
Warning: Removing don't touch or size only GTECH cell div5/B_30, because it is not driving any load. (OPT-112)
Warning: Removing don't touch or size only GTECH cell div5/B_31, because it is not driving any load. (OPT-112)
Warning: Removing don't touch or size only GTECH cell div5/B_33, because it is not driving any load. (OPT-112)
Warning: Removing don't touch or size only GTECH cell div5/B_35, because it is not driving any load. (OPT-112)
Warning: Removing don't touch or size only GTECH cell div5/B_37, because it is not driving any load. (OPT-112)
Warning: Removing don't touch or size only GTECH cell div5/B_38, because it is not driving any load. (OPT-112)
Warning: Removing don't touch or size only GTECH cell div5/B_40, because it is not driving any load. (OPT-112)
Warning: Removing don't touch or size only GTECH cell div5/B_42, because it is not driving any load. (OPT-112)
Warning: Removing don't touch or size only GTECH cell div5/B_44, because it is not driving any load. (OPT-112)
Warning: Removing don't touch or size only GTECH cell div5/B_45, because it is not driving any load. (OPT-112)
Warning: Removing don't touch or size only GTECH cell div5/B_47, because it is not driving any load. (OPT-112)
Warning: Removing don't touch or size only GTECH cell div5/B_49, because it is not driving any load. (OPT-112)
Warning: Removing don't touch or size only GTECH cell div5/B_51, because it is not driving any load. (OPT-112)
Warning: Removing don't touch or size only GTECH cell div5/B_52, because it is not driving any load. (OPT-112)
Warning: Removing don't touch or size only GTECH cell div5/B_54, because it is not driving any load. (OPT-112)
Warning: Removing don't touch or size only GTECH cell div5/B_56, because it is not driving any load. (OPT-112)
Warning: Removing don't touch or size only GTECH cell div5/B_58, because it is not driving any load. (OPT-112)
Warning: Removing don't touch or size only GTECH cell div5/B_59, because it is not driving any load. (OPT-112)
Warning: Removing don't touch or size only GTECH cell div5/B_61, because it is not driving any load. (OPT-112)
Warning: Removing don't touch or size only GTECH cell div5/B_63, because it is not driving any load. (OPT-112)
Warning: Removing don't touch or size only GTECH cell div5/B_65, because it is not driving any load. (OPT-112)
Warning: Removing don't touch or size only GTECH cell div6/B_24, because it is not driving any load. (OPT-112)
Warning: Removing don't touch or size only GTECH cell div6/B_26, because it is not driving any load. (OPT-112)
Warning: Removing don't touch or size only GTECH cell div6/B_28, because it is not driving any load. (OPT-112)
Warning: Removing don't touch or size only GTECH cell div6/B_30, because it is not driving any load. (OPT-112)
Warning: Removing don't touch or size only GTECH cell div6/B_31, because it is not driving any load. (OPT-112)
Warning: Removing don't touch or size only GTECH cell div6/B_33, because it is not driving any load. (OPT-112)
Warning: Removing don't touch or size only GTECH cell div6/B_35, because it is not driving any load. (OPT-112)
Warning: Removing don't touch or size only GTECH cell div6/B_37, because it is not driving any load. (OPT-112)
Warning: Removing don't touch or size only GTECH cell div6/B_38, because it is not driving any load. (OPT-112)
Warning: Removing don't touch or size only GTECH cell div6/B_40, because it is not driving any load. (OPT-112)
Warning: Removing don't touch or size only GTECH cell div6/B_42, because it is not driving any load. (OPT-112)
Warning: Removing don't touch or size only GTECH cell div6/B_44, because it is not driving any load. (OPT-112)
Warning: Removing don't touch or size only GTECH cell div6/B_45, because it is not driving any load. (OPT-112)
Warning: Removing don't touch or size only GTECH cell div6/B_47, because it is not driving any load. (OPT-112)
Warning: Removing don't touch or size only GTECH cell div6/B_49, because it is not driving any load. (OPT-112)
Warning: Removing don't touch or size only GTECH cell div6/B_51, because it is not driving any load. (OPT-112)
Warning: Removing don't touch or size only GTECH cell div6/B_52, because it is not driving any load. (OPT-112)
Warning: Removing don't touch or size only GTECH cell div6/B_54, because it is not driving any load. (OPT-112)
Warning: Removing don't touch or size only GTECH cell div6/B_56, because it is not driving any load. (OPT-112)
Warning: Removing don't touch or size only GTECH cell div6/B_58, because it is not driving any load. (OPT-112)
Warning: Removing don't touch or size only GTECH cell div6/B_59, because it is not driving any load. (OPT-112)
Warning: Removing don't touch or size only GTECH cell div6/B_61, because it is not driving any load. (OPT-112)
Warning: Removing don't touch or size only GTECH cell div6/B_63, because it is not driving any load. (OPT-112)
Warning: Removing don't touch or size only GTECH cell div6/B_65, because it is not driving any load. (OPT-112)
Warning: Removing don't touch or size only GTECH cell div7/B_24, because it is not driving any load. (OPT-112)
Warning: Removing don't touch or size only GTECH cell div7/B_26, because it is not driving any load. (OPT-112)
Warning: Removing don't touch or size only GTECH cell div7/B_28, because it is not driving any load. (OPT-112)
Warning: Removing don't touch or size only GTECH cell div7/B_30, because it is not driving any load. (OPT-112)
Warning: Removing don't touch or size only GTECH cell div7/B_31, because it is not driving any load. (OPT-112)
Warning: Removing don't touch or size only GTECH cell div7/B_33, because it is not driving any load. (OPT-112)
Warning: Removing don't touch or size only GTECH cell div7/B_35, because it is not driving any load. (OPT-112)
Warning: Removing don't touch or size only GTECH cell div7/B_37, because it is not driving any load. (OPT-112)
Warning: Removing don't touch or size only GTECH cell div7/B_38, because it is not driving any load. (OPT-112)
Warning: Removing don't touch or size only GTECH cell div7/B_40, because it is not driving any load. (OPT-112)
Warning: Removing don't touch or size only GTECH cell div7/B_42, because it is not driving any load. (OPT-112)
Warning: Removing don't touch or size only GTECH cell div7/B_44, because it is not driving any load. (OPT-112)
Warning: Removing don't touch or size only GTECH cell div7/B_45, because it is not driving any load. (OPT-112)
Warning: Removing don't touch or size only GTECH cell div7/B_47, because it is not driving any load. (OPT-112)
Warning: Removing don't touch or size only GTECH cell div7/B_49, because it is not driving any load. (OPT-112)
Warning: Removing don't touch or size only GTECH cell div7/B_51, because it is not driving any load. (OPT-112)
Warning: Removing don't touch or size only GTECH cell div7/B_52, because it is not driving any load. (OPT-112)
Warning: Removing don't touch or size only GTECH cell div7/B_54, because it is not driving any load. (OPT-112)
Warning: Removing don't touch or size only GTECH cell div7/B_56, because it is not driving any load. (OPT-112)
Warning: Removing don't touch or size only GTECH cell div7/B_58, because it is not driving any load. (OPT-112)
Warning: Removing don't touch or size only GTECH cell div7/B_59, because it is not driving any load. (OPT-112)
Warning: Removing don't touch or size only GTECH cell div7/B_61, because it is not driving any load. (OPT-112)
Warning: Removing don't touch or size only GTECH cell div7/B_63, because it is not driving any load. (OPT-112)
Warning: Removing don't touch or size only GTECH cell div7/B_65, because it is not driving any load. (OPT-112)
Warning: Removing don't touch or size only GTECH cell div0/B_59, because it is not driving any load. (OPT-112)
Warning: Removing don't touch or size only GTECH cell div0/B_52, because it is not driving any load. (OPT-112)
Warning: Removing don't touch or size only GTECH cell div0/B_45, because it is not driving any load. (OPT-112)
Warning: Removing don't touch or size only GTECH cell div0/B_38, because it is not driving any load. (OPT-112)
Warning: Removing don't touch or size only GTECH cell div0/B_31, because it is not driving any load. (OPT-112)
Warning: Removing don't touch or size only GTECH cell div0/B_26, because it is not driving any load. (OPT-112)
Warning: Removing don't touch or size only GTECH cell div0/B_28, because it is not driving any load. (OPT-112)
Warning: Removing don't touch or size only GTECH cell div0/B_30, because it is not driving any load. (OPT-112)
Warning: Removing don't touch or size only GTECH cell div0/B_33, because it is not driving any load. (OPT-112)
Warning: Removing don't touch or size only GTECH cell div0/B_35, because it is not driving any load. (OPT-112)
Warning: Removing don't touch or size only GTECH cell div0/B_37, because it is not driving any load. (OPT-112)
Warning: Removing don't touch or size only GTECH cell div0/B_40, because it is not driving any load. (OPT-112)
Warning: Removing don't touch or size only GTECH cell div0/B_42, because it is not driving any load. (OPT-112)
Warning: Removing don't touch or size only GTECH cell div0/B_44, because it is not driving any load. (OPT-112)
Warning: Removing don't touch or size only GTECH cell div0/B_47, because it is not driving any load. (OPT-112)
Warning: Removing don't touch or size only GTECH cell div0/B_49, because it is not driving any load. (OPT-112)
Warning: Removing don't touch or size only GTECH cell div0/B_51, because it is not driving any load. (OPT-112)
Warning: Removing don't touch or size only GTECH cell div0/B_54, because it is not driving any load. (OPT-112)
Warning: Removing don't touch or size only GTECH cell div0/B_56, because it is not driving any load. (OPT-112)
Warning: Removing don't touch or size only GTECH cell div0/B_58, because it is not driving any load. (OPT-112)
Warning: Removing don't touch or size only GTECH cell div0/B_24, because it is not driving any load. (OPT-112)
Warning: Removing don't touch or size only GTECH cell div0/B_65, because it is not driving any load. (OPT-112)
Warning: Removing don't touch or size only GTECH cell div0/B_63, because it is not driving any load. (OPT-112)
Warning: Removing don't touch or size only GTECH cell div0/B_61, because it is not driving any load. (OPT-112)
Warning: Removing don't touch or size only GTECH cell div1/B_59, because it is not driving any load. (OPT-112)
Warning: Removing don't touch or size only GTECH cell div1/B_52, because it is not driving any load. (OPT-112)
Warning: Removing don't touch or size only GTECH cell div1/B_45, because it is not driving any load. (OPT-112)
Warning: Removing don't touch or size only GTECH cell div1/B_38, because it is not driving any load. (OPT-112)
Warning: Removing don't touch or size only GTECH cell div1/B_31, because it is not driving any load. (OPT-112)
Warning: Removing don't touch or size only GTECH cell div1/B_26, because it is not driving any load. (OPT-112)
Warning: Removing don't touch or size only GTECH cell div1/B_28, because it is not driving any load. (OPT-112)
Warning: Removing don't touch or size only GTECH cell div1/B_30, because it is not driving any load. (OPT-112)
Warning: Removing don't touch or size only GTECH cell div1/B_33, because it is not driving any load. (OPT-112)
Warning: Removing don't touch or size only GTECH cell div1/B_35, because it is not driving any load. (OPT-112)
Warning: Removing don't touch or size only GTECH cell div1/B_37, because it is not driving any load. (OPT-112)
Warning: Removing don't touch or size only GTECH cell div1/B_40, because it is not driving any load. (OPT-112)
Warning: Removing don't touch or size only GTECH cell div1/B_42, because it is not driving any load. (OPT-112)
Warning: Removing don't touch or size only GTECH cell div1/B_44, because it is not driving any load. (OPT-112)
Warning: Removing don't touch or size only GTECH cell div1/B_47, because it is not driving any load. (OPT-112)
Warning: Removing don't touch or size only GTECH cell div1/B_49, because it is not driving any load. (OPT-112)
Warning: Removing don't touch or size only GTECH cell div1/B_51, because it is not driving any load. (OPT-112)
Warning: Removing don't touch or size only GTECH cell div1/B_54, because it is not driving any load. (OPT-112)
Warning: Removing don't touch or size only GTECH cell div1/B_56, because it is not driving any load. (OPT-112)
Warning: Removing don't touch or size only GTECH cell div1/B_58, because it is not driving any load. (OPT-112)
Warning: Removing don't touch or size only GTECH cell div1/B_24, because it is not driving any load. (OPT-112)
Warning: Removing don't touch or size only GTECH cell div1/B_65, because it is not driving any load. (OPT-112)
Warning: Removing don't touch or size only GTECH cell div1/B_63, because it is not driving any load. (OPT-112)
Warning: Removing don't touch or size only GTECH cell div1/B_61, because it is not driving any load. (OPT-112)
Warning: Removing don't touch or size only GTECH cell div2/B_59, because it is not driving any load. (OPT-112)
Warning: Removing don't touch or size only GTECH cell div2/B_52, because it is not driving any load. (OPT-112)
Warning: Removing don't touch or size only GTECH cell div2/B_45, because it is not driving any load. (OPT-112)
Warning: Removing don't touch or size only GTECH cell div2/B_38, because it is not driving any load. (OPT-112)
Warning: Removing don't touch or size only GTECH cell div2/B_31, because it is not driving any load. (OPT-112)
Warning: Removing don't touch or size only GTECH cell div2/B_26, because it is not driving any load. (OPT-112)
Warning: Removing don't touch or size only GTECH cell div2/B_28, because it is not driving any load. (OPT-112)
Warning: Removing don't touch or size only GTECH cell div2/B_30, because it is not driving any load. (OPT-112)
Warning: Removing don't touch or size only GTECH cell div2/B_33, because it is not driving any load. (OPT-112)
Warning: Removing don't touch or size only GTECH cell div2/B_35, because it is not driving any load. (OPT-112)
Warning: Removing don't touch or size only GTECH cell div2/B_37, because it is not driving any load. (OPT-112)
Warning: Removing don't touch or size only GTECH cell div2/B_40, because it is not driving any load. (OPT-112)
Warning: Removing don't touch or size only GTECH cell div2/B_42, because it is not driving any load. (OPT-112)
Warning: Removing don't touch or size only GTECH cell div2/B_44, because it is not driving any load. (OPT-112)
Warning: Removing don't touch or size only GTECH cell div2/B_47, because it is not driving any load. (OPT-112)
Warning: Removing don't touch or size only GTECH cell div2/B_49, because it is not driving any load. (OPT-112)
Warning: Removing don't touch or size only GTECH cell div2/B_51, because it is not driving any load. (OPT-112)
Warning: Removing don't touch or size only GTECH cell div2/B_54, because it is not driving any load. (OPT-112)
Warning: Removing don't touch or size only GTECH cell div2/B_56, because it is not driving any load. (OPT-112)
Warning: Removing don't touch or size only GTECH cell div2/B_58, because it is not driving any load. (OPT-112)
Warning: Removing don't touch or size only GTECH cell div2/B_24, because it is not driving any load. (OPT-112)
Warning: Removing don't touch or size only GTECH cell div2/B_65, because it is not driving any load. (OPT-112)
Warning: Removing don't touch or size only GTECH cell div2/B_63, because it is not driving any load. (OPT-112)
Warning: Removing don't touch or size only GTECH cell div2/B_61, because it is not driving any load. (OPT-112)
Warning: Removing don't touch or size only GTECH cell div3/B_59, because it is not driving any load. (OPT-112)
Warning: Removing don't touch or size only GTECH cell div3/B_52, because it is not driving any load. (OPT-112)
Warning: Removing don't touch or size only GTECH cell div3/B_45, because it is not driving any load. (OPT-112)
Warning: Removing don't touch or size only GTECH cell div3/B_38, because it is not driving any load. (OPT-112)
Warning: Removing don't touch or size only GTECH cell div3/B_31, because it is not driving any load. (OPT-112)
Warning: Removing don't touch or size only GTECH cell div3/B_26, because it is not driving any load. (OPT-112)
Warning: Removing don't touch or size only GTECH cell div3/B_28, because it is not driving any load. (OPT-112)
Warning: Removing don't touch or size only GTECH cell div3/B_30, because it is not driving any load. (OPT-112)
Warning: Removing don't touch or size only GTECH cell div3/B_33, because it is not driving any load. (OPT-112)
Warning: Removing don't touch or size only GTECH cell div3/B_35, because it is not driving any load. (OPT-112)
Warning: Removing don't touch or size only GTECH cell div3/B_37, because it is not driving any load. (OPT-112)
Warning: Removing don't touch or size only GTECH cell div3/B_40, because it is not driving any load. (OPT-112)
Warning: Removing don't touch or size only GTECH cell div3/B_42, because it is not driving any load. (OPT-112)
Warning: Removing don't touch or size only GTECH cell div3/B_44, because it is not driving any load. (OPT-112)
Warning: Removing don't touch or size only GTECH cell div3/B_47, because it is not driving any load. (OPT-112)
Warning: Removing don't touch or size only GTECH cell div3/B_49, because it is not driving any load. (OPT-112)
Warning: Removing don't touch or size only GTECH cell div3/B_51, because it is not driving any load. (OPT-112)
Warning: Removing don't touch or size only GTECH cell div3/B_54, because it is not driving any load. (OPT-112)
Warning: Removing don't touch or size only GTECH cell div3/B_56, because it is not driving any load. (OPT-112)
Warning: Removing don't touch or size only GTECH cell div3/B_58, because it is not driving any load. (OPT-112)
Warning: Removing don't touch or size only GTECH cell div3/B_24, because it is not driving any load. (OPT-112)
Warning: Removing don't touch or size only GTECH cell div3/B_65, because it is not driving any load. (OPT-112)
Warning: Removing don't touch or size only GTECH cell div3/B_63, because it is not driving any load. (OPT-112)
Warning: Removing don't touch or size only GTECH cell div3/B_61, because it is not driving any load. (OPT-112)
Warning: Removing don't touch or size only GTECH cell div4/B_59, because it is not driving any load. (OPT-112)
Warning: Removing don't touch or size only GTECH cell div4/B_52, because it is not driving any load. (OPT-112)
Warning: Removing don't touch or size only GTECH cell div4/B_45, because it is not driving any load. (OPT-112)
Warning: Removing don't touch or size only GTECH cell div4/B_38, because it is not driving any load. (OPT-112)
Warning: Removing don't touch or size only GTECH cell div4/B_31, because it is not driving any load. (OPT-112)
Warning: Removing don't touch or size only GTECH cell div4/B_26, because it is not driving any load. (OPT-112)
Warning: Removing don't touch or size only GTECH cell div4/B_28, because it is not driving any load. (OPT-112)
Warning: Removing don't touch or size only GTECH cell div4/B_30, because it is not driving any load. (OPT-112)
Warning: Removing don't touch or size only GTECH cell div4/B_33, because it is not driving any load. (OPT-112)
Warning: Removing don't touch or size only GTECH cell div4/B_35, because it is not driving any load. (OPT-112)
Warning: Removing don't touch or size only GTECH cell div4/B_37, because it is not driving any load. (OPT-112)
Warning: Removing don't touch or size only GTECH cell div4/B_40, because it is not driving any load. (OPT-112)
Warning: Removing don't touch or size only GTECH cell div4/B_42, because it is not driving any load. (OPT-112)
Warning: Removing don't touch or size only GTECH cell div4/B_44, because it is not driving any load. (OPT-112)
Warning: Removing don't touch or size only GTECH cell div4/B_47, because it is not driving any load. (OPT-112)
Warning: Removing don't touch or size only GTECH cell div4/B_49, because it is not driving any load. (OPT-112)
Warning: Removing don't touch or size only GTECH cell div4/B_51, because it is not driving any load. (OPT-112)
Warning: Removing don't touch or size only GTECH cell div4/B_54, because it is not driving any load. (OPT-112)
Warning: Removing don't touch or size only GTECH cell div4/B_56, because it is not driving any load. (OPT-112)
Warning: Removing don't touch or size only GTECH cell div4/B_58, because it is not driving any load. (OPT-112)
Warning: Removing don't touch or size only GTECH cell div4/B_24, because it is not driving any load. (OPT-112)
Warning: Removing don't touch or size only GTECH cell div4/B_65, because it is not driving any load. (OPT-112)
Warning: Removing don't touch or size only GTECH cell div4/B_63, because it is not driving any load. (OPT-112)
Warning: Removing don't touch or size only GTECH cell div4/B_61, because it is not driving any load. (OPT-112)
Warning: Removing don't touch or size only GTECH cell div5/B_59, because it is not driving any load. (OPT-112)
Warning: Removing don't touch or size only GTECH cell div5/B_52, because it is not driving any load. (OPT-112)
Warning: Removing don't touch or size only GTECH cell div5/B_45, because it is not driving any load. (OPT-112)
Warning: Removing don't touch or size only GTECH cell div5/B_38, because it is not driving any load. (OPT-112)
Warning: Removing don't touch or size only GTECH cell div5/B_31, because it is not driving any load. (OPT-112)
Warning: Removing don't touch or size only GTECH cell div5/B_26, because it is not driving any load. (OPT-112)
Warning: Removing don't touch or size only GTECH cell div5/B_28, because it is not driving any load. (OPT-112)
Warning: Removing don't touch or size only GTECH cell div5/B_30, because it is not driving any load. (OPT-112)
Warning: Removing don't touch or size only GTECH cell div5/B_33, because it is not driving any load. (OPT-112)
Warning: Removing don't touch or size only GTECH cell div5/B_35, because it is not driving any load. (OPT-112)
Warning: Removing don't touch or size only GTECH cell div5/B_37, because it is not driving any load. (OPT-112)
Warning: Removing don't touch or size only GTECH cell div5/B_40, because it is not driving any load. (OPT-112)
Warning: Removing don't touch or size only GTECH cell div5/B_42, because it is not driving any load. (OPT-112)
Warning: Removing don't touch or size only GTECH cell div5/B_44, because it is not driving any load. (OPT-112)
Warning: Removing don't touch or size only GTECH cell div5/B_47, because it is not driving any load. (OPT-112)
Warning: Removing don't touch or size only GTECH cell div5/B_49, because it is not driving any load. (OPT-112)
Warning: Removing don't touch or size only GTECH cell div5/B_51, because it is not driving any load. (OPT-112)
Warning: Removing don't touch or size only GTECH cell div5/B_54, because it is not driving any load. (OPT-112)
Warning: Removing don't touch or size only GTECH cell div5/B_56, because it is not driving any load. (OPT-112)
Warning: Removing don't touch or size only GTECH cell div5/B_58, because it is not driving any load. (OPT-112)
Warning: Removing don't touch or size only GTECH cell div5/B_24, because it is not driving any load. (OPT-112)
Warning: Removing don't touch or size only GTECH cell div5/B_65, because it is not driving any load. (OPT-112)
Warning: Removing don't touch or size only GTECH cell div5/B_63, because it is not driving any load. (OPT-112)
Warning: Removing don't touch or size only GTECH cell div5/B_61, because it is not driving any load. (OPT-112)
Warning: Removing don't touch or size only GTECH cell div6/B_59, because it is not driving any load. (OPT-112)
Warning: Removing don't touch or size only GTECH cell div6/B_52, because it is not driving any load. (OPT-112)
Warning: Removing don't touch or size only GTECH cell div6/B_45, because it is not driving any load. (OPT-112)
Warning: Removing don't touch or size only GTECH cell div6/B_38, because it is not driving any load. (OPT-112)
Warning: Removing don't touch or size only GTECH cell div6/B_31, because it is not driving any load. (OPT-112)
Warning: Removing don't touch or size only GTECH cell div6/B_26, because it is not driving any load. (OPT-112)
Warning: Removing don't touch or size only GTECH cell div6/B_28, because it is not driving any load. (OPT-112)
Warning: Removing don't touch or size only GTECH cell div6/B_30, because it is not driving any load. (OPT-112)
Warning: Removing don't touch or size only GTECH cell div6/B_33, because it is not driving any load. (OPT-112)
Warning: Removing don't touch or size only GTECH cell div6/B_35, because it is not driving any load. (OPT-112)
Warning: Removing don't touch or size only GTECH cell div6/B_37, because it is not driving any load. (OPT-112)
Warning: Removing don't touch or size only GTECH cell div6/B_40, because it is not driving any load. (OPT-112)
Warning: Removing don't touch or size only GTECH cell div6/B_42, because it is not driving any load. (OPT-112)
Warning: Removing don't touch or size only GTECH cell div6/B_44, because it is not driving any load. (OPT-112)
Warning: Removing don't touch or size only GTECH cell div6/B_47, because it is not driving any load. (OPT-112)
Warning: Removing don't touch or size only GTECH cell div6/B_49, because it is not driving any load. (OPT-112)
Warning: Removing don't touch or size only GTECH cell div6/B_51, because it is not driving any load. (OPT-112)
Warning: Removing don't touch or size only GTECH cell div6/B_54, because it is not driving any load. (OPT-112)
Warning: Removing don't touch or size only GTECH cell div6/B_56, because it is not driving any load. (OPT-112)
Warning: Removing don't touch or size only GTECH cell div6/B_58, because it is not driving any load. (OPT-112)
Warning: Removing don't touch or size only GTECH cell div6/B_24, because it is not driving any load. (OPT-112)
Warning: Removing don't touch or size only GTECH cell div6/B_65, because it is not driving any load. (OPT-112)
Warning: Removing don't touch or size only GTECH cell div6/B_63, because it is not driving any load. (OPT-112)
Warning: Removing don't touch or size only GTECH cell div6/B_61, because it is not driving any load. (OPT-112)
Warning: Removing don't touch or size only GTECH cell div7/B_59, because it is not driving any load. (OPT-112)
Warning: Removing don't touch or size only GTECH cell div7/B_52, because it is not driving any load. (OPT-112)
Warning: Removing don't touch or size only GTECH cell div7/B_45, because it is not driving any load. (OPT-112)
Warning: Removing don't touch or size only GTECH cell div7/B_38, because it is not driving any load. (OPT-112)
Warning: Removing don't touch or size only GTECH cell div7/B_31, because it is not driving any load. (OPT-112)
Warning: Removing don't touch or size only GTECH cell div7/B_26, because it is not driving any load. (OPT-112)
Warning: Removing don't touch or size only GTECH cell div7/B_28, because it is not driving any load. (OPT-112)
Warning: Removing don't touch or size only GTECH cell div7/B_30, because it is not driving any load. (OPT-112)
Warning: Removing don't touch or size only GTECH cell div7/B_33, because it is not driving any load. (OPT-112)
Warning: Removing don't touch or size only GTECH cell div7/B_35, because it is not driving any load. (OPT-112)
Warning: Removing don't touch or size only GTECH cell div7/B_37, because it is not driving any load. (OPT-112)
Warning: Removing don't touch or size only GTECH cell div7/B_40, because it is not driving any load. (OPT-112)
Warning: Removing don't touch or size only GTECH cell div7/B_42, because it is not driving any load. (OPT-112)
Warning: Removing don't touch or size only GTECH cell div7/B_44, because it is not driving any load. (OPT-112)
Warning: Removing don't touch or size only GTECH cell div7/B_47, because it is not driving any load. (OPT-112)
Warning: Removing don't touch or size only GTECH cell div7/B_49, because it is not driving any load. (OPT-112)
Warning: Removing don't touch or size only GTECH cell div7/B_51, because it is not driving any load. (OPT-112)
Warning: Removing don't touch or size only GTECH cell div7/B_54, because it is not driving any load. (OPT-112)
Warning: Removing don't touch or size only GTECH cell div7/B_56, because it is not driving any load. (OPT-112)
Warning: Removing don't touch or size only GTECH cell div7/B_58, because it is not driving any load. (OPT-112)
Warning: Removing don't touch or size only GTECH cell div7/B_24, because it is not driving any load. (OPT-112)
Warning: Removing don't touch or size only GTECH cell div7/B_65, because it is not driving any load. (OPT-112)
Warning: Removing don't touch or size only GTECH cell div7/B_63, because it is not driving any load. (OPT-112)
Warning: Removing don't touch or size only GTECH cell div7/B_61, because it is not driving any load. (OPT-112)
    0:01:38   47788.3      1.35     448.1      10.0                           1673902.0000
    0:01:38   47680.6      1.35     447.7      10.0                           1669078.1250
    0:01:40   47785.6      1.33     434.8      10.0                           1648850.1250
    0:01:40   47785.6      1.33     434.8      10.0                           1648850.1250
    0:01:42   46818.8      1.33     330.4      10.0                           1473863.3750
    0:01:42   46818.8      1.33     330.4      10.0                           1473863.3750
    0:01:49   46997.3      1.24     315.8      66.0                           1478466.8750
    0:01:49   46997.3      1.24     315.8      66.0                           1478466.8750
    0:01:49   47126.6      1.22     313.3      66.0                           1476886.0000
    0:01:49   47126.6      1.22     313.3      66.0                           1476886.0000
    0:01:50   47148.1      1.22     313.3      66.0                           1477655.7500
    0:01:50   47148.1      1.22     313.3      66.0                           1477655.7500
    0:02:55   49392.7      1.01     255.9      71.0                           1530908.7500
    0:02:55   49392.7      1.01     255.9      71.0                           1530908.7500
    0:03:02   49473.4      1.00     255.6      71.0                           1534013.6250
    0:03:02   49473.4      1.00     255.6      71.0                           1534013.6250
    0:03:18   49903.6      0.97     249.5      72.0                           1543012.0000
    0:03:18   49903.6      0.97     249.5      72.0                           1543012.0000
    0:03:24   49991.9      0.97     247.8      73.0                           1546578.0000
    0:03:24   49991.9      0.97     247.8      73.0                           1546578.0000
    0:03:34   50236.7      0.95     244.7      73.0                           1548543.0000
    0:03:34   50236.7      0.95     244.7      73.0                           1548543.0000
    0:03:42   50327.0      0.95     244.6      73.0                           1551784.2500


  Beginning Design Rule Fixing  (max_fanout)
  ----------------------------

                                  TOTAL                                                
   ELAPSED            WORST NEG   SETUP    DESIGN                              LEAKAGE 
    TIME      AREA      SLACK     COST    RULE COST         ENDPOINT            POWER  
  --------- --------- --------- --------- --------- ------------------------- ---------
    0:03:42   50327.0      0.95     244.6      73.0                           1551784.2500
  Global Optimization (Phase 32)
  Global Optimization (Phase 33)
  Global Optimization (Phase 34)
    0:03:44   50391.6      0.95     243.1      60.0 bank2_proj_reg_reg[18]/D  1548857.5000
    0:03:45   50516.1      0.94     240.9      60.0 bank3_proj_reg_reg[18]/D  1543392.3750
    0:03:47   50661.1      1.34     250.8       0.0 div3/divisor_t_reg[0][11]/next_state 1551937.7500
    0:03:48   50683.4      0.93     236.3       0.0 bank1_proj_reg_reg[18]/D  1541092.5000
    0:03:50   50918.3      0.92     233.5       0.0 bank1_proj_reg_reg[19]/D  1536452.3750
    0:03:51   51036.3      0.91     229.1       0.0                           1532243.8750
    0:03:53   51063.3      0.91     228.8       0.0                           1533340.2500


  Beginning Leakage Power Optimization  (max_leakage_power 0)
  ------------------------------------

                                  TOTAL                                                
   ELAPSED            WORST NEG   SETUP    DESIGN                              LEAKAGE 
    TIME      AREA      SLACK     COST    RULE COST         ENDPOINT            POWER  
  --------- --------- --------- --------- --------- ------------------------- ---------
    0:03:53   51063.3      0.91     228.8       0.0                           1533340.2500
  Global Optimization (Phase 35)
  Global Optimization (Phase 36)
  Global Optimization (Phase 37)
  Global Optimization (Phase 38)
  Global Optimization (Phase 39)
  Global Optimization (Phase 40)
  Global Optimization (Phase 41)
  Global Optimization (Phase 42)
  Global Optimization (Phase 43)
  Global Optimization (Phase 44)
  Global Optimization (Phase 45)
  Global Optimization (Phase 46)
  Global Optimization (Phase 47)
  Global Optimization (Phase 48)
  Global Optimization (Phase 49)
  Global Optimization (Phase 50)
  Global Optimization (Phase 51)
    0:04:04   50808.2      0.90     223.4       0.0 bank0_proj_reg_reg[18]/D  1338701.7500
    0:04:05   50920.0      0.89     222.0       0.0                           1339958.7500
    0:04:08   50962.4      0.89     222.0       0.0                           1341754.8750
    0:04:08   50962.4      0.89     222.0       0.0                           1341754.8750
    0:04:09   50952.2      0.89     221.8       0.0                           1342883.5000
    0:04:09   50952.2      0.89     221.8       0.0                           1342883.5000
    0:04:11   50978.2      0.89     221.6       0.0                           1343887.6250
    0:04:11   50978.2      0.89     221.6       0.0                           1343887.6250
    0:04:11   50981.6      0.89     221.6       0.0                           1343823.2500
    0:04:11   50981.6      0.89     221.6       0.0                           1343823.2500
    0:04:12   50981.6      0.89     221.6       0.0                           1343823.2500
    0:04:12   50981.6      0.89     221.6       0.0                           1343823.2500
    0:04:31   51527.8      0.85     208.7       8.0                           1368085.3750
    0:04:31   51527.8      0.85     208.7       8.0                           1368085.3750
    0:04:31   51527.8      0.85     208.7       8.0                           1368085.3750
    0:04:31   51527.8      0.85     208.7       8.0                           1368085.3750
    0:04:32   51527.8      0.85     208.7       8.0                           1368085.3750
    0:04:32   51527.8      0.85     208.7       8.0                           1368085.3750
    0:04:32   51527.8      0.85     208.7       8.0                           1368085.3750
    0:04:32   51527.8      0.85     208.7       8.0                           1368085.3750
    0:04:32   51527.8      0.85     208.7       8.0                           1368085.3750
    0:04:32   51527.8      0.85     208.7       8.0                           1368085.3750
    0:04:33   51527.8      0.85     208.7       8.0                           1368085.3750
Warning: Removing don't touch or size only GTECH cell div0/B_24, because it is not driving any load. (OPT-112)
Warning: Removing don't touch or size only GTECH cell div0/B_26, because it is not driving any load. (OPT-112)
Warning: Removing don't touch or size only GTECH cell div0/B_28, because it is not driving any load. (OPT-112)
Warning: Removing don't touch or size only GTECH cell div0/B_30, because it is not driving any load. (OPT-112)
Warning: Removing don't touch or size only GTECH cell div0/B_31, because it is not driving any load. (OPT-112)
Warning: Removing don't touch or size only GTECH cell div0/B_33, because it is not driving any load. (OPT-112)
Warning: Removing don't touch or size only GTECH cell div0/B_35, because it is not driving any load. (OPT-112)
Warning: Removing don't touch or size only GTECH cell div0/B_37, because it is not driving any load. (OPT-112)
Warning: Removing don't touch or size only GTECH cell div0/B_38, because it is not driving any load. (OPT-112)
Warning: Removing don't touch or size only GTECH cell div0/B_40, because it is not driving any load. (OPT-112)
Warning: Removing don't touch or size only GTECH cell div0/B_42, because it is not driving any load. (OPT-112)
Warning: Removing don't touch or size only GTECH cell div0/B_44, because it is not driving any load. (OPT-112)
Warning: Removing don't touch or size only GTECH cell div0/B_45, because it is not driving any load. (OPT-112)
Warning: Removing don't touch or size only GTECH cell div0/B_47, because it is not driving any load. (OPT-112)
Warning: Removing don't touch or size only GTECH cell div0/B_49, because it is not driving any load. (OPT-112)
Warning: Removing don't touch or size only GTECH cell div0/B_51, because it is not driving any load. (OPT-112)
Warning: Removing don't touch or size only GTECH cell div0/B_52, because it is not driving any load. (OPT-112)
Warning: Removing don't touch or size only GTECH cell div0/B_54, because it is not driving any load. (OPT-112)
Warning: Removing don't touch or size only GTECH cell div0/B_56, because it is not driving any load. (OPT-112)
Warning: Removing don't touch or size only GTECH cell div0/B_58, because it is not driving any load. (OPT-112)
Warning: Removing don't touch or size only GTECH cell div0/B_59, because it is not driving any load. (OPT-112)
Warning: Removing don't touch or size only GTECH cell div0/B_61, because it is not driving any load. (OPT-112)
Warning: Removing don't touch or size only GTECH cell div0/B_63, because it is not driving any load. (OPT-112)
Warning: Removing don't touch or size only GTECH cell div0/B_65, because it is not driving any load. (OPT-112)
Warning: Removing don't touch or size only GTECH cell div1/B_24, because it is not driving any load. (OPT-112)
Warning: Removing don't touch or size only GTECH cell div1/B_26, because it is not driving any load. (OPT-112)
Warning: Removing don't touch or size only GTECH cell div1/B_28, because it is not driving any load. (OPT-112)
Warning: Removing don't touch or size only GTECH cell div1/B_30, because it is not driving any load. (OPT-112)
Warning: Removing don't touch or size only GTECH cell div1/B_31, because it is not driving any load. (OPT-112)
Warning: Removing don't touch or size only GTECH cell div1/B_33, because it is not driving any load. (OPT-112)
Warning: Removing don't touch or size only GTECH cell div1/B_35, because it is not driving any load. (OPT-112)
Warning: Removing don't touch or size only GTECH cell div1/B_37, because it is not driving any load. (OPT-112)
Warning: Removing don't touch or size only GTECH cell div1/B_38, because it is not driving any load. (OPT-112)
Warning: Removing don't touch or size only GTECH cell div1/B_40, because it is not driving any load. (OPT-112)
Warning: Removing don't touch or size only GTECH cell div1/B_42, because it is not driving any load. (OPT-112)
Warning: Removing don't touch or size only GTECH cell div1/B_44, because it is not driving any load. (OPT-112)
Warning: Removing don't touch or size only GTECH cell div1/B_45, because it is not driving any load. (OPT-112)
Warning: Removing don't touch or size only GTECH cell div1/B_47, because it is not driving any load. (OPT-112)
Warning: Removing don't touch or size only GTECH cell div1/B_49, because it is not driving any load. (OPT-112)
Warning: Removing don't touch or size only GTECH cell div1/B_51, because it is not driving any load. (OPT-112)
Warning: Removing don't touch or size only GTECH cell div1/B_52, because it is not driving any load. (OPT-112)
Warning: Removing don't touch or size only GTECH cell div1/B_54, because it is not driving any load. (OPT-112)
Warning: Removing don't touch or size only GTECH cell div1/B_56, because it is not driving any load. (OPT-112)
Warning: Removing don't touch or size only GTECH cell div1/B_58, because it is not driving any load. (OPT-112)
Warning: Removing don't touch or size only GTECH cell div1/B_59, because it is not driving any load. (OPT-112)
Warning: Removing don't touch or size only GTECH cell div1/B_61, because it is not driving any load. (OPT-112)
Warning: Removing don't touch or size only GTECH cell div1/B_63, because it is not driving any load. (OPT-112)
Warning: Removing don't touch or size only GTECH cell div1/B_65, because it is not driving any load. (OPT-112)
Warning: Removing don't touch or size only GTECH cell div2/B_24, because it is not driving any load. (OPT-112)
Warning: Removing don't touch or size only GTECH cell div2/B_26, because it is not driving any load. (OPT-112)
Warning: Removing don't touch or size only GTECH cell div2/B_28, because it is not driving any load. (OPT-112)
Warning: Removing don't touch or size only GTECH cell div2/B_30, because it is not driving any load. (OPT-112)
Warning: Removing don't touch or size only GTECH cell div2/B_31, because it is not driving any load. (OPT-112)
Warning: Removing don't touch or size only GTECH cell div2/B_33, because it is not driving any load. (OPT-112)
Warning: Removing don't touch or size only GTECH cell div2/B_35, because it is not driving any load. (OPT-112)
Warning: Removing don't touch or size only GTECH cell div2/B_37, because it is not driving any load. (OPT-112)
Warning: Removing don't touch or size only GTECH cell div2/B_38, because it is not driving any load. (OPT-112)
Warning: Removing don't touch or size only GTECH cell div2/B_40, because it is not driving any load. (OPT-112)
Warning: Removing don't touch or size only GTECH cell div2/B_42, because it is not driving any load. (OPT-112)
Warning: Removing don't touch or size only GTECH cell div2/B_44, because it is not driving any load. (OPT-112)
Warning: Removing don't touch or size only GTECH cell div2/B_45, because it is not driving any load. (OPT-112)
Warning: Removing don't touch or size only GTECH cell div2/B_47, because it is not driving any load. (OPT-112)
Warning: Removing don't touch or size only GTECH cell div2/B_49, because it is not driving any load. (OPT-112)
Warning: Removing don't touch or size only GTECH cell div2/B_51, because it is not driving any load. (OPT-112)
Warning: Removing don't touch or size only GTECH cell div2/B_52, because it is not driving any load. (OPT-112)
Warning: Removing don't touch or size only GTECH cell div2/B_54, because it is not driving any load. (OPT-112)
Warning: Removing don't touch or size only GTECH cell div2/B_56, because it is not driving any load. (OPT-112)
Warning: Removing don't touch or size only GTECH cell div2/B_58, because it is not driving any load. (OPT-112)
Warning: Removing don't touch or size only GTECH cell div2/B_59, because it is not driving any load. (OPT-112)
Warning: Removing don't touch or size only GTECH cell div2/B_61, because it is not driving any load. (OPT-112)
Warning: Removing don't touch or size only GTECH cell div2/B_63, because it is not driving any load. (OPT-112)
Warning: Removing don't touch or size only GTECH cell div2/B_65, because it is not driving any load. (OPT-112)
Warning: Removing don't touch or size only GTECH cell div3/B_24, because it is not driving any load. (OPT-112)
Warning: Removing don't touch or size only GTECH cell div3/B_26, because it is not driving any load. (OPT-112)
Warning: Removing don't touch or size only GTECH cell div3/B_28, because it is not driving any load. (OPT-112)
Warning: Removing don't touch or size only GTECH cell div3/B_30, because it is not driving any load. (OPT-112)
Warning: Removing don't touch or size only GTECH cell div3/B_31, because it is not driving any load. (OPT-112)
Warning: Removing don't touch or size only GTECH cell div3/B_33, because it is not driving any load. (OPT-112)
Warning: Removing don't touch or size only GTECH cell div3/B_35, because it is not driving any load. (OPT-112)
Warning: Removing don't touch or size only GTECH cell div3/B_37, because it is not driving any load. (OPT-112)
Warning: Removing don't touch or size only GTECH cell div3/B_38, because it is not driving any load. (OPT-112)
Warning: Removing don't touch or size only GTECH cell div3/B_40, because it is not driving any load. (OPT-112)
Warning: Removing don't touch or size only GTECH cell div3/B_42, because it is not driving any load. (OPT-112)
Warning: Removing don't touch or size only GTECH cell div3/B_44, because it is not driving any load. (OPT-112)
Warning: Removing don't touch or size only GTECH cell div3/B_45, because it is not driving any load. (OPT-112)
Warning: Removing don't touch or size only GTECH cell div3/B_47, because it is not driving any load. (OPT-112)
Warning: Removing don't touch or size only GTECH cell div3/B_49, because it is not driving any load. (OPT-112)
Warning: Removing don't touch or size only GTECH cell div3/B_51, because it is not driving any load. (OPT-112)
Warning: Removing don't touch or size only GTECH cell div3/B_52, because it is not driving any load. (OPT-112)
Warning: Removing don't touch or size only GTECH cell div3/B_54, because it is not driving any load. (OPT-112)
Warning: Removing don't touch or size only GTECH cell div3/B_56, because it is not driving any load. (OPT-112)
Warning: Removing don't touch or size only GTECH cell div3/B_58, because it is not driving any load. (OPT-112)
Warning: Removing don't touch or size only GTECH cell div3/B_59, because it is not driving any load. (OPT-112)
Warning: Removing don't touch or size only GTECH cell div3/B_61, because it is not driving any load. (OPT-112)
Warning: Removing don't touch or size only GTECH cell div3/B_63, because it is not driving any load. (OPT-112)
Warning: Removing don't touch or size only GTECH cell div3/B_65, because it is not driving any load. (OPT-112)
Warning: Removing don't touch or size only GTECH cell div4/B_24, because it is not driving any load. (OPT-112)
Warning: Removing don't touch or size only GTECH cell div4/B_26, because it is not driving any load. (OPT-112)
Warning: Removing don't touch or size only GTECH cell div4/B_28, because it is not driving any load. (OPT-112)
Warning: Removing don't touch or size only GTECH cell div4/B_30, because it is not driving any load. (OPT-112)
Warning: Removing don't touch or size only GTECH cell div4/B_31, because it is not driving any load. (OPT-112)
Warning: Removing don't touch or size only GTECH cell div4/B_33, because it is not driving any load. (OPT-112)
Warning: Removing don't touch or size only GTECH cell div4/B_35, because it is not driving any load. (OPT-112)
Warning: Removing don't touch or size only GTECH cell div4/B_37, because it is not driving any load. (OPT-112)
Warning: Removing don't touch or size only GTECH cell div4/B_38, because it is not driving any load. (OPT-112)
Warning: Removing don't touch or size only GTECH cell div4/B_40, because it is not driving any load. (OPT-112)
Warning: Removing don't touch or size only GTECH cell div4/B_42, because it is not driving any load. (OPT-112)
Warning: Removing don't touch or size only GTECH cell div4/B_44, because it is not driving any load. (OPT-112)
Warning: Removing don't touch or size only GTECH cell div4/B_45, because it is not driving any load. (OPT-112)
Warning: Removing don't touch or size only GTECH cell div4/B_47, because it is not driving any load. (OPT-112)
Warning: Removing don't touch or size only GTECH cell div4/B_49, because it is not driving any load. (OPT-112)
Warning: Removing don't touch or size only GTECH cell div4/B_51, because it is not driving any load. (OPT-112)
Warning: Removing don't touch or size only GTECH cell div4/B_52, because it is not driving any load. (OPT-112)
Warning: Removing don't touch or size only GTECH cell div4/B_54, because it is not driving any load. (OPT-112)
Warning: Removing don't touch or size only GTECH cell div4/B_56, because it is not driving any load. (OPT-112)
Warning: Removing don't touch or size only GTECH cell div4/B_58, because it is not driving any load. (OPT-112)
Warning: Removing don't touch or size only GTECH cell div4/B_59, because it is not driving any load. (OPT-112)
Warning: Removing don't touch or size only GTECH cell div4/B_61, because it is not driving any load. (OPT-112)
Warning: Removing don't touch or size only GTECH cell div4/B_63, because it is not driving any load. (OPT-112)
Warning: Removing don't touch or size only GTECH cell div4/B_65, because it is not driving any load. (OPT-112)
Warning: Removing don't touch or size only GTECH cell div5/B_24, because it is not driving any load. (OPT-112)
Warning: Removing don't touch or size only GTECH cell div5/B_26, because it is not driving any load. (OPT-112)
Warning: Removing don't touch or size only GTECH cell div5/B_28, because it is not driving any load. (OPT-112)
Warning: Removing don't touch or size only GTECH cell div5/B_30, because it is not driving any load. (OPT-112)
Warning: Removing don't touch or size only GTECH cell div5/B_31, because it is not driving any load. (OPT-112)
Warning: Removing don't touch or size only GTECH cell div5/B_33, because it is not driving any load. (OPT-112)
Warning: Removing don't touch or size only GTECH cell div5/B_35, because it is not driving any load. (OPT-112)
Warning: Removing don't touch or size only GTECH cell div5/B_37, because it is not driving any load. (OPT-112)
Warning: Removing don't touch or size only GTECH cell div5/B_38, because it is not driving any load. (OPT-112)
Warning: Removing don't touch or size only GTECH cell div5/B_40, because it is not driving any load. (OPT-112)
Warning: Removing don't touch or size only GTECH cell div5/B_42, because it is not driving any load. (OPT-112)
Warning: Removing don't touch or size only GTECH cell div5/B_44, because it is not driving any load. (OPT-112)
Warning: Removing don't touch or size only GTECH cell div5/B_45, because it is not driving any load. (OPT-112)
Warning: Removing don't touch or size only GTECH cell div5/B_47, because it is not driving any load. (OPT-112)
Warning: Removing don't touch or size only GTECH cell div5/B_49, because it is not driving any load. (OPT-112)
Warning: Removing don't touch or size only GTECH cell div5/B_51, because it is not driving any load. (OPT-112)
Warning: Removing don't touch or size only GTECH cell div5/B_52, because it is not driving any load. (OPT-112)
Warning: Removing don't touch or size only GTECH cell div5/B_54, because it is not driving any load. (OPT-112)
Warning: Removing don't touch or size only GTECH cell div5/B_56, because it is not driving any load. (OPT-112)
Warning: Removing don't touch or size only GTECH cell div5/B_58, because it is not driving any load. (OPT-112)
Warning: Removing don't touch or size only GTECH cell div5/B_59, because it is not driving any load. (OPT-112)
Warning: Removing don't touch or size only GTECH cell div5/B_61, because it is not driving any load. (OPT-112)
Warning: Removing don't touch or size only GTECH cell div5/B_63, because it is not driving any load. (OPT-112)
Warning: Removing don't touch or size only GTECH cell div5/B_65, because it is not driving any load. (OPT-112)
Warning: Removing don't touch or size only GTECH cell div6/B_24, because it is not driving any load. (OPT-112)
Warning: Removing don't touch or size only GTECH cell div6/B_26, because it is not driving any load. (OPT-112)
Warning: Removing don't touch or size only GTECH cell div6/B_28, because it is not driving any load. (OPT-112)
Warning: Removing don't touch or size only GTECH cell div6/B_30, because it is not driving any load. (OPT-112)
Warning: Removing don't touch or size only GTECH cell div6/B_31, because it is not driving any load. (OPT-112)
Warning: Removing don't touch or size only GTECH cell div6/B_33, because it is not driving any load. (OPT-112)
Warning: Removing don't touch or size only GTECH cell div6/B_35, because it is not driving any load. (OPT-112)
Warning: Removing don't touch or size only GTECH cell div6/B_37, because it is not driving any load. (OPT-112)
Warning: Removing don't touch or size only GTECH cell div6/B_38, because it is not driving any load. (OPT-112)
Warning: Removing don't touch or size only GTECH cell div6/B_40, because it is not driving any load. (OPT-112)
Warning: Removing don't touch or size only GTECH cell div6/B_42, because it is not driving any load. (OPT-112)
Warning: Removing don't touch or size only GTECH cell div6/B_44, because it is not driving any load. (OPT-112)
Warning: Removing don't touch or size only GTECH cell div6/B_45, because it is not driving any load. (OPT-112)
Warning: Removing don't touch or size only GTECH cell div6/B_47, because it is not driving any load. (OPT-112)
Warning: Removing don't touch or size only GTECH cell div6/B_49, because it is not driving any load. (OPT-112)
Warning: Removing don't touch or size only GTECH cell div6/B_51, because it is not driving any load. (OPT-112)
Warning: Removing don't touch or size only GTECH cell div6/B_52, because it is not driving any load. (OPT-112)
Warning: Removing don't touch or size only GTECH cell div6/B_54, because it is not driving any load. (OPT-112)
Warning: Removing don't touch or size only GTECH cell div6/B_56, because it is not driving any load. (OPT-112)
Warning: Removing don't touch or size only GTECH cell div6/B_58, because it is not driving any load. (OPT-112)
Warning: Removing don't touch or size only GTECH cell div6/B_59, because it is not driving any load. (OPT-112)
Warning: Removing don't touch or size only GTECH cell div6/B_61, because it is not driving any load. (OPT-112)
Warning: Removing don't touch or size only GTECH cell div6/B_63, because it is not driving any load. (OPT-112)
Warning: Removing don't touch or size only GTECH cell div6/B_65, because it is not driving any load. (OPT-112)
Warning: Removing don't touch or size only GTECH cell div7/B_24, because it is not driving any load. (OPT-112)
Warning: Removing don't touch or size only GTECH cell div7/B_26, because it is not driving any load. (OPT-112)
Warning: Removing don't touch or size only GTECH cell div7/B_28, because it is not driving any load. (OPT-112)
Warning: Removing don't touch or size only GTECH cell div7/B_30, because it is not driving any load. (OPT-112)
Warning: Removing don't touch or size only GTECH cell div7/B_31, because it is not driving any load. (OPT-112)
Warning: Removing don't touch or size only GTECH cell div7/B_33, because it is not driving any load. (OPT-112)
Warning: Removing don't touch or size only GTECH cell div7/B_35, because it is not driving any load. (OPT-112)
Warning: Removing don't touch or size only GTECH cell div7/B_37, because it is not driving any load. (OPT-112)
Warning: Removing don't touch or size only GTECH cell div7/B_38, because it is not driving any load. (OPT-112)
Warning: Removing don't touch or size only GTECH cell div7/B_40, because it is not driving any load. (OPT-112)
Warning: Removing don't touch or size only GTECH cell div7/B_42, because it is not driving any load. (OPT-112)
Warning: Removing don't touch or size only GTECH cell div7/B_44, because it is not driving any load. (OPT-112)
Warning: Removing don't touch or size only GTECH cell div7/B_45, because it is not driving any load. (OPT-112)
Warning: Removing don't touch or size only GTECH cell div7/B_47, because it is not driving any load. (OPT-112)
Warning: Removing don't touch or size only GTECH cell div7/B_49, because it is not driving any load. (OPT-112)
Warning: Removing don't touch or size only GTECH cell div7/B_51, because it is not driving any load. (OPT-112)
Warning: Removing don't touch or size only GTECH cell div7/B_52, because it is not driving any load. (OPT-112)
Warning: Removing don't touch or size only GTECH cell div7/B_54, because it is not driving any load. (OPT-112)
Warning: Removing don't touch or size only GTECH cell div7/B_56, because it is not driving any load. (OPT-112)
Warning: Removing don't touch or size only GTECH cell div7/B_58, because it is not driving any load. (OPT-112)
Warning: Removing don't touch or size only GTECH cell div7/B_59, because it is not driving any load. (OPT-112)
Warning: Removing don't touch or size only GTECH cell div7/B_61, because it is not driving any load. (OPT-112)
Warning: Removing don't touch or size only GTECH cell div7/B_63, because it is not driving any load. (OPT-112)
Warning: Removing don't touch or size only GTECH cell div7/B_65, because it is not driving any load. (OPT-112)
Warning: Removing don't touch or size only GTECH cell div0/B_59, because it is not driving any load. (OPT-112)
Warning: Removing don't touch or size only GTECH cell div0/B_52, because it is not driving any load. (OPT-112)
Warning: Removing don't touch or size only GTECH cell div0/B_45, because it is not driving any load. (OPT-112)
Warning: Removing don't touch or size only GTECH cell div0/B_38, because it is not driving any load. (OPT-112)
Warning: Removing don't touch or size only GTECH cell div0/B_31, because it is not driving any load. (OPT-112)
Warning: Removing don't touch or size only GTECH cell div0/B_26, because it is not driving any load. (OPT-112)
Warning: Removing don't touch or size only GTECH cell div0/B_28, because it is not driving any load. (OPT-112)
Warning: Removing don't touch or size only GTECH cell div0/B_30, because it is not driving any load. (OPT-112)
Warning: Removing don't touch or size only GTECH cell div0/B_33, because it is not driving any load. (OPT-112)
Warning: Removing don't touch or size only GTECH cell div0/B_35, because it is not driving any load. (OPT-112)
Warning: Removing don't touch or size only GTECH cell div0/B_37, because it is not driving any load. (OPT-112)
Warning: Removing don't touch or size only GTECH cell div0/B_40, because it is not driving any load. (OPT-112)
Warning: Removing don't touch or size only GTECH cell div0/B_42, because it is not driving any load. (OPT-112)
Warning: Removing don't touch or size only GTECH cell div0/B_44, because it is not driving any load. (OPT-112)
Warning: Removing don't touch or size only GTECH cell div0/B_47, because it is not driving any load. (OPT-112)
Warning: Removing don't touch or size only GTECH cell div0/B_49, because it is not driving any load. (OPT-112)
Warning: Removing don't touch or size only GTECH cell div0/B_51, because it is not driving any load. (OPT-112)
Warning: Removing don't touch or size only GTECH cell div0/B_54, because it is not driving any load. (OPT-112)
Warning: Removing don't touch or size only GTECH cell div0/B_56, because it is not driving any load. (OPT-112)
Warning: Removing don't touch or size only GTECH cell div0/B_58, because it is not driving any load. (OPT-112)
Warning: Removing don't touch or size only GTECH cell div0/B_24, because it is not driving any load. (OPT-112)
Warning: Removing don't touch or size only GTECH cell div0/B_65, because it is not driving any load. (OPT-112)
Warning: Removing don't touch or size only GTECH cell div0/B_63, because it is not driving any load. (OPT-112)
Warning: Removing don't touch or size only GTECH cell div0/B_61, because it is not driving any load. (OPT-112)
Warning: Removing don't touch or size only GTECH cell div1/B_59, because it is not driving any load. (OPT-112)
Warning: Removing don't touch or size only GTECH cell div1/B_52, because it is not driving any load. (OPT-112)
Warning: Removing don't touch or size only GTECH cell div1/B_45, because it is not driving any load. (OPT-112)
Warning: Removing don't touch or size only GTECH cell div1/B_38, because it is not driving any load. (OPT-112)
Warning: Removing don't touch or size only GTECH cell div1/B_31, because it is not driving any load. (OPT-112)
Warning: Removing don't touch or size only GTECH cell div1/B_26, because it is not driving any load. (OPT-112)
Warning: Removing don't touch or size only GTECH cell div1/B_28, because it is not driving any load. (OPT-112)
Warning: Removing don't touch or size only GTECH cell div1/B_30, because it is not driving any load. (OPT-112)
Warning: Removing don't touch or size only GTECH cell div1/B_33, because it is not driving any load. (OPT-112)
Warning: Removing don't touch or size only GTECH cell div1/B_35, because it is not driving any load. (OPT-112)
Warning: Removing don't touch or size only GTECH cell div1/B_37, because it is not driving any load. (OPT-112)
Warning: Removing don't touch or size only GTECH cell div1/B_40, because it is not driving any load. (OPT-112)
Warning: Removing don't touch or size only GTECH cell div1/B_42, because it is not driving any load. (OPT-112)
Warning: Removing don't touch or size only GTECH cell div1/B_44, because it is not driving any load. (OPT-112)
Warning: Removing don't touch or size only GTECH cell div1/B_47, because it is not driving any load. (OPT-112)
Warning: Removing don't touch or size only GTECH cell div1/B_49, because it is not driving any load. (OPT-112)
Warning: Removing don't touch or size only GTECH cell div1/B_51, because it is not driving any load. (OPT-112)
Warning: Removing don't touch or size only GTECH cell div1/B_54, because it is not driving any load. (OPT-112)
Warning: Removing don't touch or size only GTECH cell div1/B_56, because it is not driving any load. (OPT-112)
Warning: Removing don't touch or size only GTECH cell div1/B_58, because it is not driving any load. (OPT-112)
Warning: Removing don't touch or size only GTECH cell div1/B_24, because it is not driving any load. (OPT-112)
Warning: Removing don't touch or size only GTECH cell div1/B_65, because it is not driving any load. (OPT-112)
Warning: Removing don't touch or size only GTECH cell div1/B_63, because it is not driving any load. (OPT-112)
Warning: Removing don't touch or size only GTECH cell div1/B_61, because it is not driving any load. (OPT-112)
Warning: Removing don't touch or size only GTECH cell div2/B_59, because it is not driving any load. (OPT-112)
Warning: Removing don't touch or size only GTECH cell div2/B_52, because it is not driving any load. (OPT-112)
Warning: Removing don't touch or size only GTECH cell div2/B_45, because it is not driving any load. (OPT-112)
Warning: Removing don't touch or size only GTECH cell div2/B_38, because it is not driving any load. (OPT-112)
Warning: Removing don't touch or size only GTECH cell div2/B_31, because it is not driving any load. (OPT-112)
Warning: Removing don't touch or size only GTECH cell div2/B_26, because it is not driving any load. (OPT-112)
Warning: Removing don't touch or size only GTECH cell div2/B_28, because it is not driving any load. (OPT-112)
Warning: Removing don't touch or size only GTECH cell div2/B_30, because it is not driving any load. (OPT-112)
Warning: Removing don't touch or size only GTECH cell div2/B_33, because it is not driving any load. (OPT-112)
Warning: Removing don't touch or size only GTECH cell div2/B_35, because it is not driving any load. (OPT-112)
Warning: Removing don't touch or size only GTECH cell div2/B_37, because it is not driving any load. (OPT-112)
Warning: Removing don't touch or size only GTECH cell div2/B_40, because it is not driving any load. (OPT-112)
Warning: Removing don't touch or size only GTECH cell div2/B_42, because it is not driving any load. (OPT-112)
Warning: Removing don't touch or size only GTECH cell div2/B_44, because it is not driving any load. (OPT-112)
Warning: Removing don't touch or size only GTECH cell div2/B_47, because it is not driving any load. (OPT-112)
Warning: Removing don't touch or size only GTECH cell div2/B_49, because it is not driving any load. (OPT-112)
Warning: Removing don't touch or size only GTECH cell div2/B_51, because it is not driving any load. (OPT-112)
Warning: Removing don't touch or size only GTECH cell div2/B_54, because it is not driving any load. (OPT-112)
Warning: Removing don't touch or size only GTECH cell div2/B_56, because it is not driving any load. (OPT-112)
Warning: Removing don't touch or size only GTECH cell div2/B_58, because it is not driving any load. (OPT-112)
Warning: Removing don't touch or size only GTECH cell div2/B_24, because it is not driving any load. (OPT-112)
Warning: Removing don't touch or size only GTECH cell div2/B_65, because it is not driving any load. (OPT-112)
Warning: Removing don't touch or size only GTECH cell div2/B_63, because it is not driving any load. (OPT-112)
Warning: Removing don't touch or size only GTECH cell div2/B_61, because it is not driving any load. (OPT-112)
Warning: Removing don't touch or size only GTECH cell div3/B_59, because it is not driving any load. (OPT-112)
Warning: Removing don't touch or size only GTECH cell div3/B_52, because it is not driving any load. (OPT-112)
Warning: Removing don't touch or size only GTECH cell div3/B_45, because it is not driving any load. (OPT-112)
Warning: Removing don't touch or size only GTECH cell div3/B_38, because it is not driving any load. (OPT-112)
Warning: Removing don't touch or size only GTECH cell div3/B_31, because it is not driving any load. (OPT-112)
Warning: Removing don't touch or size only GTECH cell div3/B_26, because it is not driving any load. (OPT-112)
Warning: Removing don't touch or size only GTECH cell div3/B_28, because it is not driving any load. (OPT-112)
Warning: Removing don't touch or size only GTECH cell div3/B_30, because it is not driving any load. (OPT-112)
Warning: Removing don't touch or size only GTECH cell div3/B_33, because it is not driving any load. (OPT-112)
Warning: Removing don't touch or size only GTECH cell div3/B_35, because it is not driving any load. (OPT-112)
Warning: Removing don't touch or size only GTECH cell div3/B_37, because it is not driving any load. (OPT-112)
Warning: Removing don't touch or size only GTECH cell div3/B_40, because it is not driving any load. (OPT-112)
Warning: Removing don't touch or size only GTECH cell div3/B_42, because it is not driving any load. (OPT-112)
Warning: Removing don't touch or size only GTECH cell div3/B_44, because it is not driving any load. (OPT-112)
Warning: Removing don't touch or size only GTECH cell div3/B_47, because it is not driving any load. (OPT-112)
Warning: Removing don't touch or size only GTECH cell div3/B_49, because it is not driving any load. (OPT-112)
Warning: Removing don't touch or size only GTECH cell div3/B_51, because it is not driving any load. (OPT-112)
Warning: Removing don't touch or size only GTECH cell div3/B_54, because it is not driving any load. (OPT-112)
Warning: Removing don't touch or size only GTECH cell div3/B_56, because it is not driving any load. (OPT-112)
Warning: Removing don't touch or size only GTECH cell div3/B_58, because it is not driving any load. (OPT-112)
Warning: Removing don't touch or size only GTECH cell div3/B_24, because it is not driving any load. (OPT-112)
Warning: Removing don't touch or size only GTECH cell div3/B_65, because it is not driving any load. (OPT-112)
Warning: Removing don't touch or size only GTECH cell div3/B_63, because it is not driving any load. (OPT-112)
Warning: Removing don't touch or size only GTECH cell div3/B_61, because it is not driving any load. (OPT-112)
Warning: Removing don't touch or size only GTECH cell div4/B_59, because it is not driving any load. (OPT-112)
Warning: Removing don't touch or size only GTECH cell div4/B_52, because it is not driving any load. (OPT-112)
Warning: Removing don't touch or size only GTECH cell div4/B_45, because it is not driving any load. (OPT-112)
Warning: Removing don't touch or size only GTECH cell div4/B_38, because it is not driving any load. (OPT-112)
Warning: Removing don't touch or size only GTECH cell div4/B_31, because it is not driving any load. (OPT-112)
Warning: Removing don't touch or size only GTECH cell div4/B_26, because it is not driving any load. (OPT-112)
Warning: Removing don't touch or size only GTECH cell div4/B_28, because it is not driving any load. (OPT-112)
Warning: Removing don't touch or size only GTECH cell div4/B_30, because it is not driving any load. (OPT-112)
Warning: Removing don't touch or size only GTECH cell div4/B_33, because it is not driving any load. (OPT-112)
Warning: Removing don't touch or size only GTECH cell div4/B_35, because it is not driving any load. (OPT-112)
Warning: Removing don't touch or size only GTECH cell div4/B_37, because it is not driving any load. (OPT-112)
Warning: Removing don't touch or size only GTECH cell div4/B_40, because it is not driving any load. (OPT-112)
Warning: Removing don't touch or size only GTECH cell div4/B_42, because it is not driving any load. (OPT-112)
Warning: Removing don't touch or size only GTECH cell div4/B_44, because it is not driving any load. (OPT-112)
Warning: Removing don't touch or size only GTECH cell div4/B_47, because it is not driving any load. (OPT-112)
Warning: Removing don't touch or size only GTECH cell div4/B_49, because it is not driving any load. (OPT-112)
Warning: Removing don't touch or size only GTECH cell div4/B_51, because it is not driving any load. (OPT-112)
Warning: Removing don't touch or size only GTECH cell div4/B_54, because it is not driving any load. (OPT-112)
Warning: Removing don't touch or size only GTECH cell div4/B_56, because it is not driving any load. (OPT-112)
Warning: Removing don't touch or size only GTECH cell div4/B_58, because it is not driving any load. (OPT-112)
Warning: Removing don't touch or size only GTECH cell div4/B_24, because it is not driving any load. (OPT-112)
Warning: Removing don't touch or size only GTECH cell div4/B_65, because it is not driving any load. (OPT-112)
Warning: Removing don't touch or size only GTECH cell div4/B_63, because it is not driving any load. (OPT-112)
Warning: Removing don't touch or size only GTECH cell div4/B_61, because it is not driving any load. (OPT-112)
Warning: Removing don't touch or size only GTECH cell div5/B_59, because it is not driving any load. (OPT-112)
Warning: Removing don't touch or size only GTECH cell div5/B_52, because it is not driving any load. (OPT-112)
Warning: Removing don't touch or size only GTECH cell div5/B_45, because it is not driving any load. (OPT-112)
Warning: Removing don't touch or size only GTECH cell div5/B_38, because it is not driving any load. (OPT-112)
Warning: Removing don't touch or size only GTECH cell div5/B_31, because it is not driving any load. (OPT-112)
Warning: Removing don't touch or size only GTECH cell div5/B_26, because it is not driving any load. (OPT-112)
Warning: Removing don't touch or size only GTECH cell div5/B_28, because it is not driving any load. (OPT-112)
Warning: Removing don't touch or size only GTECH cell div5/B_30, because it is not driving any load. (OPT-112)
Warning: Removing don't touch or size only GTECH cell div5/B_33, because it is not driving any load. (OPT-112)
Warning: Removing don't touch or size only GTECH cell div5/B_35, because it is not driving any load. (OPT-112)
Warning: Removing don't touch or size only GTECH cell div5/B_37, because it is not driving any load. (OPT-112)
Warning: Removing don't touch or size only GTECH cell div5/B_40, because it is not driving any load. (OPT-112)
Warning: Removing don't touch or size only GTECH cell div5/B_42, because it is not driving any load. (OPT-112)
Warning: Removing don't touch or size only GTECH cell div5/B_44, because it is not driving any load. (OPT-112)
Warning: Removing don't touch or size only GTECH cell div5/B_47, because it is not driving any load. (OPT-112)
Warning: Removing don't touch or size only GTECH cell div5/B_49, because it is not driving any load. (OPT-112)
Warning: Removing don't touch or size only GTECH cell div5/B_51, because it is not driving any load. (OPT-112)
Warning: Removing don't touch or size only GTECH cell div5/B_54, because it is not driving any load. (OPT-112)
Warning: Removing don't touch or size only GTECH cell div5/B_56, because it is not driving any load. (OPT-112)
Warning: Removing don't touch or size only GTECH cell div5/B_58, because it is not driving any load. (OPT-112)
Warning: Removing don't touch or size only GTECH cell div5/B_24, because it is not driving any load. (OPT-112)
Warning: Removing don't touch or size only GTECH cell div5/B_65, because it is not driving any load. (OPT-112)
Warning: Removing don't touch or size only GTECH cell div5/B_63, because it is not driving any load. (OPT-112)
Warning: Removing don't touch or size only GTECH cell div5/B_61, because it is not driving any load. (OPT-112)
Warning: Removing don't touch or size only GTECH cell div6/B_59, because it is not driving any load. (OPT-112)
Warning: Removing don't touch or size only GTECH cell div6/B_52, because it is not driving any load. (OPT-112)
Warning: Removing don't touch or size only GTECH cell div6/B_45, because it is not driving any load. (OPT-112)
Warning: Removing don't touch or size only GTECH cell div6/B_38, because it is not driving any load. (OPT-112)
Warning: Removing don't touch or size only GTECH cell div6/B_31, because it is not driving any load. (OPT-112)
Warning: Removing don't touch or size only GTECH cell div6/B_26, because it is not driving any load. (OPT-112)
Warning: Removing don't touch or size only GTECH cell div6/B_28, because it is not driving any load. (OPT-112)
Warning: Removing don't touch or size only GTECH cell div6/B_30, because it is not driving any load. (OPT-112)
Warning: Removing don't touch or size only GTECH cell div6/B_33, because it is not driving any load. (OPT-112)
Warning: Removing don't touch or size only GTECH cell div6/B_35, because it is not driving any load. (OPT-112)
Warning: Removing don't touch or size only GTECH cell div6/B_37, because it is not driving any load. (OPT-112)
Warning: Removing don't touch or size only GTECH cell div6/B_40, because it is not driving any load. (OPT-112)
Warning: Removing don't touch or size only GTECH cell div6/B_42, because it is not driving any load. (OPT-112)
Warning: Removing don't touch or size only GTECH cell div6/B_44, because it is not driving any load. (OPT-112)
Warning: Removing don't touch or size only GTECH cell div6/B_47, because it is not driving any load. (OPT-112)
Warning: Removing don't touch or size only GTECH cell div6/B_49, because it is not driving any load. (OPT-112)
Warning: Removing don't touch or size only GTECH cell div6/B_51, because it is not driving any load. (OPT-112)
Warning: Removing don't touch or size only GTECH cell div6/B_54, because it is not driving any load. (OPT-112)
Warning: Removing don't touch or size only GTECH cell div6/B_56, because it is not driving any load. (OPT-112)
Warning: Removing don't touch or size only GTECH cell div6/B_58, because it is not driving any load. (OPT-112)
Warning: Removing don't touch or size only GTECH cell div6/B_24, because it is not driving any load. (OPT-112)
Warning: Removing don't touch or size only GTECH cell div6/B_65, because it is not driving any load. (OPT-112)
Warning: Removing don't touch or size only GTECH cell div6/B_63, because it is not driving any load. (OPT-112)
Warning: Removing don't touch or size only GTECH cell div6/B_61, because it is not driving any load. (OPT-112)
Warning: Removing don't touch or size only GTECH cell div7/B_59, because it is not driving any load. (OPT-112)
Warning: Removing don't touch or size only GTECH cell div7/B_52, because it is not driving any load. (OPT-112)
Warning: Removing don't touch or size only GTECH cell div7/B_45, because it is not driving any load. (OPT-112)
Warning: Removing don't touch or size only GTECH cell div7/B_38, because it is not driving any load. (OPT-112)
Warning: Removing don't touch or size only GTECH cell div7/B_31, because it is not driving any load. (OPT-112)
Warning: Removing don't touch or size only GTECH cell div7/B_26, because it is not driving any load. (OPT-112)
Warning: Removing don't touch or size only GTECH cell div7/B_28, because it is not driving any load. (OPT-112)
Warning: Removing don't touch or size only GTECH cell div7/B_30, because it is not driving any load. (OPT-112)
Warning: Removing don't touch or size only GTECH cell div7/B_33, because it is not driving any load. (OPT-112)
Warning: Removing don't touch or size only GTECH cell div7/B_35, because it is not driving any load. (OPT-112)
Warning: Removing don't touch or size only GTECH cell div7/B_37, because it is not driving any load. (OPT-112)
Warning: Removing don't touch or size only GTECH cell div7/B_40, because it is not driving any load. (OPT-112)
Warning: Removing don't touch or size only GTECH cell div7/B_42, because it is not driving any load. (OPT-112)
Warning: Removing don't touch or size only GTECH cell div7/B_44, because it is not driving any load. (OPT-112)
Warning: Removing don't touch or size only GTECH cell div7/B_47, because it is not driving any load. (OPT-112)
Warning: Removing don't touch or size only GTECH cell div7/B_49, because it is not driving any load. (OPT-112)
Warning: Removing don't touch or size only GTECH cell div7/B_51, because it is not driving any load. (OPT-112)
Warning: Removing don't touch or size only GTECH cell div7/B_54, because it is not driving any load. (OPT-112)
Warning: Removing don't touch or size only GTECH cell div7/B_56, because it is not driving any load. (OPT-112)
Warning: Removing don't touch or size only GTECH cell div7/B_58, because it is not driving any load. (OPT-112)
Warning: Removing don't touch or size only GTECH cell div7/B_24, because it is not driving any load. (OPT-112)
Warning: Removing don't touch or size only GTECH cell div7/B_65, because it is not driving any load. (OPT-112)
Warning: Removing don't touch or size only GTECH cell div7/B_63, because it is not driving any load. (OPT-112)
Warning: Removing don't touch or size only GTECH cell div7/B_61, because it is not driving any load. (OPT-112)

                                  TOTAL                                                
   ELAPSED            WORST NEG   SETUP    DESIGN                              LEAKAGE 
    TIME      AREA      SLACK     COST    RULE COST         ENDPOINT            POWER  
  --------- --------- --------- --------- --------- ------------------------- ---------
    0:04:35   51554.4      0.85     208.7       8.0                           1368735.6250
    0:04:38   49099.9      0.90     225.4       8.0                           1412532.6250
    0:04:40   49503.5      0.86     219.0      48.0 bank3_proj_reg_reg[18]/D  1400373.3750
    0:04:41   49503.1      0.86     219.0      48.0                           1400092.1250
    0:04:41   49503.1      0.86     219.0      48.0                           1400092.1250
    0:04:43   49625.6      0.86     218.7      48.0                           1395345.2500
    0:04:45   49667.3      0.86     217.2      48.0                           1390026.7500
    0:04:46   49851.3      0.86     216.9       0.0 bank3_proj_reg_reg[18]/D  1384800.1250
    0:04:48   49962.8      0.85     216.7       0.0 bank2_proj_reg_reg[18]/D  1384653.2500
    0:04:49   50130.0      0.85     215.4       0.0 bank0_proj_reg_reg[18]/D  1385052.3750
    0:04:50   50237.7      0.85     214.6       0.0 bank3_proj_reg_reg[18]/D  1385785.7500
    0:04:51   50424.1      0.84     214.0       0.0 bank3_proj_reg_reg[18]/D  1385680.8750
    0:04:51   50430.6      0.84     214.0       0.0                           1385445.3750
    0:05:16   50982.6      0.82     206.5       5.0                           1403907.0000
    0:05:16   50982.6      0.82     206.5       5.0                           1403907.0000
    0:05:17   51130.7      0.82     201.8       5.0                           1398276.1250
    0:05:18   51130.7      0.82     201.8       5.0                           1398276.1250
    0:05:18   51160.8      0.82     201.7       5.0                           1397935.3750
    0:05:21   50551.0      0.82     201.7       5.0                           1417404.5000
Loading db file '/usr/cadtool/GPDK45/gsclib045_svt_v4.4/gsclib045/db/slow_vdd1v2_basicCells_wl.db'


Note: Symbol # after min delay cost means estimated hold TNS across all active scenarios 


  Optimization Complete
  ---------------------
Warning: Design 'ViT_top' contains 9 high-fanout nets. A fanout number of 1000 will be used for delay calculations involving these nets. (TIM-134)
     Net 'div0/*Logic0*': 2555 load(s), 1 driver(s)
     Net 'div1/*Logic0*': 2555 load(s), 1 driver(s)
     Net 'div2/*Logic0*': 2555 load(s), 1 driver(s)
     Net 'div3/*Logic0*': 2555 load(s), 1 driver(s)
     Net 'div4/*Logic0*': 2555 load(s), 1 driver(s)
     Net 'div5/*Logic0*': 2555 load(s), 1 driver(s)
     Net 'div6/*Logic0*': 2555 load(s), 1 driver(s)
     Net 'div7/*Logic0*': 2555 load(s), 1 driver(s)
     Net 'clk_gate_bias_reg_reg[0]/net41913': 3589 load(s), 1 driver(s)
Information: State dependent leakage is now switched from off to on.
Information: Propagating switching activity (low effort zero delay simulation). (PWR-6)
Warning: Design has unannotated black box outputs. (PWR-428)
1
# compile_ultra -incremental -exact_map -no_autoungroup -no_seq_output_inversion -no_boundary_optimization
# remove dummy ports
remove_unconnected_ports [get_cells -hierarchical *]
1
remove_unconnected_ports [get_cells -hierarchical *] -blast_buses
1
1
source -echo -verbose 3_report.tcl 
###-----------------------------Naming Rules----------------------------
set bus_inference_style {%s[%d]}
%s[%d]
set bus_naming_style {%s[%d]}
%s[%d]
set hdlout_internal_busses true
true
change_names -rules verilog -hierarchy
Warning: The specified replacement character (_) is conflicting with the specified allowed or restricted character.   (UCN-4)
1
define_name_rules name_rule -allowed {a-z A-Z 0-9 _} -max_length 255 -type cell
1
define_name_rules name_rule -allowed {a-z A-Z 0-9 _[]} -max_length 255 -type net
1
define_name_rules name_rule -map {{"\\*cell\\*" "cell"}}
1
define_name_rules name_rule -case_insensitive
1
change_names -hierarchy -rules name_rule
1
###--------------------------Netlist-related------------------------------------
write -format ddc     -hierarchy -output ./netlist/${TOPLEVEL}_syn.ddc
Writing ddc file './netlist/ViT_top_syn.ddc'.
1
write -format verilog -hierarchy -output ./netlist/${TOPLEVEL}_syn.v
Writing verilog file '/home/u110/u110022124/ICLAB/EE4292_HW5/syn/netlist/ViT_top_syn.v'.
Warning: Module div_mydesign_7 contains unmapped components.  The output netlist might not be read back into the system. (VO-12)
Warning: Module div_mydesign_6 contains unmapped components.  The output netlist might not be read back into the system. (VO-12)
Warning: Module div_mydesign_5 contains unmapped components.  The output netlist might not be read back into the system. (VO-12)
Warning: Module div_mydesign_4 contains unmapped components.  The output netlist might not be read back into the system. (VO-12)
Warning: Module div_mydesign_3 contains unmapped components.  The output netlist might not be read back into the system. (VO-12)
Warning: Module div_mydesign_2 contains unmapped components.  The output netlist might not be read back into the system. (VO-12)
Warning: Module div_mydesign_1 contains unmapped components.  The output netlist might not be read back into the system. (VO-12)
Warning: Module div_mydesign_0 contains unmapped components.  The output netlist might not be read back into the system. (VO-12)
1
write_sdf -version 1.0  -context verilog ./netlist/${TOPLEVEL}_syn.sdf
Information: Annotated 'cell' delays are assumed to include load delay. (UID-282)
Information: Writing timing information to file '/home/u110/u110022124/ICLAB/EE4292_HW5/syn/netlist/ViT_top_syn.sdf'. (WT-3)
Information: Updating design information... (UID-85)
Warning: Design 'ViT_top' contains 9 high-fanout nets. A fanout number of 1000 will be used for delay calculations involving these nets. (TIM-134)
Warning: Design contains black-box components.  These cells will have no timing information. (WT-7)
1
write_sdc ./netlist/${TOPLEVEL}_syn.sdc
1
write_saif -output ./netlist/${TOPLEVEL}_syn.saif 
Information: Writing backward SAIF information to file './netlist/ViT_top_syn.saif'. (PWR-458)
1
###---------------------------Syntheis result reports----------------------------
# ===== Timing report =====
report_timing -delay min -max_paths 4 > ./report/report_hold_${TOPLEVEL}.out
report_timing -delay max -max_paths 4 > ./report/report_setup_${TOPLEVEL}.out
report_timing -path full -delay max -max_paths 4 -nworst 2 -significant_digits 4 > ./report/report_time_${TOPLEVEL}.out
# ===== Area report =====
report_area -hier  > ./report/report_area_${TOPLEVEL}.out
# ===== Power report =====
report_power -hier > ./report/report_power_${TOPLEVEL}.out
# ===== violations =====
report_constraint -all_violators > ./report/report_violation_${TOPLEVEL}.out
# ===== resources =====
report_resources -hierarchy > ./report/report_resources_${TOPLEVEL}.outexit

Memory usage for this session 328 Mbytes.
Memory usage for this session including child processes 328 Mbytes.
CPU usage for this session 350 seconds ( 0.10 hours ).
Elapsed time for this session 372 seconds ( 0.10 hours ).

Thank you...
