 
****************************************
Report : constraint
        -all_violators
Design : ViT_top
Version: R-2020.09-SP5
Date   : Thu Nov 20 18:19:06 2025
****************************************


   max_delay/setup ('clk' group)

                             Required        Actual
   Endpoint                 Path Delay     Path Delay        Slack
   -----------------------------------------------------------------
   div4/merchant_t_reg_0__0_/SE
                                2.89           3.77 f        -0.88  (VIOLATED)
   bank3_proj_reg_reg_17_/D     2.94           3.82 r        -0.88  (VIOLATED)
   bank2_proj_reg_reg_19_/D     2.94           3.82 r        -0.88  (VIOLATED)
   bank3_proj_reg_reg_18_/D     2.94           3.82 r        -0.88  (VIOLATED)
   bank3_proj_reg_reg_19_/D     2.94           3.82 r        -0.88  (VIOLATED)
   bank2_proj_reg_reg_18_/D     2.94           3.82 r        -0.88  (VIOLATED)
   div0/merchant_t_reg_0__0_/SE
                                2.86           3.74 f        -0.88  (VIOLATED)
   div6/merchant_t_reg_0__0_/SE
                                2.86           3.74 f        -0.88  (VIOLATED)
   bank1_proj_reg_reg_18_/D     2.94           3.82 r        -0.88  (VIOLATED)
   bank1_proj_reg_reg_19_/D     2.94           3.82 r        -0.88  (VIOLATED)
   bank2_proj_reg_reg_17_/D     2.94           3.82 r        -0.88  (VIOLATED)
   div5/merchant_t_reg_0__0_/SE
                                2.86           3.74 f        -0.88  (VIOLATED)
   div1/merchant_t_reg_0__0_/SE
                                2.86           3.74 f        -0.88  (VIOLATED)
   div2/merchant_t_reg_0__0_/SE
                                2.86           3.74 f        -0.88  (VIOLATED)
   div3/merchant_t_reg_0__0_/SE
                                2.86           3.74 f        -0.88  (VIOLATED)
   div7/merchant_t_reg_0__0_/SE
                                2.86           3.74 f        -0.88  (VIOLATED)
   bank1_proj_reg_reg_17_/D     2.94           3.82 r        -0.88  (VIOLATED)
   bank0_proj_reg_reg_19_/D     2.94           3.82 r        -0.88  (VIOLATED)
   bank0_proj_reg_reg_18_/D     2.94           3.82 r        -0.88  (VIOLATED)
   bank0_proj_reg_reg_17_/D     2.94           3.82 r        -0.88  (VIOLATED)
   df_stage7_mul_reg_6__36_/D
                                2.94           3.80 r        -0.86  (VIOLATED)
   df_stage7_mul_reg_6__35_/D
                                2.94           3.80 r        -0.86  (VIOLATED)
   bank0_proj_reg_reg_15_/D     2.94           3.80 r        -0.86  (VIOLATED)
   df_stage9_mul_reg_0__72_/D
                                2.94           3.80 r        -0.86  (VIOLATED)
   df_stage7_mul_reg_7__36_/D
                                2.94           3.79 r        -0.86  (VIOLATED)
   bank0_proj_add_reg_15_/D     2.94           3.80 r        -0.86  (VIOLATED)
   qk_result_reg_0__15_/D       2.94           3.80 r        -0.86  (VIOLATED)
   bank2_proj_add_reg_15_/D     2.94           3.80 r        -0.86  (VIOLATED)
   qk_result_reg_2__15_/D       2.94           3.80 r        -0.86  (VIOLATED)
   bank0_proj_reg_reg_14_/D     2.94           3.80 r        -0.86  (VIOLATED)
   bank0_proj_reg_reg_13_/D     2.94           3.80 r        -0.86  (VIOLATED)
   bank2_proj_add_reg_17_/D     2.94           3.79 r        -0.85  (VIOLATED)
   qk_result_reg_2__17_/D       2.94           3.79 r        -0.85  (VIOLATED)
   bank3_proj_reg_reg_15_/D     2.94           3.79 r        -0.85  (VIOLATED)
   bank3_proj_add_reg_17_/D     2.94           3.79 r        -0.85  (VIOLATED)
   qk_result_reg_3__17_/D       2.94           3.79 r        -0.85  (VIOLATED)
   df_stage7_mul_reg_7__35_/D
                                2.94           3.79 r        -0.85  (VIOLATED)
   bank3_proj_reg_reg_14_/D     2.94           3.79 r        -0.85  (VIOLATED)
   bank3_proj_reg_reg_13_/D     2.94           3.79 r        -0.85  (VIOLATED)
   bank0_proj_add_reg_17_/D     2.94           3.79 r        -0.85  (VIOLATED)
   qk_result_reg_0__17_/D       2.94           3.79 r        -0.85  (VIOLATED)
   df_stage9_mul_reg_4__47_/D
                                2.94           3.79 r        -0.85  (VIOLATED)
   bank1_proj_reg_reg_15_/D     2.94           3.79 r        -0.84  (VIOLATED)
   df_stage9_mul_reg_6__47_/D
                                2.94           3.78 r        -0.84  (VIOLATED)
   bank3_proj_add_reg_15_/D     2.94           3.78 r        -0.84  (VIOLATED)
   qk_result_reg_3__15_/D       2.94           3.78 r        -0.84  (VIOLATED)
   df_stage9_mul_reg_6__46_/D
                                2.94           3.78 r        -0.84  (VIOLATED)
   bank3_proj_reg_reg_16_/D     2.94           3.78 r        -0.84  (VIOLATED)
   bank1_proj_reg_reg_14_/D     2.94           3.78 r        -0.84  (VIOLATED)
   df_stage7_mul_reg_2__36_/D
                                2.94           3.77 r        -0.84  (VIOLATED)
   bank1_proj_reg_reg_13_/D     2.94           3.78 r        -0.84  (VIOLATED)
   bank2_proj_reg_reg_15_/D     2.94           3.78 r        -0.83  (VIOLATED)
   bank1_proj_add_reg_15_/D     2.94           3.77 r        -0.83  (VIOLATED)
   qk_result_reg_1__15_/D       2.94           3.77 r        -0.83  (VIOLATED)
   df_stage7_mul_reg_2__35_/D
                                2.94           3.77 r        -0.83  (VIOLATED)
   bank0_proj_reg_reg_11_/D     2.94           3.77 r        -0.83  (VIOLATED)
   bank1_proj_add_reg_17_/D     2.94           3.76 r        -0.82  (VIOLATED)
   qk_result_reg_1__17_/D       2.94           3.76 r        -0.82  (VIOLATED)
   df_stage9_mul_reg_2__72_/D
                                2.94           3.76 r        -0.82  (VIOLATED)
   bank0_proj_add_reg_19_/D     2.94           3.75 r        -0.82  (VIOLATED)
   qk_result_reg_0__19_/D       2.94           3.75 r        -0.82  (VIOLATED)
   bank2_proj_add_reg_19_/D     2.94           3.75 r        -0.81  (VIOLATED)
   qk_result_reg_2__19_/D       2.94           3.75 r        -0.81  (VIOLATED)
   df_stage9_mul_reg_1__72_/D
                                2.94           3.75 r        -0.81  (VIOLATED)
   df_stage9_mul_reg_4__46_/D
                                2.94           3.75 r        -0.81  (VIOLATED)
   bank1_proj_reg_reg_11_/D     2.94           3.75 r        -0.81  (VIOLATED)
   bank2_proj_reg_reg_14_/D     2.94           3.75 r        -0.81  (VIOLATED)
   bank2_proj_reg_reg_13_/D     2.94           3.75 r        -0.81  (VIOLATED)
   token_x_nor_result_reg_7__18_/D
                                2.94           3.75 r        -0.81  (VIOLATED)
   bank0_proj_add_reg_18_/D     2.94           3.74 r        -0.80  (VIOLATED)
   qk_result_reg_0__18_/D       2.94           3.74 r        -0.80  (VIOLATED)
   bank2_proj_add_reg_18_/D     2.94           3.74 r        -0.80  (VIOLATED)
   qk_result_reg_2__18_/D       2.94           3.74 r        -0.80  (VIOLATED)
   bank3_proj_add_reg_19_/D     2.94           3.74 r        -0.80  (VIOLATED)
   qk_result_reg_3__19_/D       2.94           3.74 r        -0.80  (VIOLATED)
   bank2_proj_reg_reg_16_/D     2.94           3.74 r        -0.80  (VIOLATED)
   df_stage5_mul_reg_0__28_/D
                                2.94           3.74 r        -0.79  (VIOLATED)
   bank1_proj_reg_reg_16_/D     2.94           3.74 r        -0.79  (VIOLATED)
   qk_result_head_reg_1__24_/D
                                2.94           3.73 r        -0.79  (VIOLATED)
   df_stage9_mul_reg_0__73_/D
                                2.94           3.73 r        -0.79  (VIOLATED)
   df_stage9_mul_reg_3__72_/D
                                2.94           3.74 r        -0.79  (VIOLATED)
   df_stage3_mul_reg_5__20_/D
                                2.93           3.73 r        -0.79  (VIOLATED)
   df_stage5_mul_reg_7__28_/D
                                2.94           3.73 r        -0.79  (VIOLATED)
   df_stage7_mul_reg_6__34_/D
                                2.94           3.73 r        -0.79  (VIOLATED)
   bank1_proj_add_reg_19_/D     2.94           3.73 r        -0.79  (VIOLATED)
   qk_result_reg_1__19_/D       2.94           3.73 r        -0.79  (VIOLATED)
   bank0_proj_reg_reg_16_/D     2.94           3.73 r        -0.79  (VIOLATED)
   token_x_nor_result_reg_0__18_/D
                                2.94           3.73 r        -0.79  (VIOLATED)
   df_stage5_mul_reg_3__28_/D
                                2.94           3.73 r        -0.79  (VIOLATED)
   df_stage5_mul_reg_2__28_/D
                                2.94           3.73 r        -0.79  (VIOLATED)
   df_stage5_mul_reg_4__28_/D
                                2.94           3.73 r        -0.79  (VIOLATED)
   df_stage7_mul_reg_1__35_/D
                                2.94           3.73 r        -0.79  (VIOLATED)
   qk_result_head_reg_1__23_/D
                                2.94           3.73 r        -0.79  (VIOLATED)
   div6/remainder_t_reg_12__1_/SE
                                2.84           3.63 f        -0.79  (VIOLATED)
   div6/remainder_t_reg_12__2_/SE
                                2.84           3.63 f        -0.79  (VIOLATED)
   div6/remainder_t_reg_12__3_/SE
                                2.84           3.63 f        -0.79  (VIOLATED)
   div6/remainder_t_reg_12__4_/SE
                                2.84           3.63 f        -0.79  (VIOLATED)
   div6/remainder_t_reg_12__5_/SE
                                2.84           3.63 f        -0.79  (VIOLATED)
   div6/remainder_t_reg_12__6_/SE
                                2.84           3.63 f        -0.79  (VIOLATED)
   div6/remainder_t_reg_12__7_/SE
                                2.84           3.63 f        -0.79  (VIOLATED)
   div6/remainder_t_reg_12__8_/SE
                                2.84           3.63 f        -0.79  (VIOLATED)
   div6/remainder_t_reg_12__9_/SE
                                2.84           3.63 f        -0.79  (VIOLATED)
   div6/remainder_t_reg_12__10_/SE
                                2.84           3.63 f        -0.79  (VIOLATED)
   div6/remainder_t_reg_12__11_/SE
                                2.84           3.63 f        -0.79  (VIOLATED)
   div6/remainder_t_reg_12__12_/SE
                                2.84           3.63 f        -0.79  (VIOLATED)
   div6/remainder_t_reg_12__13_/SE
                                2.84           3.63 f        -0.79  (VIOLATED)
   div6/remainder_t_reg_12__14_/SE
                                2.84           3.63 f        -0.79  (VIOLATED)
   div6/remainder_t_reg_12__15_/SE
                                2.84           3.63 f        -0.79  (VIOLATED)
   div6/remainder_t_reg_12__16_/SE
                                2.84           3.63 f        -0.79  (VIOLATED)
   div6/remainder_t_reg_12__17_/SE
                                2.84           3.63 f        -0.79  (VIOLATED)
   df_stage3_mul_reg_7__20_/D
                                2.94           3.72 r        -0.79  (VIOLATED)
   bank3_proj_add_reg_18_/D     2.94           3.73 r        -0.79  (VIOLATED)
   qk_result_reg_3__18_/D       2.94           3.73 r        -0.79  (VIOLATED)
   df_stage3_mul_reg_5__21_/D
                                2.94           3.73 r        -0.79  (VIOLATED)
   df_stage7_mul_reg_1__36_/D
                                2.93           3.72 r        -0.78  (VIOLATED)
   div0/remainder_t_reg_20__1_/SE
                                2.84           3.63 f        -0.78  (VIOLATED)
   div0/remainder_t_reg_20__2_/SE
                                2.84           3.63 f        -0.78  (VIOLATED)
   div0/remainder_t_reg_20__3_/SE
                                2.84           3.63 f        -0.78  (VIOLATED)
   div0/remainder_t_reg_20__4_/SE
                                2.84           3.63 f        -0.78  (VIOLATED)
   div0/remainder_t_reg_20__5_/SE
                                2.84           3.63 f        -0.78  (VIOLATED)
   div0/remainder_t_reg_20__6_/SE
                                2.84           3.63 f        -0.78  (VIOLATED)
   div0/remainder_t_reg_20__7_/SE
                                2.84           3.63 f        -0.78  (VIOLATED)
   div0/remainder_t_reg_20__8_/SE
                                2.84           3.63 f        -0.78  (VIOLATED)
   div0/remainder_t_reg_20__9_/SE
                                2.84           3.63 f        -0.78  (VIOLATED)
   div0/remainder_t_reg_20__10_/SE
                                2.84           3.63 f        -0.78  (VIOLATED)
   div0/remainder_t_reg_20__11_/SE
                                2.84           3.63 f        -0.78  (VIOLATED)
   div0/remainder_t_reg_20__12_/SE
                                2.84           3.63 f        -0.78  (VIOLATED)
   div0/remainder_t_reg_20__13_/SE
                                2.84           3.63 f        -0.78  (VIOLATED)
   div0/remainder_t_reg_20__14_/SE
                                2.84           3.63 f        -0.78  (VIOLATED)
   div0/remainder_t_reg_20__15_/SE
                                2.84           3.63 f        -0.78  (VIOLATED)
   div0/remainder_t_reg_20__16_/SE
                                2.84           3.63 f        -0.78  (VIOLATED)
   div0/remainder_t_reg_20__17_/SE
                                2.84           3.63 f        -0.78  (VIOLATED)
   div6/remainder_t_reg_8__1_/SE
                                2.84           3.63 f        -0.78  (VIOLATED)
   div6/remainder_t_reg_8__2_/SE
                                2.84           3.63 f        -0.78  (VIOLATED)
   div6/remainder_t_reg_8__3_/SE
                                2.84           3.63 f        -0.78  (VIOLATED)
   div6/remainder_t_reg_8__4_/SE
                                2.84           3.63 f        -0.78  (VIOLATED)
   div6/remainder_t_reg_8__5_/SE
                                2.84           3.63 f        -0.78  (VIOLATED)
   div6/remainder_t_reg_8__6_/SE
                                2.84           3.63 f        -0.78  (VIOLATED)
   div6/remainder_t_reg_8__7_/SE
                                2.84           3.63 f        -0.78  (VIOLATED)
   div6/remainder_t_reg_8__8_/SE
                                2.84           3.63 f        -0.78  (VIOLATED)
   div6/remainder_t_reg_8__9_/SE
                                2.84           3.63 f        -0.78  (VIOLATED)
   div6/remainder_t_reg_8__10_/SE
                                2.84           3.63 f        -0.78  (VIOLATED)
   div6/remainder_t_reg_8__11_/SE
                                2.84           3.63 f        -0.78  (VIOLATED)
   div6/remainder_t_reg_8__12_/SE
                                2.84           3.63 f        -0.78  (VIOLATED)
   div6/remainder_t_reg_8__13_/SE
                                2.84           3.63 f        -0.78  (VIOLATED)
   div6/remainder_t_reg_8__14_/SE
                                2.84           3.63 f        -0.78  (VIOLATED)
   div6/remainder_t_reg_8__15_/SE
                                2.84           3.63 f        -0.78  (VIOLATED)
   div6/remainder_t_reg_8__16_/SE
                                2.84           3.63 f        -0.78  (VIOLATED)
   div6/remainder_t_reg_8__17_/SE
                                2.84           3.63 f        -0.78  (VIOLATED)
   div7/remainder_t_reg_12__1_/SE
                                2.84           3.63 f        -0.78  (VIOLATED)
   div7/remainder_t_reg_12__2_/SE
                                2.84           3.63 f        -0.78  (VIOLATED)
   div7/remainder_t_reg_12__3_/SE
                                2.84           3.63 f        -0.78  (VIOLATED)
   div7/remainder_t_reg_12__4_/SE
                                2.84           3.63 f        -0.78  (VIOLATED)
   div7/remainder_t_reg_12__5_/SE
                                2.84           3.63 f        -0.78  (VIOLATED)
   div7/remainder_t_reg_12__6_/SE
                                2.84           3.63 f        -0.78  (VIOLATED)
   div7/remainder_t_reg_12__7_/SE
                                2.84           3.63 f        -0.78  (VIOLATED)
   div7/remainder_t_reg_12__8_/SE
                                2.84           3.63 f        -0.78  (VIOLATED)
   div7/remainder_t_reg_12__9_/SE
                                2.84           3.63 f        -0.78  (VIOLATED)
   div7/remainder_t_reg_12__10_/SE
                                2.84           3.63 f        -0.78  (VIOLATED)
   div7/remainder_t_reg_12__11_/SE
                                2.84           3.63 f        -0.78  (VIOLATED)
   div7/remainder_t_reg_12__12_/SE
                                2.84           3.63 f        -0.78  (VIOLATED)
   div7/remainder_t_reg_12__13_/SE
                                2.84           3.63 f        -0.78  (VIOLATED)
   div7/remainder_t_reg_12__14_/SE
                                2.84           3.63 f        -0.78  (VIOLATED)
   div7/remainder_t_reg_12__15_/SE
                                2.84           3.63 f        -0.78  (VIOLATED)
   div7/remainder_t_reg_12__16_/SE
                                2.84           3.63 f        -0.78  (VIOLATED)
   div7/remainder_t_reg_12__17_/SE
                                2.84           3.63 f        -0.78  (VIOLATED)
   df_stage9_mul_reg_0__71_/D
                                2.94           3.72 r        -0.78  (VIOLATED)
   df_stage9_mul_reg_4__45_/D
                                2.94           3.72 r        -0.78  (VIOLATED)
   div7/remainder_t_reg_8__1_/SE
                                2.84           3.63 f        -0.78  (VIOLATED)
   div7/remainder_t_reg_8__2_/SE
                                2.84           3.63 f        -0.78  (VIOLATED)
   div7/remainder_t_reg_8__3_/SE
                                2.84           3.63 f        -0.78  (VIOLATED)
   div7/remainder_t_reg_8__4_/SE
                                2.84           3.63 f        -0.78  (VIOLATED)
   div7/remainder_t_reg_8__5_/SE
                                2.84           3.63 f        -0.78  (VIOLATED)
   div7/remainder_t_reg_8__6_/SE
                                2.84           3.63 f        -0.78  (VIOLATED)
   div7/remainder_t_reg_8__7_/SE
                                2.84           3.63 f        -0.78  (VIOLATED)
   div7/remainder_t_reg_8__8_/SE
                                2.84           3.63 f        -0.78  (VIOLATED)
   div7/remainder_t_reg_8__9_/SE
                                2.84           3.63 f        -0.78  (VIOLATED)
   div7/remainder_t_reg_8__10_/SE
                                2.84           3.63 f        -0.78  (VIOLATED)
   div7/remainder_t_reg_8__11_/SE
                                2.84           3.63 f        -0.78  (VIOLATED)
   div7/remainder_t_reg_8__12_/SE
                                2.84           3.63 f        -0.78  (VIOLATED)
   div7/remainder_t_reg_8__13_/SE
                                2.84           3.63 f        -0.78  (VIOLATED)
   div7/remainder_t_reg_8__14_/SE
                                2.84           3.63 f        -0.78  (VIOLATED)
   div7/remainder_t_reg_8__15_/SE
                                2.84           3.63 f        -0.78  (VIOLATED)
   div7/remainder_t_reg_8__16_/SE
                                2.84           3.63 f        -0.78  (VIOLATED)
   div7/remainder_t_reg_8__17_/SE
                                2.84           3.63 f        -0.78  (VIOLATED)
   df_stage3_mul_reg_1__21_/D
                                2.94           3.72 r        -0.78  (VIOLATED)
   bank1_proj_add_reg_18_/D     2.94           3.72 r        -0.78  (VIOLATED)
   qk_result_reg_1__18_/D       2.94           3.72 r        -0.78  (VIOLATED)
   df_stage5_mul_reg_7__29_/D
                                2.94           3.72 r        -0.78  (VIOLATED)
   bank2_proj_reg_reg_11_/D     2.94           3.72 r        -0.78  (VIOLATED)
   div2/remainder_t_reg_16__1_/SE
                                2.88           3.65 r        -0.78  (VIOLATED)
   div2/remainder_t_reg_16__2_/SE
                                2.88           3.65 r        -0.78  (VIOLATED)
   div2/remainder_t_reg_16__3_/SE
                                2.88           3.65 r        -0.78  (VIOLATED)
   div2/remainder_t_reg_16__4_/SE
                                2.88           3.65 r        -0.78  (VIOLATED)
   div2/remainder_t_reg_16__5_/SE
                                2.88           3.65 r        -0.78  (VIOLATED)
   div2/remainder_t_reg_16__6_/SE
                                2.88           3.65 r        -0.78  (VIOLATED)
   div2/remainder_t_reg_16__7_/SE
                                2.88           3.65 r        -0.78  (VIOLATED)
   div2/remainder_t_reg_16__8_/SE
                                2.88           3.65 r        -0.78  (VIOLATED)
   div2/remainder_t_reg_16__9_/SE
                                2.88           3.65 r        -0.78  (VIOLATED)
   div2/remainder_t_reg_16__10_/SE
                                2.88           3.65 r        -0.78  (VIOLATED)
   div2/remainder_t_reg_16__11_/SE
                                2.88           3.65 r        -0.78  (VIOLATED)
   div2/remainder_t_reg_16__12_/SE
                                2.88           3.65 r        -0.78  (VIOLATED)
   div2/remainder_t_reg_16__13_/SE
                                2.88           3.65 r        -0.78  (VIOLATED)
   div2/remainder_t_reg_16__14_/SE
                                2.88           3.65 r        -0.78  (VIOLATED)
   div2/remainder_t_reg_16__15_/SE
                                2.88           3.65 r        -0.78  (VIOLATED)
   div2/remainder_t_reg_16__16_/SE
                                2.88           3.65 r        -0.78  (VIOLATED)
   div2/remainder_t_reg_16__17_/SE
                                2.88           3.65 r        -0.78  (VIOLATED)
   div1/remainder_t_reg_20__1_/SE
                                2.84           3.62 f        -0.77  (VIOLATED)
   div1/remainder_t_reg_20__2_/SE
                                2.84           3.62 f        -0.77  (VIOLATED)
   div1/remainder_t_reg_20__3_/SE
                                2.84           3.62 f        -0.77  (VIOLATED)
   div1/remainder_t_reg_20__4_/SE
                                2.84           3.62 f        -0.77  (VIOLATED)
   div1/remainder_t_reg_20__5_/SE
                                2.84           3.62 f        -0.77  (VIOLATED)
   div1/remainder_t_reg_20__6_/SE
                                2.84           3.62 f        -0.77  (VIOLATED)
   div1/remainder_t_reg_20__7_/SE
                                2.84           3.62 f        -0.77  (VIOLATED)
   div1/remainder_t_reg_20__8_/SE
                                2.84           3.62 f        -0.77  (VIOLATED)
   div1/remainder_t_reg_20__9_/SE
                                2.84           3.62 f        -0.77  (VIOLATED)
   div1/remainder_t_reg_20__10_/SE
                                2.84           3.62 f        -0.77  (VIOLATED)
   div1/remainder_t_reg_20__11_/SE
                                2.84           3.62 f        -0.77  (VIOLATED)
   div1/remainder_t_reg_20__12_/SE
                                2.84           3.62 f        -0.77  (VIOLATED)
   div1/remainder_t_reg_20__13_/SE
                                2.84           3.62 f        -0.77  (VIOLATED)
   div1/remainder_t_reg_20__14_/SE
                                2.84           3.62 f        -0.77  (VIOLATED)
   div1/remainder_t_reg_20__15_/SE
                                2.84           3.62 f        -0.77  (VIOLATED)
   div1/remainder_t_reg_20__16_/SE
                                2.84           3.62 f        -0.77  (VIOLATED)
   div1/remainder_t_reg_20__17_/SE
                                2.84           3.62 f        -0.77  (VIOLATED)
   div0/remainder_t_reg_8__1_/SE
                                2.84           3.62 f        -0.77  (VIOLATED)
   div0/remainder_t_reg_8__2_/SE
                                2.84           3.62 f        -0.77  (VIOLATED)
   div0/remainder_t_reg_8__3_/SE
                                2.84           3.62 f        -0.77  (VIOLATED)
   div0/remainder_t_reg_8__4_/SE
                                2.84           3.62 f        -0.77  (VIOLATED)
   div0/remainder_t_reg_8__5_/SE
                                2.84           3.62 f        -0.77  (VIOLATED)
   div0/remainder_t_reg_8__6_/SE
                                2.84           3.62 f        -0.77  (VIOLATED)
   div0/remainder_t_reg_8__7_/SE
                                2.84           3.62 f        -0.77  (VIOLATED)
   div0/remainder_t_reg_8__8_/SE
                                2.84           3.62 f        -0.77  (VIOLATED)
   div0/remainder_t_reg_8__9_/SE
                                2.84           3.62 f        -0.77  (VIOLATED)
   div0/remainder_t_reg_8__10_/SE
                                2.84           3.62 f        -0.77  (VIOLATED)
   div0/remainder_t_reg_8__11_/SE
                                2.84           3.62 f        -0.77  (VIOLATED)
   div0/remainder_t_reg_8__12_/SE
                                2.84           3.62 f        -0.77  (VIOLATED)
   div0/remainder_t_reg_8__13_/SE
                                2.84           3.62 f        -0.77  (VIOLATED)
   div0/remainder_t_reg_8__14_/SE
                                2.84           3.62 f        -0.77  (VIOLATED)
   div0/remainder_t_reg_8__15_/SE
                                2.84           3.62 f        -0.77  (VIOLATED)
   div0/remainder_t_reg_8__16_/SE
                                2.84           3.62 f        -0.77  (VIOLATED)
   div0/remainder_t_reg_8__17_/SE
                                2.84           3.62 f        -0.77  (VIOLATED)
   token_x_nor_result_reg_7__19_/D
                                2.93           3.71 r        -0.77  (VIOLATED)
   div5/remainder_t_reg_12__1_/SE
                                2.84           3.62 f        -0.77  (VIOLATED)
   div5/remainder_t_reg_12__2_/SE
                                2.84           3.62 f        -0.77  (VIOLATED)
   div5/remainder_t_reg_12__3_/SE
                                2.84           3.62 f        -0.77  (VIOLATED)
   div5/remainder_t_reg_12__4_/SE
                                2.84           3.62 f        -0.77  (VIOLATED)
   div5/remainder_t_reg_12__5_/SE
                                2.84           3.62 f        -0.77  (VIOLATED)
   div5/remainder_t_reg_12__6_/SE
                                2.84           3.62 f        -0.77  (VIOLATED)
   div5/remainder_t_reg_12__7_/SE
                                2.84           3.62 f        -0.77  (VIOLATED)
   div5/remainder_t_reg_12__8_/SE
                                2.84           3.62 f        -0.77  (VIOLATED)
   div5/remainder_t_reg_12__9_/SE
                                2.84           3.62 f        -0.77  (VIOLATED)
   div5/remainder_t_reg_12__10_/SE
                                2.84           3.62 f        -0.77  (VIOLATED)
   div5/remainder_t_reg_12__11_/SE
                                2.84           3.62 f        -0.77  (VIOLATED)
   div5/remainder_t_reg_12__12_/SE
                                2.84           3.62 f        -0.77  (VIOLATED)
   div5/remainder_t_reg_12__13_/SE
                                2.84           3.62 f        -0.77  (VIOLATED)
   div5/remainder_t_reg_12__14_/SE
                                2.84           3.62 f        -0.77  (VIOLATED)
   div5/remainder_t_reg_12__15_/SE
                                2.84           3.62 f        -0.77  (VIOLATED)
   div5/remainder_t_reg_12__16_/SE
                                2.84           3.62 f        -0.77  (VIOLATED)
   div5/remainder_t_reg_12__17_/SE
                                2.84           3.62 f        -0.77  (VIOLATED)
   df_stage5_mul_reg_5__28_/D
                                2.94           3.71 r        -0.77  (VIOLATED)
   bank0_proj_reg_reg_12_/D     2.94           3.71 r        -0.77  (VIOLATED)
   df_stage3_mul_reg_1__20_/D
                                2.96           3.73 f        -0.77  (VIOLATED)
   div7/remainder_t_reg_16__1_/SE
                                2.84           3.61 f        -0.77  (VIOLATED)
   div7/remainder_t_reg_16__2_/SE
                                2.84           3.61 f        -0.77  (VIOLATED)
   div7/remainder_t_reg_16__3_/SE
                                2.84           3.61 f        -0.77  (VIOLATED)
   div7/remainder_t_reg_16__4_/SE
                                2.84           3.61 f        -0.77  (VIOLATED)
   div7/remainder_t_reg_16__5_/SE
                                2.84           3.61 f        -0.77  (VIOLATED)
   div7/remainder_t_reg_16__6_/SE
                                2.84           3.61 f        -0.77  (VIOLATED)
   div7/remainder_t_reg_16__7_/SE
                                2.84           3.61 f        -0.77  (VIOLATED)
   div7/remainder_t_reg_16__8_/SE
                                2.84           3.61 f        -0.77  (VIOLATED)
   div7/remainder_t_reg_16__9_/SE
                                2.84           3.61 f        -0.77  (VIOLATED)
   div7/remainder_t_reg_16__10_/SE
                                2.84           3.61 f        -0.77  (VIOLATED)
   div7/remainder_t_reg_16__11_/SE
                                2.84           3.61 f        -0.77  (VIOLATED)
   div7/remainder_t_reg_16__12_/SE
                                2.84           3.61 f        -0.77  (VIOLATED)
   div7/remainder_t_reg_16__13_/SE
                                2.84           3.61 f        -0.77  (VIOLATED)
   div7/remainder_t_reg_16__14_/SE
                                2.84           3.61 f        -0.77  (VIOLATED)
   div7/remainder_t_reg_16__15_/SE
                                2.84           3.61 f        -0.77  (VIOLATED)
   div7/remainder_t_reg_16__16_/SE
                                2.84           3.61 f        -0.77  (VIOLATED)
   div7/remainder_t_reg_16__17_/SE
                                2.84           3.61 f        -0.77  (VIOLATED)
   bank3_proj_reg_reg_11_/D     2.94           3.71 r        -0.77  (VIOLATED)
   div0/remainder_t_reg_16__1_/SE
                                2.88           3.65 r        -0.77  (VIOLATED)
   div0/remainder_t_reg_16__2_/SE
                                2.88           3.65 r        -0.77  (VIOLATED)
   div0/remainder_t_reg_16__3_/SE
                                2.88           3.65 r        -0.77  (VIOLATED)
   div0/remainder_t_reg_16__4_/SE
                                2.88           3.65 r        -0.77  (VIOLATED)
   div0/remainder_t_reg_16__5_/SE
                                2.88           3.65 r        -0.77  (VIOLATED)
   div0/remainder_t_reg_16__6_/SE
                                2.88           3.65 r        -0.77  (VIOLATED)
   div0/remainder_t_reg_16__7_/SE
                                2.88           3.65 r        -0.77  (VIOLATED)
   div0/remainder_t_reg_16__8_/SE
                                2.88           3.65 r        -0.77  (VIOLATED)
   div0/remainder_t_reg_16__9_/SE
                                2.88           3.65 r        -0.77  (VIOLATED)
   div0/remainder_t_reg_16__10_/SE
                                2.88           3.65 r        -0.77  (VIOLATED)
   div0/remainder_t_reg_16__11_/SE
                                2.88           3.65 r        -0.77  (VIOLATED)
   div0/remainder_t_reg_16__12_/SE
                                2.88           3.65 r        -0.77  (VIOLATED)
   div0/remainder_t_reg_16__13_/SE
                                2.88           3.65 r        -0.77  (VIOLATED)
   div0/remainder_t_reg_16__14_/SE
                                2.88           3.65 r        -0.77  (VIOLATED)
   div0/remainder_t_reg_16__15_/SE
                                2.88           3.65 r        -0.77  (VIOLATED)
   div0/remainder_t_reg_16__16_/SE
                                2.88           3.65 r        -0.77  (VIOLATED)
   div0/remainder_t_reg_16__17_/SE
                                2.88           3.65 r        -0.77  (VIOLATED)
   df_stage5_mul_reg_6__28_/D
                                2.94           3.71 r        -0.77  (VIOLATED)
   df_stage9_mul_reg_1__73_/D
                                2.94           3.70 r        -0.76  (VIOLATED)
   df_stage5_mul_reg_0__29_/D
                                2.94           3.71 r        -0.76  (VIOLATED)
   bank0_proj_add_reg_13_/D     2.94           3.70 r        -0.76  (VIOLATED)
   qk_result_reg_0__13_/D       2.94           3.70 r        -0.76  (VIOLATED)
   bank2_proj_add_reg_13_/D     2.94           3.70 r        -0.76  (VIOLATED)
   qk_result_reg_2__13_/D       2.94           3.70 r        -0.76  (VIOLATED)
   token_x_nor_result_reg_6__19_/D
                                2.94           3.70 r        -0.76  (VIOLATED)
   bank3_proj_reg_reg_12_/D     2.94           3.70 r        -0.76  (VIOLATED)
   df_stage9_mul_reg_2__73_/D
                                2.94           3.70 r        -0.76  (VIOLATED)
   div4/remainder_t_reg_20__1_/SE
                                2.84           3.60 f        -0.76  (VIOLATED)
   div4/remainder_t_reg_20__2_/SE
                                2.84           3.60 f        -0.76  (VIOLATED)
   div4/remainder_t_reg_20__3_/SE
                                2.84           3.60 f        -0.76  (VIOLATED)
   div4/remainder_t_reg_20__4_/SE
                                2.84           3.60 f        -0.76  (VIOLATED)
   div4/remainder_t_reg_20__5_/SE
                                2.84           3.60 f        -0.76  (VIOLATED)
   div4/remainder_t_reg_20__6_/SE
                                2.84           3.60 f        -0.76  (VIOLATED)
   div4/remainder_t_reg_20__7_/SE
                                2.84           3.60 f        -0.76  (VIOLATED)
   div4/remainder_t_reg_20__8_/SE
                                2.84           3.60 f        -0.76  (VIOLATED)
   div4/remainder_t_reg_20__9_/SE
                                2.84           3.60 f        -0.76  (VIOLATED)
   div4/remainder_t_reg_20__10_/SE
                                2.84           3.60 f        -0.76  (VIOLATED)
   div4/remainder_t_reg_20__11_/SE
                                2.84           3.60 f        -0.76  (VIOLATED)
   div4/remainder_t_reg_20__12_/SE
                                2.84           3.60 f        -0.76  (VIOLATED)
   div4/remainder_t_reg_20__13_/SE
                                2.84           3.60 f        -0.76  (VIOLATED)
   div4/remainder_t_reg_20__14_/SE
                                2.84           3.60 f        -0.76  (VIOLATED)
   div4/remainder_t_reg_20__15_/SE
                                2.84           3.60 f        -0.76  (VIOLATED)
   div4/remainder_t_reg_20__16_/SE
                                2.84           3.60 f        -0.76  (VIOLATED)
   div4/remainder_t_reg_20__17_/SE
                                2.84           3.60 f        -0.76  (VIOLATED)
   df_stage5_mul_reg_3__29_/D
                                2.94           3.70 r        -0.76  (VIOLATED)
   bank0_proj_add_reg_14_/D     2.94           3.70 r        -0.76  (VIOLATED)
   qk_result_reg_0__14_/D       2.94           3.70 r        -0.76  (VIOLATED)
   div4/remainder_t_reg_8__1_/SE
                                2.84           3.60 f        -0.76  (VIOLATED)
   div4/remainder_t_reg_8__2_/SE
                                2.84           3.60 f        -0.76  (VIOLATED)
   div4/remainder_t_reg_8__3_/SE
                                2.84           3.60 f        -0.76  (VIOLATED)
   div4/remainder_t_reg_8__4_/SE
                                2.84           3.60 f        -0.76  (VIOLATED)
   div4/remainder_t_reg_8__5_/SE
                                2.84           3.60 f        -0.76  (VIOLATED)
   div4/remainder_t_reg_8__6_/SE
                                2.84           3.60 f        -0.76  (VIOLATED)
   div4/remainder_t_reg_8__7_/SE
                                2.84           3.60 f        -0.76  (VIOLATED)
   div4/remainder_t_reg_8__8_/SE
                                2.84           3.60 f        -0.76  (VIOLATED)
   div4/remainder_t_reg_8__9_/SE
                                2.84           3.60 f        -0.76  (VIOLATED)
   div4/remainder_t_reg_8__10_/SE
                                2.84           3.60 f        -0.76  (VIOLATED)
   div4/remainder_t_reg_8__11_/SE
                                2.84           3.60 f        -0.76  (VIOLATED)
   div4/remainder_t_reg_8__12_/SE
                                2.84           3.60 f        -0.76  (VIOLATED)
   div4/remainder_t_reg_8__13_/SE
                                2.84           3.60 f        -0.76  (VIOLATED)
   div4/remainder_t_reg_8__14_/SE
                                2.84           3.60 f        -0.76  (VIOLATED)
   div4/remainder_t_reg_8__15_/SE
                                2.84           3.60 f        -0.76  (VIOLATED)
   div4/remainder_t_reg_8__16_/SE
                                2.84           3.60 f        -0.76  (VIOLATED)
   div4/remainder_t_reg_8__17_/SE
                                2.84           3.60 f        -0.76  (VIOLATED)
   bank2_proj_add_reg_14_/D     2.94           3.70 r        -0.76  (VIOLATED)
   qk_result_reg_2__14_/D       2.94           3.70 r        -0.76  (VIOLATED)
   df_stage5_mul_reg_4__29_/D
                                2.94           3.70 r        -0.76  (VIOLATED)
   token_x_nor_result_reg_6__18_/D
                                2.94           3.70 r        -0.76  (VIOLATED)
   df_stage5_mul_reg_1__28_/D
                                2.94           3.70 r        -0.76  (VIOLATED)
   bank0_proj_add_reg_16_/D     2.94           3.70 r        -0.76  (VIOLATED)
   qk_result_reg_0__16_/D       2.94           3.70 r        -0.76  (VIOLATED)
   bank2_proj_add_reg_16_/D     2.94           3.70 r        -0.76  (VIOLATED)
   qk_result_reg_2__16_/D       2.94           3.70 r        -0.76  (VIOLATED)
   df_stage5_mul_reg_5__29_/D
                                2.94           3.70 r        -0.76  (VIOLATED)
   bank1_proj_reg_reg_12_/D     2.94           3.70 r        -0.75  (VIOLATED)
   df_stage9_mul_reg_7__47_/D
                                2.94           3.70 r        -0.75  (VIOLATED)
   df_stage5_mul_reg_2__29_/D
                                2.94           3.69 r        -0.75  (VIOLATED)
   df_stage3_mul_reg_7__21_/D
                                2.96           3.71 f        -0.75  (VIOLATED)
   df_stage3_mul_reg_3__20_/D
                                2.94           3.69 r        -0.75  (VIOLATED)
   bank3_proj_add_reg_16_/D     2.94           3.69 r        -0.75  (VIOLATED)
   qk_result_reg_3__16_/D       2.94           3.69 r        -0.75  (VIOLATED)
   df_stage5_mul_reg_6__29_/D
                                2.94           3.69 r        -0.75  (VIOLATED)
   div3/remainder_t_reg_20__1_/SE
                                2.84           3.59 f        -0.75  (VIOLATED)
   div3/remainder_t_reg_20__2_/SE
                                2.84           3.59 f        -0.75  (VIOLATED)
   div3/remainder_t_reg_20__3_/SE
                                2.84           3.59 f        -0.75  (VIOLATED)
   div3/remainder_t_reg_20__4_/SE
                                2.84           3.59 f        -0.75  (VIOLATED)
   div3/remainder_t_reg_20__5_/SE
                                2.84           3.59 f        -0.75  (VIOLATED)
   div3/remainder_t_reg_20__6_/SE
                                2.84           3.59 f        -0.75  (VIOLATED)
   div3/remainder_t_reg_20__7_/SE
                                2.84           3.59 f        -0.75  (VIOLATED)
   div3/remainder_t_reg_20__8_/SE
                                2.84           3.59 f        -0.75  (VIOLATED)
   div3/remainder_t_reg_20__9_/SE
                                2.84           3.59 f        -0.75  (VIOLATED)
   div3/remainder_t_reg_20__10_/SE
                                2.84           3.59 f        -0.75  (VIOLATED)
   div3/remainder_t_reg_20__11_/SE
                                2.84           3.59 f        -0.75  (VIOLATED)
   div3/remainder_t_reg_20__12_/SE
                                2.84           3.59 f        -0.75  (VIOLATED)
   div3/remainder_t_reg_20__13_/SE
                                2.84           3.59 f        -0.75  (VIOLATED)
   div3/remainder_t_reg_20__14_/SE
                                2.84           3.59 f        -0.75  (VIOLATED)
   div3/remainder_t_reg_20__15_/SE
                                2.84           3.59 f        -0.75  (VIOLATED)
   div3/remainder_t_reg_20__16_/SE
                                2.84           3.59 f        -0.75  (VIOLATED)
   div3/remainder_t_reg_20__17_/SE
                                2.84           3.59 f        -0.75  (VIOLATED)
   bank3_proj_add_reg_13_/D     2.94           3.69 r        -0.75  (VIOLATED)
   qk_result_reg_3__13_/D       2.94           3.69 r        -0.75  (VIOLATED)
   df_stage9_mul_reg_5__47_/D
                                2.94           3.69 r        -0.75  (VIOLATED)
   token_x_nor_result_reg_0__19_/D
                                2.93           3.68 r        -0.74  (VIOLATED)
   div5/remainder_t_reg_20__1_/SE
                                2.84           3.59 f        -0.74  (VIOLATED)
   div5/remainder_t_reg_20__2_/SE
                                2.84           3.59 f        -0.74  (VIOLATED)
   div5/remainder_t_reg_20__3_/SE
                                2.84           3.59 f        -0.74  (VIOLATED)
   div5/remainder_t_reg_20__4_/SE
                                2.84           3.59 f        -0.74  (VIOLATED)
   div5/remainder_t_reg_20__5_/SE
                                2.84           3.59 f        -0.74  (VIOLATED)
   div5/remainder_t_reg_20__6_/SE
                                2.84           3.59 f        -0.74  (VIOLATED)
   div5/remainder_t_reg_20__7_/SE
                                2.84           3.59 f        -0.74  (VIOLATED)
   div5/remainder_t_reg_20__8_/SE
                                2.84           3.59 f        -0.74  (VIOLATED)
   div5/remainder_t_reg_20__9_/SE
                                2.84           3.59 f        -0.74  (VIOLATED)
   div5/remainder_t_reg_20__10_/SE
                                2.84           3.59 f        -0.74  (VIOLATED)
   div5/remainder_t_reg_20__11_/SE
                                2.84           3.59 f        -0.74  (VIOLATED)
   div5/remainder_t_reg_20__12_/SE
                                2.84           3.59 f        -0.74  (VIOLATED)
   div5/remainder_t_reg_20__13_/SE
                                2.84           3.59 f        -0.74  (VIOLATED)
   div5/remainder_t_reg_20__14_/SE
                                2.84           3.59 f        -0.74  (VIOLATED)
   div5/remainder_t_reg_20__15_/SE
                                2.84           3.59 f        -0.74  (VIOLATED)
   div5/remainder_t_reg_20__16_/SE
                                2.84           3.59 f        -0.74  (VIOLATED)
   div5/remainder_t_reg_20__17_/SE
                                2.84           3.59 f        -0.74  (VIOLATED)
   bank3_proj_add_reg_14_/D     2.94           3.68 r        -0.74  (VIOLATED)
   qk_result_reg_3__14_/D       2.94           3.68 r        -0.74  (VIOLATED)
   df_stage9_mul_reg_2__71_/D
                                2.94           3.68 r        -0.74  (VIOLATED)
   df_stage9_mul_reg_3__73_/D
                                2.94           3.68 r        -0.74  (VIOLATED)
   div3/remainder_t_reg_12__1_/SE
                                2.84           3.59 f        -0.74  (VIOLATED)
   div3/remainder_t_reg_12__2_/SE
                                2.84           3.59 f        -0.74  (VIOLATED)
   div3/remainder_t_reg_12__3_/SE
                                2.84           3.59 f        -0.74  (VIOLATED)
   div3/remainder_t_reg_12__4_/SE
                                2.84           3.59 f        -0.74  (VIOLATED)
   div3/remainder_t_reg_12__5_/SE
                                2.84           3.59 f        -0.74  (VIOLATED)
   div3/remainder_t_reg_12__6_/SE
                                2.84           3.59 f        -0.74  (VIOLATED)
   div3/remainder_t_reg_12__7_/SE
                                2.84           3.59 f        -0.74  (VIOLATED)
   div3/remainder_t_reg_12__8_/SE
                                2.84           3.59 f        -0.74  (VIOLATED)
   div3/remainder_t_reg_12__9_/SE
                                2.84           3.59 f        -0.74  (VIOLATED)
   div3/remainder_t_reg_12__10_/SE
                                2.84           3.59 f        -0.74  (VIOLATED)
   div3/remainder_t_reg_12__11_/SE
                                2.84           3.59 f        -0.74  (VIOLATED)
   div3/remainder_t_reg_12__12_/SE
                                2.84           3.59 f        -0.74  (VIOLATED)
   div3/remainder_t_reg_12__13_/SE
                                2.84           3.59 f        -0.74  (VIOLATED)
   div3/remainder_t_reg_12__14_/SE
                                2.84           3.59 f        -0.74  (VIOLATED)
   div3/remainder_t_reg_12__15_/SE
                                2.84           3.59 f        -0.74  (VIOLATED)
   div3/remainder_t_reg_12__16_/SE
                                2.84           3.59 f        -0.74  (VIOLATED)
   div3/remainder_t_reg_12__17_/SE
                                2.84           3.59 f        -0.74  (VIOLATED)
   df_stage5_mul_reg_1__29_/D
                                2.94           3.68 r        -0.74  (VIOLATED)
   token_x_nor_result_reg_1__18_/D
                                2.94           3.68 r        -0.74  (VIOLATED)
   token_x_nor_result_reg_3__18_/D
                                2.94           3.68 r        -0.74  (VIOLATED)
   token_x_nor_result_reg_2__18_/D
                                2.94           3.68 r        -0.74  (VIOLATED)
   df_stage5_mul_reg_2__27_/D
                                2.94           3.68 r        -0.74  (VIOLATED)
   bank1_proj_add_reg_13_/D     2.94           3.68 r        -0.74  (VIOLATED)
   qk_result_reg_1__13_/D       2.94           3.68 r        -0.74  (VIOLATED)
   div1/remainder_t_reg_16__1_/SE
                                2.84           3.58 f        -0.74  (VIOLATED)
   div1/remainder_t_reg_16__2_/SE
                                2.84           3.58 f        -0.74  (VIOLATED)
   div1/remainder_t_reg_16__3_/SE
                                2.84           3.58 f        -0.74  (VIOLATED)
   div1/remainder_t_reg_16__4_/SE
                                2.84           3.58 f        -0.74  (VIOLATED)
   div1/remainder_t_reg_16__5_/SE
                                2.84           3.58 f        -0.74  (VIOLATED)
   div1/remainder_t_reg_16__6_/SE
                                2.84           3.58 f        -0.74  (VIOLATED)
   div1/remainder_t_reg_16__7_/SE
                                2.84           3.58 f        -0.74  (VIOLATED)
   div1/remainder_t_reg_16__8_/SE
                                2.84           3.58 f        -0.74  (VIOLATED)
   div1/remainder_t_reg_16__9_/SE
                                2.84           3.58 f        -0.74  (VIOLATED)
   div1/remainder_t_reg_16__10_/SE
                                2.84           3.58 f        -0.74  (VIOLATED)
   div1/remainder_t_reg_16__11_/SE
                                2.84           3.58 f        -0.74  (VIOLATED)
   div1/remainder_t_reg_16__12_/SE
                                2.84           3.58 f        -0.74  (VIOLATED)
   div1/remainder_t_reg_16__13_/SE
                                2.84           3.58 f        -0.74  (VIOLATED)
   div1/remainder_t_reg_16__14_/SE
                                2.84           3.58 f        -0.74  (VIOLATED)
   div1/remainder_t_reg_16__15_/SE
                                2.84           3.58 f        -0.74  (VIOLATED)
   div1/remainder_t_reg_16__16_/SE
                                2.84           3.58 f        -0.74  (VIOLATED)
   div1/remainder_t_reg_16__17_/SE
                                2.84           3.58 f        -0.74  (VIOLATED)
   token_x_nor_result_reg_4__19_/D
                                2.94           3.68 r        -0.74  (VIOLATED)
   token_x_nor_result_reg_5__19_/D
                                2.94           3.68 r        -0.74  (VIOLATED)
   bank1_proj_add_reg_14_/D     2.94           3.68 r        -0.74  (VIOLATED)
   qk_result_reg_1__14_/D       2.94           3.68 r        -0.74  (VIOLATED)
   qk_result_head_reg_0__24_/D
                                2.94           3.67 r        -0.74  (VIOLATED)
   div2/merchant_t_reg_16__0_/D
                                2.91           3.64 r        -0.73  (VIOLATED)
   bank1_proj_add_reg_16_/D     2.94           3.67 r        -0.73  (VIOLATED)
   qk_result_reg_1__16_/D       2.94           3.67 r        -0.73  (VIOLATED)
   df_stage3_mul_reg_5__19_/D
                                2.94           3.68 r        -0.73  (VIOLATED)
   token_x_nor_result_reg_4__18_/D
                                2.94           3.67 r        -0.73  (VIOLATED)
   token_x_nor_result_reg_5__18_/D
                                2.94           3.67 r        -0.73  (VIOLATED)
   qk_result_head_reg_0__23_/D
                                2.94           3.67 r        -0.73  (VIOLATED)
   bank0_proj_reg_reg_10_/D     2.94           3.67 r        -0.73  (VIOLATED)
   token_x_nor_result_reg_1__19_/D
                                2.96           3.69 f        -0.73  (VIOLATED)
   token_x_nor_result_reg_3__19_/D
                                2.96           3.69 f        -0.73  (VIOLATED)
   token_x_nor_result_reg_2__19_/D
                                2.96           3.69 f        -0.73  (VIOLATED)
   div1/remainder_t_reg_12__1_/SE
                                2.84           3.57 f        -0.73  (VIOLATED)
   div1/remainder_t_reg_12__2_/SE
                                2.84           3.57 f        -0.73  (VIOLATED)
   div1/remainder_t_reg_12__3_/SE
                                2.84           3.57 f        -0.73  (VIOLATED)
   div1/remainder_t_reg_12__4_/SE
                                2.84           3.57 f        -0.73  (VIOLATED)
   div1/remainder_t_reg_12__5_/SE
                                2.84           3.57 f        -0.73  (VIOLATED)
   div1/remainder_t_reg_12__6_/SE
                                2.84           3.57 f        -0.73  (VIOLATED)
   div1/remainder_t_reg_12__7_/SE
                                2.84           3.57 f        -0.73  (VIOLATED)
   div1/remainder_t_reg_12__8_/SE
                                2.84           3.57 f        -0.73  (VIOLATED)
   div1/remainder_t_reg_12__9_/SE
                                2.84           3.57 f        -0.73  (VIOLATED)
   div1/remainder_t_reg_12__10_/SE
                                2.84           3.57 f        -0.73  (VIOLATED)
   div1/remainder_t_reg_12__11_/SE
                                2.84           3.57 f        -0.73  (VIOLATED)
   div1/remainder_t_reg_12__12_/SE
                                2.84           3.57 f        -0.73  (VIOLATED)
   div1/remainder_t_reg_12__13_/SE
                                2.84           3.57 f        -0.73  (VIOLATED)
   div1/remainder_t_reg_12__14_/SE
                                2.84           3.57 f        -0.73  (VIOLATED)
   div1/remainder_t_reg_12__15_/SE
                                2.84           3.57 f        -0.73  (VIOLATED)
   div1/remainder_t_reg_12__16_/SE
                                2.84           3.57 f        -0.73  (VIOLATED)
   div1/remainder_t_reg_12__17_/SE
                                2.84           3.57 f        -0.73  (VIOLATED)
   bank2_proj_reg_reg_12_/D     2.94           3.67 r        -0.73  (VIOLATED)
   div0/merchant_t_reg_16__0_/D
                                2.91           3.63 r        -0.73  (VIOLATED)
   df_stage7_mul_reg_7__34_/D
                                2.94           3.67 r        -0.72  (VIOLATED)
   div2/remainder_t_reg_20__1_/SE
                                2.84           3.57 f        -0.72  (VIOLATED)
   div2/remainder_t_reg_20__2_/SE
                                2.84           3.57 f        -0.72  (VIOLATED)
   div2/remainder_t_reg_20__3_/SE
                                2.84           3.57 f        -0.72  (VIOLATED)
   div2/remainder_t_reg_20__4_/SE
                                2.84           3.57 f        -0.72  (VIOLATED)
   div2/remainder_t_reg_20__5_/SE
                                2.84           3.57 f        -0.72  (VIOLATED)
   div2/remainder_t_reg_20__6_/SE
                                2.84           3.57 f        -0.72  (VIOLATED)
   div2/remainder_t_reg_20__7_/SE
                                2.84           3.57 f        -0.72  (VIOLATED)
   div2/remainder_t_reg_20__8_/SE
                                2.84           3.57 f        -0.72  (VIOLATED)
   div2/remainder_t_reg_20__9_/SE
                                2.84           3.57 f        -0.72  (VIOLATED)
   div2/remainder_t_reg_20__10_/SE
                                2.84           3.57 f        -0.72  (VIOLATED)
   div2/remainder_t_reg_20__11_/SE
                                2.84           3.57 f        -0.72  (VIOLATED)
   div2/remainder_t_reg_20__12_/SE
                                2.84           3.57 f        -0.72  (VIOLATED)
   div2/remainder_t_reg_20__13_/SE
                                2.84           3.57 f        -0.72  (VIOLATED)
   div2/remainder_t_reg_20__14_/SE
                                2.84           3.57 f        -0.72  (VIOLATED)
   div2/remainder_t_reg_20__15_/SE
                                2.84           3.57 f        -0.72  (VIOLATED)
   div2/remainder_t_reg_20__16_/SE
                                2.84           3.57 f        -0.72  (VIOLATED)
   div2/remainder_t_reg_20__17_/SE
                                2.84           3.57 f        -0.72  (VIOLATED)
   div1/remainder_t_reg_8__1_/SE
                                2.84           3.57 f        -0.72  (VIOLATED)
   div1/remainder_t_reg_8__2_/SE
                                2.84           3.57 f        -0.72  (VIOLATED)
   div1/remainder_t_reg_8__3_/SE
                                2.84           3.57 f        -0.72  (VIOLATED)
   div1/remainder_t_reg_8__4_/SE
                                2.84           3.57 f        -0.72  (VIOLATED)
   div1/remainder_t_reg_8__5_/SE
                                2.84           3.57 f        -0.72  (VIOLATED)
   div1/remainder_t_reg_8__6_/SE
                                2.84           3.57 f        -0.72  (VIOLATED)
   div1/remainder_t_reg_8__7_/SE
                                2.84           3.57 f        -0.72  (VIOLATED)
   div1/remainder_t_reg_8__8_/SE
                                2.84           3.57 f        -0.72  (VIOLATED)
   div1/remainder_t_reg_8__9_/SE
                                2.84           3.57 f        -0.72  (VIOLATED)
   div1/remainder_t_reg_8__10_/SE
                                2.84           3.57 f        -0.72  (VIOLATED)
   div1/remainder_t_reg_8__11_/SE
                                2.84           3.57 f        -0.72  (VIOLATED)
   div1/remainder_t_reg_8__12_/SE
                                2.84           3.57 f        -0.72  (VIOLATED)
   div1/remainder_t_reg_8__13_/SE
                                2.84           3.57 f        -0.72  (VIOLATED)
   div1/remainder_t_reg_8__14_/SE
                                2.84           3.57 f        -0.72  (VIOLATED)
   div1/remainder_t_reg_8__15_/SE
                                2.84           3.57 f        -0.72  (VIOLATED)
   div1/remainder_t_reg_8__16_/SE
                                2.84           3.57 f        -0.72  (VIOLATED)
   div1/remainder_t_reg_8__17_/SE
                                2.84           3.57 f        -0.72  (VIOLATED)
   div4/remainder_t_reg_16__1_/SE
                                2.88           3.60 r        -0.72  (VIOLATED)
   div4/remainder_t_reg_16__2_/SE
                                2.88           3.60 r        -0.72  (VIOLATED)
   div4/remainder_t_reg_16__3_/SE
                                2.88           3.60 r        -0.72  (VIOLATED)
   div4/remainder_t_reg_16__4_/SE
                                2.88           3.60 r        -0.72  (VIOLATED)
   div4/remainder_t_reg_16__5_/SE
                                2.88           3.60 r        -0.72  (VIOLATED)
   div4/remainder_t_reg_16__6_/SE
                                2.88           3.60 r        -0.72  (VIOLATED)
   div4/remainder_t_reg_16__7_/SE
                                2.88           3.60 r        -0.72  (VIOLATED)
   div4/remainder_t_reg_16__8_/SE
                                2.88           3.60 r        -0.72  (VIOLATED)
   div4/remainder_t_reg_16__9_/SE
                                2.88           3.60 r        -0.72  (VIOLATED)
   div4/remainder_t_reg_16__10_/SE
                                2.88           3.60 r        -0.72  (VIOLATED)
   div4/remainder_t_reg_16__11_/SE
                                2.88           3.60 r        -0.72  (VIOLATED)
   div4/remainder_t_reg_16__12_/SE
                                2.88           3.60 r        -0.72  (VIOLATED)
   div4/remainder_t_reg_16__13_/SE
                                2.88           3.60 r        -0.72  (VIOLATED)
   div4/remainder_t_reg_16__14_/SE
                                2.88           3.60 r        -0.72  (VIOLATED)
   div4/remainder_t_reg_16__15_/SE
                                2.88           3.60 r        -0.72  (VIOLATED)
   div4/remainder_t_reg_16__16_/SE
                                2.88           3.60 r        -0.72  (VIOLATED)
   div4/remainder_t_reg_16__17_/SE
                                2.88           3.60 r        -0.72  (VIOLATED)
   df_stage5_mul_reg_4__27_/D
                                2.94           3.66 r        -0.72  (VIOLATED)
   bank1_proj_reg_reg_10_/D     2.94           3.66 r        -0.72  (VIOLATED)
   df_stage5_mul_reg_0__27_/D
                                2.94           3.66 r        -0.72  (VIOLATED)
   df_stage3_mul_reg_3__21_/D
                                2.96           3.67 f        -0.72  (VIOLATED)
   df_stage7_mul_reg_1__34_/D
                                2.94           3.66 r        -0.72  (VIOLATED)
   div1/merchant_t_reg_20__0_/D
                                2.91           3.62 r        -0.71  (VIOLATED)
   df_stage9_mul_reg_1__71_/D
                                2.94           3.65 r        -0.71  (VIOLATED)
   df_stage7_mul_reg_2__34_/D
                                2.94           3.65 r        -0.71  (VIOLATED)
   df_stage3_mul_reg_4__21_/D
                                2.94           3.65 r        -0.71  (VIOLATED)
   df_stage3_mul_reg_4__20_/D
                                2.94           3.64 r        -0.71  (VIOLATED)
   df_stage9_mul_reg_6__45_/D
                                2.94           3.65 r        -0.71  (VIOLATED)
   div6/merchant_t_reg_12__0_/D
                                2.91           3.62 f        -0.71  (VIOLATED)
   qk_result_head_reg_1__22_/D
                                2.94           3.65 r        -0.71  (VIOLATED)
   div5/remainder_t_reg_16__1_/SE
                                2.84           3.55 f        -0.70  (VIOLATED)
   div5/remainder_t_reg_16__2_/SE
                                2.84           3.55 f        -0.70  (VIOLATED)
   div5/remainder_t_reg_16__3_/SE
                                2.84           3.55 f        -0.70  (VIOLATED)
   div5/remainder_t_reg_16__4_/SE
                                2.84           3.55 f        -0.70  (VIOLATED)
   div5/remainder_t_reg_16__5_/SE
                                2.84           3.55 f        -0.70  (VIOLATED)
   div5/remainder_t_reg_16__6_/SE
                                2.84           3.55 f        -0.70  (VIOLATED)
   div5/remainder_t_reg_16__7_/SE
                                2.84           3.55 f        -0.70  (VIOLATED)
   div5/remainder_t_reg_16__8_/SE
                                2.84           3.55 f        -0.70  (VIOLATED)
   div5/remainder_t_reg_16__9_/SE
                                2.84           3.55 f        -0.70  (VIOLATED)
   div5/remainder_t_reg_16__10_/SE
                                2.84           3.55 f        -0.70  (VIOLATED)
   div5/remainder_t_reg_16__11_/SE
                                2.84           3.55 f        -0.70  (VIOLATED)
   div5/remainder_t_reg_16__12_/SE
                                2.84           3.55 f        -0.70  (VIOLATED)
   div5/remainder_t_reg_16__13_/SE
                                2.84           3.55 f        -0.70  (VIOLATED)
   div5/remainder_t_reg_16__14_/SE
                                2.84           3.55 f        -0.70  (VIOLATED)
   div5/remainder_t_reg_16__15_/SE
                                2.84           3.55 f        -0.70  (VIOLATED)
   div5/remainder_t_reg_16__16_/SE
                                2.84           3.55 f        -0.70  (VIOLATED)
   div5/remainder_t_reg_16__17_/SE
                                2.84           3.55 f        -0.70  (VIOLATED)
   div0/merchant_t_reg_20__0_/D
                                2.91           3.62 f        -0.70  (VIOLATED)
   div6/merchant_t_reg_8__0_/D
                                2.91           3.62 f        -0.70  (VIOLATED)
   div7/merchant_t_reg_12__0_/D
                                2.91           3.62 f        -0.70  (VIOLATED)
   div7/merchant_t_reg_8__0_/D
                                2.91           3.61 f        -0.70  (VIOLATED)
   df_stage3_mul_reg_6__21_/D
                                2.94           3.64 r        -0.70  (VIOLATED)
   div0/remainder_t_reg_12__1_/SE
                                2.84           3.54 f        -0.70  (VIOLATED)
   div0/remainder_t_reg_12__2_/SE
                                2.84           3.54 f        -0.70  (VIOLATED)
   div0/remainder_t_reg_12__3_/SE
                                2.84           3.54 f        -0.70  (VIOLATED)
   div0/remainder_t_reg_12__4_/SE
                                2.84           3.54 f        -0.70  (VIOLATED)
   div0/remainder_t_reg_12__5_/SE
                                2.84           3.54 f        -0.70  (VIOLATED)
   div0/remainder_t_reg_12__6_/SE
                                2.84           3.54 f        -0.70  (VIOLATED)
   div0/remainder_t_reg_12__7_/SE
                                2.84           3.54 f        -0.70  (VIOLATED)
   div0/remainder_t_reg_12__8_/SE
                                2.84           3.54 f        -0.70  (VIOLATED)
   div0/remainder_t_reg_12__9_/SE
                                2.84           3.54 f        -0.70  (VIOLATED)
   div0/remainder_t_reg_12__10_/SE
                                2.84           3.54 f        -0.70  (VIOLATED)
   div0/remainder_t_reg_12__11_/SE
                                2.84           3.54 f        -0.70  (VIOLATED)
   div0/remainder_t_reg_12__12_/SE
                                2.84           3.54 f        -0.70  (VIOLATED)
   div0/remainder_t_reg_12__13_/SE
                                2.84           3.54 f        -0.70  (VIOLATED)
   div0/remainder_t_reg_12__14_/SE
                                2.84           3.54 f        -0.70  (VIOLATED)
   div0/remainder_t_reg_12__15_/SE
                                2.84           3.54 f        -0.70  (VIOLATED)
   div0/remainder_t_reg_12__16_/SE
                                2.84           3.54 f        -0.70  (VIOLATED)
   div0/remainder_t_reg_12__17_/SE
                                2.84           3.54 f        -0.70  (VIOLATED)
   div6/remainder_t_reg_16__1_/SE
                                2.84           3.54 f        -0.70  (VIOLATED)
   div6/remainder_t_reg_16__2_/SE
                                2.84           3.54 f        -0.70  (VIOLATED)
   div6/remainder_t_reg_16__3_/SE
                                2.84           3.54 f        -0.70  (VIOLATED)
   div6/remainder_t_reg_16__4_/SE
                                2.84           3.54 f        -0.70  (VIOLATED)
   div6/remainder_t_reg_16__5_/SE
                                2.84           3.54 f        -0.70  (VIOLATED)
   div6/remainder_t_reg_16__6_/SE
                                2.84           3.54 f        -0.70  (VIOLATED)
   div6/remainder_t_reg_16__7_/SE
                                2.84           3.54 f        -0.70  (VIOLATED)
   div6/remainder_t_reg_16__8_/SE
                                2.84           3.54 f        -0.70  (VIOLATED)
   div6/remainder_t_reg_16__9_/SE
                                2.84           3.54 f        -0.70  (VIOLATED)
   div6/remainder_t_reg_16__10_/SE
                                2.84           3.54 f        -0.70  (VIOLATED)
   div6/remainder_t_reg_16__11_/SE
                                2.84           3.54 f        -0.70  (VIOLATED)
   div6/remainder_t_reg_16__12_/SE
                                2.84           3.54 f        -0.70  (VIOLATED)
   div6/remainder_t_reg_16__13_/SE
                                2.84           3.54 f        -0.70  (VIOLATED)
   div6/remainder_t_reg_16__14_/SE
                                2.84           3.54 f        -0.70  (VIOLATED)
   div6/remainder_t_reg_16__15_/SE
                                2.84           3.54 f        -0.70  (VIOLATED)
   div6/remainder_t_reg_16__16_/SE
                                2.84           3.54 f        -0.70  (VIOLATED)
   div6/remainder_t_reg_16__17_/SE
                                2.84           3.54 f        -0.70  (VIOLATED)
   df_stage3_mul_reg_2__21_/D
                                2.94           3.64 r        -0.70  (VIOLATED)
   token_mean_reg_13_/D         2.94           3.64 r        -0.70  (VIOLATED)
   div4/merchant_t_reg_20__0_/D
                                2.91           3.60 r        -0.70  (VIOLATED)
   df_stage9_mul_reg_3__71_/D
                                2.94           3.64 r        -0.69  (VIOLATED)
   df_stage5_mul_reg_3__27_/D
                                2.94           3.63 r        -0.69  (VIOLATED)
   div0/merchant_t_reg_8__0_/D
                                2.91           3.60 f        -0.69  (VIOLATED)
   div5/merchant_t_reg_12__0_/D
                                2.91           3.60 f        -0.69  (VIOLATED)
   df_stage5_mul_reg_7__27_/D
                                2.94           3.63 r        -0.69  (VIOLATED)
   df_stage5_mul_reg_4__26_/D
                                2.94           3.63 r        -0.69  (VIOLATED)
   div7/merchant_t_reg_16__0_/D
                                2.91           3.60 f        -0.69  (VIOLATED)
   div3/merchant_t_reg_20__0_/D
                                2.91           3.59 r        -0.68  (VIOLATED)
   df_stage3_mul_reg_0__20_/D
                                2.94           3.62 r        -0.68  (VIOLATED)
   div6/remainder_t_reg_20__1_/SE
                                2.84           3.52 f        -0.68  (VIOLATED)
   div6/remainder_t_reg_20__2_/SE
                                2.84           3.52 f        -0.68  (VIOLATED)
   div6/remainder_t_reg_20__3_/SE
                                2.84           3.52 f        -0.68  (VIOLATED)
   div6/remainder_t_reg_20__4_/SE
                                2.84           3.52 f        -0.68  (VIOLATED)
   div6/remainder_t_reg_20__5_/SE
                                2.84           3.52 f        -0.68  (VIOLATED)
   div6/remainder_t_reg_20__6_/SE
                                2.84           3.52 f        -0.68  (VIOLATED)
   div6/remainder_t_reg_20__7_/SE
                                2.84           3.52 f        -0.68  (VIOLATED)
   div6/remainder_t_reg_20__8_/SE
                                2.84           3.52 f        -0.68  (VIOLATED)
   div6/remainder_t_reg_20__9_/SE
                                2.84           3.52 f        -0.68  (VIOLATED)
   div6/remainder_t_reg_20__10_/SE
                                2.84           3.52 f        -0.68  (VIOLATED)
   div6/remainder_t_reg_20__11_/SE
                                2.84           3.52 f        -0.68  (VIOLATED)
   div6/remainder_t_reg_20__12_/SE
                                2.84           3.52 f        -0.68  (VIOLATED)
   div6/remainder_t_reg_20__13_/SE
                                2.84           3.52 f        -0.68  (VIOLATED)
   div6/remainder_t_reg_20__14_/SE
                                2.84           3.52 f        -0.68  (VIOLATED)
   div6/remainder_t_reg_20__15_/SE
                                2.84           3.52 f        -0.68  (VIOLATED)
   div6/remainder_t_reg_20__16_/SE
                                2.84           3.52 f        -0.68  (VIOLATED)
   div6/remainder_t_reg_20__17_/SE
                                2.84           3.52 f        -0.68  (VIOLATED)
   div4/merchant_t_reg_16__0_/D
                                2.91           3.59 r        -0.68  (VIOLATED)
   div5/merchant_t_reg_20__0_/D
                                2.91           3.58 r        -0.68  (VIOLATED)
   div4/merchant_t_reg_8__0_/D
                                2.91           3.59 f        -0.68  (VIOLATED)
   df_stage3_mul_reg_6__20_/D
                                2.95           3.63 f        -0.68  (VIOLATED)
   token_x_nor_result_reg_7__17_/D
                                2.94           3.62 r        -0.68  (VIOLATED)
   df_stage3_mul_reg_7__19_/D
                                2.94           3.62 r        -0.68  (VIOLATED)
   df_stage3_mul_reg_2__20_/D
                                2.95           3.63 f        -0.67  (VIOLATED)
   bank2_proj_reg_reg_10_/D     2.94           3.61 r        -0.67  (VIOLATED)
   bank2_proj_add_reg_11_/D     2.94           3.61 r        -0.67  (VIOLATED)
   qk_result_reg_2__11_/D       2.94           3.61 r        -0.67  (VIOLATED)
   token_x_nor_result_reg_6__17_/D
                                2.94           3.61 r        -0.67  (VIOLATED)
   div5/remainder_t_reg_8__1_/SE
                                2.84           3.51 f        -0.67  (VIOLATED)
   div5/remainder_t_reg_8__2_/SE
                                2.84           3.51 f        -0.67  (VIOLATED)
   div5/remainder_t_reg_8__3_/SE
                                2.84           3.51 f        -0.67  (VIOLATED)
   div5/remainder_t_reg_8__4_/SE
                                2.84           3.51 f        -0.67  (VIOLATED)
   div5/remainder_t_reg_8__5_/SE
                                2.84           3.51 f        -0.67  (VIOLATED)
   div5/remainder_t_reg_8__6_/SE
                                2.84           3.51 f        -0.67  (VIOLATED)
   div5/remainder_t_reg_8__7_/SE
                                2.84           3.51 f        -0.67  (VIOLATED)
   div5/remainder_t_reg_8__8_/SE
                                2.84           3.51 f        -0.67  (VIOLATED)
   div5/remainder_t_reg_8__9_/SE
                                2.84           3.51 f        -0.67  (VIOLATED)
   div5/remainder_t_reg_8__10_/SE
                                2.84           3.51 f        -0.67  (VIOLATED)
   div5/remainder_t_reg_8__11_/SE
                                2.84           3.51 f        -0.67  (VIOLATED)
   div5/remainder_t_reg_8__12_/SE
                                2.84           3.51 f        -0.67  (VIOLATED)
   div5/remainder_t_reg_8__13_/SE
                                2.84           3.51 f        -0.67  (VIOLATED)
   div5/remainder_t_reg_8__14_/SE
                                2.84           3.51 f        -0.67  (VIOLATED)
   div5/remainder_t_reg_8__15_/SE
                                2.84           3.51 f        -0.67  (VIOLATED)
   div5/remainder_t_reg_8__16_/SE
                                2.84           3.51 f        -0.67  (VIOLATED)
   div5/remainder_t_reg_8__17_/SE
                                2.84           3.51 f        -0.67  (VIOLATED)
   df_stage3_mul_reg_7__18_/D
                                2.94           3.61 r        -0.67  (VIOLATED)
   bank3_proj_reg_reg_10_/D     2.94           3.61 r        -0.67  (VIOLATED)
   div2/remainder_t_reg_12__1_/SE
                                2.84           3.51 f        -0.66  (VIOLATED)
   div2/remainder_t_reg_12__2_/SE
                                2.84           3.51 f        -0.66  (VIOLATED)
   div2/remainder_t_reg_12__3_/SE
                                2.84           3.51 f        -0.66  (VIOLATED)
   div2/remainder_t_reg_12__4_/SE
                                2.84           3.51 f        -0.66  (VIOLATED)
   div2/remainder_t_reg_12__5_/SE
                                2.84           3.51 f        -0.66  (VIOLATED)
   div2/remainder_t_reg_12__6_/SE
                                2.84           3.51 f        -0.66  (VIOLATED)
   div2/remainder_t_reg_12__7_/SE
                                2.84           3.51 f        -0.66  (VIOLATED)
   div2/remainder_t_reg_12__8_/SE
                                2.84           3.51 f        -0.66  (VIOLATED)
   div2/remainder_t_reg_12__9_/SE
                                2.84           3.51 f        -0.66  (VIOLATED)
   div2/remainder_t_reg_12__10_/SE
                                2.84           3.51 f        -0.66  (VIOLATED)
   div2/remainder_t_reg_12__11_/SE
                                2.84           3.51 f        -0.66  (VIOLATED)
   div2/remainder_t_reg_12__12_/SE
                                2.84           3.51 f        -0.66  (VIOLATED)
   div2/remainder_t_reg_12__13_/SE
                                2.84           3.51 f        -0.66  (VIOLATED)
   div2/remainder_t_reg_12__14_/SE
                                2.84           3.51 f        -0.66  (VIOLATED)
   div2/remainder_t_reg_12__15_/SE
                                2.84           3.51 f        -0.66  (VIOLATED)
   div2/remainder_t_reg_12__16_/SE
                                2.84           3.51 f        -0.66  (VIOLATED)
   div2/remainder_t_reg_12__17_/SE
                                2.84           3.51 f        -0.66  (VIOLATED)
   df_stage9_mul_reg_7__46_/D
                                2.94           3.61 r        -0.66  (VIOLATED)
   bank0_proj_add_reg_11_/D     2.94           3.60 r        -0.66  (VIOLATED)
   qk_result_reg_0__11_/D       2.94           3.60 r        -0.66  (VIOLATED)
   div4/remainder_t_reg_12__1_/SE
                                2.84           3.51 f        -0.66  (VIOLATED)
   div4/remainder_t_reg_12__2_/SE
                                2.84           3.51 f        -0.66  (VIOLATED)
   div4/remainder_t_reg_12__3_/SE
                                2.84           3.51 f        -0.66  (VIOLATED)
   div4/remainder_t_reg_12__4_/SE
                                2.84           3.51 f        -0.66  (VIOLATED)
   div4/remainder_t_reg_12__5_/SE
                                2.84           3.51 f        -0.66  (VIOLATED)
   div4/remainder_t_reg_12__6_/SE
                                2.84           3.51 f        -0.66  (VIOLATED)
   div4/remainder_t_reg_12__7_/SE
                                2.84           3.51 f        -0.66  (VIOLATED)
   div4/remainder_t_reg_12__8_/SE
                                2.84           3.51 f        -0.66  (VIOLATED)
   div4/remainder_t_reg_12__9_/SE
                                2.84           3.51 f        -0.66  (VIOLATED)
   div4/remainder_t_reg_12__10_/SE
                                2.84           3.51 f        -0.66  (VIOLATED)
   div4/remainder_t_reg_12__11_/SE
                                2.84           3.51 f        -0.66  (VIOLATED)
   div4/remainder_t_reg_12__12_/SE
                                2.84           3.51 f        -0.66  (VIOLATED)
   div4/remainder_t_reg_12__13_/SE
                                2.84           3.51 f        -0.66  (VIOLATED)
   div4/remainder_t_reg_12__14_/SE
                                2.84           3.51 f        -0.66  (VIOLATED)
   div4/remainder_t_reg_12__15_/SE
                                2.84           3.51 f        -0.66  (VIOLATED)
   div4/remainder_t_reg_12__16_/SE
                                2.84           3.51 f        -0.66  (VIOLATED)
   div4/remainder_t_reg_12__17_/SE
                                2.84           3.51 f        -0.66  (VIOLATED)
   div3/remainder_t_reg_8__1_/SE
                                2.84           3.51 f        -0.66  (VIOLATED)
   div3/remainder_t_reg_8__2_/SE
                                2.84           3.51 f        -0.66  (VIOLATED)
   div3/remainder_t_reg_8__3_/SE
                                2.84           3.51 f        -0.66  (VIOLATED)
   div3/remainder_t_reg_8__4_/SE
                                2.84           3.51 f        -0.66  (VIOLATED)
   div3/remainder_t_reg_8__5_/SE
                                2.84           3.51 f        -0.66  (VIOLATED)
   div3/remainder_t_reg_8__6_/SE
                                2.84           3.51 f        -0.66  (VIOLATED)
   div3/remainder_t_reg_8__7_/SE
                                2.84           3.51 f        -0.66  (VIOLATED)
   div3/remainder_t_reg_8__8_/SE
                                2.84           3.51 f        -0.66  (VIOLATED)
   div3/remainder_t_reg_8__9_/SE
                                2.84           3.51 f        -0.66  (VIOLATED)
   div3/remainder_t_reg_8__10_/SE
                                2.84           3.51 f        -0.66  (VIOLATED)
   div3/remainder_t_reg_8__11_/SE
                                2.84           3.51 f        -0.66  (VIOLATED)
   div3/remainder_t_reg_8__12_/SE
                                2.84           3.51 f        -0.66  (VIOLATED)
   div3/remainder_t_reg_8__13_/SE
                                2.84           3.51 f        -0.66  (VIOLATED)
   div3/remainder_t_reg_8__14_/SE
                                2.84           3.51 f        -0.66  (VIOLATED)
   div3/remainder_t_reg_8__15_/SE
                                2.84           3.51 f        -0.66  (VIOLATED)
   div3/remainder_t_reg_8__16_/SE
                                2.84           3.51 f        -0.66  (VIOLATED)
   div3/remainder_t_reg_8__17_/SE
                                2.84           3.51 f        -0.66  (VIOLATED)
   df_stage5_mul_reg_1__27_/D
                                2.94           3.60 r        -0.66  (VIOLATED)
   div1/merchant_t_reg_16__0_/D
                                2.91           3.57 r        -0.66  (VIOLATED)
   div3/merchant_t_reg_12__0_/D
                                2.91           3.57 f        -0.66  (VIOLATED)
   bank0_proj_add_reg_12_/D     2.94           3.60 r        -0.66  (VIOLATED)
   qk_result_reg_0__12_/D       2.94           3.60 r        -0.66  (VIOLATED)
   bank2_proj_add_reg_12_/D     2.94           3.60 r        -0.66  (VIOLATED)
   qk_result_reg_2__12_/D       2.94           3.60 r        -0.66  (VIOLATED)
   df_stage3_mul_reg_0__21_/D
                                2.94           3.60 r        -0.66  (VIOLATED)
   token_x_nor_result_reg_0__17_/D
                                2.94           3.60 r        -0.66  (VIOLATED)
   df_stage3_mul_reg_3__19_/D
                                2.93           3.59 r        -0.66  (VIOLATED)
   div2/merchant_t_reg_20__0_/D
                                2.91           3.56 r        -0.66  (VIOLATED)
   div2/remainder_t_reg_8__1_/SE
                                2.84           3.50 f        -0.66  (VIOLATED)
   div2/remainder_t_reg_8__2_/SE
                                2.84           3.50 f        -0.66  (VIOLATED)
   div2/remainder_t_reg_8__3_/SE
                                2.84           3.50 f        -0.66  (VIOLATED)
   div2/remainder_t_reg_8__4_/SE
                                2.84           3.50 f        -0.66  (VIOLATED)
   div2/remainder_t_reg_8__5_/SE
                                2.84           3.50 f        -0.66  (VIOLATED)
   div2/remainder_t_reg_8__6_/SE
                                2.84           3.50 f        -0.66  (VIOLATED)
   div2/remainder_t_reg_8__7_/SE
                                2.84           3.50 f        -0.66  (VIOLATED)
   div2/remainder_t_reg_8__8_/SE
                                2.84           3.50 f        -0.66  (VIOLATED)
   div2/remainder_t_reg_8__9_/SE
                                2.84           3.50 f        -0.66  (VIOLATED)
   div2/remainder_t_reg_8__10_/SE
                                2.84           3.50 f        -0.66  (VIOLATED)
   div2/remainder_t_reg_8__11_/SE
                                2.84           3.50 f        -0.66  (VIOLATED)
   div2/remainder_t_reg_8__12_/SE
                                2.84           3.50 f        -0.66  (VIOLATED)
   div2/remainder_t_reg_8__13_/SE
                                2.84           3.50 f        -0.66  (VIOLATED)
   div2/remainder_t_reg_8__14_/SE
                                2.84           3.50 f        -0.66  (VIOLATED)
   div2/remainder_t_reg_8__15_/SE
                                2.84           3.50 f        -0.66  (VIOLATED)
   div2/remainder_t_reg_8__16_/SE
                                2.84           3.50 f        -0.66  (VIOLATED)
   div2/remainder_t_reg_8__17_/SE
                                2.84           3.50 f        -0.66  (VIOLATED)
   qk_result_head_reg_0__22_/D
                                2.94           3.60 r        -0.66  (VIOLATED)
   bank3_proj_add_reg_11_/D     2.94           3.60 r        -0.65  (VIOLATED)
   qk_result_reg_3__11_/D       2.94           3.60 r        -0.65  (VIOLATED)
   df_stage5_mul_reg_5__27_/D
                                2.94           3.59 r        -0.65  (VIOLATED)
   div7/remainder_t_reg_20__1_/SE
                                2.84           3.49 f        -0.65  (VIOLATED)
   div7/remainder_t_reg_20__2_/SE
                                2.84           3.49 f        -0.65  (VIOLATED)
   div7/remainder_t_reg_20__3_/SE
                                2.84           3.49 f        -0.65  (VIOLATED)
   div7/remainder_t_reg_20__4_/SE
                                2.84           3.49 f        -0.65  (VIOLATED)
   div7/remainder_t_reg_20__5_/SE
                                2.84           3.49 f        -0.65  (VIOLATED)
   div7/remainder_t_reg_20__6_/SE
                                2.84           3.49 f        -0.65  (VIOLATED)
   div7/remainder_t_reg_20__7_/SE
                                2.84           3.49 f        -0.65  (VIOLATED)
   div7/remainder_t_reg_20__8_/SE
                                2.84           3.49 f        -0.65  (VIOLATED)
   div7/remainder_t_reg_20__9_/SE
                                2.84           3.49 f        -0.65  (VIOLATED)
   div7/remainder_t_reg_20__10_/SE
                                2.84           3.49 f        -0.65  (VIOLATED)
   div7/remainder_t_reg_20__11_/SE
                                2.84           3.49 f        -0.65  (VIOLATED)
   div7/remainder_t_reg_20__12_/SE
                                2.84           3.49 f        -0.65  (VIOLATED)
   div7/remainder_t_reg_20__13_/SE
                                2.84           3.49 f        -0.65  (VIOLATED)
   div7/remainder_t_reg_20__14_/SE
                                2.84           3.49 f        -0.65  (VIOLATED)
   div7/remainder_t_reg_20__15_/SE
                                2.84           3.49 f        -0.65  (VIOLATED)
   div7/remainder_t_reg_20__16_/SE
                                2.84           3.49 f        -0.65  (VIOLATED)
   div7/remainder_t_reg_20__17_/SE
                                2.84           3.49 f        -0.65  (VIOLATED)
   div1/merchant_t_reg_12__0_/D
                                2.91           3.56 f        -0.65  (VIOLATED)
   bank1_proj_add_reg_11_/D     2.94           3.59 r        -0.65  (VIOLATED)
   qk_result_reg_1__11_/D       2.94           3.59 r        -0.65  (VIOLATED)
   df_stage5_mul_reg_2__26_/D
                                2.94           3.59 r        -0.65  (VIOLATED)
   df_stage5_mul_reg_6__27_/D
                                2.94           3.59 r        -0.65  (VIOLATED)
   bank3_proj_add_reg_12_/D     2.94           3.58 r        -0.64  (VIOLATED)
   qk_result_reg_3__12_/D       2.94           3.58 r        -0.64  (VIOLATED)
   token_mean_reg_12_/D         2.94           3.58 r        -0.64  (VIOLATED)
   token_x_nor_result_reg_1__17_/D
                                2.94           3.58 r        -0.64  (VIOLATED)
   token_x_nor_result_reg_3__17_/D
                                2.94           3.58 r        -0.64  (VIOLATED)
   token_x_nor_result_reg_2__17_/D
                                2.94           3.58 r        -0.64  (VIOLATED)
   div1/merchant_t_reg_8__0_/D
                                2.91           3.55 f        -0.64  (VIOLATED)
   df_stage9_mul_reg_4__44_/D
                                2.94           3.58 r        -0.64  (VIOLATED)
   bank1_proj_add_reg_12_/D     2.94           3.58 r        -0.64  (VIOLATED)
   qk_result_reg_1__12_/D       2.94           3.58 r        -0.64  (VIOLATED)
   token_x_nor_result_reg_4__17_/D
                                2.94           3.58 r        -0.64  (VIOLATED)
   token_x_nor_result_reg_5__17_/D
                                2.94           3.58 r        -0.64  (VIOLATED)
   df_stage3_mul_reg_5__18_/D
                                2.94           3.57 r        -0.63  (VIOLATED)
   df_stage7_mul_reg_0__35_/D
                                2.94           3.57 r        -0.63  (VIOLATED)
   df_stage7_mul_reg_3__35_/D
                                2.94           3.57 r        -0.63  (VIOLATED)
   df_stage3_mul_reg_3__18_/D
                                2.94           3.57 r        -0.63  (VIOLATED)
   df_stage9_mul_reg_1__70_/D
                                2.94           3.57 r        -0.63  (VIOLATED)
   div3/remainder_t_reg_16__1_/SE
                                2.84           3.47 f        -0.63  (VIOLATED)
   div3/remainder_t_reg_16__2_/SE
                                2.84           3.47 f        -0.63  (VIOLATED)
   div3/remainder_t_reg_16__3_/SE
                                2.84           3.47 f        -0.63  (VIOLATED)
   div3/remainder_t_reg_16__4_/SE
                                2.84           3.47 f        -0.63  (VIOLATED)
   div3/remainder_t_reg_16__5_/SE
                                2.84           3.47 f        -0.63  (VIOLATED)
   div3/remainder_t_reg_16__6_/SE
                                2.84           3.47 f        -0.63  (VIOLATED)
   div3/remainder_t_reg_16__7_/SE
                                2.84           3.47 f        -0.63  (VIOLATED)
   div3/remainder_t_reg_16__8_/SE
                                2.84           3.47 f        -0.63  (VIOLATED)
   div3/remainder_t_reg_16__9_/SE
                                2.84           3.47 f        -0.63  (VIOLATED)
   div3/remainder_t_reg_16__10_/SE
                                2.84           3.47 f        -0.63  (VIOLATED)
   div3/remainder_t_reg_16__11_/SE
                                2.84           3.47 f        -0.63  (VIOLATED)
   div3/remainder_t_reg_16__12_/SE
                                2.84           3.47 f        -0.63  (VIOLATED)
   div3/remainder_t_reg_16__13_/SE
                                2.84           3.47 f        -0.63  (VIOLATED)
   div3/remainder_t_reg_16__14_/SE
                                2.84           3.47 f        -0.63  (VIOLATED)
   div3/remainder_t_reg_16__15_/SE
                                2.84           3.47 f        -0.63  (VIOLATED)
   div3/remainder_t_reg_16__16_/SE
                                2.84           3.47 f        -0.63  (VIOLATED)
   div3/remainder_t_reg_16__17_/SE
                                2.84           3.47 f        -0.63  (VIOLATED)
   df_stage3_mul_reg_1__19_/D
                                2.95           3.58 f        -0.63  (VIOLATED)
   df_stage5_mul_reg_0__26_/D
                                2.94           3.57 r        -0.63  (VIOLATED)
   div2/remainder_t_reg_16__17_/SI
                                2.90           3.53 r        -0.63  (VIOLATED)
   div3/divisor_t_reg_0__16_/D
                                2.94           3.56 r        -0.63  (VIOLATED)
   div4/divisor_t_reg_0__16_/D
                                2.94           3.56 r        -0.63  (VIOLATED)
   div5/divisor_t_reg_0__16_/D
                                2.94           3.56 r        -0.63  (VIOLATED)
   div0/divisor_t_reg_0__16_/D
                                2.94           3.56 r        -0.63  (VIOLATED)
   div2/divisor_t_reg_0__16_/D
                                2.94           3.56 r        -0.63  (VIOLATED)
   div6/divisor_t_reg_0__16_/D
                                2.94           3.56 r        -0.63  (VIOLATED)
   df_stage7_mul_reg_0__36_/D
                                2.94           3.56 r        -0.62  (VIOLATED)
   df_stage7_mul_reg_3__36_/D
                                2.94           3.56 r        -0.62  (VIOLATED)
   df_stage9_mul_reg_6__44_/D
                                2.94           3.56 r        -0.62  (VIOLATED)
   div5/merchant_t_reg_16__0_/D
                                2.91           3.53 f        -0.62  (VIOLATED)
   div1/divisor_t_reg_0__16_/D
                                2.94           3.56 r        -0.62  (VIOLATED)
   div7/divisor_t_reg_0__16_/D
                                2.94           3.56 r        -0.62  (VIOLATED)
   div0/remainder_t_reg_16__17_/SI
                                2.90           3.52 r        -0.62  (VIOLATED)
   div6/merchant_t_reg_20__0_/D
                                2.91           3.52 r        -0.62  (VIOLATED)
   df_stage9_mul_reg_5__46_/D
                                2.94           3.56 r        -0.62  (VIOLATED)
   div0/merchant_t_reg_12__0_/D
                                2.91           3.53 f        -0.62  (VIOLATED)
   div6/merchant_t_reg_16__0_/D
                                2.91           3.53 f        -0.62  (VIOLATED)
   df_stage9_mul_reg_3__70_/D
                                2.94           3.55 r        -0.61  (VIOLATED)
   div7/remainder_t_reg_16__17_/SI
                                2.90           3.50 r        -0.60  (VIOLATED)
   df_stage3_mul_reg_6__19_/D
                                2.96           3.57 f        -0.60  (VIOLATED)
   token_x_nor_result_reg_6__16_/D
                                2.94           3.54 r        -0.60  (VIOLATED)
   df_stage7_mul_reg_7__33_/D
                                2.94           3.55 r        -0.60  (VIOLATED)
   df_stage5_mul_reg_1__26_/D
                                2.94           3.54 r        -0.60  (VIOLATED)
   df_stage3_mul_reg_2__19_/D
                                2.96           3.56 f        -0.60  (VIOLATED)
   div0/remainder_t_reg_20__17_/SI
                                2.90           3.50 r        -0.60  (VIOLATED)
   div0/divisor_t_reg_0__17_/D
                                2.93           3.53 r        -0.60  (VIOLATED)
   div1/divisor_t_reg_0__17_/D
                                2.93           3.53 r        -0.60  (VIOLATED)
   div2/divisor_t_reg_0__17_/D
                                2.93           3.53 r        -0.60  (VIOLATED)
   div3/divisor_t_reg_0__17_/D
                                2.93           3.53 r        -0.60  (VIOLATED)
   div4/divisor_t_reg_0__17_/D
                                2.93           3.53 r        -0.60  (VIOLATED)
   div5/divisor_t_reg_0__17_/D
                                2.93           3.53 r        -0.60  (VIOLATED)
   div6/divisor_t_reg_0__17_/D
                                2.93           3.53 r        -0.60  (VIOLATED)
   div7/divisor_t_reg_0__17_/D
                                2.93           3.53 r        -0.60  (VIOLATED)
   df_stage5_mul_reg_4__25_/D
                                2.94           3.54 r        -0.60  (VIOLATED)
   df_stage5_mul_reg_7__26_/D
                                2.94           3.54 r        -0.60  (VIOLATED)
   df_stage3_mul_reg_4__19_/D
                                2.95           3.55 f        -0.60  (VIOLATED)
   bank3_proj_reg_reg_9_/D      2.94           3.54 r        -0.60  (VIOLATED)
   div6/remainder_t_reg_8__17_/SI
                                2.90           3.49 r        -0.59  (VIOLATED)
   div7/remainder_t_reg_12__17_/SI
                                2.90           3.49 r        -0.59  (VIOLATED)
   df_stage9_mul_reg_7__45_/D
                                2.94           3.53 r        -0.59  (VIOLATED)
   df_stage7_mul_reg_2__33_/D
                                2.94           3.53 r        -0.59  (VIOLATED)
   div7/remainder_t_reg_8__17_/SI
                                2.90           3.49 r        -0.59  (VIOLATED)
   bank2_proj_reg_reg_9_/D      2.94           3.53 r        -0.59  (VIOLATED)
   div5/merchant_t_reg_8__0_/D
                                2.91           3.50 f        -0.59  (VIOLATED)
   token_mean_reg_11_/D         2.94           3.52 r        -0.58  (VIOLATED)
   div2/merchant_t_reg_12__0_/D
                                2.91           3.50 f        -0.58  (VIOLATED)
   token_x_nor_result_reg_0__16_/D
                                2.94           3.52 r        -0.58  (VIOLATED)
   div0/remainder_t_reg_20__16_/SI
                                2.90           3.48 r        -0.58  (VIOLATED)
   div4/merchant_t_reg_12__0_/D
                                2.91           3.49 f        -0.58  (VIOLATED)
   div3/merchant_t_reg_8__0_/D
                                2.91           3.49 f        -0.58  (VIOLATED)
   df_stage7_mul_reg_6__33_/D
                                2.94           3.52 r        -0.58  (VIOLATED)
   df_stage9_mul_reg_0__70_/D
                                2.94           3.52 r        -0.58  (VIOLATED)
   df_stage5_mul_reg_0__25_/D
                                2.94           3.52 r        -0.58  (VIOLATED)
   token_x_nor_result_reg_4__16_/D
                                2.94           3.52 r        -0.58  (VIOLATED)
   token_x_nor_result_reg_5__16_/D
                                2.94           3.52 r        -0.58  (VIOLATED)
   div5/remainder_t_reg_12__17_/SI
                                2.90           3.48 r        -0.58  (VIOLATED)
   div1/remainder_t_reg_20__17_/SI
                                2.90           3.48 r        -0.58  (VIOLATED)
   div2/merchant_t_reg_8__0_/D
                                2.91           3.49 f        -0.58  (VIOLATED)
   div2/remainder_t_reg_16__16_/SI
                                2.90           3.47 r        -0.58  (VIOLATED)
   bank0_proj_add_reg_10_/D     2.94           3.51 r        -0.57  (VIOLATED)
   qk_result_reg_0__10_/D       2.94           3.51 r        -0.57  (VIOLATED)
   div7/merchant_t_reg_20__0_/D
                                2.91           3.48 r        -0.57  (VIOLATED)
   df_stage5_mul_reg_2__25_/D
                                2.94           3.52 r        -0.57  (VIOLATED)
   bank2_proj_add_reg_10_/D     2.94           3.51 r        -0.57  (VIOLATED)
   qk_result_reg_2__10_/D       2.94           3.51 r        -0.57  (VIOLATED)
   div7/remainder_t_reg_16__16_/SI
                                2.90           3.47 r        -0.57  (VIOLATED)
   div6/remainder_t_reg_12__17_/SI
                                2.90           3.47 r        -0.57  (VIOLATED)
   df_stage5_mul_reg_3__26_/D
                                2.94           3.51 r        -0.57  (VIOLATED)
   div1/remainder_t_reg_16__17_/SI
                                2.90           3.47 r        -0.57  (VIOLATED)
   div4/remainder_t_reg_16__17_/SI
                                2.90           3.47 r        -0.57  (VIOLATED)
   div0/remainder_t_reg_20__14_/SI
                                2.90           3.47 r        -0.57  (VIOLATED)
   qk_result_head_reg_2__24_/D
                                2.94           3.51 r        -0.57  (VIOLATED)
   div0/remainder_t_reg_20__15_/SI
                                2.90           3.47 r        -0.57  (VIOLATED)
   token_x_nor_result_reg_1__16_/D
                                2.94           3.51 r        -0.57  (VIOLATED)
   token_x_nor_result_reg_3__16_/D
                                2.94           3.51 r        -0.57  (VIOLATED)
   token_x_nor_result_reg_2__16_/D
                                2.94           3.51 r        -0.57  (VIOLATED)
   bank1_proj_reg_reg_9_/D      2.94           3.51 r        -0.57  (VIOLATED)
   token_x_nor_result_reg_7__16_/D
                                2.94           3.51 r        -0.57  (VIOLATED)
   bank0_proj_reg_reg_8_/D      2.94           3.51 r        -0.57  (VIOLATED)
   bank2_proj_reg_reg_8_/D      2.94           3.51 r        -0.57  (VIOLATED)
   div0/remainder_t_reg_16__16_/SI
                                2.90           3.47 r        -0.57  (VIOLATED)
   qk_result_head_reg_2__23_/D
                                2.94           3.51 r        -0.57  (VIOLATED)
   div4/remainder_t_reg_8__17_/SI
                                2.90           3.46 r        -0.56  (VIOLATED)
   div4/remainder_t_reg_20__17_/SI
                                2.90           3.46 r        -0.56  (VIOLATED)
   bank0_proj_reg_reg_9_/D      2.94           3.50 r        -0.56  (VIOLATED)
   div0/remainder_t_reg_20__12_/SI
                                2.90           3.46 r        -0.56  (VIOLATED)
   bank3_proj_add_reg_10_/D     2.94           3.50 r        -0.56  (VIOLATED)
   qk_result_reg_3__10_/D       2.94           3.50 r        -0.56  (VIOLATED)
   div0/remainder_t_reg_8__17_/SI
                                2.90           3.46 r        -0.56  (VIOLATED)
   div1/remainder_t_reg_12__17_/SI
                                2.90           3.46 r        -0.56  (VIOLATED)
   div6/remainder_t_reg_8__16_/SI
                                2.90           3.46 r        -0.56  (VIOLATED)
   df_stage7_mul_reg_0__34_/D
                                2.94           3.50 r        -0.56  (VIOLATED)
   df_stage7_mul_reg_3__34_/D
                                2.94           3.50 r        -0.56  (VIOLATED)
   div0/divisor_t_reg_0__8_/D
                                2.94           3.49 r        -0.56  (VIOLATED)
   div1/divisor_t_reg_0__8_/D
                                2.94           3.49 r        -0.56  (VIOLATED)
   div2/divisor_t_reg_0__8_/D
                                2.94           3.49 r        -0.56  (VIOLATED)
   div3/divisor_t_reg_0__8_/D
                                2.94           3.49 r        -0.56  (VIOLATED)
   div5/divisor_t_reg_0__8_/D
                                2.94           3.49 r        -0.56  (VIOLATED)
   div6/divisor_t_reg_0__8_/D
                                2.94           3.49 r        -0.56  (VIOLATED)
   div7/divisor_t_reg_0__8_/D
                                2.94           3.49 r        -0.56  (VIOLATED)
   div0/divisor_t_reg_0__11_/D
                                2.94           3.49 r        -0.56  (VIOLATED)
   div1/divisor_t_reg_0__11_/D
                                2.94           3.49 r        -0.56  (VIOLATED)
   div2/divisor_t_reg_0__11_/D
                                2.94           3.49 r        -0.56  (VIOLATED)
   div3/divisor_t_reg_0__11_/D
                                2.94           3.49 r        -0.56  (VIOLATED)
   div5/divisor_t_reg_0__11_/D
                                2.94           3.49 r        -0.56  (VIOLATED)
   div6/divisor_t_reg_0__11_/D
                                2.94           3.49 r        -0.56  (VIOLATED)
   div7/divisor_t_reg_0__11_/D
                                2.94           3.49 r        -0.56  (VIOLATED)
   div7/remainder_t_reg_12__16_/SI
                                2.90           3.45 r        -0.55  (VIOLATED)
   div6/remainder_t_reg_12__16_/SI
                                2.90           3.45 r        -0.55  (VIOLATED)
   div0/divisor_t_reg_0__12_/D
                                2.94           3.49 r        -0.55  (VIOLATED)
   div5/divisor_t_reg_0__12_/D
                                2.94           3.49 r        -0.55  (VIOLATED)
   div6/divisor_t_reg_0__12_/D
                                2.94           3.49 r        -0.55  (VIOLATED)
   div7/remainder_t_reg_8__16_/SI
                                2.90           3.45 r        -0.55  (VIOLATED)
   div1/divisor_t_reg_0__12_/D
                                2.94           3.49 r        -0.55  (VIOLATED)
   div2/divisor_t_reg_0__12_/D
                                2.94           3.49 r        -0.55  (VIOLATED)
   div3/divisor_t_reg_0__12_/D
                                2.94           3.49 r        -0.55  (VIOLATED)
   div7/divisor_t_reg_0__12_/D
                                2.94           3.49 r        -0.55  (VIOLATED)
   div6/remainder_t_reg_8__14_/SI
                                2.90           3.45 r        -0.55  (VIOLATED)
   div6/remainder_t_reg_8__15_/SI
                                2.90           3.45 r        -0.55  (VIOLATED)
   bank1_proj_add_reg_10_/D     2.94           3.49 r        -0.55  (VIOLATED)
   qk_result_reg_1__10_/D       2.94           3.49 r        -0.55  (VIOLATED)
   div7/remainder_t_reg_12__14_/SI
                                2.90           3.45 r        -0.55  (VIOLATED)
   div7/remainder_t_reg_12__15_/SI
                                2.90           3.45 r        -0.55  (VIOLATED)
   div3/remainder_t_reg_20__17_/SI
                                2.90           3.45 r        -0.55  (VIOLATED)
   div1/remainder_t_reg_8__17_/SI
                                2.90           3.45 r        -0.55  (VIOLATED)
   df_stage9_mul_reg_1__69_/D
                                2.94           3.49 r        -0.55  (VIOLATED)
   div7/remainder_t_reg_8__14_/SI
                                2.90           3.45 r        -0.55  (VIOLATED)
   div7/remainder_t_reg_8__15_/SI
                                2.90           3.45 r        -0.55  (VIOLATED)
   df_stage9_mul_reg_5__45_/D
                                2.94           3.49 r        -0.55  (VIOLATED)
   div3/remainder_t_reg_12__17_/SI
                                2.90           3.45 r        -0.55  (VIOLATED)
   div3/merchant_t_reg_16__0_/D
                                2.91           3.46 f        -0.55  (VIOLATED)
   div5/remainder_t_reg_20__17_/SI
                                2.90           3.45 r        -0.55  (VIOLATED)
   div1/remainder_t_reg_16__16_/SI
                                2.90           3.44 r        -0.54  (VIOLATED)
   div5/remainder_t_reg_12__16_/SI
                                2.90           3.44 r        -0.54  (VIOLATED)
   df_stage9_mul_reg_3__69_/D
                                2.94           3.48 r        -0.54  (VIOLATED)
   df_stage7_mul_reg_1__33_/D
                                2.94           3.48 r        -0.54  (VIOLATED)
   div1/remainder_t_reg_20__16_/SI
                                2.90           3.44 r        -0.54  (VIOLATED)
   div6/remainder_t_reg_8__12_/SI
                                2.90           3.44 r        -0.54  (VIOLATED)
   div7/remainder_t_reg_12__12_/SI
                                2.90           3.44 r        -0.54  (VIOLATED)
   div0/remainder_t_reg_8__16_/SI
                                2.90           3.44 r        -0.54  (VIOLATED)
   div5/remainder_t_reg_12__14_/SI
                                2.90           3.44 r        -0.54  (VIOLATED)
   div5/remainder_t_reg_12__15_/SI
                                2.90           3.44 r        -0.54  (VIOLATED)
   div5/remainder_t_reg_16__17_/SI
                                2.90           3.44 r        -0.54  (VIOLATED)
   df_stage5_mul_reg_1__25_/D
                                2.94           3.48 r        -0.54  (VIOLATED)
   div7/remainder_t_reg_8__12_/SI
                                2.90           3.44 r        -0.54  (VIOLATED)
   df_stage3_mul_reg_0__19_/D
                                2.94           3.48 r        -0.54  (VIOLATED)
   div2/remainder_t_reg_16__14_/SI
                                2.90           3.44 r        -0.54  (VIOLATED)
   div2/remainder_t_reg_16__12_/SI
                                2.90           3.44 r        -0.54  (VIOLATED)
   qk_result_head_reg_1__21_/D
                                2.94           3.48 r        -0.54  (VIOLATED)
   div1/remainder_t_reg_20__14_/SI
                                2.90           3.44 r        -0.54  (VIOLATED)
   div6/remainder_t_reg_16__17_/SI
                                2.90           3.43 r        -0.53  (VIOLATED)
   df_stage5_mul_reg_4__24_/D
                                2.94           3.47 r        -0.53  (VIOLATED)
   div1/remainder_t_reg_20__15_/SI
                                2.90           3.43 r        -0.53  (VIOLATED)
   div0/remainder_t_reg_20__10_/SI
                                2.90           3.43 r        -0.53  (VIOLATED)
   div0/remainder_t_reg_16__14_/SI
                                2.90           3.43 r        -0.53  (VIOLATED)
   div0/remainder_t_reg_16__12_/SI
                                2.90           3.43 r        -0.53  (VIOLATED)
   div6/remainder_t_reg_12__14_/SI
                                2.90           3.43 r        -0.53  (VIOLATED)
   div6/remainder_t_reg_12__15_/SI
                                2.90           3.43 r        -0.53  (VIOLATED)
   div5/remainder_t_reg_12__12_/SI
                                2.90           3.43 r        -0.53  (VIOLATED)
   div0/divisor_t_reg_0__5_/D
                                2.92           3.45 r        -0.53  (VIOLATED)
   div1/divisor_t_reg_0__5_/D
                                2.92           3.45 r        -0.53  (VIOLATED)
   div2/divisor_t_reg_0__5_/D
                                2.92           3.45 r        -0.53  (VIOLATED)
   div3/divisor_t_reg_0__5_/D
                                2.92           3.45 r        -0.53  (VIOLATED)
   div4/divisor_t_reg_0__5_/D
                                2.92           3.45 r        -0.53  (VIOLATED)
   div5/divisor_t_reg_0__5_/D
                                2.92           3.45 r        -0.53  (VIOLATED)
   div6/divisor_t_reg_0__5_/D
                                2.92           3.45 r        -0.53  (VIOLATED)
   div7/divisor_t_reg_0__5_/D
                                2.92           3.45 r        -0.53  (VIOLATED)
   div0/divisor_t_reg_0__13_/D
                                2.92           3.45 r        -0.53  (VIOLATED)
   div1/divisor_t_reg_0__13_/D
                                2.92           3.45 r        -0.53  (VIOLATED)
   div2/divisor_t_reg_0__13_/D
                                2.92           3.45 r        -0.53  (VIOLATED)
   div3/divisor_t_reg_0__13_/D
                                2.92           3.45 r        -0.53  (VIOLATED)
   div4/divisor_t_reg_0__13_/D
                                2.92           3.45 r        -0.53  (VIOLATED)
   div5/divisor_t_reg_0__13_/D
                                2.92           3.45 r        -0.53  (VIOLATED)
   div6/divisor_t_reg_0__13_/D
                                2.92           3.45 r        -0.53  (VIOLATED)
   div7/divisor_t_reg_0__13_/D
                                2.92           3.45 r        -0.53  (VIOLATED)
   div0/divisor_t_reg_0__4_/D
                                2.92           3.45 r        -0.53  (VIOLATED)
   div0/divisor_t_reg_0__6_/D
                                2.92           3.45 r        -0.53  (VIOLATED)
   div1/divisor_t_reg_0__4_/D
                                2.92           3.45 r        -0.53  (VIOLATED)
   div1/divisor_t_reg_0__6_/D
                                2.92           3.45 r        -0.53  (VIOLATED)
   div2/divisor_t_reg_0__4_/D
                                2.92           3.45 r        -0.53  (VIOLATED)
   div2/divisor_t_reg_0__6_/D
                                2.92           3.45 r        -0.53  (VIOLATED)
   div3/divisor_t_reg_0__4_/D
                                2.92           3.45 r        -0.53  (VIOLATED)
   div3/divisor_t_reg_0__6_/D
                                2.92           3.45 r        -0.53  (VIOLATED)
   div4/divisor_t_reg_0__4_/D
                                2.92           3.45 r        -0.53  (VIOLATED)
   div4/divisor_t_reg_0__6_/D
                                2.92           3.45 r        -0.53  (VIOLATED)
   div5/divisor_t_reg_0__4_/D
                                2.92           3.45 r        -0.53  (VIOLATED)
   div5/divisor_t_reg_0__6_/D
                                2.92           3.45 r        -0.53  (VIOLATED)
   div6/divisor_t_reg_0__4_/D
                                2.92           3.45 r        -0.53  (VIOLATED)
   div6/divisor_t_reg_0__6_/D
                                2.92           3.45 r        -0.53  (VIOLATED)
   div7/divisor_t_reg_0__4_/D
                                2.92           3.45 r        -0.53  (VIOLATED)
   div7/divisor_t_reg_0__6_/D
                                2.92           3.45 r        -0.53  (VIOLATED)
   div0/divisor_t_reg_0__14_/D
                                2.92           3.45 r        -0.53  (VIOLATED)
   div1/divisor_t_reg_0__14_/D
                                2.92           3.45 r        -0.53  (VIOLATED)
   div2/divisor_t_reg_0__14_/D
                                2.92           3.45 r        -0.53  (VIOLATED)
   div3/divisor_t_reg_0__14_/D
                                2.92           3.45 r        -0.53  (VIOLATED)
   div4/divisor_t_reg_0__14_/D
                                2.92           3.45 r        -0.53  (VIOLATED)
   div5/divisor_t_reg_0__14_/D
                                2.92           3.45 r        -0.53  (VIOLATED)
   div6/divisor_t_reg_0__14_/D
                                2.92           3.45 r        -0.53  (VIOLATED)
   div7/divisor_t_reg_0__14_/D
                                2.92           3.45 r        -0.53  (VIOLATED)
   div0/divisor_t_reg_0__15_/D
                                2.92           3.45 r        -0.53  (VIOLATED)
   div1/divisor_t_reg_0__15_/D
                                2.92           3.45 r        -0.53  (VIOLATED)
   div2/divisor_t_reg_0__15_/D
                                2.92           3.45 r        -0.53  (VIOLATED)
   div3/divisor_t_reg_0__15_/D
                                2.92           3.45 r        -0.53  (VIOLATED)
   div4/divisor_t_reg_0__15_/D
                                2.92           3.45 r        -0.53  (VIOLATED)
   div5/divisor_t_reg_0__15_/D
                                2.92           3.45 r        -0.53  (VIOLATED)
   div6/divisor_t_reg_0__15_/D
                                2.92           3.45 r        -0.53  (VIOLATED)
   div7/divisor_t_reg_0__15_/D
                                2.92           3.45 r        -0.53  (VIOLATED)
   div0/divisor_t_reg_0__9_/D
                                2.92           3.45 r        -0.53  (VIOLATED)
   div1/divisor_t_reg_0__9_/D
                                2.92           3.45 r        -0.53  (VIOLATED)
   div2/divisor_t_reg_0__9_/D
                                2.92           3.45 r        -0.53  (VIOLATED)
   div3/divisor_t_reg_0__9_/D
                                2.92           3.45 r        -0.53  (VIOLATED)
   div4/divisor_t_reg_0__9_/D
                                2.92           3.45 r        -0.53  (VIOLATED)
   div5/divisor_t_reg_0__9_/D
                                2.92           3.45 r        -0.53  (VIOLATED)
   div6/divisor_t_reg_0__9_/D
                                2.92           3.45 r        -0.53  (VIOLATED)
   div7/divisor_t_reg_0__9_/D
                                2.92           3.45 r        -0.53  (VIOLATED)
   df_stage9_mul_reg_2__70_/D
                                2.94           3.47 r        -0.53  (VIOLATED)
   div2/remainder_t_reg_20__17_/SI
                                2.90           3.43 r        -0.53  (VIOLATED)
   token_nor_reg_reg_0__0_/D
                                2.92           3.45 f        -0.53  (VIOLATED)
   token_nor_reg_reg_1__0_/D
                                2.92           3.45 f        -0.53  (VIOLATED)
   token_nor_reg_reg_2__0_/D
                                2.92           3.45 f        -0.53  (VIOLATED)
   token_nor_reg_reg_3__0_/D
                                2.92           3.45 f        -0.53  (VIOLATED)
   token_nor_reg_reg_4__0_/D
                                2.92           3.45 f        -0.53  (VIOLATED)
   token_nor_reg_reg_5__0_/D
                                2.92           3.45 f        -0.53  (VIOLATED)
   token_nor_reg_reg_6__0_/D
                                2.92           3.45 f        -0.53  (VIOLATED)
   token_nor_reg_reg_7__0_/D
                                2.92           3.45 f        -0.53  (VIOLATED)
   div4/remainder_t_reg_8__14_/SI
                                2.90           3.42 r        -0.52  (VIOLATED)
   div4/remainder_t_reg_8__15_/SI
                                2.90           3.42 r        -0.52  (VIOLATED)
   df_stage5_mul_reg_5__26_/D
                                2.94           3.47 r        -0.52  (VIOLATED)
   div4/remainder_t_reg_8__16_/SI
                                2.90           3.42 r        -0.52  (VIOLATED)
   div4/remainder_t_reg_20__16_/SI
                                2.90           3.42 r        -0.52  (VIOLATED)
   div1/remainder_t_reg_20__12_/SI
                                2.90           3.42 r        -0.52  (VIOLATED)
   div4/remainder_t_reg_16__16_/SI
                                2.90           3.42 r        -0.52  (VIOLATED)
   df_stage5_mul_reg_6__26_/D
                                2.94           3.46 r        -0.52  (VIOLATED)
   df_stage3_mul_reg_2__18_/D
                                2.94           3.46 r        -0.52  (VIOLATED)
   div6/remainder_t_reg_12__12_/SI
                                2.90           3.42 r        -0.52  (VIOLATED)
   div1/remainder_t_reg_12__14_/SI
                                2.90           3.42 r        -0.52  (VIOLATED)
   div1/remainder_t_reg_12__15_/SI
                                2.90           3.42 r        -0.52  (VIOLATED)
   df_stage3_mul_reg_6__18_/D
                                2.94           3.46 r        -0.52  (VIOLATED)
   qk_result_head_reg_2__22_/D
                                2.94           3.46 r        -0.52  (VIOLATED)
   df_stage9_mul_reg_4__42_/D
                                2.94           3.46 r        -0.52  (VIOLATED)
   div3/remainder_t_reg_20__16_/SI
                                2.90           3.41 r        -0.52  (VIOLATED)
   div7/remainder_t_reg_16__14_/SI
                                2.90           3.41 r        -0.52  (VIOLATED)
   div7/remainder_t_reg_16__12_/SI
                                2.90           3.41 r        -0.52  (VIOLATED)
   div4/remainder_t_reg_20__14_/SI
                                2.90           3.41 r        -0.51  (VIOLATED)
   div4/remainder_t_reg_20__15_/SI
                                2.90           3.41 r        -0.51  (VIOLATED)
   div0/divisor_t_reg_0__7_/D
                                2.92           3.44 r        -0.51  (VIOLATED)
   div1/divisor_t_reg_0__7_/D
                                2.92           3.44 r        -0.51  (VIOLATED)
   div2/divisor_t_reg_0__7_/D
                                2.92           3.44 r        -0.51  (VIOLATED)
   div3/divisor_t_reg_0__7_/D
                                2.92           3.44 r        -0.51  (VIOLATED)
   div4/divisor_t_reg_0__7_/D
                                2.92           3.44 r        -0.51  (VIOLATED)
   div5/divisor_t_reg_0__7_/D
                                2.92           3.44 r        -0.51  (VIOLATED)
   div6/divisor_t_reg_0__7_/D
                                2.92           3.44 r        -0.51  (VIOLATED)
   div7/divisor_t_reg_0__7_/D
                                2.92           3.44 r        -0.51  (VIOLATED)
   div0/divisor_t_reg_0__2_/D
                                2.92           3.44 r        -0.51  (VIOLATED)
   div0/divisor_t_reg_0__3_/D
                                2.92           3.44 r        -0.51  (VIOLATED)
   div1/divisor_t_reg_0__2_/D
                                2.92           3.44 r        -0.51  (VIOLATED)
   div1/divisor_t_reg_0__3_/D
                                2.92           3.44 r        -0.51  (VIOLATED)
   div2/divisor_t_reg_0__2_/D
                                2.92           3.44 r        -0.51  (VIOLATED)
   div2/divisor_t_reg_0__3_/D
                                2.92           3.44 r        -0.51  (VIOLATED)
   div3/divisor_t_reg_0__2_/D
                                2.92           3.44 r        -0.51  (VIOLATED)
   div3/divisor_t_reg_0__3_/D
                                2.92           3.44 r        -0.51  (VIOLATED)
   div4/divisor_t_reg_0__2_/D
                                2.92           3.44 r        -0.51  (VIOLATED)
   div4/divisor_t_reg_0__3_/D
                                2.92           3.44 r        -0.51  (VIOLATED)
   div5/divisor_t_reg_0__2_/D
                                2.92           3.44 r        -0.51  (VIOLATED)
   div5/divisor_t_reg_0__3_/D
                                2.92           3.44 r        -0.51  (VIOLATED)
   div6/divisor_t_reg_0__2_/D
                                2.92           3.44 r        -0.51  (VIOLATED)
   div6/divisor_t_reg_0__3_/D
                                2.92           3.44 r        -0.51  (VIOLATED)
   div7/divisor_t_reg_0__2_/D
                                2.92           3.44 r        -0.51  (VIOLATED)
   div7/divisor_t_reg_0__3_/D
                                2.92           3.44 r        -0.51  (VIOLATED)
   div0/divisor_t_reg_0__10_/D
                                2.92           3.44 r        -0.51  (VIOLATED)
   div1/divisor_t_reg_0__10_/D
                                2.92           3.44 r        -0.51  (VIOLATED)
   div2/divisor_t_reg_0__10_/D
                                2.92           3.44 r        -0.51  (VIOLATED)
   div3/divisor_t_reg_0__10_/D
                                2.92           3.44 r        -0.51  (VIOLATED)
   div4/divisor_t_reg_0__10_/D
                                2.92           3.44 r        -0.51  (VIOLATED)
   div5/divisor_t_reg_0__10_/D
                                2.92           3.44 r        -0.51  (VIOLATED)
   div6/divisor_t_reg_0__10_/D
                                2.92           3.44 r        -0.51  (VIOLATED)
   div7/divisor_t_reg_0__10_/D
                                2.92           3.44 r        -0.51  (VIOLATED)
   div4/remainder_t_reg_8__12_/SI
                                2.90           3.41 r        -0.51  (VIOLATED)
   div0/remainder_t_reg_8__14_/SI
                                2.90           3.41 r        -0.51  (VIOLATED)
   div0/remainder_t_reg_8__15_/SI
                                2.90           3.41 r        -0.51  (VIOLATED)
   df_stage9_mul_reg_4__43_/D
                                2.94           3.45 r        -0.51  (VIOLATED)
   div1/remainder_t_reg_8__14_/SI
                                2.90           3.41 r        -0.51  (VIOLATED)
   div1/remainder_t_reg_8__15_/SI
                                2.90           3.41 r        -0.51  (VIOLATED)
   div5/remainder_t_reg_16__16_/SI
                                2.90           3.41 r        -0.51  (VIOLATED)
   div3/remainder_t_reg_12__14_/SI
                                2.90           3.41 r        -0.51  (VIOLATED)
   div3/remainder_t_reg_12__15_/SI
                                2.90           3.41 r        -0.51  (VIOLATED)
   div1/remainder_t_reg_12__12_/SI
                                2.90           3.41 r        -0.51  (VIOLATED)
   df_stage9_mul_reg_4__41_/D
                                2.94           3.45 r        -0.51  (VIOLATED)
   div1/remainder_t_reg_12__16_/SI
                                2.90           3.41 r        -0.51  (VIOLATED)
   div3/remainder_t_reg_12__16_/SI
                                2.90           3.41 r        -0.51  (VIOLATED)
   div5/remainder_t_reg_20__16_/SI
                                2.90           3.40 r        -0.51  (VIOLATED)
   df_stage5_mul_reg_7__25_/D
                                2.94           3.45 r        -0.50  (VIOLATED)
   div0/remainder_t_reg_8__12_/SI
                                2.90           3.40 r        -0.50  (VIOLATED)
   div3/remainder_t_reg_20__14_/SI
                                2.90           3.40 r        -0.50  (VIOLATED)
   div3/remainder_t_reg_20__15_/SI
                                2.90           3.40 r        -0.50  (VIOLATED)
   div4/remainder_t_reg_20__12_/SI
                                2.90           3.40 r        -0.50  (VIOLATED)
   div6/remainder_t_reg_16__16_/SI
                                2.90           3.40 r        -0.50  (VIOLATED)
   div6/remainder_t_reg_8__10_/SI
                                2.90           3.40 r        -0.50  (VIOLATED)
   div7/remainder_t_reg_12__10_/SI
                                2.90           3.40 r        -0.50  (VIOLATED)
   div1/remainder_t_reg_8__12_/SI
                                2.90           3.40 r        -0.50  (VIOLATED)
   div1/remainder_t_reg_8__16_/SI
                                2.90           3.40 r        -0.50  (VIOLATED)
   div7/remainder_t_reg_8__10_/SI
                                2.90           3.40 r        -0.50  (VIOLATED)
   div5/remainder_t_reg_20__14_/SI
                                2.90           3.40 r        -0.50  (VIOLATED)
   div5/remainder_t_reg_20__15_/SI
                                2.90           3.40 r        -0.50  (VIOLATED)
   div3/remainder_t_reg_12__12_/SI
                                2.90           3.40 r        -0.50  (VIOLATED)
   div3/remainder_t_reg_20__12_/SI
                                2.90           3.40 r        -0.50  (VIOLATED)
   df_stage9_mul_reg_0__69_/D
                                2.94           3.44 r        -0.50  (VIOLATED)
   bank3_proj_reg_reg_8_/D      2.94           3.44 r        -0.49  (VIOLATED)
   df_stage3_mul_reg_7__17_/D
                                2.94           3.43 r        -0.49  (VIOLATED)
   div0/remainder_t_reg_12__17_/SI
                                2.90           3.39 r        -0.49  (VIOLATED)
   div2/remainder_t_reg_20__16_/SI
                                2.90           3.39 r        -0.49  (VIOLATED)
   div0/remainder_t_reg_20__8_/SI
                                2.90           3.39 r        -0.49  (VIOLATED)
   div6/remainder_t_reg_20__17_/SI
                                2.90           3.39 r        -0.49  (VIOLATED)
   div1/remainder_t_reg_20__10_/SI
                                2.90           3.39 r        -0.49  (VIOLATED)
   div5/remainder_t_reg_12__10_/SI
                                2.90           3.39 r        -0.49  (VIOLATED)
   div5/remainder_t_reg_20__12_/SI
                                2.90           3.39 r        -0.49  (VIOLATED)
   token_x_nor_result_reg_7__15_/D
                                2.94           3.43 r        -0.49  (VIOLATED)
   div0/remainder_t_reg_20__13_/SI
                                2.90           3.39 r        -0.49  (VIOLATED)
   div4/divisor_t_reg_0__12_/D
                                2.94           3.42 r        -0.48  (VIOLATED)
   div1/remainder_t_reg_16__14_/SI
                                2.90           3.38 r        -0.48  (VIOLATED)
   div1/remainder_t_reg_16__12_/SI
                                2.90           3.38 r        -0.48  (VIOLATED)
   div6/remainder_t_reg_12__10_/SI
                                2.90           3.38 r        -0.48  (VIOLATED)
   bank0_proj_reg_reg_7_/D      2.94           3.42 r        -0.48  (VIOLATED)
   df_stage3_mul_reg_5__17_/D
                                2.94           3.42 r        -0.48  (VIOLATED)
   div4/remainder_t_reg_16__14_/SI
                                2.90           3.38 r        -0.48  (VIOLATED)
   div4/remainder_t_reg_16__12_/SI
                                2.90           3.38 r        -0.48  (VIOLATED)
   df_stage5_mul_reg_2__24_/D
                                2.94           3.42 r        -0.48  (VIOLATED)
   div0/remainder_t_reg_20__11_/SI
                                2.90           3.38 r        -0.48  (VIOLATED)
   df_stage5_mul_reg_3__25_/D
                                2.94           3.42 r        -0.48  (VIOLATED)
   div2/remainder_t_reg_20__14_/SI
                                2.90           3.38 r        -0.48  (VIOLATED)
   div2/remainder_t_reg_12__17_/SI
                                2.90           3.38 r        -0.48  (VIOLATED)
   div2/remainder_t_reg_20__15_/SI
                                2.90           3.38 r        -0.48  (VIOLATED)
   bank2_proj_reg_reg_7_/D      2.94           3.42 r        -0.48  (VIOLATED)
   div4/divisor_t_reg_0__8_/D
                                2.94           3.41 r        -0.48  (VIOLATED)
   div4/divisor_t_reg_0__11_/D
                                2.94           3.41 r        -0.48  (VIOLATED)
   div4/remainder_t_reg_12__17_/SI
                                2.90           3.38 r        -0.48  (VIOLATED)
   div3/remainder_t_reg_8__17_/SI
                                2.90           3.38 r        -0.48  (VIOLATED)
   df_stage7_mul_reg_7__32_/D
                                2.94           3.42 r        -0.48  (VIOLATED)
   bank3_proj_reg_reg_7_/D      2.94           3.42 r        -0.48  (VIOLATED)
   div4/remainder_t_reg_8__10_/SI
                                2.90           3.37 r        -0.47  (VIOLATED)
   div6/remainder_t_reg_8__13_/SI
                                2.90           3.37 r        -0.47  (VIOLATED)
   df_stage3_mul_reg_0__18_/D
                                2.94           3.41 r        -0.47  (VIOLATED)
   div0/remainder_t_reg_12__16_/SI
                                2.90           3.37 r        -0.47  (VIOLATED)
   div2/remainder_t_reg_8__17_/SI
                                2.90           3.37 r        -0.47  (VIOLATED)
   div7/remainder_t_reg_12__13_/SI
                                2.90           3.37 r        -0.47  (VIOLATED)
   div2/remainder_t_reg_20__12_/SI
                                2.90           3.37 r        -0.47  (VIOLATED)
   div4/remainder_t_reg_20__10_/SI
                                2.90           3.37 r        -0.47  (VIOLATED)
   bank1_proj_reg_reg_8_/D      2.94           3.41 r        -0.47  (VIOLATED)
   div6/remainder_t_reg_12__13_/SI
                                2.90           3.37 r        -0.47  (VIOLATED)
   div7/remainder_t_reg_8__13_/SI
                                2.90           3.37 r        -0.47  (VIOLATED)
   div1/remainder_t_reg_12__10_/SI
                                2.90           3.37 r        -0.47  (VIOLATED)
   div5/remainder_t_reg_8__17_/SI
                                2.90           3.37 r        -0.47  (VIOLATED)
   div0/remainder_t_reg_8__10_/SI
                                2.90           3.37 r        -0.47  (VIOLATED)
   bank1_proj_reg_reg_7_/D      2.94           3.41 r        -0.47  (VIOLATED)
   div6/remainder_t_reg_8__11_/SI
                                2.90           3.37 r        -0.47  (VIOLATED)
   div6/remainder_t_reg_8__8_/SI
                                2.90           3.36 r        -0.46  (VIOLATED)
   div7/remainder_t_reg_12__8_/SI
                                2.90           3.36 r        -0.46  (VIOLATED)
   div7/remainder_t_reg_8__8_/SI
                                2.90           3.36 r        -0.46  (VIOLATED)
   div7/remainder_t_reg_12__11_/SI
                                2.90           3.36 r        -0.46  (VIOLATED)
   div3/remainder_t_reg_20__10_/SI
                                2.90           3.36 r        -0.46  (VIOLATED)
   df_stage7_mul_reg_2__32_/D
                                2.94           3.40 r        -0.46  (VIOLATED)
   div6/remainder_t_reg_12__11_/SI
                                2.90           3.36 r        -0.46  (VIOLATED)
   div7/remainder_t_reg_8__11_/SI
                                2.90           3.36 r        -0.46  (VIOLATED)
   div2/remainder_t_reg_16__8_/SI
                                2.90           3.36 r        -0.46  (VIOLATED)
   df_stage7_mul_reg_6__32_/D
                                2.94           3.40 r        -0.46  (VIOLATED)
   div5/remainder_t_reg_12__13_/SI
                                2.90           3.36 r        -0.46  (VIOLATED)
   bank2_proj_add_reg_9_/D      2.94           3.40 r        -0.46  (VIOLATED)
   qk_result_reg_2__9_/D        2.94           3.40 r        -0.46  (VIOLATED)
   div1/remainder_t_reg_8__10_/SI
                                2.90           3.36 r        -0.46  (VIOLATED)
   df_stage5_mul_reg_4__23_/D
                                2.94           3.40 r        -0.46  (VIOLATED)
   df_stage9_mul_reg_7__44_/D
                                2.94           3.40 r        -0.46  (VIOLATED)
   div3/remainder_t_reg_12__10_/SI
                                2.90           3.36 r        -0.46  (VIOLATED)
   div3/remainder_t_reg_16__17_/SI
                                2.90           3.36 r        -0.46  (VIOLATED)
   div1/remainder_t_reg_20__13_/SI
                                2.90           3.36 r        -0.46  (VIOLATED)
   df_stage3_mul_reg_3__17_/D
                                2.94           3.40 r        -0.46  (VIOLATED)
   div0/remainder_t_reg_8__13_/SI
                                2.90           3.36 r        -0.46  (VIOLATED)
   div7/remainder_t_reg_20__17_/SI
                                2.90           3.35 r        -0.45  (VIOLATED)
   div2/remainder_t_reg_16__13_/SI
                                2.90           3.35 r        -0.45  (VIOLATED)
   div2/remainder_t_reg_16__11_/SI
                                2.90           3.35 r        -0.45  (VIOLATED)
   div7/remainder_t_reg_16__13_/SI
                                2.90           3.35 r        -0.45  (VIOLATED)
   div5/remainder_t_reg_12__8_/SI
                                2.90           3.35 r        -0.45  (VIOLATED)
   div5/remainder_t_reg_12__11_/SI
                                2.90           3.35 r        -0.45  (VIOLATED)
   div7/remainder_t_reg_16__11_/SI
                                2.90           3.35 r        -0.45  (VIOLATED)
   div5/remainder_t_reg_20__10_/SI
                                2.90           3.35 r        -0.45  (VIOLATED)
   div0/remainder_t_reg_16__8_/SI
                                2.90           3.35 r        -0.45  (VIOLATED)
   bank0_proj_add_reg_9_/D      2.94           3.39 r        -0.45  (VIOLATED)
   qk_result_reg_0__9_/D        2.94           3.39 r        -0.45  (VIOLATED)
   div0/remainder_t_reg_20__9_/SI
                                2.90           3.35 r        -0.45  (VIOLATED)
   div5/remainder_t_reg_16__14_/SI
                                2.90           3.35 r        -0.45  (VIOLATED)
   div5/remainder_t_reg_16__12_/SI
                                2.90           3.35 r        -0.45  (VIOLATED)
   div7/remainder_t_reg_16__8_/SI
                                2.90           3.35 r        -0.45  (VIOLATED)
   div1/remainder_t_reg_20__11_/SI
                                2.90           3.35 r        -0.45  (VIOLATED)
   div7/remainder_t_reg_16__10_/SI
                                2.90           3.35 r        -0.45  (VIOLATED)
   div0/remainder_t_reg_8__11_/SI
                                2.90           3.35 r        -0.45  (VIOLATED)
   div2/remainder_t_reg_16__10_/SI
                                2.90           3.35 r        -0.45  (VIOLATED)
   div0/remainder_t_reg_12__14_/SI
                                2.90           3.35 r        -0.45  (VIOLATED)
   div0/remainder_t_reg_12__15_/SI
                                2.90           3.35 r        -0.45  (VIOLATED)
   div6/remainder_t_reg_20__16_/SI
                                2.90           3.34 r        -0.45  (VIOLATED)
   div0/remainder_t_reg_16__13_/SI
                                2.90           3.34 r        -0.45  (VIOLATED)
   div0/remainder_t_reg_16__11_/SI
                                2.90           3.34 r        -0.45  (VIOLATED)
   df_stage9_mul_reg_3__62_/D
                                2.94           3.39 r        -0.44  (VIOLATED)
   df_stage9_mul_reg_2__69_/D
                                2.94           3.38 r        -0.44  (VIOLATED)
   div1/remainder_t_reg_20__8_/SI
                                2.90           3.34 r        -0.44  (VIOLATED)
   div4/remainder_t_reg_20__13_/SI
                                2.90           3.34 r        -0.44  (VIOLATED)
   div6/remainder_t_reg_20__14_/SI
                                2.90           3.34 r        -0.44  (VIOLATED)
   div6/remainder_t_reg_20__15_/SI
                                2.90           3.34 r        -0.44  (VIOLATED)
   div6/remainder_t_reg_16__14_/SI
                                2.90           3.34 r        -0.44  (VIOLATED)
   div6/remainder_t_reg_16__12_/SI
                                2.90           3.34 r        -0.44  (VIOLATED)
   div0/remainder_t_reg_16__10_/SI
                                2.90           3.34 r        -0.44  (VIOLATED)
   div2/remainder_t_reg_12__14_/SI
                                2.90           3.34 r        -0.44  (VIOLATED)
   div2/remainder_t_reg_12__15_/SI
                                2.90           3.34 r        -0.44  (VIOLATED)
   div4/remainder_t_reg_8__13_/SI
                                2.90           3.34 r        -0.44  (VIOLATED)
   qk_result_head_reg_0__21_/D
                                2.94           3.38 r        -0.44  (VIOLATED)
   div2/remainder_t_reg_20__10_/SI
                                2.90           3.34 r        -0.44  (VIOLATED)
   df_stage5_mul_reg_0__24_/D
                                2.94           3.38 r        -0.44  (VIOLATED)
   div0/remainder_t_reg_12__12_/SI
                                2.90           3.34 r        -0.44  (VIOLATED)
   df_stage9_mul_reg_3__58_/D
                                2.94           3.38 r        -0.44  (VIOLATED)
   div4/remainder_t_reg_12__14_/SI
                                2.90           3.34 r        -0.44  (VIOLATED)
   div4/remainder_t_reg_12__15_/SI
                                2.90           3.34 r        -0.44  (VIOLATED)
   div3/remainder_t_reg_8__14_/SI
                                2.90           3.34 r        -0.44  (VIOLATED)
   div3/remainder_t_reg_8__15_/SI
                                2.90           3.34 r        -0.44  (VIOLATED)
   bank3_proj_add_reg_9_/D      2.94           3.38 r        -0.44  (VIOLATED)
   qk_result_reg_3__9_/D        2.94           3.38 r        -0.44  (VIOLATED)
   div7/remainder_t_reg_20__16_/SI
                                2.90           3.33 r        -0.44  (VIOLATED)
   div6/remainder_t_reg_8__9_/SI
                                2.90           3.33 r        -0.43  (VIOLATED)
   div4/remainder_t_reg_20__11_/SI
                                2.90           3.33 r        -0.43  (VIOLATED)
   token_mean_reg_10_/D         2.94           3.37 r        -0.43  (VIOLATED)
   div1/remainder_t_reg_12__13_/SI
                                2.90           3.33 r        -0.43  (VIOLATED)
   div2/remainder_t_reg_8__14_/SI
                                2.90           3.33 r        -0.43  (VIOLATED)
   div2/remainder_t_reg_8__15_/SI
                                2.90           3.33 r        -0.43  (VIOLATED)
   div7/remainder_t_reg_12__9_/SI
                                2.90           3.33 r        -0.43  (VIOLATED)
   div5/remainder_t_reg_8__16_/SI
                                2.90           3.33 r        -0.43  (VIOLATED)
   div4/remainder_t_reg_8__11_/SI
                                2.90           3.33 r        -0.43  (VIOLATED)
   token_x_nor_result_reg_0__15_/D
                                2.94           3.37 r        -0.43  (VIOLATED)
   div6/remainder_t_reg_20__12_/SI
                                2.90           3.33 r        -0.43  (VIOLATED)
   div6/remainder_t_reg_12__9_/SI
                                2.90           3.33 r        -0.43  (VIOLATED)
   div3/remainder_t_reg_20__13_/SI
                                2.90           3.33 r        -0.43  (VIOLATED)
   div7/remainder_t_reg_8__9_/SI
                                2.90           3.33 r        -0.43  (VIOLATED)
   df_stage9_mul_reg_7__43_/D
                                2.94           3.37 r        -0.43  (VIOLATED)
   div4/remainder_t_reg_20__8_/SI
                                2.90           3.33 r        -0.43  (VIOLATED)
   bank1_proj_add_reg_9_/D      2.94           3.37 r        -0.43  (VIOLATED)
   qk_result_reg_1__9_/D        2.94           3.37 r        -0.43  (VIOLATED)
   div5/remainder_t_reg_8__14_/SI
                                2.90           3.33 r        -0.43  (VIOLATED)
   div5/remainder_t_reg_8__15_/SI
                                2.90           3.33 r        -0.43  (VIOLATED)
   div2/remainder_t_reg_12__12_/SI
                                2.90           3.33 r        -0.43  (VIOLATED)
   div2/remainder_t_reg_12__16_/SI
                                2.90           3.33 r        -0.43  (VIOLATED)
   div3/remainder_t_reg_16__16_/SI
                                2.90           3.33 r        -0.43  (VIOLATED)
   df_stage5_mul_reg_6__25_/D
                                2.94           3.37 r        -0.43  (VIOLATED)
   div5/remainder_t_reg_20__13_/SI
                                2.90           3.33 r        -0.43  (VIOLATED)
   div4/remainder_t_reg_12__12_/SI
                                2.90           3.33 r        -0.43  (VIOLATED)
   div3/remainder_t_reg_8__12_/SI
                                2.90           3.33 r        -0.43  (VIOLATED)
   div4/remainder_t_reg_12__16_/SI
                                2.90           3.32 r        -0.43  (VIOLATED)
   div3/remainder_t_reg_8__16_/SI
                                2.90           3.32 r        -0.43  (VIOLATED)
   div1/remainder_t_reg_16__13_/SI
                                2.90           3.32 r        -0.42  (VIOLATED)
   div7/remainder_t_reg_20__14_/SI
                                2.90           3.32 r        -0.42  (VIOLATED)
   div1/remainder_t_reg_16__11_/SI
                                2.90           3.32 r        -0.42  (VIOLATED)
   div7/remainder_t_reg_20__15_/SI
                                2.90           3.32 r        -0.42  (VIOLATED)
   div1/remainder_t_reg_8__13_/SI
                                2.90           3.32 r        -0.42  (VIOLATED)
   div1/remainder_t_reg_12__11_/SI
                                2.90           3.32 r        -0.42  (VIOLATED)
   df_stage5_mul_reg_2__23_/D
                                2.94           3.36 r        -0.42  (VIOLATED)
   div3/remainder_t_reg_12__13_/SI
                                2.90           3.32 r        -0.42  (VIOLATED)
   div3/remainder_t_reg_20__11_/SI
                                2.90           3.32 r        -0.42  (VIOLATED)
   div5/remainder_t_reg_12__9_/SI
                                2.90           3.32 r        -0.42  (VIOLATED)
   div2/remainder_t_reg_8__12_/SI
                                2.90           3.32 r        -0.42  (VIOLATED)
   div2/remainder_t_reg_8__16_/SI
                                2.90           3.32 r        -0.42  (VIOLATED)
   df_stage5_mul_reg_5__25_/D
                                2.94           3.36 r        -0.42  (VIOLATED)
   div0/remainder_t_reg_20__7_/SI
                                2.90           3.32 r        -0.42  (VIOLATED)
   df_stage9_mul_reg_0__62_/D
                                2.94           3.36 r        -0.42  (VIOLATED)
   div1/remainder_t_reg_16__10_/SI
                                2.90           3.32 r        -0.42  (VIOLATED)
   token_x_nor_result_reg_7__14_/D
                                2.94           3.36 r        -0.42  (VIOLATED)
   div3/remainder_t_reg_20__8_/SI
                                2.90           3.32 r        -0.42  (VIOLATED)
   div5/remainder_t_reg_20__11_/SI
                                2.90           3.32 r        -0.42  (VIOLATED)
   div5/remainder_t_reg_8__12_/SI
                                2.90           3.32 r        -0.42  (VIOLATED)
   div2/remainder_t_reg_16__15_/SI
                                2.90           3.32 r        -0.42  (VIOLATED)
   df_stage9_mul_reg_6__42_/D
                                2.94           3.36 r        -0.42  (VIOLATED)
   div0/remainder_t_reg_8__9_/SI
                                2.90           3.32 r        -0.42  (VIOLATED)
   div3/remainder_t_reg_12__11_/SI
                                2.90           3.32 r        -0.42  (VIOLATED)
   div7/remainder_t_reg_20__12_/SI
                                2.90           3.32 r        -0.42  (VIOLATED)
   div1/remainder_t_reg_8__11_/SI
                                2.90           3.31 r        -0.42  (VIOLATED)
   div0/remainder_t_reg_20__6_/SI
                                2.90           3.31 r        -0.41  (VIOLATED)
   div5/remainder_t_reg_20__8_/SI
                                2.90           3.31 r        -0.41  (VIOLATED)
   df_stage9_mul_reg_0__58_/D
                                2.94           3.35 r        -0.41  (VIOLATED)
   df_stage9_mul_reg_1__62_/D
                                2.94           3.35 r        -0.41  (VIOLATED)
   df_stage9_mul_reg_6__43_/D
                                2.94           3.35 r        -0.41  (VIOLATED)
   div1/remainder_t_reg_20__9_/SI
                                2.90           3.31 r        -0.41  (VIOLATED)
   div0/remainder_t_reg_16__15_/SI
                                2.90           3.31 r        -0.41  (VIOLATED)
   div6/remainder_t_reg_12__8_/SI
                                2.90           3.31 r        -0.41  (VIOLATED)
   df_stage9_mul_reg_4__40_/D
                                2.94           3.35 r        -0.41  (VIOLATED)
   df_stage9_mul_reg_5__44_/D
                                2.94           3.35 r        -0.41  (VIOLATED)
   df_stage9_mul_reg_6__41_/D
                                2.94           3.35 r        -0.41  (VIOLATED)
   div4/remainder_t_reg_16__8_/SI
                                2.90           3.31 r        -0.41  (VIOLATED)
   df_stage5_mul_reg_7__24_/D
                                2.94           3.35 r        -0.41  (VIOLATED)
   div2/remainder_t_reg_20__13_/SI
                                2.90           3.31 r        -0.41  (VIOLATED)
   df_stage9_mul_reg_1__58_/D
                                2.94           3.35 r        -0.40  (VIOLATED)
   div4/remainder_t_reg_8__9_/SI
                                2.90           3.30 r        -0.40  (VIOLATED)
   div0/remainder_t_reg_12__10_/SI
                                2.90           3.30 r        -0.40  (VIOLATED)
   df_stage3_mul_reg_1__18_/D
                                2.94           3.34 r        -0.40  (VIOLATED)
   div4/remainder_t_reg_16__13_/SI
                                2.90           3.30 r        -0.40  (VIOLATED)
   div4/remainder_t_reg_16__11_/SI
                                2.90           3.30 r        -0.40  (VIOLATED)
   bank3_proj_reg_reg_6_/D      2.94           3.34 r        -0.40  (VIOLATED)
   div2/remainder_t_reg_20__11_/SI
                                2.90           3.30 r        -0.40  (VIOLATED)
   bank2_proj_reg_reg_6_/D      2.94           3.34 r        -0.39  (VIOLATED)
   div7/remainder_t_reg_16__15_/SI
                                2.90           3.29 r        -0.39  (VIOLATED)
   div4/remainder_t_reg_20__9_/SI
                                2.90           3.29 r        -0.39  (VIOLATED)
   bank0_proj_reg_reg_6_/D      2.94           3.34 r        -0.39  (VIOLATED)
   div6/remainder_t_reg_20__10_/SI
                                2.90           3.29 r        -0.39  (VIOLATED)
   div2/remainder_t_reg_16__7_/SI
                                2.90           3.29 r        -0.39  (VIOLATED)
   div2/remainder_t_reg_20__8_/SI
                                2.90           3.29 r        -0.39  (VIOLATED)
   div4/remainder_t_reg_16__10_/SI
                                2.90           3.29 r        -0.39  (VIOLATED)
   df_stage5_mul_reg_1__24_/D
                                2.94           3.33 r        -0.39  (VIOLATED)
   df_stage9_mul_reg_2__62_/D
                                2.94           3.33 r        -0.39  (VIOLATED)
   div1/remainder_t_reg_12__9_/SI
                                2.90           3.29 r        -0.39  (VIOLATED)
   div5/remainder_t_reg_16__13_/SI
                                2.90           3.29 r        -0.39  (VIOLATED)
   df_stage5_mul_reg_3__24_/D
                                2.94           3.33 r        -0.39  (VIOLATED)
   div5/remainder_t_reg_16__11_/SI
                                2.90           3.29 r        -0.39  (VIOLATED)
   div2/remainder_t_reg_12__10_/SI
                                2.90           3.29 r        -0.39  (VIOLATED)
   div0/remainder_t_reg_12__13_/SI
                                2.90           3.29 r        -0.39  (VIOLATED)
   div2/remainder_t_reg_16__6_/SI
                                2.90           3.29 r        -0.39  (VIOLATED)
   div0/remainder_t_reg_8__8_/SI
                                2.90           3.29 r        -0.39  (VIOLATED)
   bank1_proj_reg_reg_6_/D      2.94           3.33 r        -0.39  (VIOLATED)
   bank2_proj_add_reg_8_/D      2.94           3.33 r        -0.39  (VIOLATED)
   qk_result_reg_2__8_/D        2.94           3.33 r        -0.39  (VIOLATED)
   div4/remainder_t_reg_12__10_/SI
                                2.90           3.29 r        -0.39  (VIOLATED)
   div3/remainder_t_reg_8__10_/SI
                                2.90           3.29 r        -0.39  (VIOLATED)
   div3/remainder_t_reg_12__9_/SI
                                2.90           3.28 r        -0.38  (VIOLATED)
   df_stage9_mul_reg_7__41_/D
                                2.94           3.33 r        -0.38  (VIOLATED)
   div6/remainder_t_reg_20__8_/SI
                                2.90           3.28 r        -0.38  (VIOLATED)
   div2/remainder_t_reg_16__9_/SI
                                2.90           3.28 r        -0.38  (VIOLATED)
   div0/remainder_t_reg_16__7_/SI
                                2.90           3.28 r        -0.38  (VIOLATED)
   div3/remainder_t_reg_20__9_/SI
                                2.90           3.28 r        -0.38  (VIOLATED)
   div5/remainder_t_reg_16__8_/SI
                                2.90           3.28 r        -0.38  (VIOLATED)
   div7/remainder_t_reg_20__10_/SI
                                2.90           3.28 r        -0.38  (VIOLATED)
   df_stage7_mul_reg_0__33_/D
                                2.94           3.32 r        -0.38  (VIOLATED)
   df_stage7_mul_reg_3__33_/D
                                2.94           3.32 r        -0.38  (VIOLATED)
   div5/remainder_t_reg_16__10_/SI
                                2.90           3.28 r        -0.38  (VIOLATED)
   div6/remainder_t_reg_16__13_/SI
                                2.90           3.28 r        -0.38  (VIOLATED)
   div6/remainder_t_reg_16__11_/SI
                                2.90           3.28 r        -0.38  (VIOLATED)
   div6/remainder_t_reg_8__7_/SI
                                2.90           3.28 r        -0.38  (VIOLATED)
   df_stage9_mul_reg_1__68_/D
                                2.94           3.32 r        -0.38  (VIOLATED)
   div7/remainder_t_reg_12__7_/SI
                                2.90           3.28 r        -0.38  (VIOLATED)
   div2/remainder_t_reg_8__10_/SI
                                2.90           3.28 r        -0.38  (VIOLATED)
   df_stage9_mul_reg_2__58_/D
                                2.94           3.32 r        -0.38  (VIOLATED)
   df_stage5_mul_reg_0__23_/D
                                2.94           3.32 r        -0.38  (VIOLATED)
   div1/remainder_t_reg_8__9_/SI
                                2.90           3.28 r        -0.38  (VIOLATED)
   div7/remainder_t_reg_8__7_/SI
                                2.90           3.28 r        -0.38  (VIOLATED)
   div0/remainder_t_reg_12__11_/SI
                                2.90           3.28 r        -0.38  (VIOLATED)
   df_stage3_mul_reg_4__18_/D
                                2.94           3.32 r        -0.38  (VIOLATED)
   df_stage9_mul_reg_5__43_/D
                                2.94           3.32 r        -0.38  (VIOLATED)
   token_x_nor_result_reg_6__15_/D
                                2.94           3.32 r        -0.38  (VIOLATED)
   qk_result_head_reg_1__20_/D
                                2.94           3.32 r        -0.38  (VIOLATED)
   div0/remainder_t_reg_16__6_/SI
                                2.90           3.28 r        -0.38  (VIOLATED)
   div5/remainder_t_reg_20__9_/SI
                                2.90           3.28 r        -0.38  (VIOLATED)
   bank3_proj_add_reg_7_/D      2.94           3.32 r        -0.38  (VIOLATED)
   qk_result_reg_3__7_/D        2.94           3.32 r        -0.38  (VIOLATED)
   div5/remainder_t_reg_8__10_/SI
                                2.90           3.28 r        -0.38  (VIOLATED)
   div6/remainder_t_reg_16__8_/SI
                                2.90           3.28 r        -0.38  (VIOLATED)
   div6/remainder_t_reg_16__10_/SI
                                2.90           3.28 r        -0.38  (VIOLATED)
   div6/remainder_t_reg_8__6_/SI
                                2.90           3.28 r        -0.38  (VIOLATED)
   div7/remainder_t_reg_12__6_/SI
                                2.90           3.28 r        -0.38  (VIOLATED)
   div0/remainder_t_reg_16__9_/SI
                                2.90           3.27 r        -0.37  (VIOLATED)
   div1/remainder_t_reg_20__7_/SI
                                2.90           3.27 r        -0.37  (VIOLATED)
   div7/remainder_t_reg_8__6_/SI
                                2.90           3.27 r        -0.37  (VIOLATED)
   div1/remainder_t_reg_16__8_/SI
                                2.90           3.27 r        -0.37  (VIOLATED)
   div5/remainder_t_reg_12__7_/SI
                                2.90           3.27 r        -0.37  (VIOLATED)
   token_x_nor_result_reg_1__15_/D
                                2.94           3.31 r        -0.37  (VIOLATED)
   token_x_nor_result_reg_3__15_/D
                                2.94           3.31 r        -0.37  (VIOLATED)
   token_x_nor_result_reg_2__15_/D
                                2.94           3.31 r        -0.37  (VIOLATED)
   div6/remainder_t_reg_20__13_/SI
                                2.90           3.27 r        -0.37  (VIOLATED)
   div1/remainder_t_reg_20__6_/SI
                                2.90           3.27 r        -0.37  (VIOLATED)
   bank2_proj_add_reg_7_/D      2.94           3.31 r        -0.37  (VIOLATED)
   qk_result_reg_2__7_/D        2.94           3.31 r        -0.37  (VIOLATED)
   div4/remainder_t_reg_8__8_/SI
                                2.90           3.27 r        -0.37  (VIOLATED)
   df_stage7_mul_reg_1__32_/D
                                2.94           3.31 r        -0.37  (VIOLATED)
   div3/remainder_t_reg_16__14_/SI
                                2.90           3.27 r        -0.37  (VIOLATED)
   div3/remainder_t_reg_16__12_/SI
                                2.90           3.27 r        -0.37  (VIOLATED)
   div7/remainder_t_reg_16__9_/SI
                                2.90           3.27 r        -0.37  (VIOLATED)
   div7/remainder_t_reg_16__7_/SI
                                2.90           3.27 r        -0.37  (VIOLATED)
   div1/remainder_t_reg_16__15_/SI
                                2.90           3.27 r        -0.37  (VIOLATED)
   qk_result_head_reg_0__20_/D
                                2.94           3.30 r        -0.36  (VIOLATED)
   div5/remainder_t_reg_12__6_/SI
                                2.90           3.26 r        -0.36  (VIOLATED)
   df_stage7_mul_reg_7__31_/D
                                2.94           3.30 r        -0.36  (VIOLATED)
   div1/remainder_t_reg_12__8_/SI
                                2.90           3.26 r        -0.36  (VIOLATED)
   div6/remainder_t_reg_20__11_/SI
                                2.90           3.26 r        -0.36  (VIOLATED)
   div4/remainder_t_reg_16__15_/SI
                                2.90           3.26 r        -0.36  (VIOLATED)
   token_mae_sign_d1_reg/D      2.93           3.29 r        -0.36  (VIOLATED)
   div4/remainder_t_reg_20__7_/SI
                                2.90           3.26 r        -0.36  (VIOLATED)
   div7/remainder_t_reg_16__6_/SI
                                2.90           3.26 r        -0.36  (VIOLATED)
   div2/remainder_t_reg_20__9_/SI
                                2.90           3.26 r        -0.36  (VIOLATED)
   df_stage7_mul_reg_6__31_/D
                                2.94           3.30 r        -0.35  (VIOLATED)
   div5/remainder_t_reg_8__13_/SI
                                2.90           3.26 r        -0.35  (VIOLATED)
   div4/remainder_t_reg_20__6_/SI
                                2.90           3.25 r        -0.35  (VIOLATED)
   token_x_nor_result_reg_4__15_/D
                                2.94           3.30 r        -0.35  (VIOLATED)
   token_x_nor_result_reg_5__15_/D
                                2.94           3.30 r        -0.35  (VIOLATED)
   div1/remainder_t_reg_8__8_/SI
                                2.90           3.25 r        -0.35  (VIOLATED)
   div2/remainder_t_reg_12__13_/SI
                                2.90           3.25 r        -0.35  (VIOLATED)
   bank3_proj_add_reg_8_/D      2.94           3.29 r        -0.35  (VIOLATED)
   qk_result_reg_3__8_/D        2.94           3.29 r        -0.35  (VIOLATED)
   df_stage9_mul_reg_3__64_/D
                                2.94           3.29 r        -0.35  (VIOLATED)
   df_stage9_mul_reg_3__63_/D
                                2.94           3.29 r        -0.35  (VIOLATED)
   div3/remainder_t_reg_12__8_/SI
                                2.90           3.25 r        -0.35  (VIOLATED)
   div4/remainder_t_reg_12__13_/SI
                                2.90           3.25 r        -0.35  (VIOLATED)
   div3/remainder_t_reg_8__13_/SI
                                2.90           3.25 r        -0.35  (VIOLATED)
   bank0_proj_add_reg_8_/D      2.94           3.29 r        -0.35  (VIOLATED)
   qk_result_reg_0__8_/D        2.94           3.29 r        -0.35  (VIOLATED)
   df_stage7_mul_reg_2__31_/D
                                2.94           3.29 r        -0.35  (VIOLATED)
   div3/remainder_t_reg_20__7_/SI
                                2.90           3.25 r        -0.35  (VIOLATED)
   div0/remainder_t_reg_12__9_/SI
                                2.90           3.25 r        -0.35  (VIOLATED)
   df_stage9_mul_reg_3__61_/D
                                2.94           3.29 r        -0.35  (VIOLATED)
   div0/remainder_t_reg_20__5_/SI
                                2.90           3.25 r        -0.35  (VIOLATED)
   div2/remainder_t_reg_8__13_/SI
                                2.90           3.25 r        -0.35  (VIOLATED)
   df_stage3_mul_reg_2__17_/D
                                2.94           3.29 r        -0.35  (VIOLATED)
   div2/remainder_t_reg_12__11_/SI
                                2.90           3.24 r        -0.34  (VIOLATED)
   df_stage3_mul_reg_6__17_/D
                                2.94           3.28 r        -0.34  (VIOLATED)
   div5/remainder_t_reg_20__7_/SI
                                2.90           3.24 r        -0.34  (VIOLATED)
   div3/remainder_t_reg_20__6_/SI
                                2.90           3.24 r        -0.34  (VIOLATED)
   div4/remainder_t_reg_12__11_/SI
                                2.90           3.24 r        -0.34  (VIOLATED)
   div3/remainder_t_reg_8__11_/SI
                                2.90           3.24 r        -0.34  (VIOLATED)
   div7/remainder_t_reg_20__13_/SI
                                2.90           3.24 r        -0.34  (VIOLATED)
   div5/remainder_t_reg_8__11_/SI
                                2.90           3.24 r        -0.34  (VIOLATED)
   df_stage9_mul_reg_3__57_/D
                                2.94           3.28 r        -0.34  (VIOLATED)
   div1/remainder_t_reg_16__9_/SI
                                2.90           3.24 r        -0.34  (VIOLATED)
   div5/remainder_t_reg_20__6_/SI
                                2.90           3.24 r        -0.34  (VIOLATED)
   bank1_proj_add_reg_7_/D      2.94           3.28 r        -0.34  (VIOLATED)
   qk_result_reg_1__7_/D        2.94           3.28 r        -0.34  (VIOLATED)
   df_stage3_mul_reg_1__17_/D
                                2.94           3.28 r        -0.34  (VIOLATED)
   div2/remainder_t_reg_8__11_/SI
                                2.90           3.24 r        -0.34  (VIOLATED)
   div4/remainder_t_reg_16__7_/SI
                                2.90           3.24 r        -0.34  (VIOLATED)
   div7/remainder_t_reg_20__8_/SI
                                2.90           3.23 r        -0.33  (VIOLATED)
   bank1_proj_add_reg_8_/D      2.94           3.27 r        -0.33  (VIOLATED)
   qk_result_reg_1__8_/D        2.94           3.27 r        -0.33  (VIOLATED)
   df_stage5_mul_reg_6__24_/D
                                2.94           3.27 r        -0.33  (VIOLATED)
   div7/remainder_t_reg_20__11_/SI
                                2.90           3.23 r        -0.33  (VIOLATED)
   df_stage5_mul_reg_3__23_/D
                                2.94           3.27 r        -0.33  (VIOLATED)
   qk_result_head_reg_3__24_/D
                                2.94           3.27 r        -0.33  (VIOLATED)
   div4/remainder_t_reg_16__6_/SI
                                2.90           3.23 r        -0.33  (VIOLATED)
   div5/remainder_t_reg_16__15_/SI
                                2.90           3.23 r        -0.33  (VIOLATED)
   div4/remainder_t_reg_16__9_/SI
                                2.90           3.23 r        -0.33  (VIOLATED)
   df_stage9_mul_reg_0__68_/D
                                2.94           3.27 r        -0.33  (VIOLATED)
   df_stage9_mul_reg_0__64_/D
                                2.94           3.27 r        -0.33  (VIOLATED)
   df_stage9_mul_reg_0__63_/D
                                2.94           3.27 r        -0.33  (VIOLATED)
   df_stage5_mul_reg_5__24_/D
                                2.94           3.27 r        -0.33  (VIOLATED)
   qk_result_head_reg_3__23_/D
                                2.94           3.27 r        -0.33  (VIOLATED)
   div6/remainder_t_reg_12__7_/SI
                                2.90           3.22 r        -0.32  (VIOLATED)
   div2/remainder_t_reg_20__7_/SI
                                2.90           3.22 r        -0.32  (VIOLATED)
   df_stage9_mul_reg_0__61_/D
                                2.94           3.26 r        -0.32  (VIOLATED)
   div6/remainder_t_reg_16__15_/SI
                                2.90           3.22 r        -0.32  (VIOLATED)
   div6/remainder_t_reg_20__9_/SI
                                2.90           3.22 r        -0.32  (VIOLATED)
   df_stage9_mul_reg_5__41_/D
                                2.94           3.26 r        -0.32  (VIOLATED)
   df_stage9_mul_reg_1__64_/D
                                2.94           3.26 r        -0.32  (VIOLATED)
   df_stage9_mul_reg_1__63_/D
                                2.94           3.26 r        -0.32  (VIOLATED)
   df_stage3_mul_reg_7__16_/D
                                2.94           3.26 r        -0.32  (VIOLATED)
   div6/remainder_t_reg_12__6_/SI
                                2.90           3.22 r        -0.32  (VIOLATED)
   df_stage3_mul_reg_4__17_/D
                                2.94           3.26 r        -0.32  (VIOLATED)
   div2/remainder_t_reg_20__6_/SI
                                2.90           3.22 r        -0.32  (VIOLATED)
   df_stage9_mul_reg_3__68_/D
                                2.94           3.26 r        -0.32  (VIOLATED)
   df_stage9_mul_reg_0__57_/D
                                2.94           3.26 r        -0.32  (VIOLATED)
   div6/remainder_t_reg_20__7_/SI
                                2.90           3.21 r        -0.31  (VIOLATED)
   df_stage9_mul_reg_7__40_/D
                                2.94           3.26 r        -0.31  (VIOLATED)
   df_stage9_mul_reg_1__61_/D
                                2.94           3.26 r        -0.31  (VIOLATED)
   div6/remainder_t_reg_8__5_/SI
                                2.90           3.21 r        -0.31  (VIOLATED)
   div7/remainder_t_reg_12__5_/SI
                                2.90           3.21 r        -0.31  (VIOLATED)
   div7/remainder_t_reg_8__5_/SI
                                2.90           3.21 r        -0.31  (VIOLATED)
   div2/remainder_t_reg_12__9_/SI
                                2.90           3.21 r        -0.31  (VIOLATED)
   div6/remainder_t_reg_20__6_/SI
                                2.90           3.21 r        -0.31  (VIOLATED)
   div5/remainder_t_reg_8__9_/SI
                                2.90           3.21 r        -0.31  (VIOLATED)
   df_stage9_mul_reg_6__40_/D
                                2.94           3.25 r        -0.31  (VIOLATED)
   div4/remainder_t_reg_12__9_/SI
                                2.90           3.21 r        -0.31  (VIOLATED)
   div3/remainder_t_reg_8__9_/SI
                                2.90           3.21 r        -0.31  (VIOLATED)
   div2/remainder_t_reg_16__5_/SI
                                2.90           3.21 r        -0.31  (VIOLATED)
   df_stage3_mul_reg_5__16_/D
                                2.94           3.25 r        -0.31  (VIOLATED)
   df_stage9_mul_reg_1__57_/D
                                2.94           3.25 r        -0.31  (VIOLATED)
   token_x_nor_result_reg_1__14_/D
                                2.94           3.25 r        -0.31  (VIOLATED)
   token_x_nor_result_reg_3__14_/D
                                2.94           3.25 r        -0.31  (VIOLATED)
   token_x_nor_result_reg_2__14_/D
                                2.94           3.25 r        -0.31  (VIOLATED)
   div3/remainder_t_reg_16__13_/SI
                                2.90           3.21 r        -0.31  (VIOLATED)
   df_stage5_mul_reg_4__22_/D
                                2.94           3.25 r        -0.31  (VIOLATED)
   div7/remainder_t_reg_16__5_/SI
                                2.90           3.21 r        -0.31  (VIOLATED)
   div3/remainder_t_reg_16__11_/SI
                                2.90           3.21 r        -0.31  (VIOLATED)
   div1/remainder_t_reg_16__7_/SI
                                2.90           3.20 r        -0.30  (VIOLATED)
   div7/remainder_t_reg_20__9_/SI
                                2.90           3.20 r        -0.30  (VIOLATED)
   div0/remainder_t_reg_8__7_/SI
                                2.90           3.20 r        -0.30  (VIOLATED)
   div2/remainder_t_reg_8__9_/SI
                                2.90           3.20 r        -0.30  (VIOLATED)
   div3/remainder_t_reg_16__8_/SI
                                2.90           3.20 r        -0.30  (VIOLATED)
   div5/remainder_t_reg_12__5_/SI
                                2.90           3.20 r        -0.30  (VIOLATED)
   div5/remainder_t_reg_16__9_/SI
                                2.90           3.20 r        -0.30  (VIOLATED)
   div3/remainder_t_reg_16__10_/SI
                                2.90           3.20 r        -0.30  (VIOLATED)
   div5/remainder_t_reg_16__7_/SI
                                2.90           3.20 r        -0.30  (VIOLATED)
   df_stage9_mul_reg_4__39_/D
                                2.94           3.24 r        -0.30  (VIOLATED)
   df_stage3_mul_reg_0__17_/D
                                2.94           3.24 r        -0.30  (VIOLATED)
   div0/remainder_t_reg_16__5_/SI
                                2.90           3.20 r        -0.30  (VIOLATED)
   div1/remainder_t_reg_16__6_/SI
                                2.90           3.20 r        -0.30  (VIOLATED)
   token_x_nor_result_reg_6__14_/D
                                2.94           3.24 r        -0.30  (VIOLATED)
   div0/remainder_t_reg_8__6_/SI
                                2.90           3.20 r        -0.30  (VIOLATED)
   df_stage9_mul_reg_3__54_/D
                                2.94           3.24 r        -0.30  (VIOLATED)
   df_stage9_mul_reg_2__64_/D
                                2.94           3.24 r        -0.30  (VIOLATED)
   df_stage9_mul_reg_2__63_/D
                                2.94           3.24 r        -0.30  (VIOLATED)
   div6/remainder_t_reg_16__9_/SI
                                2.90           3.19 r        -0.30  (VIOLATED)
   div4/remainder_t_reg_8__7_/SI
                                2.90           3.19 r        -0.30  (VIOLATED)
   div6/remainder_t_reg_16__7_/SI
                                2.90           3.19 r        -0.29  (VIOLATED)
   div5/remainder_t_reg_16__6_/SI
                                2.90           3.19 r        -0.29  (VIOLATED)
   div1/remainder_t_reg_20__5_/SI
                                2.90           3.19 r        -0.29  (VIOLATED)
   df_stage9_mul_reg_2__61_/D
                                2.94           3.23 r        -0.29  (VIOLATED)
   bank0_proj_add_reg_7_/D      2.94           3.23 r        -0.29  (VIOLATED)
   qk_result_reg_0__7_/D        2.94           3.23 r        -0.29  (VIOLATED)
   div6/remainder_t_reg_16__6_/SI
                                2.90           3.19 r        -0.29  (VIOLATED)
   df_stage9_mul_reg_3__60_/D
                                2.94           3.23 r        -0.29  (VIOLATED)
   df_stage9_mul_reg_3__56_/D
                                2.94           3.23 r        -0.29  (VIOLATED)
   df_stage9_mul_reg_3__50_/D
                                2.94           3.23 r        -0.29  (VIOLATED)
   df_stage9_mul_reg_2__57_/D
                                2.94           3.23 r        -0.28  (VIOLATED)
   div0/remainder_t_reg_12__8_/SI
                                2.90           3.18 r        -0.28  (VIOLATED)
   df_stage3_mul_reg_3__16_/D
                                2.94           3.22 r        -0.28  (VIOLATED)
   div2/remainder_t_reg_12__8_/SI
                                2.90           3.18 r        -0.28  (VIOLATED)
   qk_result_head_reg_3__22_/D
                                2.94           3.22 r        -0.28  (VIOLATED)
   div4/remainder_t_reg_12__8_/SI
                                2.90           3.18 r        -0.28  (VIOLATED)
   div3/remainder_t_reg_8__8_/SI
                                2.90           3.18 r        -0.28  (VIOLATED)
   div3/remainder_t_reg_12__7_/SI
                                2.90           3.18 r        -0.28  (VIOLATED)
   df_stage9_mul_reg_7__42_/D
                                2.94           3.22 r        -0.28  (VIOLATED)
   div4/remainder_t_reg_20__5_/SI
                                2.90           3.18 r        -0.28  (VIOLATED)
   df_stage7_mul_reg_5__35_/D
                                2.94           3.22 r        -0.28  (VIOLATED)
   div1/remainder_t_reg_12__7_/SI
                                2.90           3.18 r        -0.28  (VIOLATED)
   div2/remainder_t_reg_8__8_/SI
                                2.90           3.17 r        -0.27  (VIOLATED)
   df_stage9_mul_reg_7__39_/D
                                2.94           3.22 r        -0.27  (VIOLATED)
   qk_result_head_reg_2__21_/D
                                2.94           3.21 r        -0.27  (VIOLATED)
   df_stage9_mul_reg_0__54_/D
                                2.94           3.21 r        -0.27  (VIOLATED)
   token_x_nor_result_reg_4__14_/D
                                2.94           3.21 r        -0.27  (VIOLATED)
   token_x_nor_result_reg_5__14_/D
                                2.94           3.21 r        -0.27  (VIOLATED)
   div5/remainder_t_reg_8__8_/SI
                                2.90           3.17 r        -0.27  (VIOLATED)
   div1/remainder_t_reg_8__7_/SI
                                2.90           3.17 r        -0.27  (VIOLATED)
   div1/remainder_t_reg_12__6_/SI
                                2.90           3.17 r        -0.27  (VIOLATED)
   div3/remainder_t_reg_20__5_/SI
                                2.90           3.17 r        -0.27  (VIOLATED)
   div7/remainder_t_reg_20__7_/SI
                                2.90           3.17 r        -0.27  (VIOLATED)
   df_stage5_mul_reg_1__23_/D
                                2.94           3.21 r        -0.27  (VIOLATED)
   df_stage9_mul_reg_5__40_/D
                                2.94           3.21 r        -0.27  (VIOLATED)
   df_stage9_mul_reg_1__54_/D
                                2.94           3.21 r        -0.26  (VIOLATED)
   div5/remainder_t_reg_20__5_/SI
                                2.90           3.16 r        -0.26  (VIOLATED)
   df_stage9_mul_reg_0__60_/D
                                2.94           3.20 r        -0.26  (VIOLATED)
   df_stage9_mul_reg_0__56_/D
                                2.94           3.20 r        -0.26  (VIOLATED)
   df_stage9_mul_reg_0__50_/D
                                2.94           3.20 r        -0.26  (VIOLATED)
   token_x_nor_result_reg_0__14_/D
                                2.94           3.20 r        -0.26  (VIOLATED)
   div7/remainder_t_reg_20__6_/SI
                                2.90           3.16 r        -0.26  (VIOLATED)
   div1/remainder_t_reg_8__6_/SI
                                2.90           3.16 r        -0.26  (VIOLATED)
   df_stage7_mul_reg_7__30_/D
                                2.94           3.20 r        -0.26  (VIOLATED)
   div6/remainder_t_reg_12__5_/SI
                                2.90           3.16 r        -0.26  (VIOLATED)
   df_stage9_mul_reg_1__60_/D
                                2.94           3.19 r        -0.25  (VIOLATED)
   df_stage9_mul_reg_1__56_/D
                                2.94           3.19 r        -0.25  (VIOLATED)
   df_stage9_mul_reg_1__50_/D
                                2.94           3.19 r        -0.25  (VIOLATED)
   div0/remainder_t_reg_20__4_/SI
                                2.90           3.15 r        -0.25  (VIOLATED)
   div4/remainder_t_reg_16__5_/SI
                                2.90           3.15 r        -0.25  (VIOLATED)
   div0/remainder_t_reg_8__4_/SI
                                2.90           3.15 r        -0.25  (VIOLATED)
   token_x_nor_result_reg_7__13_/D
                                2.94           3.19 r        -0.25  (VIOLATED)
   div3/remainder_t_reg_16__15_/SI
                                2.90           3.15 r        -0.25  (VIOLATED)
   df_stage9_mul_reg_3__59_/D
                                2.94           3.19 r        -0.25  (VIOLATED)
   bank0_proj_add_reg_6_/D      2.94           3.18 r        -0.24  (VIOLATED)
   qk_result_reg_0__6_/D        2.94           3.18 r        -0.24  (VIOLATED)
   df_stage9_mul_reg_3__55_/D
                                2.94           3.19 r        -0.24  (VIOLATED)
   bank2_proj_add_reg_6_/D      2.94           3.18 r        -0.24  (VIOLATED)
   qk_result_reg_2__6_/D        2.94           3.18 r        -0.24  (VIOLATED)
   df_stage7_mul_reg_2__30_/D
                                2.94           3.18 r        -0.24  (VIOLATED)
   div6/remainder_t_reg_8__4_/SI
                                2.90           3.14 r        -0.24  (VIOLATED)
   div0/remainder_t_reg_20__3_/SI
                                2.90           3.14 r        -0.24  (VIOLATED)
   div7/remainder_t_reg_12__4_/SI
                                2.90           3.14 r        -0.24  (VIOLATED)
   div2/remainder_t_reg_20__5_/SI
                                2.90           3.14 r        -0.24  (VIOLATED)
   df_stage9_mul_reg_2__54_/D
                                2.94           3.18 r        -0.24  (VIOLATED)
   div5/remainder_t_reg_16__5_/SI
                                2.90           3.14 r        -0.24  (VIOLATED)
   div6/remainder_t_reg_20__5_/SI
                                2.90           3.14 r        -0.24  (VIOLATED)
   df_stage9_mul_reg_3__67_/D
                                2.94           3.18 r        -0.24  (VIOLATED)
   div7/remainder_t_reg_8__4_/SI
                                2.90           3.14 r        -0.24  (VIOLATED)
   token_x_nor_result_reg_6__13_/D
                                2.94           3.18 r        -0.24  (VIOLATED)
   df_stage5_mul_reg_7__23_/D
                                2.94           3.18 r        -0.24  (VIOLATED)
   div4/remainder_t_reg_8__6_/SI
                                2.90           3.14 r        -0.24  (VIOLATED)
   div6/remainder_t_reg_16__5_/SI
                                2.90           3.13 r        -0.23  (VIOLATED)
   div0/remainder_t_reg_8__5_/SI
                                2.90           3.13 r        -0.23  (VIOLATED)
   df_stage7_mul_reg_6__30_/D
                                2.94           3.18 r        -0.23  (VIOLATED)
   div5/remainder_t_reg_12__4_/SI
                                2.90           3.13 r        -0.23  (VIOLATED)
   df_stage9_mul_reg_2__60_/D
                                2.94           3.17 r        -0.23  (VIOLATED)
   df_stage9_mul_reg_2__56_/D
                                2.94           3.17 r        -0.23  (VIOLATED)
   df_stage9_mul_reg_2__50_/D
                                2.94           3.17 r        -0.23  (VIOLATED)
   df_stage7_mul_reg_5__36_/D
                                2.96           3.19 f        -0.23  (VIOLATED)
   bank1_proj_add_reg_6_/D      2.94           3.17 r        -0.23  (VIOLATED)
   qk_result_reg_1__6_/D        2.94           3.17 r        -0.23  (VIOLATED)
   df_stage9_mul_reg_2__68_/D
                                2.94           3.17 r        -0.23  (VIOLATED)
   df_stage5_mul_reg_1__22_/D
                                2.94           3.17 r        -0.23  (VIOLATED)
   div0/remainder_t_reg_12__7_/SI
                                2.90           3.13 r        -0.23  (VIOLATED)
   df_stage7_mul_reg_5__34_/D
                                2.94           3.16 r        -0.23  (VIOLATED)
   df_stage9_mul_reg_5__42_/D
                                2.94           3.17 r        -0.22  (VIOLATED)
   df_stage9_mul_reg_0__59_/D
                                2.94           3.16 r        -0.22  (VIOLATED)
   div3/remainder_t_reg_12__6_/SI
                                2.90           3.12 r        -0.22  (VIOLATED)
   qk_result_head_reg_2__20_/D
                                2.94           3.16 r        -0.22  (VIOLATED)
   df_stage9_mul_reg_0__55_/D
                                2.94           3.16 r        -0.22  (VIOLATED)
   div3/remainder_t_reg_16__9_/SI
                                2.90           3.12 r        -0.22  (VIOLATED)
   div3/remainder_t_reg_16__7_/SI
                                2.90           3.12 r        -0.22  (VIOLATED)
   div0/remainder_t_reg_12__6_/SI
                                2.90           3.12 r        -0.22  (VIOLATED)
   div1/remainder_t_reg_16__5_/SI
                                2.90           3.12 r        -0.22  (VIOLATED)
   df_stage9_mul_reg_1__67_/D
                                2.94           3.16 r        -0.22  (VIOLATED)
   div2/remainder_t_reg_16__3_/SI
                                2.90           3.11 r        -0.21  (VIOLATED)
   token_x_nor_result_reg_4__13_/D
                                2.94           3.15 r        -0.21  (VIOLATED)
   token_x_nor_result_reg_5__13_/D
                                2.94           3.15 r        -0.21  (VIOLATED)
   df_stage9_mul_reg_1__59_/D
                                2.94           3.16 r        -0.21  (VIOLATED)
   div1/remainder_t_reg_12__4_/SI
                                2.90           3.11 r        -0.21  (VIOLATED)
   div1/remainder_t_reg_20__4_/SI
                                2.90           3.11 r        -0.21  (VIOLATED)
   df_stage9_mul_reg_5__39_/D
                                2.94           3.15 r        -0.21  (VIOLATED)
   div3/remainder_t_reg_16__6_/SI
                                2.90           3.11 r        -0.21  (VIOLATED)
   df_stage9_mul_reg_1__55_/D
                                2.94           3.15 r        -0.21  (VIOLATED)
   div4/remainder_t_reg_8__5_/SI
                                2.90           3.11 r        -0.21  (VIOLATED)
   df_stage7_mul_reg_0__32_/D
                                2.94           3.15 r        -0.21  (VIOLATED)
   df_stage7_mul_reg_3__32_/D
                                2.94           3.15 r        -0.21  (VIOLATED)
   bank0_proj_add_reg_5_/D      2.94           3.15 r        -0.21  (VIOLATED)
   qk_result_reg_0__5_/D        2.94           3.15 r        -0.21  (VIOLATED)
   div2/remainder_t_reg_16__4_/SI
                                2.90           3.11 r        -0.21  (VIOLATED)
   div1/remainder_t_reg_12__5_/SI
                                2.90           3.11 r        -0.21  (VIOLATED)
   div0/remainder_t_reg_16__3_/SI
                                2.90           3.11 r        -0.21  (VIOLATED)
   bank3_proj_add_reg_5_/D      2.94           3.14 r        -0.20  (VIOLATED)
   qk_result_reg_3__5_/D        2.94           3.14 r        -0.20  (VIOLATED)
   div1/remainder_t_reg_8__4_/SI
                                2.90           3.10 r        -0.20  (VIOLATED)
   div5/remainder_t_reg_8__7_/SI
                                2.90           3.10 r        -0.20  (VIOLATED)
   qk_result_head_reg_1__19_/D
                                2.94           3.14 r        -0.20  (VIOLATED)
   div1/remainder_t_reg_20__3_/SI
                                2.90           3.10 r        -0.20  (VIOLATED)
   bank2_proj_add_reg_5_/D      2.94           3.14 r        -0.20  (VIOLATED)
   qk_result_reg_2__5_/D        2.94           3.14 r        -0.20  (VIOLATED)
   df_stage9_mul_reg_6__39_/D
                                2.94           3.14 r        -0.20  (VIOLATED)
   df_stage9_mul_reg_4__38_/D
                                2.94           3.14 r        -0.20  (VIOLATED)
   div7/remainder_t_reg_16__4_/SI
                                2.90           3.10 r        -0.20  (VIOLATED)
   df_stage9_mul_reg_3__53_/D
                                2.94           3.14 r        -0.20  (VIOLATED)
   div2/remainder_t_reg_12__7_/SI
                                2.90           3.10 r        -0.20  (VIOLATED)
   div4/remainder_t_reg_20__4_/SI
                                2.90           3.10 r        -0.20  (VIOLATED)
   div0/remainder_t_reg_16__4_/SI
                                2.90           3.10 r        -0.20  (VIOLATED)
   div1/remainder_t_reg_8__5_/SI
                                2.90           3.10 r        -0.20  (VIOLATED)
   div4/remainder_t_reg_12__7_/SI
                                2.90           3.10 r        -0.20  (VIOLATED)
   div3/remainder_t_reg_8__7_/SI
                                2.90           3.10 r        -0.20  (VIOLATED)
   df_stage5_mul_reg_0__22_/D
                                2.94           3.14 r        -0.19  (VIOLATED)
   div3/remainder_t_reg_12__5_/SI
                                2.90           3.09 r        -0.19  (VIOLATED)
   div2/remainder_t_reg_8__7_/SI
                                2.90           3.09 r        -0.19  (VIOLATED)
   bank1_proj_add_reg_5_/D      2.94           3.13 r        -0.19  (VIOLATED)
   qk_result_reg_1__5_/D        2.94           3.13 r        -0.19  (VIOLATED)
   div7/remainder_t_reg_20__5_/SI
                                2.90           3.09 r        -0.19  (VIOLATED)
   df_stage9_mul_reg_2__59_/D
                                2.94           3.13 r        -0.19  (VIOLATED)
   qk_result_head_reg_0__19_/D
                                2.94           3.13 r        -0.19  (VIOLATED)
   div4/remainder_t_reg_20__3_/SI
                                2.90           3.09 r        -0.19  (VIOLATED)
   df_stage9_mul_reg_2__55_/D
                                2.94           3.13 r        -0.19  (VIOLATED)
   df_stage9_mul_reg_3__49_/D
                                2.94           3.13 r        -0.19  (VIOLATED)
   div3/remainder_t_reg_20__4_/SI
                                2.90           3.09 r        -0.19  (VIOLATED)
   df_stage7_mul_reg_1__31_/D
                                2.94           3.13 r        -0.19  (VIOLATED)
   div6/remainder_t_reg_12__4_/SI
                                2.90           3.08 r        -0.18  (VIOLATED)
   div5/remainder_t_reg_20__4_/SI
                                2.90           3.08 r        -0.18  (VIOLATED)
   div6/remainder_t_reg_8__2_/SI
                                2.90           3.08 r        -0.18  (VIOLATED)
   div7/remainder_t_reg_12__2_/SI
                                2.90           3.08 r        -0.18  (VIOLATED)
   bank3_proj_add_reg_6_/D      2.94           3.12 r        -0.18  (VIOLATED)
   qk_result_reg_3__6_/D        2.94           3.12 r        -0.18  (VIOLATED)
   token_mean_reg_9_/D          2.94           3.12 r        -0.18  (VIOLATED)
   div7/remainder_t_reg_8__2_/SI
                                2.90           3.08 r        -0.18  (VIOLATED)
   df_stage5_mul_reg_2__22_/D
                                2.94           3.12 r        -0.18  (VIOLATED)
   div3/remainder_t_reg_20__3_/SI
                                2.90           3.08 r        -0.18  (VIOLATED)
   div5/remainder_t_reg_8__6_/SI
                                2.90           3.07 r        -0.18  (VIOLATED)
   df_stage9_mul_reg_0__53_/D
                                2.94           3.12 r        -0.17  (VIOLATED)
   div5/remainder_t_reg_20__3_/SI
                                2.90           3.07 r        -0.17  (VIOLATED)
   df_stage3_mul_reg_2__16_/D
                                2.94           3.11 r        -0.17  (VIOLATED)
   div5/remainder_t_reg_12__2_/SI
                                2.90           3.07 r        -0.17  (VIOLATED)
   df_stage3_mul_reg_6__16_/D
                                2.94           3.11 r        -0.17  (VIOLATED)
   div0/remainder_t_reg_8__3_/SI
                                2.90           3.07 r        -0.17  (VIOLATED)
   df_stage9_mul_reg_7__38_/D
                                2.94           3.11 r        -0.17  (VIOLATED)
   df_stage9_mul_reg_1__53_/D
                                2.94           3.11 r        -0.17  (VIOLATED)
   div2/remainder_t_reg_12__6_/SI
                                2.90           3.07 r        -0.17  (VIOLATED)
   df_stage5_mul_reg_3__22_/D
                                2.94           3.11 r        -0.16  (VIOLATED)
   div4/remainder_t_reg_12__6_/SI
                                2.90           3.06 r        -0.16  (VIOLATED)
   div3/remainder_t_reg_8__6_/SI
                                2.90           3.06 r        -0.16  (VIOLATED)
   df_stage9_mul_reg_0__49_/D
                                2.94           3.11 r        -0.16  (VIOLATED)
   df_stage3_mul_reg_1__16_/D
                                2.94           3.10 r        -0.16  (VIOLATED)
   div2/remainder_t_reg_20__4_/SI
                                2.90           3.06 r        -0.16  (VIOLATED)
   div3/remainder_t_reg_16__5_/SI
                                2.90           3.06 r        -0.16  (VIOLATED)
   div2/remainder_t_reg_8__6_/SI
                                2.90           3.06 r        -0.16  (VIOLATED)
   div4/remainder_t_reg_16__3_/SI
                                2.90           3.06 r        -0.16  (VIOLATED)
   div7/remainder_t_reg_12__17_/D1
                                2.84           2.99 r        -0.16  (VIOLATED)
   div6/remainder_t_reg_8__17_/D1
                                2.84           2.99 r        -0.16  (VIOLATED)
   div4/remainder_t_reg_8__2_/SI
                                2.90           3.06 r        -0.16  (VIOLATED)
   div6/remainder_t_reg_12__2_/SI
                                2.90           3.06 r        -0.16  (VIOLATED)
   df_stage9_mul_reg_1__49_/D
                                2.94           3.10 r        -0.16  (VIOLATED)
   div6/remainder_t_reg_20__4_/SI
                                2.90           3.05 r        -0.15  (VIOLATED)
   div7/remainder_t_reg_8__17_/D1
                                2.84           2.99 r        -0.15  (VIOLATED)
   div2/remainder_t_reg_20__3_/SI
                                2.90           3.05 r        -0.15  (VIOLATED)
   div4/remainder_t_reg_16__4_/SI
                                2.90           3.05 r        -0.15  (VIOLATED)
   div1/remainder_t_reg_12__2_/SI
                                2.90           3.05 r        -0.15  (VIOLATED)
   div5/remainder_t_reg_12__17_/D1
                                2.84           2.98 r        -0.15  (VIOLATED)
   div7/remainder_t_reg_16__3_/SI
                                2.90           3.05 r        -0.15  (VIOLATED)
   div6/remainder_t_reg_20__3_/SI
                                2.90           3.04 r        -0.14  (VIOLATED)
   df_stage3_mul_reg_7__15_/D
                                2.94           3.09 r        -0.14  (VIOLATED)
   df_stage9_mul_reg_2__53_/D
                                2.94           3.09 r        -0.14  (VIOLATED)
   df_stage3_mul_reg_4__16_/D
                                2.94           3.08 r        -0.14  (VIOLATED)
   div1/remainder_t_reg_8__2_/SI
                                2.90           3.04 r        -0.14  (VIOLATED)
   div3/remainder_t_reg_12__2_/SI
                                2.90           3.04 r        -0.14  (VIOLATED)
   div0/remainder_t_reg_12__5_/SI
                                2.90           3.04 r        -0.14  (VIOLATED)
   div6/remainder_t_reg_8__3_/SI
                                2.90           3.04 r        -0.14  (VIOLATED)
   div7/remainder_t_reg_12__3_/SI
                                2.90           3.04 r        -0.14  (VIOLATED)
   df_stage9_mul_reg_3__52_/D
                                2.94           3.08 r        -0.14  (VIOLATED)
   div7/remainder_t_reg_8__3_/SI
                                2.90           3.04 r        -0.14  (VIOLATED)
   df_stage9_mul_reg_3__48_/D
                                2.94           3.08 r        -0.14  (VIOLATED)
   df_stage7_mul_reg_7__29_/D
                                2.94           3.08 r        -0.14  (VIOLATED)
   df_stage9_mul_reg_0__67_/D
                                2.94           3.08 r        -0.14  (VIOLATED)
   div5/remainder_t_reg_16__4_/SI
                                2.90           3.03 r        -0.13  (VIOLATED)
   div1/remainder_t_reg_12__3_/SI
                                2.90           3.03 r        -0.13  (VIOLATED)
   df_stage9_mul_reg_2__49_/D
                                2.94           3.07 r        -0.13  (VIOLATED)
   div0/remainder_t_reg_12__4_/SI
                                2.90           3.03 r        -0.13  (VIOLATED)
   div6/remainder_t_reg_16__4_/SI
                                2.90           3.03 r        -0.13  (VIOLATED)
   div5/remainder_t_reg_12__3_/SI
                                2.90           3.03 r        -0.13  (VIOLATED)
   div1/remainder_t_reg_16__3_/SI
                                2.90           3.03 r        -0.13  (VIOLATED)
   df_stage3_mul_reg_0__16_/D
                                2.94           3.06 r        -0.12  (VIOLATED)
   div1/remainder_t_reg_8__3_/SI
                                2.90           3.02 r        -0.12  (VIOLATED)
   div2/remainder_t_reg_12__5_/SI
                                2.90           3.02 r        -0.12  (VIOLATED)
   df_stage7_mul_reg_2__29_/D
                                2.94           3.06 r        -0.12  (VIOLATED)
   df_stage5_mul_reg_0__21_/D
                                2.94           3.06 r        -0.12  (VIOLATED)
   div4/remainder_t_reg_12__5_/SI
                                2.90           3.02 r        -0.12  (VIOLATED)
   div3/remainder_t_reg_8__5_/SI
                                2.90           3.02 r        -0.12  (VIOLATED)
   token_mean_reg_8_/D          2.94           3.06 r        -0.12  (VIOLATED)
   div1/remainder_t_reg_16__4_/SI
                                2.90           3.02 r        -0.12  (VIOLATED)
   div2/remainder_t_reg_8__5_/SI
                                2.90           3.02 r        -0.12  (VIOLATED)
   div0/remainder_t_reg_8__2_/SI
                                2.90           3.01 r        -0.11  (VIOLATED)
   div5/remainder_t_reg_8__5_/SI
                                2.90           3.01 r        -0.11  (VIOLATED)
   df_stage7_mul_reg_6__29_/D
                                2.94           3.06 r        -0.11  (VIOLATED)
   df_stage9_mul_reg_0__52_/D
                                2.94           3.05 r        -0.11  (VIOLATED)
   df_stage9_mul_reg_0__48_/D
                                2.94           3.05 r        -0.11  (VIOLATED)
   df_stage3_mul_reg_3__15_/D
                                2.94           3.05 r        -0.11  (VIOLATED)
   df_stage9_mul_reg_2__67_/D
                                2.94           3.05 r        -0.11  (VIOLATED)
   df_stage9_mul_reg_5__38_/D
                                2.94           3.05 r        -0.11  (VIOLATED)
   div7/remainder_t_reg_20__4_/SI
                                2.90           3.01 r        -0.11  (VIOLATED)
   df_stage9_mul_reg_1__52_/D
                                2.94           3.05 r        -0.10  (VIOLATED)
   df_stage9_mul_reg_1__48_/D
                                2.94           3.05 r        -0.10  (VIOLATED)
   div4/remainder_t_reg_8__4_/SI
                                2.90           3.00 r        -0.10  (VIOLATED)
   df_stage5_mul_reg_4__21_/D
                                2.94           3.04 r        -0.10  (VIOLATED)
   df_stage9_mul_reg_6__38_/D
                                2.94           3.04 r        -0.10  (VIOLATED)
   df_stage9_mul_reg_3__51_/D
                                2.94           3.04 r        -0.10  (VIOLATED)
   df_stage9_mul_reg_3__66_/D
                                2.94           3.04 r        -0.10  (VIOLATED)
   df_stage9_mul_reg_4__37_/D
                                2.94           3.04 r        -0.10  (VIOLATED)
   token_x_nor_result_reg_1__13_/D
                                2.94           3.04 r        -0.10  (VIOLATED)
   token_x_nor_result_reg_3__13_/D
                                2.94           3.04 r        -0.10  (VIOLATED)
   token_x_nor_result_reg_2__13_/D
                                2.94           3.04 r        -0.10  (VIOLATED)
   div7/remainder_t_reg_20__3_/SI
                                2.90           3.00 r        -0.10  (VIOLATED)
   df_stage5_mul_reg_6__23_/D
                                2.94           3.03 r        -0.09  (VIOLATED)
   div3/remainder_t_reg_12__4_/SI
                                2.90           2.99 r        -0.09  (VIOLATED)
   div6/remainder_t_reg_12__17_/D1
                                2.84           2.92 r        -0.09  (VIOLATED)
   df_stage5_mul_reg_5__23_/D
                                2.94           3.02 r        -0.08  (VIOLATED)
   token_x_nor_result_reg_7__12_/D
                                2.94           3.02 r        -0.08  (VIOLATED)
   div5/remainder_t_reg_16__3_/SI
                                2.90           2.98 r        -0.08  (VIOLATED)
   df_stage9_mul_reg_2__52_/D
                                2.94           3.02 r        -0.08  (VIOLATED)
   df_stage9_mul_reg_2__48_/D
                                2.94           3.02 r        -0.08  (VIOLATED)
   div6/remainder_t_reg_12__3_/SI
                                2.90           2.98 r        -0.08  (VIOLATED)
   div4/remainder_t_reg_8__17_/D1
                                2.84           2.92 r        -0.08  (VIOLATED)
   div0/remainder_t_reg_12__3_/SI
                                2.90           2.98 r        -0.08  (VIOLATED)
   df_stage9_mul_reg_1__66_/D
                                2.94           3.02 r        -0.08  (VIOLATED)
   div6/remainder_t_reg_16__3_/SI
                                2.90           2.98 r        -0.08  (VIOLATED)
   df_stage9_mul_reg_0__51_/D
                                2.94           3.02 r        -0.07  (VIOLATED)
   token_x_nor_result_reg_0__13_/D
                                2.94           3.01 r        -0.07  (VIOLATED)
   df_stage3_mul_reg_5__15_/D
                                2.94           3.01 r        -0.07  (VIOLATED)
   div2/remainder_t_reg_12__2_/SI
                                2.90           2.97 r        -0.07  (VIOLATED)
   df_stage5_mul_reg_7__22_/D
                                2.94           3.01 r        -0.07  (VIOLATED)
   df_stage9_mul_reg_0__66_/D
                                2.94           3.01 r        -0.07  (VIOLATED)
   token_x_nor_result_reg_6__12_/D
                                2.94           3.01 r        -0.07  (VIOLATED)
   div4/remainder_t_reg_12__2_/SI
                                2.90           2.97 r        -0.07  (VIOLATED)
   div3/remainder_t_reg_8__2_/SI
                                2.90           2.97 r        -0.07  (VIOLATED)
   df_stage9_mul_reg_1__51_/D
                                2.94           3.01 r        -0.07  (VIOLATED)
   div5/remainder_t_reg_8__2_/SI
                                2.90           2.96 r        -0.06  (VIOLATED)
   div3/remainder_t_reg_12__17_/D1
                                2.84           2.90 r        -0.06  (VIOLATED)
   div2/remainder_t_reg_8__2_/SI
                                2.90           2.96 r        -0.06  (VIOLATED)
   df_stage7_mul_reg_5__33_/D
                                2.94           3.00 r        -0.06  (VIOLATED)
   df_stage9_mul_reg_7__37_/D
                                2.94           3.00 r        -0.05  (VIOLATED)
   df_stage5_mul_reg_1__21_/D
                                2.94           2.99 r        -0.05  (VIOLATED)
   div3/remainder_t_reg_16__4_/SI
                                2.90           2.95 r        -0.05  (VIOLATED)
   qk_result_head_reg_2__19_/D
                                2.94           2.99 r        -0.05  (VIOLATED)
   div5/remainder_t_reg_8__17_/D1
                                2.84           2.88 r        -0.05  (VIOLATED)
   df_stage5_mul_reg_2__21_/D
                                2.94           2.99 r        -0.05  (VIOLATED)
   df_stage7_mul_reg_4__35_/D
                                2.94           2.99 r        -0.04  (VIOLATED)
   df_stage5_mul_reg_4__20_/D
                                2.94           2.98 r        -0.04  (VIOLATED)
   token_x_nor_result_reg_1__12_/D
                                2.94           2.98 r        -0.04  (VIOLATED)
   token_x_nor_result_reg_3__12_/D
                                2.94           2.98 r        -0.04  (VIOLATED)
   token_x_nor_result_reg_2__12_/D
                                2.94           2.98 r        -0.04  (VIOLATED)
   token_x_nor_result_reg_4__12_/D
                                2.94           2.98 r        -0.04  (VIOLATED)
   token_x_nor_result_reg_5__12_/D
                                2.94           2.98 r        -0.04  (VIOLATED)
   df_stage9_mul_reg_2__51_/D
                                2.94           2.98 r        -0.04  (VIOLATED)
   df_stage9_mul_reg_2__66_/D
                                2.94           2.98 r        -0.04  (VIOLATED)
   df_stage9_mul_reg_6__36_/D
                                2.94           2.98 r        -0.04  (VIOLATED)
   df_stage7_mul_reg_0__31_/D
                                2.94           2.98 r        -0.04  (VIOLATED)
   df_stage7_mul_reg_3__31_/D
                                2.94           2.98 r        -0.04  (VIOLATED)
   div5/remainder_t_reg_8__4_/SI
                                2.90           2.94 r        -0.04  (VIOLATED)
   qk_result_head_reg_3__21_/D
                                2.94           2.98 r        -0.03  (VIOLATED)
   div2/remainder_t_reg_12__4_/SI
                                2.90           2.93 r        -0.03  (VIOLATED)
   div7/remainder_t_reg_12__16_/D1
                                2.84           2.87 r        -0.03  (VIOLATED)
   div6/remainder_t_reg_8__16_/D1
                                2.84           2.87 r        -0.03  (VIOLATED)
   div0/remainder_t_reg_12__2_/SI
                                2.90           2.93 r        -0.03  (VIOLATED)
   div4/remainder_t_reg_12__4_/SI
                                2.90           2.93 r        -0.03  (VIOLATED)
   div3/remainder_t_reg_8__4_/SI
                                2.90           2.93 r        -0.03  (VIOLATED)
   qk_result_head_reg_1__18_/D
                                2.94           2.97 r        -0.03  (VIOLATED)
   div7/remainder_t_reg_8__16_/D1
                                2.84           2.86 r        -0.03  (VIOLATED)
   div2/remainder_t_reg_8__4_/SI
                                2.90           2.93 r        -0.03  (VIOLATED)
   div1/remainder_t_reg_12__17_/D1
                                2.84           2.86 r        -0.02  (VIOLATED)
   div5/remainder_t_reg_12__16_/D1
                                2.84           2.86 r        -0.02  (VIOLATED)
   bank3_proj_add_reg_4_/D      2.94           2.96 r        -0.02  (VIOLATED)
   qk_result_reg_3__4_/D        2.94           2.96 r        -0.02  (VIOLATED)
   div4/remainder_t_reg_8__3_/SI
                                2.90           2.92 r        -0.02  (VIOLATED)
   df_stage7_mul_reg_1__30_/D
                                2.94           2.96 r        -0.02  (VIOLATED)
   qk_result_head_reg_0__18_/D
                                2.94           2.96 r        -0.02  (VIOLATED)
   div1/remainder_t_reg_8__17_/D1
                                2.84           2.85 r        -0.02  (VIOLATED)
   df_stage5_mul_reg_6__22_/D
                                2.94           2.96 r        -0.02  (VIOLATED)
   df_stage9_mul_reg_7__35_/D
                                2.94           2.96 r        -0.02  (VIOLATED)
   bank2_proj_add_reg_4_/D      2.94           2.95 r        -0.01  (VIOLATED)
   qk_result_reg_2__4_/D        2.94           2.95 r        -0.01  (VIOLATED)
   df_stage5_mul_reg_5__22_/D
                                2.94           2.95 r        -0.01  (VIOLATED)
   df_stage7_mul_reg_7__28_/D
                                2.94           2.95 r        -0.01  (VIOLATED)
   div0/remainder_t_reg_20__6_/S0
                                2.77           2.78 r        -0.01  (VIOLATED)
   div0/remainder_t_reg_20__8_/S0
                                2.77           2.78 r        -0.01  (VIOLATED)
   div0/remainder_t_reg_20__9_/S0
                                2.77           2.78 r        -0.01  (VIOLATED)
   div0/remainder_t_reg_20__10_/S0
                                2.77           2.78 r        -0.01  (VIOLATED)
   div0/remainder_t_reg_20__11_/S0
                                2.77           2.78 r        -0.01  (VIOLATED)
   div0/remainder_t_reg_20__12_/S0
                                2.77           2.78 r        -0.01  (VIOLATED)
   div0/remainder_t_reg_20__13_/S0
                                2.77           2.78 r        -0.01  (VIOLATED)
   div0/remainder_t_reg_20__14_/S0
                                2.77           2.78 r        -0.01  (VIOLATED)
   div0/remainder_t_reg_20__15_/S0
                                2.77           2.78 r        -0.01  (VIOLATED)
   div0/remainder_t_reg_20__16_/S0
                                2.77           2.78 r        -0.01  (VIOLATED)
   div0/remainder_t_reg_20__17_/S0
                                2.77           2.78 r        -0.01  (VIOLATED)
   df_stage9_mul_reg_5__35_/D
                                2.94           2.95 r        -0.01  (VIOLATED)
   df_stage9_mul_reg_3__65_/D
                                2.94           2.95 r        -0.01  (VIOLATED)
   df_stage9_mul_reg_4__36_/D
                                2.94           2.95 r        -0.01  (VIOLATED)
   div0/remainder_t_reg_8__17_/D1
                                2.84           2.84 r        -0.01  (VIOLATED)
   bank0_proj_add_reg_4_/D      2.94           2.94 r         0.00  (VIOLATED: increase significant digits)
   qk_result_reg_0__4_/D        2.94           2.94 r         0.00  (VIOLATED: increase significant digits)
   df_stage9_mul_reg_6__35_/D
                                2.94           2.95 r         0.00  (VIOLATED: increase significant digits)
   bank1_proj_add_reg_4_/D      2.94           2.94 r         0.00  (VIOLATED: increase significant digits)
   qk_result_reg_1__4_/D        2.94           2.94 r         0.00  (VIOLATED: increase significant digits)
   div3/remainder_t_reg_12__3_/SI
                                2.90           2.90 r         0.00  (VIOLATED: increase significant digits)


   max_fanout

                             Required        Actual
   Net                        Fanout         Fanout          Slack
   -----------------------------------------------------------------
   df_stage8_exp[174]          20.00          28.00          -8.00  (VIOLATED)
   n3426                       20.00          21.00          -1.00  (VIOLATED)
   n28834                      20.00          21.00          -1.00  (VIOLATED)

   -----------------------------------------------------------------
   Total                      3                 -10.00  

   max_area

                             Required        Actual
   Design                      Area           Area           Slack
   -----------------------------------------------------------------
   ViT_top                      0.00       187915.33      -187915.33
                                                                    (VIOLATED)


1
