Information: Checking out the license 'DesignWare'. (SEC-104)
Information: Changed wire load model for 'alt1' from '(none)' to 'Large'. (OPT-170)
Information: Changed wire load model for 'apparch' from '(none)' to 'Large'. (OPT-170)
  Allocating blocks in 'DW_div_uns_a_width14_b_width2'
  Allocating blocks in 'DW_div_a_width14_b_width2_tc_mode0_rem_mode1'
Information: Changed wire load model for 'alt1' from '(none)' to 'Large'. (OPT-170)
Information: Changed wire load model for 'pparch' from '(none)' to 'Large'. (OPT-170)
Information: Changed wire load model for 'alt1' from '(none)' to 'Large'. (OPT-170)
Information: Changed wire load model for 'pparch' from '(none)' to 'Large'. (OPT-170)
Warning: Design 'DW_div_uns_a_width14_b_width2' inherited license information from design 'DW_div_a_width14_b_width2_tc_mode0_rem_mode1'. (DDB-74)
  Allocating blocks in 'DW_div_uns_a_width7_b_width2'
  Allocating blocks in 'DW_div_a_width7_b_width2_tc_mode0_rem_mode1'
Warning: Design 'DW_div_uns_a_width7_b_width2' inherited license information from design 'DW_div_a_width7_b_width2_tc_mode0_rem_mode1'. (DDB-74)
  Allocating blocks in 'DW_div_uns_a_width8_b_width2'
  Allocating blocks in 'DW_div_a_width8_b_width2_tc_mode0_rem_mode1'
Warning: Design 'DW_div_uns_a_width8_b_width2' inherited license information from design 'DW_div_a_width8_b_width2_tc_mode0_rem_mode1'. (DDB-74)
Information: Changed wire load model for 'DW01_inc_width4' from '(none)' to 'Small'. (OPT-170)
Information: Changed wire load model for '*ADD_UNS_OP_4_1_4' from '(none)' to 'Small'. (OPT-170)
Information: Changed wire load model for 'DW01_inc_width4' from '(none)' to 'Small'. (OPT-170)
Information: Changed wire load model for '*ADD_UNS_OP_4_1_4' from '(none)' to 'Small'. (OPT-170)
Information: Changed wire load model for 'DW01_inc_width4' from '(none)' to 'Small'. (OPT-170)
Information: Changed wire load model for '*ADD_UNS_OP_4_1_4' from '(none)' to 'Small'. (OPT-170)
Information: Changed wire load model for 'DW01_inc_width4' from '(none)' to 'Small'. (OPT-170)
Information: Changed wire load model for '*ADD_UNS_OP_4_1_4' from '(none)' to 'Small'. (OPT-170)
Information: Changed wire load model for 'DW01_inc_width4' from '(none)' to 'Small'. (OPT-170)
Information: Changed wire load model for '*ADD_UNS_OP_4_1_4' from '(none)' to 'Small'. (OPT-170)
Information: Changed wire load model for 'DW01_inc_width4' from '(none)' to 'Small'. (OPT-170)
Information: Changed wire load model for '*ADD_UNS_OP_4_1_4' from '(none)' to 'Small'. (OPT-170)
Information: Changed wire load model for 'DW01_inc_width4' from '(none)' to 'Small'. (OPT-170)
Information: Changed wire load model for '*ADD_UNS_OP_4_1_4' from '(none)' to 'Small'. (OPT-170)
Information: Changed wire load model for 'DW01_inc_width4' from '(none)' to 'Small'. (OPT-170)
Information: Changed wire load model for '*ADD_UNS_OP_4_1_4' from '(none)' to 'Small'. (OPT-170)
Information: Changed wire load model for 'DW01_inc_width4' from '(none)' to 'Small'. (OPT-170)
Information: Changed wire load model for '*ADD_UNS_OP_4_1_4' from '(none)' to 'Small'. (OPT-170)
Information: Changed wire load model for 'DW01_inc_width4' from '(none)' to 'Small'. (OPT-170)
Information: Changed wire load model for '*ADD_UNS_OP_4_1_4' from '(none)' to 'Small'. (OPT-170)
Information: Changed wire load model for 'DW01_inc_width4' from '(none)' to 'Small'. (OPT-170)
Information: Changed wire load model for '*ADD_UNS_OP_4_1_4' from '(none)' to 'Small'. (OPT-170)
Information: Changed wire load model for 'DW01_inc_width4' from '(none)' to 'Small'. (OPT-170)
Information: Changed wire load model for '*ADD_UNS_OP_4_1_4' from '(none)' to 'Small'. (OPT-170)
Information: Changed wire load model for 'DW01_inc_width4' from '(none)' to 'Small'. (OPT-170)
Information: Changed wire load model for '*ADD_UNS_OP_4_1_4' from '(none)' to 'Small'. (OPT-170)
Information: Changed wire load model for 'DW01_inc_width4' from '(none)' to 'Small'. (OPT-170)
Information: Changed wire load model for '*ADD_UNS_OP_4_1_4' from '(none)' to 'Small'. (OPT-170)
Information: Changed wire load model for 'DW01_inc_width4' from '(none)' to 'Small'. (OPT-170)
Information: Changed wire load model for '*ADD_UNS_OP_4_1_4' from '(none)' to 'Small'. (OPT-170)
Information: Changed wire load model for 'DW01_inc_width4' from '(none)' to 'Small'. (OPT-170)
Information: Changed wire load model for '*ADD_UNS_OP_4_1_4' from '(none)' to 'Small'. (OPT-170)
Information: Changed wire load model for 'DW01_inc_width4' from '(none)' to 'Small'. (OPT-170)
Information: Changed wire load model for '*ADD_UNS_OP_4_1_4' from '(none)' to 'Small'. (OPT-170)
Information: Changed wire load model for 'DW01_inc_width4' from '(none)' to 'Small'. (OPT-170)
Information: Changed wire load model for '*ADD_UNS_OP_4_1_4' from '(none)' to 'Small'. (OPT-170)
Information: Changed wire load model for 'DW01_inc_width4' from '(none)' to 'Small'. (OPT-170)
Information: Changed wire load model for '*ADD_UNS_OP_4_1_4' from '(none)' to 'Small'. (OPT-170)
Information: Changed wire load model for 'DW01_inc_width4' from '(none)' to 'Small'. (OPT-170)
Information: Changed wire load model for '*ADD_UNS_OP_4_1_4' from '(none)' to 'Small'. (OPT-170)
Information: Changed wire load model for 'DW01_inc_width4' from '(none)' to 'Small'. (OPT-170)
Information: Changed wire load model for '*ADD_UNS_OP_4_1_4' from '(none)' to 'Small'. (OPT-170)
Information: Changed wire load model for 'DW01_inc_width4' from '(none)' to 'Small'. (OPT-170)
Information: Changed wire load model for '*ADD_UNS_OP_4_1_4' from '(none)' to 'Small'. (OPT-170)
Information: Changed wire load model for 'DW01_inc_width4' from '(none)' to 'Small'. (OPT-170)
Information: Changed wire load model for '*ADD_UNS_OP_4_1_4' from '(none)' to 'Small'. (OPT-170)
Information: Changed wire load model for 'DW01_inc_width4' from '(none)' to 'Small'. (OPT-170)
Information: Changed wire load model for '*ADD_UNS_OP_4_1_4' from '(none)' to 'Small'. (OPT-170)
Information: Changed wire load model for 'DW01_inc_width4' from '(none)' to 'Small'. (OPT-170)
Information: Changed wire load model for '*ADD_UNS_OP_4_1_4' from '(none)' to 'Small'. (OPT-170)
Information: Changed wire load model for 'DW01_inc_width4' from '(none)' to 'Small'. (OPT-170)
Information: Changed wire load model for '*ADD_UNS_OP_4_1_4' from '(none)' to 'Small'. (OPT-170)
Information: Changed wire load model for 'DW01_inc_width4' from '(none)' to 'Small'. (OPT-170)
Information: Changed wire load model for '*ADD_UNS_OP_4_1_4' from '(none)' to 'Small'. (OPT-170)
Information: Changed wire load model for 'DW01_inc_width4' from '(none)' to 'Small'. (OPT-170)
Information: Changed wire load model for '*ADD_UNS_OP_4_1_4' from '(none)' to 'Small'. (OPT-170)
Information: Changed wire load model for 'DW01_inc_width4' from '(none)' to 'Small'. (OPT-170)
Information: Changed wire load model for '*ADD_UNS_OP_4_1_4' from '(none)' to 'Small'. (OPT-170)
Information: Changed wire load model for 'DW01_inc_width4' from '(none)' to 'Small'. (OPT-170)
Information: Changed wire load model for '*ADD_UNS_OP_4_1_4' from '(none)' to 'Small'. (OPT-170)
Information: Changed wire load model for 'DW01_inc_width4' from '(none)' to 'Small'. (OPT-170)
Information: Changed wire load model for '*ADD_UNS_OP_4_1_4' from '(none)' to 'Small'. (OPT-170)
Information: Changed wire load model for 'DW01_inc_width4' from '(none)' to 'Small'. (OPT-170)
Information: Changed wire load model for '*ADD_UNS_OP_4_1_4' from '(none)' to 'Small'. (OPT-170)
Information: Changed wire load model for 'DW01_add_width10' from '(none)' to 'Small'. (OPT-170)
Information: Changed wire load model for '*ADD_UNS_OP_10_8_10' from '(none)' to 'Small'. (OPT-170)
Information: Changed wire load model for 'DW01_inc_width10' from '(none)' to 'Small'. (OPT-170)
Information: Changed wire load model for '*ADD_UNS_OP_10_1_10' from '(none)' to 'Small'. (OPT-170)
Information: Changed wire load model for 'DW01_inc_width2' from '(none)' to 'Small'. (OPT-170)
Information: Changed wire load model for '*ADD_UNS_OP_2_1_2' from '(none)' to 'Small'. (OPT-170)
Information: Changed wire load model for 'DW01_sub_width10' from '(none)' to 'Small'. (OPT-170)
Information: Changed wire load model for '*SUB_UNS_OP_10_4_10' from '(none)' to 'Small'. (OPT-170)
Information: Changed wire load model for 'DW01_sub_width10' from '(none)' to 'Small'. (OPT-170)
Information: Changed wire load model for '*SUB_UNS_OP_10_8_10' from '(none)' to 'Small'. (OPT-170)
Information: Changed wire load model for 'DW01_add_width10' from '(none)' to 'Small'. (OPT-170)
Information: Changed wire load model for '*ADD_UNS_OP_10_7_10' from '(none)' to 'Small'. (OPT-170)
Information: Changed wire load model for 'DW01_sub_width8' from '(none)' to 'Small'. (OPT-170)
Information: Changed wire load model for '*SUB_UNS_OP_7_3_8' from '(none)' to 'Small'. (OPT-170)
Information: Changed wire load model for 'DW01_sub_width8' from '(none)' to 'Small'. (OPT-170)
Information: Changed wire load model for '*SUB_UNS_OP_7_4_8' from '(none)' to 'Small'. (OPT-170)
Information: Changed wire load model for 'DW01_sub_width8' from '(none)' to 'Small'. (OPT-170)
Information: Changed wire load model for '*SUB_UNS_OP_7_3_8' from '(none)' to 'Small'. (OPT-170)
Information: Changed wire load model for 'DW01_sub_width8' from '(none)' to 'Small'. (OPT-170)
Information: Changed wire load model for '*SUB_UNS_OP_7_3_8' from '(none)' to 'Small'. (OPT-170)
Information: Changed wire load model for 'DW01_sub_width8' from '(none)' to 'Small'. (OPT-170)
Information: Changed wire load model for '*SUB_UNS_OP_7_4_8' from '(none)' to 'Small'. (OPT-170)
Information: Changed wire load model for 'DW01_sub_width8' from '(none)' to 'Small'. (OPT-170)
Information: Changed wire load model for '*SUB_UNS_OP_7_3_8' from '(none)' to 'Small'. (OPT-170)
Information: Changed wire load model for 'DW01_sub_width8' from '(none)' to 'Small'. (OPT-170)
Information: Changed wire load model for '*SUB_UNS_OP_7_3_8' from '(none)' to 'Small'. (OPT-170)
Information: Changed wire load model for 'DW01_sub_width8' from '(none)' to 'Small'. (OPT-170)
Information: Changed wire load model for '*SUB_UNS_OP_7_4_8' from '(none)' to 'Small'. (OPT-170)
Information: Changed wire load model for 'DW01_sub_width8' from '(none)' to 'Small'. (OPT-170)
Information: Changed wire load model for '*SUB_UNS_OP_7_3_8' from '(none)' to 'Small'. (OPT-170)
Information: Changed wire load model for 'DW01_sub_width8' from '(none)' to 'Small'. (OPT-170)
Information: Changed wire load model for '*SUB_UNS_OP_7_3_8' from '(none)' to 'Small'. (OPT-170)
Information: Changed wire load model for 'DW01_sub_width8' from '(none)' to 'Small'. (OPT-170)
Information: Changed wire load model for '*SUB_UNS_OP_7_4_8' from '(none)' to 'Small'. (OPT-170)
Information: Changed wire load model for 'DW01_sub_width8' from '(none)' to 'Small'. (OPT-170)
Information: Changed wire load model for '*SUB_UNS_OP_7_3_8' from '(none)' to 'Small'. (OPT-170)
Information: Changed wire load model for 'DW01_sub_width8' from '(none)' to 'Small'. (OPT-170)
Information: Changed wire load model for '*SUB_UNS_OP_7_3_8' from '(none)' to 'Small'. (OPT-170)
Information: Changed wire load model for 'DW01_sub_width8' from '(none)' to 'Small'. (OPT-170)
Information: Changed wire load model for '*SUB_UNS_OP_7_4_8' from '(none)' to 'Small'. (OPT-170)
Information: Changed wire load model for 'DW01_sub_width8' from '(none)' to 'Small'. (OPT-170)
Information: Changed wire load model for '*SUB_UNS_OP_7_3_8' from '(none)' to 'Small'. (OPT-170)
Information: Changed wire load model for 'DW01_sub_width8' from '(none)' to 'Small'. (OPT-170)
Information: Changed wire load model for '*SUB_UNS_OP_7_3_8' from '(none)' to 'Small'. (OPT-170)
Information: Changed wire load model for 'DW01_sub_width8' from '(none)' to 'Small'. (OPT-170)
Information: Changed wire load model for '*SUB_UNS_OP_7_4_8' from '(none)' to 'Small'. (OPT-170)
Information: Changed wire load model for 'DW01_sub_width8' from '(none)' to 'Small'. (OPT-170)
Information: Changed wire load model for '*SUB_UNS_OP_7_3_8' from '(none)' to 'Small'. (OPT-170)
Information: Changed wire load model for 'DW01_sub_width8' from '(none)' to 'Small'. (OPT-170)
Information: Changed wire load model for '*SUB_UNS_OP_7_3_8' from '(none)' to 'Small'. (OPT-170)
Information: Changed wire load model for 'DW01_sub_width8' from '(none)' to 'Small'. (OPT-170)
Information: Changed wire load model for '*SUB_UNS_OP_7_4_8' from '(none)' to 'Small'. (OPT-170)
Information: Changed wire load model for 'DW01_sub_width8' from '(none)' to 'Small'. (OPT-170)
Information: Changed wire load model for '*SUB_UNS_OP_7_3_8' from '(none)' to 'Small'. (OPT-170)
Information: Changed wire load model for 'DW01_sub_width8' from '(none)' to 'Small'. (OPT-170)
Information: Changed wire load model for '*SUB_UNS_OP_7_3_8' from '(none)' to 'Small'. (OPT-170)
Information: Changed wire load model for 'DW01_sub_width8' from '(none)' to 'Small'. (OPT-170)
Information: Changed wire load model for '*SUB_UNS_OP_7_4_8' from '(none)' to 'Small'. (OPT-170)
Information: Changed wire load model for 'DW01_sub_width8' from '(none)' to 'Small'. (OPT-170)
Information: Changed wire load model for '*SUB_UNS_OP_7_3_8' from '(none)' to 'Small'. (OPT-170)
Information: Changed wire load model for 'DW01_sub_width8' from '(none)' to 'Small'. (OPT-170)
Information: Changed wire load model for '*SUB_UNS_OP_7_3_8' from '(none)' to 'Small'. (OPT-170)
Information: Changed wire load model for 'DW01_sub_width8' from '(none)' to 'Small'. (OPT-170)
Information: Changed wire load model for '*SUB_UNS_OP_7_4_8' from '(none)' to 'Small'. (OPT-170)
Information: Changed wire load model for 'DW01_sub_width8' from '(none)' to 'Small'. (OPT-170)
Information: Changed wire load model for '*SUB_UNS_OP_7_3_8' from '(none)' to 'Small'. (OPT-170)
Information: Changed wire load model for 'DW01_sub_width8' from '(none)' to 'Small'. (OPT-170)
Information: Changed wire load model for '*SUB_UNS_OP_7_3_8' from '(none)' to 'Small'. (OPT-170)
Information: Changed wire load model for 'DW01_sub_width8' from '(none)' to 'Small'. (OPT-170)
Information: Changed wire load model for '*SUB_UNS_OP_7_4_8' from '(none)' to 'Small'. (OPT-170)
Information: Changed wire load model for 'DW01_sub_width8' from '(none)' to 'Small'. (OPT-170)
Information: Changed wire load model for '*SUB_UNS_OP_7_3_8' from '(none)' to 'Small'. (OPT-170)
Information: Changed wire load model for 'DW01_sub_width8' from '(none)' to 'Small'. (OPT-170)
Information: Changed wire load model for '*SUB_UNS_OP_7_3_8' from '(none)' to 'Small'. (OPT-170)
Information: Changed wire load model for 'DW01_sub_width8' from '(none)' to 'Small'. (OPT-170)
Information: Changed wire load model for '*SUB_UNS_OP_7_4_8' from '(none)' to 'Small'. (OPT-170)
Information: Changed wire load model for 'DW01_sub_width8' from '(none)' to 'Small'. (OPT-170)
Information: Changed wire load model for '*SUB_UNS_OP_7_3_8' from '(none)' to 'Small'. (OPT-170)
Information: Changed wire load model for 'DW01_sub_width8' from '(none)' to 'Small'. (OPT-170)
Information: Changed wire load model for '*SUB_UNS_OP_7_3_8' from '(none)' to 'Small'. (OPT-170)
Information: Changed wire load model for 'DW01_sub_width8' from '(none)' to 'Small'. (OPT-170)
Information: Changed wire load model for '*SUB_UNS_OP_7_4_8' from '(none)' to 'Small'. (OPT-170)
Information: Changed wire load model for 'DW01_sub_width8' from '(none)' to 'Small'. (OPT-170)
Information: Changed wire load model for '*SUB_UNS_OP_7_3_8' from '(none)' to 'Small'. (OPT-170)
Information: Changed wire load model for 'DW01_sub_width8' from '(none)' to 'Small'. (OPT-170)
Information: Changed wire load model for '*SUB_UNS_OP_7_3_8' from '(none)' to 'Small'. (OPT-170)
Information: Changed wire load model for 'DW01_sub_width8' from '(none)' to 'Small'. (OPT-170)
Information: Changed wire load model for '*SUB_UNS_OP_7_4_8' from '(none)' to 'Small'. (OPT-170)
Information: Changed wire load model for 'DW01_sub_width8' from '(none)' to 'Small'. (OPT-170)
Information: Changed wire load model for '*SUB_UNS_OP_7_3_8' from '(none)' to 'Small'. (OPT-170)
Information: Changed wire load model for 'DW01_sub_width8' from '(none)' to 'Small'. (OPT-170)
Information: Changed wire load model for '*SUB_UNS_OP_7_3_8' from '(none)' to 'Small'. (OPT-170)
Information: Changed wire load model for 'DW01_sub_width8' from '(none)' to 'Small'. (OPT-170)
Information: Changed wire load model for '*SUB_UNS_OP_7_4_8' from '(none)' to 'Small'. (OPT-170)
Information: Changed wire load model for 'DW01_sub_width8' from '(none)' to 'Small'. (OPT-170)
Information: Changed wire load model for '*SUB_UNS_OP_7_3_8' from '(none)' to 'Small'. (OPT-170)
Information: Changed wire load model for 'DW01_sub_width8' from '(none)' to 'Small'. (OPT-170)
Information: Changed wire load model for '*SUB_UNS_OP_7_3_8' from '(none)' to 'Small'. (OPT-170)
Information: Changed wire load model for 'DW01_sub_width8' from '(none)' to 'Small'. (OPT-170)
Information: Changed wire load model for '*SUB_UNS_OP_7_4_8' from '(none)' to 'Small'. (OPT-170)
Information: Changed wire load model for 'DW01_sub_width8' from '(none)' to 'Small'. (OPT-170)
Information: Changed wire load model for '*SUB_UNS_OP_7_3_8' from '(none)' to 'Small'. (OPT-170)
Information: Changed wire load model for 'DW01_sub_width8' from '(none)' to 'Small'. (OPT-170)
Information: Changed wire load model for '*SUB_UNS_OP_7_3_8' from '(none)' to 'Small'. (OPT-170)
Information: Changed wire load model for 'DW01_sub_width8' from '(none)' to 'Small'. (OPT-170)
Information: Changed wire load model for '*SUB_UNS_OP_7_4_8' from '(none)' to 'Small'. (OPT-170)
Information: Changed wire load model for 'DW01_sub_width8' from '(none)' to 'Small'. (OPT-170)
Information: Changed wire load model for '*SUB_UNS_OP_7_3_8' from '(none)' to 'Small'. (OPT-170)
Information: Changed wire load model for 'DW01_sub_width8' from '(none)' to 'Small'. (OPT-170)
Information: Changed wire load model for '*SUB_UNS_OP_7_3_8' from '(none)' to 'Small'. (OPT-170)
Information: Changed wire load model for 'DW01_sub_width8' from '(none)' to 'Small'. (OPT-170)
Information: Changed wire load model for '*SUB_UNS_OP_7_4_8' from '(none)' to 'Small'. (OPT-170)
Information: Changed wire load model for 'DW01_sub_width8' from '(none)' to 'Small'. (OPT-170)
Information: Changed wire load model for '*SUB_UNS_OP_7_3_8' from '(none)' to 'Small'. (OPT-170)
Information: Changed wire load model for 'DW01_sub_width8' from '(none)' to 'Small'. (OPT-170)
Information: Changed wire load model for '*SUB_UNS_OP_7_3_8' from '(none)' to 'Small'. (OPT-170)
Information: Changed wire load model for 'DW01_sub_width8' from '(none)' to 'Small'. (OPT-170)
Information: Changed wire load model for '*SUB_UNS_OP_7_4_8' from '(none)' to 'Small'. (OPT-170)
Information: Changed wire load model for 'DW01_sub_width8' from '(none)' to 'Small'. (OPT-170)
Information: Changed wire load model for '*SUB_UNS_OP_7_3_8' from '(none)' to 'Small'. (OPT-170)
Information: Changed wire load model for 'DW01_sub_width8' from '(none)' to 'Small'. (OPT-170)
Information: Changed wire load model for '*SUB_UNS_OP_7_3_8' from '(none)' to 'Small'. (OPT-170)
Information: Changed wire load model for 'DW01_sub_width8' from '(none)' to 'Small'. (OPT-170)
Information: Changed wire load model for '*SUB_UNS_OP_7_4_8' from '(none)' to 'Small'. (OPT-170)
Information: Changed wire load model for 'DW01_sub_width8' from '(none)' to 'Small'. (OPT-170)
Information: Changed wire load model for '*SUB_UNS_OP_7_3_8' from '(none)' to 'Small'. (OPT-170)
Information: Changed wire load model for 'DW01_sub_width8' from '(none)' to 'Small'. (OPT-170)
Information: Changed wire load model for '*SUB_UNS_OP_7_3_8' from '(none)' to 'Small'. (OPT-170)
Information: Changed wire load model for 'DW01_sub_width8' from '(none)' to 'Small'. (OPT-170)
Information: Changed wire load model for '*SUB_UNS_OP_7_4_8' from '(none)' to 'Small'. (OPT-170)
Information: Changed wire load model for 'DW01_sub_width8' from '(none)' to 'Small'. (OPT-170)
Information: Changed wire load model for '*SUB_UNS_OP_7_3_8' from '(none)' to 'Small'. (OPT-170)
Information: Changed wire load model for 'DW01_sub_width8' from '(none)' to 'Small'. (OPT-170)
Information: Changed wire load model for '*SUB_UNS_OP_7_3_8' from '(none)' to 'Small'. (OPT-170)
Information: Changed wire load model for 'DW01_sub_width8' from '(none)' to 'Small'. (OPT-170)
Information: Changed wire load model for '*SUB_UNS_OP_7_4_8' from '(none)' to 'Small'. (OPT-170)
Information: Changed wire load model for 'DW01_sub_width8' from '(none)' to 'Small'. (OPT-170)
Information: Changed wire load model for '*SUB_UNS_OP_7_3_8' from '(none)' to 'Small'. (OPT-170)
Information: Changed wire load model for 'DW01_sub_width8' from '(none)' to 'Small'. (OPT-170)
Information: Changed wire load model for '*SUB_UNS_OP_7_3_8' from '(none)' to 'Small'. (OPT-170)
Information: Changed wire load model for 'DW01_sub_width8' from '(none)' to 'Small'. (OPT-170)
Information: Changed wire load model for '*SUB_UNS_OP_7_4_8' from '(none)' to 'Small'. (OPT-170)
Information: Changed wire load model for 'DW01_sub_width8' from '(none)' to 'Small'. (OPT-170)
Information: Changed wire load model for '*SUB_UNS_OP_7_3_8' from '(none)' to 'Small'. (OPT-170)
Information: Changed wire load model for 'DW01_sub_width8' from '(none)' to 'Small'. (OPT-170)
Information: Changed wire load model for '*SUB_UNS_OP_7_3_8' from '(none)' to 'Small'. (OPT-170)
Information: Changed wire load model for 'DW01_sub_width8' from '(none)' to 'Small'. (OPT-170)
Information: Changed wire load model for '*SUB_UNS_OP_7_4_8' from '(none)' to 'Small'. (OPT-170)
Information: Changed wire load model for 'DW01_sub_width8' from '(none)' to 'Small'. (OPT-170)
Information: Changed wire load model for '*SUB_UNS_OP_7_3_8' from '(none)' to 'Small'. (OPT-170)
Information: Changed wire load model for 'DW01_sub_width8' from '(none)' to 'Small'. (OPT-170)
Information: Changed wire load model for '*SUB_UNS_OP_7_3_8' from '(none)' to 'Small'. (OPT-170)
Information: Changed wire load model for 'DW01_sub_width8' from '(none)' to 'Small'. (OPT-170)
Information: Changed wire load model for '*SUB_UNS_OP_7_4_8' from '(none)' to 'Small'. (OPT-170)
Information: Changed wire load model for 'DW01_sub_width8' from '(none)' to 'Small'. (OPT-170)
Information: Changed wire load model for '*SUB_UNS_OP_7_3_8' from '(none)' to 'Small'. (OPT-170)
Information: Changed wire load model for 'DW01_sub_width8' from '(none)' to 'Small'. (OPT-170)
Information: Changed wire load model for '*SUB_UNS_OP_7_3_8' from '(none)' to 'Small'. (OPT-170)
Information: Changed wire load model for 'DW01_sub_width8' from '(none)' to 'Small'. (OPT-170)
Information: Changed wire load model for '*SUB_UNS_OP_7_4_8' from '(none)' to 'Small'. (OPT-170)
Information: Changed wire load model for 'DW01_sub_width8' from '(none)' to 'Small'. (OPT-170)
Information: Changed wire load model for '*SUB_UNS_OP_7_3_8' from '(none)' to 'Small'. (OPT-170)
Information: Changed wire load model for 'DW01_sub_width8' from '(none)' to 'Small'. (OPT-170)
Information: Changed wire load model for '*SUB_UNS_OP_7_3_8' from '(none)' to 'Small'. (OPT-170)
Information: Changed wire load model for 'DW01_sub_width8' from '(none)' to 'Small'. (OPT-170)
Information: Changed wire load model for '*SUB_UNS_OP_7_4_8' from '(none)' to 'Small'. (OPT-170)
Information: Changed wire load model for 'DW01_sub_width8' from '(none)' to 'Small'. (OPT-170)
Information: Changed wire load model for '*SUB_UNS_OP_7_3_8' from '(none)' to 'Small'. (OPT-170)
Information: Changed wire load model for 'DW01_sub_width8' from '(none)' to 'Small'. (OPT-170)
Information: Changed wire load model for '*SUB_UNS_OP_7_3_8' from '(none)' to 'Small'. (OPT-170)
Information: Changed wire load model for 'DW01_sub_width8' from '(none)' to 'Small'. (OPT-170)
Information: Changed wire load model for '*SUB_UNS_OP_7_4_8' from '(none)' to 'Small'. (OPT-170)
Information: Changed wire load model for 'DW01_sub_width8' from '(none)' to 'Small'. (OPT-170)
Information: Changed wire load model for '*SUB_UNS_OP_7_3_8' from '(none)' to 'Small'. (OPT-170)
Information: Changed wire load model for 'DW01_sub_width8' from '(none)' to 'Small'. (OPT-170)
Information: Changed wire load model for '*SUB_UNS_OP_7_3_8' from '(none)' to 'Small'. (OPT-170)
Information: Changed wire load model for 'DW01_sub_width8' from '(none)' to 'Small'. (OPT-170)
Information: Changed wire load model for '*SUB_UNS_OP_7_4_8' from '(none)' to 'Small'. (OPT-170)
Information: Changed wire load model for 'DW01_sub_width8' from '(none)' to 'Small'. (OPT-170)
Information: Changed wire load model for '*SUB_UNS_OP_7_3_8' from '(none)' to 'Small'. (OPT-170)
Information: Changed wire load model for 'DW01_sub_width8' from '(none)' to 'Small'. (OPT-170)
Information: Changed wire load model for '*SUB_UNS_OP_7_3_8' from '(none)' to 'Small'. (OPT-170)
Information: Changed wire load model for 'DW01_sub_width8' from '(none)' to 'Small'. (OPT-170)
Information: Changed wire load model for '*SUB_UNS_OP_7_4_8' from '(none)' to 'Small'. (OPT-170)
Information: Changed wire load model for 'DW01_sub_width8' from '(none)' to 'Small'. (OPT-170)
Information: Changed wire load model for '*SUB_UNS_OP_7_3_8' from '(none)' to 'Small'. (OPT-170)
Information: Changed wire load model for 'DW01_sub_width8' from '(none)' to 'Small'. (OPT-170)
Information: Changed wire load model for '*SUB_UNS_OP_7_3_8' from '(none)' to 'Small'. (OPT-170)
Information: Changed wire load model for 'DW01_sub_width8' from '(none)' to 'Small'. (OPT-170)
Information: Changed wire load model for '*SUB_UNS_OP_7_4_8' from '(none)' to 'Small'. (OPT-170)
Information: Changed wire load model for 'DW01_sub_width8' from '(none)' to 'Small'. (OPT-170)
Information: Changed wire load model for '*SUB_UNS_OP_7_3_8' from '(none)' to 'Small'. (OPT-170)
Information: Changed wire load model for 'DW01_sub_width8' from '(none)' to 'Small'. (OPT-170)
Information: Changed wire load model for '*SUB_UNS_OP_7_3_8' from '(none)' to 'Small'. (OPT-170)
Information: Changed wire load model for 'DW01_sub_width8' from '(none)' to 'Small'. (OPT-170)
Information: Changed wire load model for '*SUB_UNS_OP_7_4_8' from '(none)' to 'Small'. (OPT-170)
Information: Changed wire load model for 'DW01_sub_width8' from '(none)' to 'Small'. (OPT-170)
Information: Changed wire load model for '*SUB_UNS_OP_7_3_8' from '(none)' to 'Small'. (OPT-170)
Information: Changed wire load model for 'DW01_sub_width8' from '(none)' to 'Small'. (OPT-170)
Information: Changed wire load model for '*SUB_UNS_OP_7_3_8' from '(none)' to 'Small'. (OPT-170)
Information: Changed wire load model for 'DW01_sub_width8' from '(none)' to 'Small'. (OPT-170)
Information: Changed wire load model for '*SUB_UNS_OP_7_4_8' from '(none)' to 'Small'. (OPT-170)
Information: Changed wire load model for 'DW01_sub_width8' from '(none)' to 'Small'. (OPT-170)
Information: Changed wire load model for '*SUB_UNS_OP_7_3_8' from '(none)' to 'Small'. (OPT-170)
Information: Changed wire load model for 'DW01_add_width8' from '(none)' to 'Small'. (OPT-170)
Information: Changed wire load model for '*ADD_UNS_OP_7_3_8' from '(none)' to 'Small'. (OPT-170)
Information: Changed wire load model for 'DW01_add_width8' from '(none)' to 'Small'. (OPT-170)
Information: Changed wire load model for '*ADD_UNS_OP_7_4_8' from '(none)' to 'Small'. (OPT-170)
Information: Changed wire load model for 'DW01_add_width8' from '(none)' to 'Small'. (OPT-170)
Information: Changed wire load model for '*ADD_UNS_OP_7_3_8' from '(none)' to 'Small'. (OPT-170)
Information: Changed wire load model for 'DW01_add_width8' from '(none)' to 'Small'. (OPT-170)
Information: Changed wire load model for '*ADD_UNS_OP_7_3_8' from '(none)' to 'Small'. (OPT-170)
Information: Changed wire load model for 'DW01_add_width8' from '(none)' to 'Small'. (OPT-170)
Information: Changed wire load model for '*ADD_UNS_OP_7_4_8' from '(none)' to 'Small'. (OPT-170)
Information: Changed wire load model for 'DW01_add_width8' from '(none)' to 'Small'. (OPT-170)
Information: Changed wire load model for '*ADD_UNS_OP_7_3_8' from '(none)' to 'Small'. (OPT-170)
Information: Changed wire load model for 'DW01_add_width8' from '(none)' to 'Small'. (OPT-170)
Information: Changed wire load model for '*ADD_UNS_OP_7_3_8' from '(none)' to 'Small'. (OPT-170)
Information: Changed wire load model for 'DW01_add_width8' from '(none)' to 'Small'. (OPT-170)
Information: Changed wire load model for '*ADD_UNS_OP_7_4_8' from '(none)' to 'Small'. (OPT-170)
Information: Changed wire load model for 'DW01_add_width8' from '(none)' to 'Small'. (OPT-170)
Information: Changed wire load model for '*ADD_UNS_OP_7_3_8' from '(none)' to 'Small'. (OPT-170)
Information: Changed wire load model for 'DW01_add_width8' from '(none)' to 'Small'. (OPT-170)
Information: Changed wire load model for '*ADD_UNS_OP_7_3_8' from '(none)' to 'Small'. (OPT-170)
Information: Changed wire load model for 'DW01_add_width8' from '(none)' to 'Small'. (OPT-170)
Information: Changed wire load model for '*ADD_UNS_OP_7_4_8' from '(none)' to 'Small'. (OPT-170)
Information: Changed wire load model for 'DW01_add_width8' from '(none)' to 'Small'. (OPT-170)
Information: Changed wire load model for '*ADD_UNS_OP_7_3_8' from '(none)' to 'Small'. (OPT-170)
Information: Changed wire load model for 'DW01_add_width8' from '(none)' to 'Small'. (OPT-170)
Information: Changed wire load model for '*ADD_UNS_OP_7_3_8' from '(none)' to 'Small'. (OPT-170)
Information: Changed wire load model for 'DW01_add_width8' from '(none)' to 'Small'. (OPT-170)
Information: Changed wire load model for '*ADD_UNS_OP_7_4_8' from '(none)' to 'Small'. (OPT-170)
Information: Changed wire load model for 'DW01_add_width8' from '(none)' to 'Small'. (OPT-170)
Information: Changed wire load model for '*ADD_UNS_OP_7_3_8' from '(none)' to 'Small'. (OPT-170)
Information: Changed wire load model for 'DW01_add_width8' from '(none)' to 'Small'. (OPT-170)
Information: Changed wire load model for '*ADD_UNS_OP_7_3_8' from '(none)' to 'Small'. (OPT-170)
Information: Changed wire load model for 'DW01_add_width8' from '(none)' to 'Small'. (OPT-170)
Information: Changed wire load model for '*ADD_UNS_OP_7_4_8' from '(none)' to 'Small'. (OPT-170)
Information: Changed wire load model for 'DW01_add_width8' from '(none)' to 'Small'. (OPT-170)
Information: Changed wire load model for '*ADD_UNS_OP_7_3_8' from '(none)' to 'Small'. (OPT-170)
Information: Changed wire load model for 'DW01_add_width8' from '(none)' to 'Small'. (OPT-170)
Information: Changed wire load model for '*ADD_UNS_OP_7_3_8' from '(none)' to 'Small'. (OPT-170)
Information: Changed wire load model for 'DW01_add_width8' from '(none)' to 'Small'. (OPT-170)
Information: Changed wire load model for '*ADD_UNS_OP_7_4_8' from '(none)' to 'Small'. (OPT-170)
Information: Changed wire load model for 'DW01_add_width8' from '(none)' to 'Small'. (OPT-170)
Information: Changed wire load model for '*ADD_UNS_OP_7_3_8' from '(none)' to 'Small'. (OPT-170)
Information: Changed wire load model for 'DW01_add_width8' from '(none)' to 'Small'. (OPT-170)
Information: Changed wire load model for '*ADD_UNS_OP_7_3_8' from '(none)' to 'Small'. (OPT-170)
Information: Changed wire load model for 'DW01_add_width8' from '(none)' to 'Small'. (OPT-170)
Information: Changed wire load model for '*ADD_UNS_OP_7_4_8' from '(none)' to 'Small'. (OPT-170)
Information: Changed wire load model for 'DW01_add_width8' from '(none)' to 'Small'. (OPT-170)
Information: Changed wire load model for '*ADD_UNS_OP_7_3_8' from '(none)' to 'Small'. (OPT-170)
Information: Changed wire load model for 'DW01_add_width8' from '(none)' to 'Small'. (OPT-170)
Information: Changed wire load model for '*ADD_UNS_OP_7_3_8' from '(none)' to 'Small'. (OPT-170)
Information: Changed wire load model for 'DW01_add_width8' from '(none)' to 'Small'. (OPT-170)
Information: Changed wire load model for '*ADD_UNS_OP_7_4_8' from '(none)' to 'Small'. (OPT-170)
Information: Changed wire load model for 'DW01_add_width8' from '(none)' to 'Small'. (OPT-170)
Information: Changed wire load model for '*ADD_UNS_OP_7_3_8' from '(none)' to 'Small'. (OPT-170)
Information: Changed wire load model for 'DW01_add_width8' from '(none)' to 'Small'. (OPT-170)
Information: Changed wire load model for '*ADD_UNS_OP_7_3_8' from '(none)' to 'Small'. (OPT-170)
Information: Changed wire load model for 'DW01_add_width8' from '(none)' to 'Small'. (OPT-170)
Information: Changed wire load model for '*ADD_UNS_OP_7_4_8' from '(none)' to 'Small'. (OPT-170)
Information: Changed wire load model for 'DW01_add_width8' from '(none)' to 'Small'. (OPT-170)
Information: Changed wire load model for '*ADD_UNS_OP_7_3_8' from '(none)' to 'Small'. (OPT-170)
Information: Changed wire load model for 'DW01_add_width8' from '(none)' to 'Small'. (OPT-170)
Information: Changed wire load model for '*ADD_UNS_OP_7_3_8' from '(none)' to 'Small'. (OPT-170)
Information: Changed wire load model for 'DW01_add_width8' from '(none)' to 'Small'. (OPT-170)
Information: Changed wire load model for '*ADD_UNS_OP_7_4_8' from '(none)' to 'Small'. (OPT-170)
Information: Changed wire load model for 'DW01_add_width8' from '(none)' to 'Small'. (OPT-170)
Information: Changed wire load model for '*ADD_UNS_OP_7_3_8' from '(none)' to 'Small'. (OPT-170)
Information: Changed wire load model for 'DW01_add_width8' from '(none)' to 'Small'. (OPT-170)
Information: Changed wire load model for '*ADD_UNS_OP_7_3_8' from '(none)' to 'Small'. (OPT-170)
Information: Changed wire load model for 'DW01_add_width8' from '(none)' to 'Small'. (OPT-170)
Information: Changed wire load model for '*ADD_UNS_OP_7_4_8' from '(none)' to 'Small'. (OPT-170)
Information: Changed wire load model for 'DW01_add_width8' from '(none)' to 'Small'. (OPT-170)
Information: Changed wire load model for '*ADD_UNS_OP_7_3_8' from '(none)' to 'Small'. (OPT-170)
Information: Changed wire load model for 'DW01_add_width8' from '(none)' to 'Small'. (OPT-170)
Information: Changed wire load model for '*ADD_UNS_OP_7_3_8' from '(none)' to 'Small'. (OPT-170)
Information: Changed wire load model for 'DW01_add_width8' from '(none)' to 'Small'. (OPT-170)
Information: Changed wire load model for '*ADD_UNS_OP_7_4_8' from '(none)' to 'Small'. (OPT-170)
Information: Changed wire load model for 'DW01_add_width8' from '(none)' to 'Small'. (OPT-170)
Information: Changed wire load model for '*ADD_UNS_OP_7_3_8' from '(none)' to 'Small'. (OPT-170)
Information: Changed wire load model for 'DW01_add_width8' from '(none)' to 'Small'. (OPT-170)
Information: Changed wire load model for '*ADD_UNS_OP_7_3_8' from '(none)' to 'Small'. (OPT-170)
Information: Changed wire load model for 'DW01_add_width8' from '(none)' to 'Small'. (OPT-170)
Information: Changed wire load model for '*ADD_UNS_OP_7_4_8' from '(none)' to 'Small'. (OPT-170)
Information: Changed wire load model for 'DW01_add_width8' from '(none)' to 'Small'. (OPT-170)
Information: Changed wire load model for '*ADD_UNS_OP_7_3_8' from '(none)' to 'Small'. (OPT-170)
Information: Changed wire load model for 'DW01_add_width8' from '(none)' to 'Small'. (OPT-170)
Information: Changed wire load model for '*ADD_UNS_OP_7_3_8' from '(none)' to 'Small'. (OPT-170)
Information: Changed wire load model for 'DW01_add_width8' from '(none)' to 'Small'. (OPT-170)
Information: Changed wire load model for '*ADD_UNS_OP_7_4_8' from '(none)' to 'Small'. (OPT-170)
Information: Changed wire load model for 'DW01_add_width8' from '(none)' to 'Small'. (OPT-170)
Information: Changed wire load model for '*ADD_UNS_OP_7_3_8' from '(none)' to 'Small'. (OPT-170)
Information: Changed wire load model for 'DW01_add_width8' from '(none)' to 'Small'. (OPT-170)
Information: Changed wire load model for '*ADD_UNS_OP_7_3_8' from '(none)' to 'Small'. (OPT-170)
Information: Changed wire load model for 'DW01_add_width8' from '(none)' to 'Small'. (OPT-170)
Information: Changed wire load model for '*ADD_UNS_OP_7_4_8' from '(none)' to 'Small'. (OPT-170)
Information: Changed wire load model for 'DW01_add_width8' from '(none)' to 'Small'. (OPT-170)
Information: Changed wire load model for '*ADD_UNS_OP_7_3_8' from '(none)' to 'Small'. (OPT-170)
Information: Changed wire load model for 'DW01_add_width8' from '(none)' to 'Small'. (OPT-170)
Information: Changed wire load model for '*ADD_UNS_OP_7_2_8' from '(none)' to 'Small'. (OPT-170)
Information: Changed wire load model for 'DW01_inc_width8' from '(none)' to 'Small'. (OPT-170)
Information: Changed wire load model for '*ADD_UNS_OP_7_1_8' from '(none)' to 'Small'. (OPT-170)
Information: Changed wire load model for 'DW01_add_width8' from '(none)' to 'Small'. (OPT-170)
Information: Changed wire load model for '*ADD_UNS_OP_7_2_8' from '(none)' to 'Small'. (OPT-170)
Information: Changed wire load model for 'DW01_inc_width8' from '(none)' to 'Small'. (OPT-170)
Information: Changed wire load model for '*ADD_UNS_OP_7_1_8' from '(none)' to 'Small'. (OPT-170)
Information: Changed wire load model for 'DW01_add_width8' from '(none)' to 'Small'. (OPT-170)
Information: Changed wire load model for '*ADD_UNS_OP_7_2_8' from '(none)' to 'Small'. (OPT-170)
Information: Changed wire load model for 'DW01_inc_width8' from '(none)' to 'Small'. (OPT-170)
Information: Changed wire load model for '*ADD_UNS_OP_7_1_8' from '(none)' to 'Small'. (OPT-170)
Information: Changed wire load model for 'DW01_add_width8' from '(none)' to 'Small'. (OPT-170)
Information: Changed wire load model for '*ADD_UNS_OP_7_2_8' from '(none)' to 'Small'. (OPT-170)
Information: Changed wire load model for 'DW01_inc_width8' from '(none)' to 'Small'. (OPT-170)
Information: Changed wire load model for '*ADD_UNS_OP_7_1_8' from '(none)' to 'Small'. (OPT-170)
Information: Changed wire load model for 'DW01_add_width8' from '(none)' to 'Small'. (OPT-170)
Information: Changed wire load model for '*ADD_UNS_OP_7_2_8' from '(none)' to 'Small'. (OPT-170)
Information: Changed wire load model for 'DW01_inc_width8' from '(none)' to 'Small'. (OPT-170)
Information: Changed wire load model for '*ADD_UNS_OP_7_1_8' from '(none)' to 'Small'. (OPT-170)
Information: Changed wire load model for 'DW01_add_width8' from '(none)' to 'Small'. (OPT-170)
Information: Changed wire load model for '*ADD_UNS_OP_7_2_8' from '(none)' to 'Small'. (OPT-170)
Information: Changed wire load model for 'DW01_inc_width8' from '(none)' to 'Small'. (OPT-170)
Information: Changed wire load model for '*ADD_UNS_OP_7_1_8' from '(none)' to 'Small'. (OPT-170)
Information: Changed wire load model for 'DW01_add_width8' from '(none)' to 'Small'. (OPT-170)
Information: Changed wire load model for '*ADD_UNS_OP_7_2_8' from '(none)' to 'Small'. (OPT-170)
Information: Changed wire load model for 'DW01_inc_width8' from '(none)' to 'Small'. (OPT-170)
Information: Changed wire load model for '*ADD_UNS_OP_7_1_8' from '(none)' to 'Small'. (OPT-170)
Information: Changed wire load model for 'DW01_add_width8' from '(none)' to 'Small'. (OPT-170)
Information: Changed wire load model for '*ADD_UNS_OP_7_2_8' from '(none)' to 'Small'. (OPT-170)
Information: Changed wire load model for 'DW01_inc_width8' from '(none)' to 'Small'. (OPT-170)
Information: Changed wire load model for '*ADD_UNS_OP_7_1_8' from '(none)' to 'Small'. (OPT-170)
Information: Changed wire load model for 'DW01_add_width8' from '(none)' to 'Small'. (OPT-170)
Information: Changed wire load model for '*ADD_UNS_OP_7_2_8' from '(none)' to 'Small'. (OPT-170)
Information: Changed wire load model for 'DW01_inc_width8' from '(none)' to 'Small'. (OPT-170)
Information: Changed wire load model for '*ADD_UNS_OP_7_1_8' from '(none)' to 'Small'. (OPT-170)
Information: Changed wire load model for 'DW01_add_width8' from '(none)' to 'Small'. (OPT-170)
Information: Changed wire load model for '*ADD_UNS_OP_7_2_8' from '(none)' to 'Small'. (OPT-170)
Information: Changed wire load model for 'DW01_inc_width8' from '(none)' to 'Small'. (OPT-170)
Information: Changed wire load model for '*ADD_UNS_OP_7_1_8' from '(none)' to 'Small'. (OPT-170)
Information: Changed wire load model for 'DW01_add_width8' from '(none)' to 'Small'. (OPT-170)
Information: Changed wire load model for '*ADD_UNS_OP_7_2_8' from '(none)' to 'Small'. (OPT-170)
Information: Changed wire load model for 'DW01_inc_width8' from '(none)' to 'Small'. (OPT-170)
Information: Changed wire load model for '*ADD_UNS_OP_7_1_8' from '(none)' to 'Small'. (OPT-170)
Information: Changed wire load model for 'DW01_add_width8' from '(none)' to 'Small'. (OPT-170)
Information: Changed wire load model for '*ADD_UNS_OP_7_2_8' from '(none)' to 'Small'. (OPT-170)
Information: Changed wire load model for 'DW01_inc_width8' from '(none)' to 'Small'. (OPT-170)
Information: Changed wire load model for '*ADD_UNS_OP_7_1_8' from '(none)' to 'Small'. (OPT-170)
Information: Changed wire load model for 'DW01_add_width8' from '(none)' to 'Small'. (OPT-170)
Information: Changed wire load model for '*ADD_UNS_OP_7_2_8' from '(none)' to 'Small'. (OPT-170)
Information: Changed wire load model for 'DW01_inc_width8' from '(none)' to 'Small'. (OPT-170)
Information: Changed wire load model for '*ADD_UNS_OP_7_1_8' from '(none)' to 'Small'. (OPT-170)
Information: Changed wire load model for 'DW01_add_width8' from '(none)' to 'Small'. (OPT-170)
Information: Changed wire load model for '*ADD_UNS_OP_7_2_8' from '(none)' to 'Small'. (OPT-170)
Information: Changed wire load model for 'DW01_inc_width8' from '(none)' to 'Small'. (OPT-170)
Information: Changed wire load model for '*ADD_UNS_OP_7_1_8' from '(none)' to 'Small'. (OPT-170)
Information: Changed wire load model for 'DW01_add_width8' from '(none)' to 'Small'. (OPT-170)
Information: Changed wire load model for '*ADD_UNS_OP_7_2_8' from '(none)' to 'Small'. (OPT-170)
Information: Changed wire load model for 'DW01_inc_width8' from '(none)' to 'Small'. (OPT-170)
Information: Changed wire load model for '*ADD_UNS_OP_7_1_8' from '(none)' to 'Small'. (OPT-170)
Information: Changed wire load model for 'DW01_add_width8' from '(none)' to 'Small'. (OPT-170)
Information: Changed wire load model for '*ADD_UNS_OP_7_2_8' from '(none)' to 'Small'. (OPT-170)
Information: Changed wire load model for 'DW01_inc_width8' from '(none)' to 'Small'. (OPT-170)
Information: Changed wire load model for '*ADD_UNS_OP_7_1_8' from '(none)' to 'Small'. (OPT-170)
Information: Changed wire load model for 'DW01_sub_width10' from '(none)' to 'Small'. (OPT-170)
Information: Changed wire load model for '*SUB_UNS_OP_10_4_10' from '(none)' to 'Small'. (OPT-170)
Information: Changed wire load model for 'DW01_sub_width10' from '(none)' to 'Small'. (OPT-170)
Information: Changed wire load model for '*SUB_UNS_OP_10_3_10' from '(none)' to 'Small'. (OPT-170)
Information: Changed wire load model for 'DW01_sub_width10' from '(none)' to 'Small'. (OPT-170)
Information: Changed wire load model for '*SUB_UNS_OP_10_7_10' from '(none)' to 'Small'. (OPT-170)
Information: Changed wire load model for 'DW01_sub_width7' from '(none)' to 'Small'. (OPT-170)
Information: Changed wire load model for '*SUB_UNS_OP_7_4_7' from '(none)' to 'Small'. (OPT-170)
Information: Changed wire load model for 'DW01_sub_width7' from '(none)' to 'Small'. (OPT-170)
Information: Changed wire load model for '*SUB_UNS_OP_7_4_7' from '(none)' to 'Small'. (OPT-170)
Information: Changed wire load model for 'DW01_sub_width7' from '(none)' to 'Small'. (OPT-170)
Information: Changed wire load model for '*SUB_UNS_OP_7_4_7' from '(none)' to 'Small'. (OPT-170)
Information: Changed wire load model for 'DW01_sub_width7' from '(none)' to 'Small'. (OPT-170)
Information: Changed wire load model for '*SUB_UNS_OP_7_4_7' from '(none)' to 'Small'. (OPT-170)
Information: Changed wire load model for 'DW01_sub_width7' from '(none)' to 'Small'. (OPT-170)
Information: Changed wire load model for '*SUB_UNS_OP_7_4_7' from '(none)' to 'Small'. (OPT-170)
Information: Changed wire load model for 'DW01_sub_width7' from '(none)' to 'Small'. (OPT-170)
Information: Changed wire load model for '*SUB_UNS_OP_7_4_7' from '(none)' to 'Small'. (OPT-170)
Information: Changed wire load model for 'DW01_sub_width7' from '(none)' to 'Small'. (OPT-170)
Information: Changed wire load model for '*SUB_UNS_OP_7_4_7' from '(none)' to 'Small'. (OPT-170)
Information: Changed wire load model for 'DW01_sub_width7' from '(none)' to 'Small'. (OPT-170)
Information: Changed wire load model for '*SUB_UNS_OP_7_4_7' from '(none)' to 'Small'. (OPT-170)
Information: Changed wire load model for 'DW01_add_width7' from '(none)' to 'Small'. (OPT-170)
Information: Changed wire load model for '*ADD_UNS_OP_7_4_7' from '(none)' to 'Small'. (OPT-170)
Information: Changed wire load model for 'DW01_add_width7' from '(none)' to 'Small'. (OPT-170)
Information: Changed wire load model for '*ADD_UNS_OP_7_4_7' from '(none)' to 'Small'. (OPT-170)
Information: Changed wire load model for 'DW01_add_width7' from '(none)' to 'Small'. (OPT-170)
Information: Changed wire load model for '*ADD_UNS_OP_7_4_7' from '(none)' to 'Small'. (OPT-170)
Information: Changed wire load model for 'DW01_add_width7' from '(none)' to 'Small'. (OPT-170)
Information: Changed wire load model for '*ADD_UNS_OP_7_4_7' from '(none)' to 'Small'. (OPT-170)
Information: Changed wire load model for 'DW01_add_width7' from '(none)' to 'Small'. (OPT-170)
Information: Changed wire load model for '*ADD_UNS_OP_7_4_7' from '(none)' to 'Small'. (OPT-170)
Information: Changed wire load model for 'DW01_add_width7' from '(none)' to 'Small'. (OPT-170)
Information: Changed wire load model for '*ADD_UNS_OP_7_4_7' from '(none)' to 'Small'. (OPT-170)
Information: Changed wire load model for 'DW01_add_width7' from '(none)' to 'Small'. (OPT-170)
Information: Changed wire load model for '*ADD_UNS_OP_7_4_7' from '(none)' to 'Small'. (OPT-170)
Information: Changed wire load model for 'DW01_add_width7' from '(none)' to 'Small'. (OPT-170)
Information: Changed wire load model for '*ADD_UNS_OP_7_4_7' from '(none)' to 'Small'. (OPT-170)
Information: Changed wire load model for 'DW01_sub_width7' from '(none)' to 'Small'. (OPT-170)
Information: Changed wire load model for '*SUB_UNS_OP_7_4_7' from '(none)' to 'Small'. (OPT-170)
Information: Changed wire load model for 'DW01_sub_width7' from '(none)' to 'Small'. (OPT-170)
Information: Changed wire load model for '*SUB_UNS_OP_7_4_7' from '(none)' to 'Small'. (OPT-170)
Information: Changed wire load model for 'DW01_sub_width7' from '(none)' to 'Small'. (OPT-170)
Information: Changed wire load model for '*SUB_UNS_OP_7_4_7' from '(none)' to 'Small'. (OPT-170)
Information: Changed wire load model for 'DW01_sub_width7' from '(none)' to 'Small'. (OPT-170)
Information: Changed wire load model for '*SUB_UNS_OP_7_4_7' from '(none)' to 'Small'. (OPT-170)
Information: Changed wire load model for 'DW01_sub_width7' from '(none)' to 'Small'. (OPT-170)
Information: Changed wire load model for '*SUB_UNS_OP_7_4_7' from '(none)' to 'Small'. (OPT-170)
Information: Changed wire load model for 'DW01_sub_width7' from '(none)' to 'Small'. (OPT-170)
Information: Changed wire load model for '*SUB_UNS_OP_7_4_7' from '(none)' to 'Small'. (OPT-170)
Information: Changed wire load model for 'DW01_sub_width7' from '(none)' to 'Small'. (OPT-170)
Information: Changed wire load model for '*SUB_UNS_OP_7_4_7' from '(none)' to 'Small'. (OPT-170)
Information: Changed wire load model for 'DW01_sub_width7' from '(none)' to 'Small'. (OPT-170)
Information: Changed wire load model for '*SUB_UNS_OP_7_4_7' from '(none)' to 'Small'. (OPT-170)
Information: Changed wire load model for 'DW01_add_width7' from '(none)' to 'Small'. (OPT-170)
Information: Changed wire load model for '*ADD_UNS_OP_7_4_7' from '(none)' to 'Small'. (OPT-170)
Information: Changed wire load model for 'DW01_add_width7' from '(none)' to 'Small'. (OPT-170)
Information: Changed wire load model for '*ADD_UNS_OP_7_4_7' from '(none)' to 'Small'. (OPT-170)
Information: Changed wire load model for 'DW01_add_width7' from '(none)' to 'Small'. (OPT-170)
Information: Changed wire load model for '*ADD_UNS_OP_7_4_7' from '(none)' to 'Small'. (OPT-170)
Information: Changed wire load model for 'DW01_add_width7' from '(none)' to 'Small'. (OPT-170)
Information: Changed wire load model for '*ADD_UNS_OP_7_4_7' from '(none)' to 'Small'. (OPT-170)
Information: Changed wire load model for 'DW01_add_width7' from '(none)' to 'Small'. (OPT-170)
Information: Changed wire load model for '*ADD_UNS_OP_7_4_7' from '(none)' to 'Small'. (OPT-170)
Information: Changed wire load model for 'DW01_add_width7' from '(none)' to 'Small'. (OPT-170)
Information: Changed wire load model for '*ADD_UNS_OP_7_4_7' from '(none)' to 'Small'. (OPT-170)
Information: Changed wire load model for 'DW01_add_width7' from '(none)' to 'Small'. (OPT-170)
Information: Changed wire load model for '*ADD_UNS_OP_7_4_7' from '(none)' to 'Small'. (OPT-170)
Information: Changed wire load model for 'DW01_add_width7' from '(none)' to 'Small'. (OPT-170)
Information: Changed wire load model for '*ADD_UNS_OP_7_4_7' from '(none)' to 'Small'. (OPT-170)
Information: Changed wire load model for 'DW01_sub_width7' from '(none)' to 'Small'. (OPT-170)
Information: Changed wire load model for '*SUB_UNS_OP_7_4_7' from '(none)' to 'Small'. (OPT-170)
Information: Changed wire load model for 'DW01_sub_width7' from '(none)' to 'Small'. (OPT-170)
Information: Changed wire load model for '*SUB_UNS_OP_7_4_7' from '(none)' to 'Small'. (OPT-170)
Information: Changed wire load model for 'DW01_sub_width7' from '(none)' to 'Small'. (OPT-170)
Information: Changed wire load model for '*SUB_UNS_OP_7_4_7' from '(none)' to 'Small'. (OPT-170)
Information: Changed wire load model for 'DW01_sub_width7' from '(none)' to 'Small'. (OPT-170)
Information: Changed wire load model for '*SUB_UNS_OP_7_4_7' from '(none)' to 'Small'. (OPT-170)
Information: Changed wire load model for 'DW01_sub_width7' from '(none)' to 'Small'. (OPT-170)
Information: Changed wire load model for '*SUB_UNS_OP_7_4_7' from '(none)' to 'Small'. (OPT-170)
Information: Changed wire load model for 'DW01_sub_width7' from '(none)' to 'Small'. (OPT-170)
Information: Changed wire load model for '*SUB_UNS_OP_7_4_7' from '(none)' to 'Small'. (OPT-170)
Information: Changed wire load model for 'DW01_sub_width7' from '(none)' to 'Small'. (OPT-170)
Information: Changed wire load model for '*SUB_UNS_OP_7_4_7' from '(none)' to 'Small'. (OPT-170)
Information: Changed wire load model for 'DW01_sub_width7' from '(none)' to 'Small'. (OPT-170)
Information: Changed wire load model for '*SUB_UNS_OP_7_4_7' from '(none)' to 'Small'. (OPT-170)
Information: Changed wire load model for 'DW01_add_width7' from '(none)' to 'Small'. (OPT-170)
Information: Changed wire load model for '*ADD_UNS_OP_7_4_7' from '(none)' to 'Small'. (OPT-170)
Information: Changed wire load model for 'DW01_add_width7' from '(none)' to 'Small'. (OPT-170)
Information: Changed wire load model for '*ADD_UNS_OP_7_4_7' from '(none)' to 'Small'. (OPT-170)
Information: Changed wire load model for 'DW01_add_width7' from '(none)' to 'Small'. (OPT-170)
Information: Changed wire load model for '*ADD_UNS_OP_7_4_7' from '(none)' to 'Small'. (OPT-170)
Information: Changed wire load model for 'DW01_add_width7' from '(none)' to 'Small'. (OPT-170)
Information: Changed wire load model for '*ADD_UNS_OP_7_4_7' from '(none)' to 'Small'. (OPT-170)
Information: Changed wire load model for 'DW01_add_width7' from '(none)' to 'Small'. (OPT-170)
Information: Changed wire load model for '*ADD_UNS_OP_7_4_7' from '(none)' to 'Small'. (OPT-170)
Information: Changed wire load model for 'DW01_add_width7' from '(none)' to 'Small'. (OPT-170)
Information: Changed wire load model for '*ADD_UNS_OP_7_4_7' from '(none)' to 'Small'. (OPT-170)
Information: Changed wire load model for 'DW01_add_width7' from '(none)' to 'Small'. (OPT-170)
Information: Changed wire load model for '*ADD_UNS_OP_7_4_7' from '(none)' to 'Small'. (OPT-170)
Information: Changed wire load model for 'DW01_add_width7' from '(none)' to 'Small'. (OPT-170)
Information: Changed wire load model for '*ADD_UNS_OP_7_4_7' from '(none)' to 'Small'. (OPT-170)
Information: Changed wire load model for 'DW01_sub_width7' from '(none)' to 'Small'. (OPT-170)
Information: Changed wire load model for '*SUB_UNS_OP_7_4_7' from '(none)' to 'Small'. (OPT-170)
Information: Changed wire load model for 'DW01_sub_width7' from '(none)' to 'Small'. (OPT-170)
Information: Changed wire load model for '*SUB_UNS_OP_7_4_7' from '(none)' to 'Small'. (OPT-170)
Information: Changed wire load model for 'DW01_sub_width7' from '(none)' to 'Small'. (OPT-170)
Information: Changed wire load model for '*SUB_UNS_OP_7_4_7' from '(none)' to 'Small'. (OPT-170)
Information: Changed wire load model for 'DW01_sub_width7' from '(none)' to 'Small'. (OPT-170)
Information: Changed wire load model for '*SUB_UNS_OP_7_4_7' from '(none)' to 'Small'. (OPT-170)
Information: Changed wire load model for 'DW01_sub_width7' from '(none)' to 'Small'. (OPT-170)
Information: Changed wire load model for '*SUB_UNS_OP_7_4_7' from '(none)' to 'Small'. (OPT-170)
Information: Changed wire load model for 'DW01_sub_width7' from '(none)' to 'Small'. (OPT-170)
Information: Changed wire load model for '*SUB_UNS_OP_7_4_7' from '(none)' to 'Small'. (OPT-170)
Information: Changed wire load model for 'DW01_sub_width7' from '(none)' to 'Small'. (OPT-170)
Information: Changed wire load model for '*SUB_UNS_OP_7_4_7' from '(none)' to 'Small'. (OPT-170)
Information: Changed wire load model for 'DW01_sub_width7' from '(none)' to 'Small'. (OPT-170)
Information: Changed wire load model for '*SUB_UNS_OP_7_4_7' from '(none)' to 'Small'. (OPT-170)
Information: Changed wire load model for 'DW01_add_width7' from '(none)' to 'Small'. (OPT-170)
Information: Changed wire load model for '*ADD_UNS_OP_7_4_7' from '(none)' to 'Small'. (OPT-170)
Information: Changed wire load model for 'DW01_add_width7' from '(none)' to 'Small'. (OPT-170)
Information: Changed wire load model for '*ADD_UNS_OP_7_4_7' from '(none)' to 'Small'. (OPT-170)
Information: Changed wire load model for 'DW01_add_width7' from '(none)' to 'Small'. (OPT-170)
Information: Changed wire load model for '*ADD_UNS_OP_7_4_7' from '(none)' to 'Small'. (OPT-170)
Information: Changed wire load model for 'DW01_add_width7' from '(none)' to 'Small'. (OPT-170)
Information: Changed wire load model for '*ADD_UNS_OP_7_4_7' from '(none)' to 'Small'. (OPT-170)
Information: Changed wire load model for 'DW01_add_width7' from '(none)' to 'Small'. (OPT-170)
Information: Changed wire load model for '*ADD_UNS_OP_7_4_7' from '(none)' to 'Small'. (OPT-170)
Information: Changed wire load model for 'DW01_add_width7' from '(none)' to 'Small'. (OPT-170)
Information: Changed wire load model for '*ADD_UNS_OP_7_4_7' from '(none)' to 'Small'. (OPT-170)
Information: Changed wire load model for 'DW01_add_width7' from '(none)' to 'Small'. (OPT-170)
Information: Changed wire load model for '*ADD_UNS_OP_7_4_7' from '(none)' to 'Small'. (OPT-170)
Information: Changed wire load model for 'DW01_add_width7' from '(none)' to 'Small'. (OPT-170)
Information: Changed wire load model for '*ADD_UNS_OP_7_4_7' from '(none)' to 'Small'. (OPT-170)
Information: Changed wire load model for 'DW01_sub_width7' from '(none)' to 'Small'. (OPT-170)
Information: Changed wire load model for '*SUB_UNS_OP_7_4_7' from '(none)' to 'Small'. (OPT-170)
Information: Changed wire load model for 'DW01_sub_width7' from '(none)' to 'Small'. (OPT-170)
Information: Changed wire load model for '*SUB_UNS_OP_7_4_7' from '(none)' to 'Small'. (OPT-170)
Information: Changed wire load model for 'DW01_sub_width7' from '(none)' to 'Small'. (OPT-170)
Information: Changed wire load model for '*SUB_UNS_OP_7_4_7' from '(none)' to 'Small'. (OPT-170)
Information: Changed wire load model for 'DW01_sub_width7' from '(none)' to 'Small'. (OPT-170)
Information: Changed wire load model for '*SUB_UNS_OP_7_4_7' from '(none)' to 'Small'. (OPT-170)
Information: Changed wire load model for 'DW01_sub_width7' from '(none)' to 'Small'. (OPT-170)
Information: Changed wire load model for '*SUB_UNS_OP_7_4_7' from '(none)' to 'Small'. (OPT-170)
Information: Changed wire load model for 'DW01_sub_width7' from '(none)' to 'Small'. (OPT-170)
Information: Changed wire load model for '*SUB_UNS_OP_7_4_7' from '(none)' to 'Small'. (OPT-170)
Information: Changed wire load model for 'DW01_sub_width7' from '(none)' to 'Small'. (OPT-170)
Information: Changed wire load model for '*SUB_UNS_OP_7_4_7' from '(none)' to 'Small'. (OPT-170)
Information: Changed wire load model for 'DW01_sub_width7' from '(none)' to 'Small'. (OPT-170)
Information: Changed wire load model for '*SUB_UNS_OP_7_4_7' from '(none)' to 'Small'. (OPT-170)
Information: Changed wire load model for 'DW01_add_width7' from '(none)' to 'Small'. (OPT-170)
Information: Changed wire load model for '*ADD_UNS_OP_7_4_7' from '(none)' to 'Small'. (OPT-170)
Information: Changed wire load model for 'DW01_add_width7' from '(none)' to 'Small'. (OPT-170)
Information: Changed wire load model for '*ADD_UNS_OP_7_4_7' from '(none)' to 'Small'. (OPT-170)
Information: Changed wire load model for 'DW01_add_width7' from '(none)' to 'Small'. (OPT-170)
Information: Changed wire load model for '*ADD_UNS_OP_7_4_7' from '(none)' to 'Small'. (OPT-170)
Information: Changed wire load model for 'DW01_add_width7' from '(none)' to 'Small'. (OPT-170)
Information: Changed wire load model for '*ADD_UNS_OP_7_4_7' from '(none)' to 'Small'. (OPT-170)
Information: Changed wire load model for 'DW01_add_width7' from '(none)' to 'Small'. (OPT-170)
Information: Changed wire load model for '*ADD_UNS_OP_7_4_7' from '(none)' to 'Small'. (OPT-170)
Information: Changed wire load model for 'DW01_add_width7' from '(none)' to 'Small'. (OPT-170)
Information: Changed wire load model for '*ADD_UNS_OP_7_4_7' from '(none)' to 'Small'. (OPT-170)
Information: Changed wire load model for 'DW01_add_width7' from '(none)' to 'Small'. (OPT-170)
Information: Changed wire load model for '*ADD_UNS_OP_7_4_7' from '(none)' to 'Small'. (OPT-170)
Information: Changed wire load model for 'DW01_add_width7' from '(none)' to 'Small'. (OPT-170)
Information: Changed wire load model for '*ADD_UNS_OP_7_4_7' from '(none)' to 'Small'. (OPT-170)
Information: Changed wire load model for 'DW01_sub_width7' from '(none)' to 'Small'. (OPT-170)
Information: Changed wire load model for '*SUB_UNS_OP_7_4_7' from '(none)' to 'Small'. (OPT-170)
Information: Changed wire load model for 'DW01_sub_width7' from '(none)' to 'Small'. (OPT-170)
Information: Changed wire load model for '*SUB_UNS_OP_7_4_7' from '(none)' to 'Small'. (OPT-170)
Information: Changed wire load model for 'DW01_sub_width7' from '(none)' to 'Small'. (OPT-170)
Information: Changed wire load model for '*SUB_UNS_OP_7_4_7' from '(none)' to 'Small'. (OPT-170)
Information: Changed wire load model for 'DW01_sub_width7' from '(none)' to 'Small'. (OPT-170)
Information: Changed wire load model for '*SUB_UNS_OP_7_4_7' from '(none)' to 'Small'. (OPT-170)
Information: Changed wire load model for 'DW01_sub_width7' from '(none)' to 'Small'. (OPT-170)
Information: Changed wire load model for '*SUB_UNS_OP_7_4_7' from '(none)' to 'Small'. (OPT-170)
Information: Changed wire load model for 'DW01_sub_width7' from '(none)' to 'Small'. (OPT-170)
Information: Changed wire load model for '*SUB_UNS_OP_7_4_7' from '(none)' to 'Small'. (OPT-170)
Information: Changed wire load model for 'DW01_sub_width7' from '(none)' to 'Small'. (OPT-170)
Information: Changed wire load model for '*SUB_UNS_OP_7_4_7' from '(none)' to 'Small'. (OPT-170)
Information: Changed wire load model for 'DW01_sub_width7' from '(none)' to 'Small'. (OPT-170)
Information: Changed wire load model for '*SUB_UNS_OP_7_4_7' from '(none)' to 'Small'. (OPT-170)
Information: Changed wire load model for 'DW01_add_width7' from '(none)' to 'Small'. (OPT-170)
Information: Changed wire load model for '*ADD_UNS_OP_7_4_7' from '(none)' to 'Small'. (OPT-170)
Information: Changed wire load model for 'DW01_add_width7' from '(none)' to 'Small'. (OPT-170)
Information: Changed wire load model for '*ADD_UNS_OP_7_4_7' from '(none)' to 'Small'. (OPT-170)
Information: Changed wire load model for 'DW01_add_width7' from '(none)' to 'Small'. (OPT-170)
Information: Changed wire load model for '*ADD_UNS_OP_7_4_7' from '(none)' to 'Small'. (OPT-170)
Information: Changed wire load model for 'DW01_add_width7' from '(none)' to 'Small'. (OPT-170)
Information: Changed wire load model for '*ADD_UNS_OP_7_4_7' from '(none)' to 'Small'. (OPT-170)
Information: Changed wire load model for 'DW01_add_width7' from '(none)' to 'Small'. (OPT-170)
Information: Changed wire load model for '*ADD_UNS_OP_7_4_7' from '(none)' to 'Small'. (OPT-170)
Information: Changed wire load model for 'DW01_add_width7' from '(none)' to 'Small'. (OPT-170)
Information: Changed wire load model for '*ADD_UNS_OP_7_4_7' from '(none)' to 'Small'. (OPT-170)
Information: Changed wire load model for 'DW01_add_width7' from '(none)' to 'Small'. (OPT-170)
Information: Changed wire load model for '*ADD_UNS_OP_7_4_7' from '(none)' to 'Small'. (OPT-170)
Information: Changed wire load model for 'DW01_add_width7' from '(none)' to 'Small'. (OPT-170)
Information: Changed wire load model for '*ADD_UNS_OP_7_4_7' from '(none)' to 'Small'. (OPT-170)
Information: Changed wire load model for 'DW01_sub_width7' from '(none)' to 'Small'. (OPT-170)
Information: Changed wire load model for '*SUB_UNS_OP_7_4_7' from '(none)' to 'Small'. (OPT-170)
Information: Changed wire load model for 'DW01_sub_width7' from '(none)' to 'Small'. (OPT-170)
Information: Changed wire load model for '*SUB_UNS_OP_7_4_7' from '(none)' to 'Small'. (OPT-170)
Information: Changed wire load model for 'DW01_sub_width7' from '(none)' to 'Small'. (OPT-170)
Information: Changed wire load model for '*SUB_UNS_OP_7_4_7' from '(none)' to 'Small'. (OPT-170)
Information: Changed wire load model for 'DW01_sub_width7' from '(none)' to 'Small'. (OPT-170)
Information: Changed wire load model for '*SUB_UNS_OP_7_4_7' from '(none)' to 'Small'. (OPT-170)
Information: Changed wire load model for 'DW01_sub_width7' from '(none)' to 'Small'. (OPT-170)
Information: Changed wire load model for '*SUB_UNS_OP_7_4_7' from '(none)' to 'Small'. (OPT-170)
Information: Changed wire load model for 'DW01_sub_width7' from '(none)' to 'Small'. (OPT-170)
Information: Changed wire load model for '*SUB_UNS_OP_7_4_7' from '(none)' to 'Small'. (OPT-170)
Information: Changed wire load model for 'DW01_sub_width7' from '(none)' to 'Small'. (OPT-170)
Information: Changed wire load model for '*SUB_UNS_OP_7_4_7' from '(none)' to 'Small'. (OPT-170)
Information: Changed wire load model for 'DW01_sub_width7' from '(none)' to 'Small'. (OPT-170)
Information: Changed wire load model for '*SUB_UNS_OP_7_4_7' from '(none)' to 'Small'. (OPT-170)
Information: Changed wire load model for 'DW01_add_width7' from '(none)' to 'Small'. (OPT-170)
Information: Changed wire load model for '*ADD_UNS_OP_7_4_7' from '(none)' to 'Small'. (OPT-170)
Information: Changed wire load model for 'DW01_add_width7' from '(none)' to 'Small'. (OPT-170)
Information: Changed wire load model for '*ADD_UNS_OP_7_4_7' from '(none)' to 'Small'. (OPT-170)
Information: Changed wire load model for 'DW01_add_width7' from '(none)' to 'Small'. (OPT-170)
Information: Changed wire load model for '*ADD_UNS_OP_7_4_7' from '(none)' to 'Small'. (OPT-170)
Information: Changed wire load model for 'DW01_add_width7' from '(none)' to 'Small'. (OPT-170)
Information: Changed wire load model for '*ADD_UNS_OP_7_4_7' from '(none)' to 'Small'. (OPT-170)
Information: Changed wire load model for 'DW01_add_width7' from '(none)' to 'Small'. (OPT-170)
Information: Changed wire load model for '*ADD_UNS_OP_7_4_7' from '(none)' to 'Small'. (OPT-170)
Information: Changed wire load model for 'DW01_add_width7' from '(none)' to 'Small'. (OPT-170)
Information: Changed wire load model for '*ADD_UNS_OP_7_4_7' from '(none)' to 'Small'. (OPT-170)
Information: Changed wire load model for 'DW01_add_width7' from '(none)' to 'Small'. (OPT-170)
Information: Changed wire load model for '*ADD_UNS_OP_7_4_7' from '(none)' to 'Small'. (OPT-170)
Information: Changed wire load model for 'DW01_add_width7' from '(none)' to 'Small'. (OPT-170)
Information: Changed wire load model for '*ADD_UNS_OP_7_4_7' from '(none)' to 'Small'. (OPT-170)
Information: Changed wire load model for 'DW01_sub_width7' from '(none)' to 'Small'. (OPT-170)
Information: Changed wire load model for '*SUB_UNS_OP_7_4_7' from '(none)' to 'Small'. (OPT-170)
Information: Changed wire load model for 'DW01_sub_width7' from '(none)' to 'Small'. (OPT-170)
Information: Changed wire load model for '*SUB_UNS_OP_7_4_7' from '(none)' to 'Small'. (OPT-170)
Information: Changed wire load model for 'DW01_sub_width7' from '(none)' to 'Small'. (OPT-170)
Information: Changed wire load model for '*SUB_UNS_OP_7_4_7' from '(none)' to 'Small'. (OPT-170)
Information: Changed wire load model for 'DW01_sub_width7' from '(none)' to 'Small'. (OPT-170)
Information: Changed wire load model for '*SUB_UNS_OP_7_4_7' from '(none)' to 'Small'. (OPT-170)
Information: Changed wire load model for 'DW01_sub_width7' from '(none)' to 'Small'. (OPT-170)
Information: Changed wire load model for '*SUB_UNS_OP_7_4_7' from '(none)' to 'Small'. (OPT-170)
Information: Changed wire load model for 'DW01_sub_width7' from '(none)' to 'Small'. (OPT-170)
Information: Changed wire load model for '*SUB_UNS_OP_7_4_7' from '(none)' to 'Small'. (OPT-170)
Information: Changed wire load model for 'DW01_sub_width7' from '(none)' to 'Small'. (OPT-170)
Information: Changed wire load model for '*SUB_UNS_OP_7_4_7' from '(none)' to 'Small'. (OPT-170)
Information: Changed wire load model for 'DW01_sub_width7' from '(none)' to 'Small'. (OPT-170)
Information: Changed wire load model for '*SUB_UNS_OP_7_4_7' from '(none)' to 'Small'. (OPT-170)
Information: Changed wire load model for 'DW01_add_width7' from '(none)' to 'Small'. (OPT-170)
Information: Changed wire load model for '*ADD_UNS_OP_7_4_7' from '(none)' to 'Small'. (OPT-170)
Information: Changed wire load model for 'DW01_add_width7' from '(none)' to 'Small'. (OPT-170)
Information: Changed wire load model for '*ADD_UNS_OP_7_4_7' from '(none)' to 'Small'. (OPT-170)
Information: Changed wire load model for 'DW01_add_width7' from '(none)' to 'Small'. (OPT-170)
Information: Changed wire load model for '*ADD_UNS_OP_7_4_7' from '(none)' to 'Small'. (OPT-170)
Information: Changed wire load model for 'DW01_add_width7' from '(none)' to 'Small'. (OPT-170)
Information: Changed wire load model for '*ADD_UNS_OP_7_4_7' from '(none)' to 'Small'. (OPT-170)
Information: Changed wire load model for 'DW01_add_width7' from '(none)' to 'Small'. (OPT-170)
Information: Changed wire load model for '*ADD_UNS_OP_7_4_7' from '(none)' to 'Small'. (OPT-170)
Information: Changed wire load model for 'DW01_add_width7' from '(none)' to 'Small'. (OPT-170)
Information: Changed wire load model for '*ADD_UNS_OP_7_4_7' from '(none)' to 'Small'. (OPT-170)
Information: Changed wire load model for 'DW01_add_width7' from '(none)' to 'Small'. (OPT-170)
Information: Changed wire load model for '*ADD_UNS_OP_7_4_7' from '(none)' to 'Small'. (OPT-170)
Information: Changed wire load model for 'DW01_add_width7' from '(none)' to 'Small'. (OPT-170)
Information: Changed wire load model for '*ADD_UNS_OP_7_4_7' from '(none)' to 'Small'. (OPT-170)
Information: Changed wire load model for 'DW01_sub_width7' from '(none)' to 'Small'. (OPT-170)
Information: Changed wire load model for '*SUB_UNS_OP_7_4_7' from '(none)' to 'Small'. (OPT-170)
Information: Changed wire load model for 'DW01_sub_width7' from '(none)' to 'Small'. (OPT-170)
Information: Changed wire load model for '*SUB_UNS_OP_7_4_7' from '(none)' to 'Small'. (OPT-170)
Information: Changed wire load model for 'DW01_sub_width7' from '(none)' to 'Small'. (OPT-170)
Information: Changed wire load model for '*SUB_UNS_OP_7_4_7' from '(none)' to 'Small'. (OPT-170)
Information: Changed wire load model for 'DW01_sub_width7' from '(none)' to 'Small'. (OPT-170)
Information: Changed wire load model for '*SUB_UNS_OP_7_4_7' from '(none)' to 'Small'. (OPT-170)
Information: Changed wire load model for 'DW01_sub_width7' from '(none)' to 'Small'. (OPT-170)
Information: Changed wire load model for '*SUB_UNS_OP_7_4_7' from '(none)' to 'Small'. (OPT-170)
Information: Changed wire load model for 'DW01_sub_width7' from '(none)' to 'Small'. (OPT-170)
Information: Changed wire load model for '*SUB_UNS_OP_7_4_7' from '(none)' to 'Small'. (OPT-170)
Information: Changed wire load model for 'DW01_sub_width7' from '(none)' to 'Small'. (OPT-170)
Information: Changed wire load model for '*SUB_UNS_OP_7_4_7' from '(none)' to 'Small'. (OPT-170)
Information: Changed wire load model for 'DW01_sub_width7' from '(none)' to 'Small'. (OPT-170)
Information: Changed wire load model for '*SUB_UNS_OP_7_4_7' from '(none)' to 'Small'. (OPT-170)
Information: Changed wire load model for 'DW01_add_width7' from '(none)' to 'Small'. (OPT-170)
Information: Changed wire load model for '*ADD_UNS_OP_7_4_7' from '(none)' to 'Small'. (OPT-170)
Information: Changed wire load model for 'DW01_add_width7' from '(none)' to 'Small'. (OPT-170)
Information: Changed wire load model for '*ADD_UNS_OP_7_4_7' from '(none)' to 'Small'. (OPT-170)
Information: Changed wire load model for 'DW01_add_width7' from '(none)' to 'Small'. (OPT-170)
Information: Changed wire load model for '*ADD_UNS_OP_7_4_7' from '(none)' to 'Small'. (OPT-170)
Information: Changed wire load model for 'DW01_add_width7' from '(none)' to 'Small'. (OPT-170)
Information: Changed wire load model for '*ADD_UNS_OP_7_4_7' from '(none)' to 'Small'. (OPT-170)
Information: Changed wire load model for 'DW01_add_width7' from '(none)' to 'Small'. (OPT-170)
Information: Changed wire load model for '*ADD_UNS_OP_7_4_7' from '(none)' to 'Small'. (OPT-170)
Information: Changed wire load model for 'DW01_add_width7' from '(none)' to 'Small'. (OPT-170)
Information: Changed wire load model for '*ADD_UNS_OP_7_4_7' from '(none)' to 'Small'. (OPT-170)
Information: Changed wire load model for 'DW01_add_width7' from '(none)' to 'Small'. (OPT-170)
Information: Changed wire load model for '*ADD_UNS_OP_7_4_7' from '(none)' to 'Small'. (OPT-170)
Information: Changed wire load model for 'DW01_add_width7' from '(none)' to 'Small'. (OPT-170)
Information: Changed wire load model for '*ADD_UNS_OP_7_4_7' from '(none)' to 'Small'. (OPT-170)
Information: Changed wire load model for 'DW01_sub_width7' from '(none)' to 'Small'. (OPT-170)
Information: Changed wire load model for '*SUB_UNS_OP_7_4_7' from '(none)' to 'Small'. (OPT-170)
Information: Changed wire load model for 'DW01_sub_width7' from '(none)' to 'Small'. (OPT-170)
Information: Changed wire load model for '*SUB_UNS_OP_7_4_7' from '(none)' to 'Small'. (OPT-170)
Information: Changed wire load model for 'DW01_sub_width7' from '(none)' to 'Small'. (OPT-170)
Information: Changed wire load model for '*SUB_UNS_OP_7_4_7' from '(none)' to 'Small'. (OPT-170)
Information: Changed wire load model for 'DW01_sub_width7' from '(none)' to 'Small'. (OPT-170)
Information: Changed wire load model for '*SUB_UNS_OP_7_4_7' from '(none)' to 'Small'. (OPT-170)
Information: Changed wire load model for 'DW01_sub_width7' from '(none)' to 'Small'. (OPT-170)
Information: Changed wire load model for '*SUB_UNS_OP_7_4_7' from '(none)' to 'Small'. (OPT-170)
Information: Changed wire load model for 'DW01_sub_width7' from '(none)' to 'Small'. (OPT-170)
Information: Changed wire load model for '*SUB_UNS_OP_7_4_7' from '(none)' to 'Small'. (OPT-170)
Information: Changed wire load model for 'DW01_sub_width7' from '(none)' to 'Small'. (OPT-170)
Information: Changed wire load model for '*SUB_UNS_OP_7_4_7' from '(none)' to 'Small'. (OPT-170)
Information: Changed wire load model for 'DW01_sub_width7' from '(none)' to 'Small'. (OPT-170)
Information: Changed wire load model for '*SUB_UNS_OP_7_4_7' from '(none)' to 'Small'. (OPT-170)
Information: Changed wire load model for 'DW01_add_width7' from '(none)' to 'Small'. (OPT-170)
Information: Changed wire load model for '*ADD_UNS_OP_7_4_7' from '(none)' to 'Small'. (OPT-170)
Information: Changed wire load model for 'DW01_add_width7' from '(none)' to 'Small'. (OPT-170)
Information: Changed wire load model for '*ADD_UNS_OP_7_4_7' from '(none)' to 'Small'. (OPT-170)
Information: Changed wire load model for 'DW01_add_width7' from '(none)' to 'Small'. (OPT-170)
Information: Changed wire load model for '*ADD_UNS_OP_7_4_7' from '(none)' to 'Small'. (OPT-170)
Information: Changed wire load model for 'DW01_add_width7' from '(none)' to 'Small'. (OPT-170)
Information: Changed wire load model for '*ADD_UNS_OP_7_4_7' from '(none)' to 'Small'. (OPT-170)
Information: Changed wire load model for 'DW01_add_width7' from '(none)' to 'Small'. (OPT-170)
Information: Changed wire load model for '*ADD_UNS_OP_7_4_7' from '(none)' to 'Small'. (OPT-170)
Information: Changed wire load model for 'DW01_add_width7' from '(none)' to 'Small'. (OPT-170)
Information: Changed wire load model for '*ADD_UNS_OP_7_4_7' from '(none)' to 'Small'. (OPT-170)
Information: Changed wire load model for 'DW01_add_width7' from '(none)' to 'Small'. (OPT-170)
Information: Changed wire load model for '*ADD_UNS_OP_7_4_7' from '(none)' to 'Small'. (OPT-170)
Information: Changed wire load model for 'DW01_add_width7' from '(none)' to 'Small'. (OPT-170)
Information: Changed wire load model for '*ADD_UNS_OP_7_4_7' from '(none)' to 'Small'. (OPT-170)
Information: Changed wire load model for 'DW01_sub_width7' from '(none)' to 'Small'. (OPT-170)
Information: Changed wire load model for '*SUB_UNS_OP_7_4_7' from '(none)' to 'Small'. (OPT-170)
Information: Changed wire load model for 'DW01_sub_width7' from '(none)' to 'Small'. (OPT-170)
Information: Changed wire load model for '*SUB_UNS_OP_7_4_7' from '(none)' to 'Small'. (OPT-170)
Information: Changed wire load model for 'DW01_sub_width7' from '(none)' to 'Small'. (OPT-170)
Information: Changed wire load model for '*SUB_UNS_OP_7_4_7' from '(none)' to 'Small'. (OPT-170)
Information: Changed wire load model for 'DW01_sub_width7' from '(none)' to 'Small'. (OPT-170)
Information: Changed wire load model for '*SUB_UNS_OP_7_4_7' from '(none)' to 'Small'. (OPT-170)
Information: Changed wire load model for 'DW01_sub_width7' from '(none)' to 'Small'. (OPT-170)
Information: Changed wire load model for '*SUB_UNS_OP_7_4_7' from '(none)' to 'Small'. (OPT-170)
Information: Changed wire load model for 'DW01_sub_width7' from '(none)' to 'Small'. (OPT-170)
Information: Changed wire load model for '*SUB_UNS_OP_7_4_7' from '(none)' to 'Small'. (OPT-170)
Information: Changed wire load model for 'DW01_sub_width7' from '(none)' to 'Small'. (OPT-170)
Information: Changed wire load model for '*SUB_UNS_OP_7_4_7' from '(none)' to 'Small'. (OPT-170)
Information: Changed wire load model for 'DW01_sub_width7' from '(none)' to 'Small'. (OPT-170)
Information: Changed wire load model for '*SUB_UNS_OP_7_4_7' from '(none)' to 'Small'. (OPT-170)
Information: Changed wire load model for 'DW01_add_width7' from '(none)' to 'Small'. (OPT-170)
Information: Changed wire load model for '*ADD_UNS_OP_7_4_7' from '(none)' to 'Small'. (OPT-170)
Information: Changed wire load model for 'DW01_add_width7' from '(none)' to 'Small'. (OPT-170)
Information: Changed wire load model for '*ADD_UNS_OP_7_4_7' from '(none)' to 'Small'. (OPT-170)
Information: Changed wire load model for 'DW01_add_width7' from '(none)' to 'Small'. (OPT-170)
Information: Changed wire load model for '*ADD_UNS_OP_7_4_7' from '(none)' to 'Small'. (OPT-170)
Information: Changed wire load model for 'DW01_add_width7' from '(none)' to 'Small'. (OPT-170)
Information: Changed wire load model for '*ADD_UNS_OP_7_4_7' from '(none)' to 'Small'. (OPT-170)
Information: Changed wire load model for 'DW01_add_width7' from '(none)' to 'Small'. (OPT-170)
Information: Changed wire load model for '*ADD_UNS_OP_7_4_7' from '(none)' to 'Small'. (OPT-170)
Information: Changed wire load model for 'DW01_add_width7' from '(none)' to 'Small'. (OPT-170)
Information: Changed wire load model for '*ADD_UNS_OP_7_4_7' from '(none)' to 'Small'. (OPT-170)
Information: Changed wire load model for 'DW01_add_width7' from '(none)' to 'Small'. (OPT-170)
Information: Changed wire load model for '*ADD_UNS_OP_7_4_7' from '(none)' to 'Small'. (OPT-170)
Information: Changed wire load model for 'DW01_add_width7' from '(none)' to 'Small'. (OPT-170)
Information: Changed wire load model for '*ADD_UNS_OP_7_4_7' from '(none)' to 'Small'. (OPT-170)
Information: Changed wire load model for 'DW01_sub_width7' from '(none)' to 'Small'. (OPT-170)
Information: Changed wire load model for '*SUB_UNS_OP_7_4_7' from '(none)' to 'Small'. (OPT-170)
Information: Changed wire load model for 'DW01_sub_width7' from '(none)' to 'Small'. (OPT-170)
Information: Changed wire load model for '*SUB_UNS_OP_7_4_7' from '(none)' to 'Small'. (OPT-170)
Information: Changed wire load model for 'DW01_sub_width7' from '(none)' to 'Small'. (OPT-170)
Information: Changed wire load model for '*SUB_UNS_OP_7_4_7' from '(none)' to 'Small'. (OPT-170)
Information: Changed wire load model for 'DW01_sub_width7' from '(none)' to 'Small'. (OPT-170)
Information: Changed wire load model for '*SUB_UNS_OP_7_4_7' from '(none)' to 'Small'. (OPT-170)
Information: Changed wire load model for 'DW01_sub_width7' from '(none)' to 'Small'. (OPT-170)
Information: Changed wire load model for '*SUB_UNS_OP_7_4_7' from '(none)' to 'Small'. (OPT-170)
Information: Changed wire load model for 'DW01_sub_width7' from '(none)' to 'Small'. (OPT-170)
Information: Changed wire load model for '*SUB_UNS_OP_7_4_7' from '(none)' to 'Small'. (OPT-170)
Information: Changed wire load model for 'DW01_sub_width7' from '(none)' to 'Small'. (OPT-170)
Information: Changed wire load model for '*SUB_UNS_OP_7_4_7' from '(none)' to 'Small'. (OPT-170)
Information: Changed wire load model for 'DW01_sub_width7' from '(none)' to 'Small'. (OPT-170)
Information: Changed wire load model for '*SUB_UNS_OP_7_4_7' from '(none)' to 'Small'. (OPT-170)
Information: Changed wire load model for 'DW01_add_width7' from '(none)' to 'Small'. (OPT-170)
Information: Changed wire load model for '*ADD_UNS_OP_7_4_7' from '(none)' to 'Small'. (OPT-170)
Information: Changed wire load model for 'DW01_add_width7' from '(none)' to 'Small'. (OPT-170)
Information: Changed wire load model for '*ADD_UNS_OP_7_4_7' from '(none)' to 'Small'. (OPT-170)
Information: Changed wire load model for 'DW01_add_width7' from '(none)' to 'Small'. (OPT-170)
Information: Changed wire load model for '*ADD_UNS_OP_7_4_7' from '(none)' to 'Small'. (OPT-170)
Information: Changed wire load model for 'DW01_add_width7' from '(none)' to 'Small'. (OPT-170)
Information: Changed wire load model for '*ADD_UNS_OP_7_4_7' from '(none)' to 'Small'. (OPT-170)
Information: Changed wire load model for 'DW01_add_width7' from '(none)' to 'Small'. (OPT-170)
Information: Changed wire load model for '*ADD_UNS_OP_7_4_7' from '(none)' to 'Small'. (OPT-170)
Information: Changed wire load model for 'DW01_add_width7' from '(none)' to 'Small'. (OPT-170)
Information: Changed wire load model for '*ADD_UNS_OP_7_4_7' from '(none)' to 'Small'. (OPT-170)
Information: Changed wire load model for 'DW01_add_width7' from '(none)' to 'Small'. (OPT-170)
Information: Changed wire load model for '*ADD_UNS_OP_7_4_7' from '(none)' to 'Small'. (OPT-170)
Information: Changed wire load model for 'DW01_add_width7' from '(none)' to 'Small'. (OPT-170)
Information: Changed wire load model for '*ADD_UNS_OP_7_4_7' from '(none)' to 'Small'. (OPT-170)
Information: Changed wire load model for 'DW01_sub_width7' from '(none)' to 'Small'. (OPT-170)
Information: Changed wire load model for '*SUB_UNS_OP_7_4_7' from '(none)' to 'Small'. (OPT-170)
Information: Changed wire load model for 'DW01_sub_width7' from '(none)' to 'Small'. (OPT-170)
Information: Changed wire load model for '*SUB_UNS_OP_7_4_7' from '(none)' to 'Small'. (OPT-170)
Information: Changed wire load model for 'DW01_sub_width7' from '(none)' to 'Small'. (OPT-170)
Information: Changed wire load model for '*SUB_UNS_OP_7_4_7' from '(none)' to 'Small'. (OPT-170)
Information: Changed wire load model for 'DW01_sub_width7' from '(none)' to 'Small'. (OPT-170)
Information: Changed wire load model for '*SUB_UNS_OP_7_4_7' from '(none)' to 'Small'. (OPT-170)
Information: Changed wire load model for 'DW01_sub_width7' from '(none)' to 'Small'. (OPT-170)
Information: Changed wire load model for '*SUB_UNS_OP_7_4_7' from '(none)' to 'Small'. (OPT-170)
Information: Changed wire load model for 'DW01_sub_width7' from '(none)' to 'Small'. (OPT-170)
Information: Changed wire load model for '*SUB_UNS_OP_7_4_7' from '(none)' to 'Small'. (OPT-170)
Information: Changed wire load model for 'DW01_sub_width7' from '(none)' to 'Small'. (OPT-170)
Information: Changed wire load model for '*SUB_UNS_OP_7_4_7' from '(none)' to 'Small'. (OPT-170)
Information: Changed wire load model for 'DW01_sub_width7' from '(none)' to 'Small'. (OPT-170)
Information: Changed wire load model for '*SUB_UNS_OP_7_4_7' from '(none)' to 'Small'. (OPT-170)
Information: Changed wire load model for 'DW01_add_width7' from '(none)' to 'Small'. (OPT-170)
Information: Changed wire load model for '*ADD_UNS_OP_7_4_7' from '(none)' to 'Small'. (OPT-170)
Information: Changed wire load model for 'DW01_add_width7' from '(none)' to 'Small'. (OPT-170)
Information: Changed wire load model for '*ADD_UNS_OP_7_4_7' from '(none)' to 'Small'. (OPT-170)
Information: Changed wire load model for 'DW01_add_width7' from '(none)' to 'Small'. (OPT-170)
Information: Changed wire load model for '*ADD_UNS_OP_7_4_7' from '(none)' to 'Small'. (OPT-170)
Information: Changed wire load model for 'DW01_add_width7' from '(none)' to 'Small'. (OPT-170)
Information: Changed wire load model for '*ADD_UNS_OP_7_4_7' from '(none)' to 'Small'. (OPT-170)
Information: Changed wire load model for 'DW01_add_width7' from '(none)' to 'Small'. (OPT-170)
Information: Changed wire load model for '*ADD_UNS_OP_7_4_7' from '(none)' to 'Small'. (OPT-170)
Information: Changed wire load model for 'DW01_add_width7' from '(none)' to 'Small'. (OPT-170)
Information: Changed wire load model for '*ADD_UNS_OP_7_4_7' from '(none)' to 'Small'. (OPT-170)
Information: Changed wire load model for 'DW01_add_width7' from '(none)' to 'Small'. (OPT-170)
Information: Changed wire load model for '*ADD_UNS_OP_7_4_7' from '(none)' to 'Small'. (OPT-170)
Information: Changed wire load model for 'DW01_add_width7' from '(none)' to 'Small'. (OPT-170)
Information: Changed wire load model for '*ADD_UNS_OP_7_4_7' from '(none)' to 'Small'. (OPT-170)
Information: Changed wire load model for 'DW01_sub_width7' from '(none)' to 'Small'. (OPT-170)
Information: Changed wire load model for '*SUB_UNS_OP_7_4_7' from '(none)' to 'Small'. (OPT-170)
Information: Changed wire load model for 'DW01_sub_width7' from '(none)' to 'Small'. (OPT-170)
Information: Changed wire load model for '*SUB_UNS_OP_7_4_7' from '(none)' to 'Small'. (OPT-170)
Information: Changed wire load model for 'DW01_sub_width7' from '(none)' to 'Small'. (OPT-170)
Information: Changed wire load model for '*SUB_UNS_OP_7_4_7' from '(none)' to 'Small'. (OPT-170)
Information: Changed wire load model for 'DW01_sub_width7' from '(none)' to 'Small'. (OPT-170)
Information: Changed wire load model for '*SUB_UNS_OP_7_4_7' from '(none)' to 'Small'. (OPT-170)
Information: Changed wire load model for 'DW01_sub_width7' from '(none)' to 'Small'. (OPT-170)
Information: Changed wire load model for '*SUB_UNS_OP_7_4_7' from '(none)' to 'Small'. (OPT-170)
Information: Changed wire load model for 'DW01_sub_width7' from '(none)' to 'Small'. (OPT-170)
Information: Changed wire load model for '*SUB_UNS_OP_7_4_7' from '(none)' to 'Small'. (OPT-170)
Information: Changed wire load model for 'DW01_sub_width7' from '(none)' to 'Small'. (OPT-170)
Information: Changed wire load model for '*SUB_UNS_OP_7_4_7' from '(none)' to 'Small'. (OPT-170)
Information: Changed wire load model for 'DW01_sub_width7' from '(none)' to 'Small'. (OPT-170)
Information: Changed wire load model for '*SUB_UNS_OP_7_4_7' from '(none)' to 'Small'. (OPT-170)
Information: Changed wire load model for 'DW01_add_width7' from '(none)' to 'Small'. (OPT-170)
Information: Changed wire load model for '*ADD_UNS_OP_7_4_7' from '(none)' to 'Small'. (OPT-170)
Information: Changed wire load model for 'DW01_add_width7' from '(none)' to 'Small'. (OPT-170)
Information: Changed wire load model for '*ADD_UNS_OP_7_4_7' from '(none)' to 'Small'. (OPT-170)
Information: Changed wire load model for 'DW01_add_width7' from '(none)' to 'Small'. (OPT-170)
Information: Changed wire load model for '*ADD_UNS_OP_7_4_7' from '(none)' to 'Small'. (OPT-170)
Information: Changed wire load model for 'DW01_add_width7' from '(none)' to 'Small'. (OPT-170)
Information: Changed wire load model for '*ADD_UNS_OP_7_4_7' from '(none)' to 'Small'. (OPT-170)
Information: Changed wire load model for 'DW01_add_width7' from '(none)' to 'Small'. (OPT-170)
Information: Changed wire load model for '*ADD_UNS_OP_7_4_7' from '(none)' to 'Small'. (OPT-170)
Information: Changed wire load model for 'DW01_add_width7' from '(none)' to 'Small'. (OPT-170)
Information: Changed wire load model for '*ADD_UNS_OP_7_4_7' from '(none)' to 'Small'. (OPT-170)
Information: Changed wire load model for 'DW01_add_width7' from '(none)' to 'Small'. (OPT-170)
Information: Changed wire load model for '*ADD_UNS_OP_7_4_7' from '(none)' to 'Small'. (OPT-170)
Information: Changed wire load model for 'DW01_add_width7' from '(none)' to 'Small'. (OPT-170)
Information: Changed wire load model for '*ADD_UNS_OP_7_4_7' from '(none)' to 'Small'. (OPT-170)
Information: Changed wire load model for 'DW01_sub_width7' from '(none)' to 'Small'. (OPT-170)
Information: Changed wire load model for '*SUB_UNS_OP_7_4_7' from '(none)' to 'Small'. (OPT-170)
Information: Changed wire load model for 'DW01_sub_width7' from '(none)' to 'Small'. (OPT-170)
Information: Changed wire load model for '*SUB_UNS_OP_7_4_7' from '(none)' to 'Small'. (OPT-170)
Information: Changed wire load model for 'DW01_sub_width7' from '(none)' to 'Small'. (OPT-170)
Information: Changed wire load model for '*SUB_UNS_OP_7_4_7' from '(none)' to 'Small'. (OPT-170)
Information: Changed wire load model for 'DW01_sub_width7' from '(none)' to 'Small'. (OPT-170)
Information: Changed wire load model for '*SUB_UNS_OP_7_4_7' from '(none)' to 'Small'. (OPT-170)
Information: Changed wire load model for 'DW01_sub_width7' from '(none)' to 'Small'. (OPT-170)
Information: Changed wire load model for '*SUB_UNS_OP_7_4_7' from '(none)' to 'Small'. (OPT-170)
Information: Changed wire load model for 'DW01_sub_width7' from '(none)' to 'Small'. (OPT-170)
Information: Changed wire load model for '*SUB_UNS_OP_7_4_7' from '(none)' to 'Small'. (OPT-170)
Information: Changed wire load model for 'DW01_sub_width7' from '(none)' to 'Small'. (OPT-170)
Information: Changed wire load model for '*SUB_UNS_OP_7_4_7' from '(none)' to 'Small'. (OPT-170)
Information: Changed wire load model for 'DW01_sub_width7' from '(none)' to 'Small'. (OPT-170)
Information: Changed wire load model for '*SUB_UNS_OP_7_4_7' from '(none)' to 'Small'. (OPT-170)
Information: Changed wire load model for 'DW01_add_width7' from '(none)' to 'Small'. (OPT-170)
Information: Changed wire load model for '*ADD_UNS_OP_7_4_7' from '(none)' to 'Small'. (OPT-170)
Information: Changed wire load model for 'DW01_add_width7' from '(none)' to 'Small'. (OPT-170)
Information: Changed wire load model for '*ADD_UNS_OP_7_4_7' from '(none)' to 'Small'. (OPT-170)
Information: Changed wire load model for 'DW01_add_width7' from '(none)' to 'Small'. (OPT-170)
Information: Changed wire load model for '*ADD_UNS_OP_7_4_7' from '(none)' to 'Small'. (OPT-170)
Information: Changed wire load model for 'DW01_add_width7' from '(none)' to 'Small'. (OPT-170)
Information: Changed wire load model for '*ADD_UNS_OP_7_4_7' from '(none)' to 'Small'. (OPT-170)
Information: Changed wire load model for 'DW01_add_width7' from '(none)' to 'Small'. (OPT-170)
Information: Changed wire load model for '*ADD_UNS_OP_7_4_7' from '(none)' to 'Small'. (OPT-170)
Information: Changed wire load model for 'DW01_add_width7' from '(none)' to 'Small'. (OPT-170)
Information: Changed wire load model for '*ADD_UNS_OP_7_4_7' from '(none)' to 'Small'. (OPT-170)
Information: Changed wire load model for 'DW01_add_width7' from '(none)' to 'Small'. (OPT-170)
Information: Changed wire load model for '*ADD_UNS_OP_7_4_7' from '(none)' to 'Small'. (OPT-170)
Information: Changed wire load model for 'DW01_add_width7' from '(none)' to 'Small'. (OPT-170)
Information: Changed wire load model for '*ADD_UNS_OP_7_4_7' from '(none)' to 'Small'. (OPT-170)
Information: Changed wire load model for 'DW01_sub_width7' from '(none)' to 'Small'. (OPT-170)
Information: Changed wire load model for '*SUB_UNS_OP_7_4_7' from '(none)' to 'Small'. (OPT-170)
Information: Changed wire load model for 'DW01_sub_width7' from '(none)' to 'Small'. (OPT-170)
Information: Changed wire load model for '*SUB_UNS_OP_7_4_7' from '(none)' to 'Small'. (OPT-170)
Information: Changed wire load model for 'DW01_sub_width7' from '(none)' to 'Small'. (OPT-170)
Information: Changed wire load model for '*SUB_UNS_OP_7_4_7' from '(none)' to 'Small'. (OPT-170)
Information: Changed wire load model for 'DW01_sub_width7' from '(none)' to 'Small'. (OPT-170)
Information: Changed wire load model for '*SUB_UNS_OP_7_4_7' from '(none)' to 'Small'. (OPT-170)
Information: Changed wire load model for 'DW01_sub_width7' from '(none)' to 'Small'. (OPT-170)
Information: Changed wire load model for '*SUB_UNS_OP_7_4_7' from '(none)' to 'Small'. (OPT-170)
Information: Changed wire load model for 'DW01_sub_width7' from '(none)' to 'Small'. (OPT-170)
Information: Changed wire load model for '*SUB_UNS_OP_7_4_7' from '(none)' to 'Small'. (OPT-170)
Information: Changed wire load model for 'DW01_sub_width7' from '(none)' to 'Small'. (OPT-170)
Information: Changed wire load model for '*SUB_UNS_OP_7_4_7' from '(none)' to 'Small'. (OPT-170)
Information: Changed wire load model for 'DW01_sub_width7' from '(none)' to 'Small'. (OPT-170)
Information: Changed wire load model for '*SUB_UNS_OP_7_4_7' from '(none)' to 'Small'. (OPT-170)
Information: Changed wire load model for 'DW01_add_width7' from '(none)' to 'Small'. (OPT-170)
Information: Changed wire load model for '*ADD_UNS_OP_7_4_7' from '(none)' to 'Small'. (OPT-170)
Information: Changed wire load model for 'DW01_add_width7' from '(none)' to 'Small'. (OPT-170)
Information: Changed wire load model for '*ADD_UNS_OP_7_4_7' from '(none)' to 'Small'. (OPT-170)
Information: Changed wire load model for 'DW01_add_width7' from '(none)' to 'Small'. (OPT-170)
Information: Changed wire load model for '*ADD_UNS_OP_7_4_7' from '(none)' to 'Small'. (OPT-170)
Information: Changed wire load model for 'DW01_add_width7' from '(none)' to 'Small'. (OPT-170)
Information: Changed wire load model for '*ADD_UNS_OP_7_4_7' from '(none)' to 'Small'. (OPT-170)
Information: Changed wire load model for 'DW01_add_width8' from '(none)' to 'Small'. (OPT-170)
Information: Changed wire load model for '*ADD_UNS_OP_7_4_8' from '(none)' to 'Small'. (OPT-170)
Information: Changed wire load model for 'DW01_add_width8' from '(none)' to 'Small'. (OPT-170)
Information: Changed wire load model for '*ADD_UNS_OP_7_4_8' from '(none)' to 'Small'. (OPT-170)
Information: Changed wire load model for 'DW01_add_width8' from '(none)' to 'Small'. (OPT-170)
Information: Changed wire load model for '*ADD_UNS_OP_7_4_8' from '(none)' to 'Small'. (OPT-170)
Information: Changed wire load model for 'DW01_add_width8' from '(none)' to 'Small'. (OPT-170)
Information: Changed wire load model for '*ADD_UNS_OP_7_4_8' from '(none)' to 'Small'. (OPT-170)
Information: Changed wire load model for 'DW01_inc_width2' from '(none)' to 'Small'. (OPT-170)
Information: Changed wire load model for '*ADD_UNS_OP_2_1_2' from '(none)' to 'Small'. (OPT-170)
Information: Changed wire load model for 'DW01_inc_width5' from '(none)' to 'Small'. (OPT-170)
Information: Changed wire load model for '*ADD_UNS_OP_5_1_5' from '(none)' to 'Small'. (OPT-170)
Information: Changed wire load model for 'DW01_add_width6' from '(none)' to 'Small'. (OPT-170)
Information: Changed wire load model for '*ADD_UNS_OP_5_2_6' from '(none)' to 'Small'. (OPT-170)
Information: Changed wire load model for 'DW01_inc_width4' from '(none)' to 'Small'. (OPT-170)
Information: Changed wire load model for '*ADD_UNS_OP_4_1_4' from '(none)' to 'Small'. (OPT-170)
Information: Changed wire load model for 'DW01_sub_width10' from '(none)' to 'Small'. (OPT-170)
Information: Changed wire load model for '*SUB_UNS_OP_10_3_10' from '(none)' to 'Small'. (OPT-170)
Information: Changed wire load model for 'DW01_inc_width5' from '(none)' to 'Small'. (OPT-170)
Information: Changed wire load model for '*ADD_UNS_OP_5_1_5' from '(none)' to 'Small'. (OPT-170)
Information: Changed wire load model for 'DW01_add_width6' from '(none)' to 'Small'. (OPT-170)
Information: Changed wire load model for '*ADD_UNS_OP_5_2_6' from '(none)' to 'Small'. (OPT-170)
Information: Changed wire load model for 'DW01_inc_width4' from '(none)' to 'Small'. (OPT-170)
Information: Changed wire load model for '*ADD_UNS_OP_4_1_4' from '(none)' to 'Small'. (OPT-170)
Information: Changed wire load model for 'DW01_inc_width5' from '(none)' to 'Small'. (OPT-170)
Information: Changed wire load model for '*ADD_UNS_OP_5_1_5' from '(none)' to 'Small'. (OPT-170)
Information: Changed wire load model for 'DW01_add_width6' from '(none)' to 'Small'. (OPT-170)
Information: Changed wire load model for '*ADD_UNS_OP_5_2_6' from '(none)' to 'Small'. (OPT-170)
Information: Changed wire load model for 'DW01_inc_width4' from '(none)' to 'Small'. (OPT-170)
Information: Changed wire load model for '*ADD_UNS_OP_4_1_4' from '(none)' to 'Small'. (OPT-170)
Information: Changed wire load model for 'DW01_inc_width4' from '(none)' to 'Small'. (OPT-170)
Information: Changed wire load model for '*ADD_UNS_OP_4_1_4' from '(none)' to 'Small'. (OPT-170)
Information: Changed wire load model for 'DW_div_uns_a_width7_b_width2' from '(none)' to 'Small'. (OPT-170)
Information: Changed wire load model for '*DIV_UNS_OP_7_2_7' from '(none)' to 'Small'. (OPT-170)
Information: Changed wire load model for 'DW01_add_width8' from '(none)' to 'Small'. (OPT-170)
Information: Changed wire load model for '*ADD_UNS_OP_7_7_8' from '(none)' to 'Small'. (OPT-170)
Information: Changed wire load model for 'DW02_mult' from '(none)' to 'Small'. (OPT-170)
Information: Changed wire load model for '*MULT_UNS_OP_7_7_14' from '(none)' to 'Small'. (OPT-170)
Information: Changed wire load model for 'DW_div_uns_a_width7_b_width2' from '(none)' to 'Small'. (OPT-170)
Information: Changed wire load model for '*DIV_UNS_OP_7_2_7' from '(none)' to 'Small'. (OPT-170)
Information: Changed wire load model for 'DW01_add_width8' from '(none)' to 'Small'. (OPT-170)
Information: Changed wire load model for '*ADD_UNS_OP_7_7_8' from '(none)' to 'Small'. (OPT-170)
Information: Changed wire load model for 'DW02_mult' from '(none)' to 'Small'. (OPT-170)
Information: Changed wire load model for '*MULT_UNS_OP_7_7_14' from '(none)' to 'Small'. (OPT-170)
Information: Changed wire load model for 'DW_div_uns_a_width7_b_width2' from '(none)' to 'Small'. (OPT-170)
Information: Changed wire load model for '*DIV_UNS_OP_7_2_7' from '(none)' to 'Small'. (OPT-170)
Information: Changed wire load model for 'DW01_add_width8' from '(none)' to 'Small'. (OPT-170)
Information: Changed wire load model for '*ADD_UNS_OP_7_7_8' from '(none)' to 'Small'. (OPT-170)
Information: Changed wire load model for 'DW02_mult' from '(none)' to 'Small'. (OPT-170)
Information: Changed wire load model for '*MULT_UNS_OP_7_7_14' from '(none)' to 'Small'. (OPT-170)
Information: Changed wire load model for 'DW_div_uns_a_width7_b_width2' from '(none)' to 'Small'. (OPT-170)
Information: Changed wire load model for '*DIV_UNS_OP_7_2_7' from '(none)' to 'Small'. (OPT-170)
Information: Changed wire load model for 'DW01_add_width8' from '(none)' to 'Small'. (OPT-170)
Information: Changed wire load model for '*ADD_UNS_OP_7_7_8' from '(none)' to 'Small'. (OPT-170)
Information: Changed wire load model for 'DW02_mult' from '(none)' to 'Small'. (OPT-170)
Information: Changed wire load model for '*MULT_UNS_OP_7_7_14' from '(none)' to 'Small'. (OPT-170)
Information: Changed wire load model for 'DW_div_uns_a_width7_b_width2' from '(none)' to 'Small'. (OPT-170)
Information: Changed wire load model for '*DIV_UNS_OP_7_2_7' from '(none)' to 'Small'. (OPT-170)
Information: Changed wire load model for 'DW01_add_width8' from '(none)' to 'Small'. (OPT-170)
Information: Changed wire load model for '*ADD_UNS_OP_7_7_8' from '(none)' to 'Small'. (OPT-170)
Information: Changed wire load model for 'DW02_mult' from '(none)' to 'Small'. (OPT-170)
Information: Changed wire load model for '*MULT_UNS_OP_7_7_14' from '(none)' to 'Small'. (OPT-170)
Information: Changed wire load model for 'DW_div_uns_a_width7_b_width2' from '(none)' to 'Small'. (OPT-170)
Information: Changed wire load model for '*DIV_UNS_OP_7_2_7' from '(none)' to 'Small'. (OPT-170)
Information: Changed wire load model for 'DW01_add_width8' from '(none)' to 'Small'. (OPT-170)
Information: Changed wire load model for '*ADD_UNS_OP_7_7_8' from '(none)' to 'Small'. (OPT-170)
Information: Changed wire load model for 'DW02_mult' from '(none)' to 'Small'. (OPT-170)
Information: Changed wire load model for '*MULT_UNS_OP_7_7_14' from '(none)' to 'Small'. (OPT-170)
Information: Changed wire load model for 'DW_div_uns_a_width7_b_width2' from '(none)' to 'Small'. (OPT-170)
Information: Changed wire load model for '*DIV_UNS_OP_7_2_7' from '(none)' to 'Small'. (OPT-170)
Information: Changed wire load model for 'DW01_add_width8' from '(none)' to 'Small'. (OPT-170)
Information: Changed wire load model for '*ADD_UNS_OP_7_7_8' from '(none)' to 'Small'. (OPT-170)
Information: Changed wire load model for 'DW02_mult' from '(none)' to 'Small'. (OPT-170)
Information: Changed wire load model for '*MULT_UNS_OP_7_7_14' from '(none)' to 'Small'. (OPT-170)
Information: Changed wire load model for 'DW_div_uns_a_width7_b_width2' from '(none)' to 'Small'. (OPT-170)
Information: Changed wire load model for '*DIV_UNS_OP_7_2_7' from '(none)' to 'Small'. (OPT-170)
Information: Changed wire load model for 'DW01_add_width8' from '(none)' to 'Small'. (OPT-170)
Information: Changed wire load model for '*ADD_UNS_OP_7_7_8' from '(none)' to 'Small'. (OPT-170)
Information: Changed wire load model for 'DW02_mult' from '(none)' to 'Small'. (OPT-170)
Information: Changed wire load model for '*MULT_UNS_OP_7_7_14' from '(none)' to 'Small'. (OPT-170)
Information: Changed wire load model for 'DW_div_uns_a_width7_b_width2' from '(none)' to 'Small'. (OPT-170)
Information: Changed wire load model for '*DIV_UNS_OP_7_2_7' from '(none)' to 'Small'. (OPT-170)
Information: Changed wire load model for 'DW01_add_width8' from '(none)' to 'Small'. (OPT-170)
Information: Changed wire load model for '*ADD_UNS_OP_7_7_8' from '(none)' to 'Small'. (OPT-170)
Information: Changed wire load model for 'DW02_mult' from '(none)' to 'Small'. (OPT-170)
Information: Changed wire load model for '*MULT_UNS_OP_7_7_14' from '(none)' to 'Small'. (OPT-170)
Information: Changed wire load model for 'DW_div_uns_a_width7_b_width2' from '(none)' to 'Small'. (OPT-170)
Information: Changed wire load model for '*DIV_UNS_OP_7_2_7' from '(none)' to 'Small'. (OPT-170)
Information: Changed wire load model for 'DW01_add_width8' from '(none)' to 'Small'. (OPT-170)
Information: Changed wire load model for '*ADD_UNS_OP_7_7_8' from '(none)' to 'Small'. (OPT-170)
Information: Changed wire load model for 'DW02_mult' from '(none)' to 'Small'. (OPT-170)
Information: Changed wire load model for '*MULT_UNS_OP_7_7_14' from '(none)' to 'Small'. (OPT-170)
Information: Changed wire load model for 'DW_div_uns_a_width7_b_width2' from '(none)' to 'Small'. (OPT-170)
Information: Changed wire load model for '*DIV_UNS_OP_7_2_7' from '(none)' to 'Small'. (OPT-170)
Information: Changed wire load model for 'DW01_add_width8' from '(none)' to 'Small'. (OPT-170)
Information: Changed wire load model for '*ADD_UNS_OP_7_7_8' from '(none)' to 'Small'. (OPT-170)
Information: Changed wire load model for 'DW02_mult' from '(none)' to 'Small'. (OPT-170)
Information: Changed wire load model for '*MULT_UNS_OP_7_7_14' from '(none)' to 'Small'. (OPT-170)
Information: Changed wire load model for 'DW_div_uns_a_width7_b_width2' from '(none)' to 'Small'. (OPT-170)
Information: Changed wire load model for '*DIV_UNS_OP_7_2_7' from '(none)' to 'Small'. (OPT-170)
Information: Changed wire load model for 'DW01_add_width8' from '(none)' to 'Small'. (OPT-170)
Information: Changed wire load model for '*ADD_UNS_OP_7_7_8' from '(none)' to 'Small'. (OPT-170)
Information: Changed wire load model for 'DW02_mult' from '(none)' to 'Small'. (OPT-170)
Information: Changed wire load model for '*MULT_UNS_OP_7_7_14' from '(none)' to 'Small'. (OPT-170)
Information: Changed wire load model for 'DW_div_uns_a_width7_b_width2' from '(none)' to 'Small'. (OPT-170)
Information: Changed wire load model for '*DIV_UNS_OP_7_2_7' from '(none)' to 'Small'. (OPT-170)
Information: Changed wire load model for 'DW01_add_width8' from '(none)' to 'Small'. (OPT-170)
Information: Changed wire load model for '*ADD_UNS_OP_7_7_8' from '(none)' to 'Small'. (OPT-170)
Information: Changed wire load model for 'DW02_mult' from '(none)' to 'Small'. (OPT-170)
Information: Changed wire load model for '*MULT_UNS_OP_7_7_14' from '(none)' to 'Small'. (OPT-170)
Information: Changed wire load model for 'DW_div_uns_a_width7_b_width2' from '(none)' to 'Small'. (OPT-170)
Information: Changed wire load model for '*DIV_UNS_OP_7_2_7' from '(none)' to 'Small'. (OPT-170)
Information: Changed wire load model for 'DW01_add_width8' from '(none)' to 'Small'. (OPT-170)
Information: Changed wire load model for '*ADD_UNS_OP_7_7_8' from '(none)' to 'Small'. (OPT-170)
Information: Changed wire load model for 'DW02_mult' from '(none)' to 'Small'. (OPT-170)
Information: Changed wire load model for '*MULT_UNS_OP_7_7_14' from '(none)' to 'Small'. (OPT-170)
Information: Changed wire load model for 'DW_div_uns_a_width7_b_width2' from '(none)' to 'Small'. (OPT-170)
Information: Changed wire load model for '*DIV_UNS_OP_7_2_7' from '(none)' to 'Small'. (OPT-170)
Information: Changed wire load model for 'DW01_add_width8' from '(none)' to 'Small'. (OPT-170)
Information: Changed wire load model for '*ADD_UNS_OP_7_7_8' from '(none)' to 'Small'. (OPT-170)
Information: Changed wire load model for 'DW02_mult' from '(none)' to 'Small'. (OPT-170)
Information: Changed wire load model for '*MULT_UNS_OP_7_7_14' from '(none)' to 'Small'. (OPT-170)
Information: Changed wire load model for 'DW_div_uns_a_width7_b_width2' from '(none)' to 'Small'. (OPT-170)
Information: Changed wire load model for '*DIV_UNS_OP_7_2_7' from '(none)' to 'Small'. (OPT-170)
Information: Changed wire load model for 'DW01_add_width8' from '(none)' to 'Small'. (OPT-170)
Information: Changed wire load model for '*ADD_UNS_OP_7_7_8' from '(none)' to 'Small'. (OPT-170)
Information: Changed wire load model for 'DW02_mult' from '(none)' to 'Small'. (OPT-170)
Information: Changed wire load model for '*MULT_UNS_OP_7_7_14' from '(none)' to 'Small'. (OPT-170)
Information: Changed wire load model for 'DW01_dec_width10' from '(none)' to 'Small'. (OPT-170)
Information: Changed wire load model for '*SUB_UNS_OP_10_1_10' from '(none)' to 'Small'. (OPT-170)
Information: Changed wire load model for 'DW01_add_width2' from '(none)' to 'Small'. (OPT-170)
Information: Changed wire load model for '*ADD_UNS_OP_2_2_2' from '(none)' to 'Small'. (OPT-170)
Information: Changed wire load model for 'DW01_add_width2' from '(none)' to 'Small'. (OPT-170)
Information: Changed wire load model for '*ADD_UNS_OP_2_2_2' from '(none)' to 'Small'. (OPT-170)
Information: Changed wire load model for 'DW01_add_width2' from '(none)' to 'Small'. (OPT-170)
Information: Changed wire load model for '*ADD_UNS_OP_2_2_2' from '(none)' to 'Small'. (OPT-170)
Information: Changed wire load model for 'DW01_add_width2' from '(none)' to 'Small'. (OPT-170)
Information: Changed wire load model for '*ADD_UNS_OP_2_2_2' from '(none)' to 'Small'. (OPT-170)
Information: Changed wire load model for 'DW01_add_width2' from '(none)' to 'Small'. (OPT-170)
Information: Changed wire load model for '*ADD_UNS_OP_2_2_2' from '(none)' to 'Small'. (OPT-170)
Information: Changed wire load model for 'DW01_add_width2' from '(none)' to 'Small'. (OPT-170)
Information: Changed wire load model for '*ADD_UNS_OP_2_2_2' from '(none)' to 'Small'. (OPT-170)
Information: Changed wire load model for 'DW01_add_width2' from '(none)' to 'Small'. (OPT-170)
Information: Changed wire load model for '*ADD_UNS_OP_2_2_2' from '(none)' to 'Small'. (OPT-170)
Information: Changed wire load model for 'DW01_add_width2' from '(none)' to 'Small'. (OPT-170)
Information: Changed wire load model for '*ADD_UNS_OP_2_2_2' from '(none)' to 'Small'. (OPT-170)
Information: Changed wire load model for 'DW01_add_width2' from '(none)' to 'Small'. (OPT-170)
Information: Changed wire load model for '*ADD_UNS_OP_2_2_2' from '(none)' to 'Small'. (OPT-170)
Information: Changed wire load model for 'DW01_add_width2' from '(none)' to 'Small'. (OPT-170)
Information: Changed wire load model for '*ADD_UNS_OP_2_2_2' from '(none)' to 'Small'. (OPT-170)
Information: Changed wire load model for 'DW01_add_width2' from '(none)' to 'Small'. (OPT-170)
Information: Changed wire load model for '*ADD_UNS_OP_2_2_2' from '(none)' to 'Small'. (OPT-170)
Information: Changed wire load model for 'DW01_add_width2' from '(none)' to 'Small'. (OPT-170)
Information: Changed wire load model for '*ADD_UNS_OP_2_2_2' from '(none)' to 'Small'. (OPT-170)
Information: Changed wire load model for 'DW01_add_width2' from '(none)' to 'Small'. (OPT-170)
Information: Changed wire load model for '*ADD_UNS_OP_2_2_2' from '(none)' to 'Small'. (OPT-170)
Information: Changed wire load model for 'DW01_add_width2' from '(none)' to 'Small'. (OPT-170)
Information: Changed wire load model for '*ADD_UNS_OP_2_2_2' from '(none)' to 'Small'. (OPT-170)
Information: Changed wire load model for 'DW01_add_width2' from '(none)' to 'Small'. (OPT-170)
Information: Changed wire load model for '*ADD_UNS_OP_2_2_2' from '(none)' to 'Small'. (OPT-170)
Information: Changed wire load model for 'DW01_add_width2' from '(none)' to 'Small'. (OPT-170)
Information: Changed wire load model for '*ADD_UNS_OP_2_2_2' from '(none)' to 'Small'. (OPT-170)
Information: Changed wire load model for 'DW01_add_width2' from '(none)' to 'Small'. (OPT-170)
Information: Changed wire load model for '*ADD_UNS_OP_2_2_2' from '(none)' to 'Small'. (OPT-170)
Information: Changed wire load model for 'DW01_add_width2' from '(none)' to 'Small'. (OPT-170)
Information: Changed wire load model for '*ADD_UNS_OP_2_2_2' from '(none)' to 'Small'. (OPT-170)
Information: Changed wire load model for 'DW01_add_width2' from '(none)' to 'Small'. (OPT-170)
Information: Changed wire load model for '*ADD_UNS_OP_2_2_2' from '(none)' to 'Small'. (OPT-170)
Information: Changed wire load model for 'DW01_add_width2' from '(none)' to 'Small'. (OPT-170)
Information: Changed wire load model for '*ADD_UNS_OP_2_2_2' from '(none)' to 'Small'. (OPT-170)
Information: Changed wire load model for 'DW01_add_width2' from '(none)' to 'Small'. (OPT-170)
Information: Changed wire load model for '*ADD_UNS_OP_2_2_2' from '(none)' to 'Small'. (OPT-170)
Information: Changed wire load model for 'DW01_add_width2' from '(none)' to 'Small'. (OPT-170)
Information: Changed wire load model for '*ADD_UNS_OP_2_2_2' from '(none)' to 'Small'. (OPT-170)
Information: Changed wire load model for 'DW01_add_width2' from '(none)' to 'Small'. (OPT-170)
Information: Changed wire load model for '*ADD_UNS_OP_2_2_2' from '(none)' to 'Small'. (OPT-170)
Information: Changed wire load model for 'DW01_add_width2' from '(none)' to 'Small'. (OPT-170)
Information: Changed wire load model for '*ADD_UNS_OP_2_2_2' from '(none)' to 'Small'. (OPT-170)
Information: Changed wire load model for 'DW01_add_width2' from '(none)' to 'Small'. (OPT-170)
Information: Changed wire load model for '*ADD_UNS_OP_2_2_2' from '(none)' to 'Small'. (OPT-170)
Information: Changed wire load model for 'DW01_add_width2' from '(none)' to 'Small'. (OPT-170)
Information: Changed wire load model for '*ADD_UNS_OP_2_2_2' from '(none)' to 'Small'. (OPT-170)
Information: Changed wire load model for 'DW01_add_width2' from '(none)' to 'Small'. (OPT-170)
Information: Changed wire load model for '*ADD_UNS_OP_2_2_2' from '(none)' to 'Small'. (OPT-170)
Information: Changed wire load model for 'DW01_add_width2' from '(none)' to 'Small'. (OPT-170)
Information: Changed wire load model for '*ADD_UNS_OP_2_2_2' from '(none)' to 'Small'. (OPT-170)
Information: Changed wire load model for 'DW01_add_width2' from '(none)' to 'Small'. (OPT-170)
Information: Changed wire load model for '*ADD_UNS_OP_2_2_2' from '(none)' to 'Small'. (OPT-170)
Information: Changed wire load model for 'DW01_add_width2' from '(none)' to 'Small'. (OPT-170)
Information: Changed wire load model for '*ADD_UNS_OP_2_2_2' from '(none)' to 'Small'. (OPT-170)
Information: Changed wire load model for 'DW01_add_width2' from '(none)' to 'Small'. (OPT-170)
Information: Changed wire load model for '*ADD_UNS_OP_2_2_2' from '(none)' to 'Small'. (OPT-170)
Information: Changed wire load model for 'DW01_add_width2' from '(none)' to 'Small'. (OPT-170)
Information: Changed wire load model for '*ADD_UNS_OP_2_2_2' from '(none)' to 'Small'. (OPT-170)
Information: Changed wire load model for 'DW01_add_width2' from '(none)' to 'Small'. (OPT-170)
Information: Changed wire load model for '*ADD_UNS_OP_2_2_2' from '(none)' to 'Small'. (OPT-170)
Information: Changed wire load model for 'DW01_add_width2' from '(none)' to 'Small'. (OPT-170)
Information: Changed wire load model for '*ADD_UNS_OP_2_2_2' from '(none)' to 'Small'. (OPT-170)
Information: Changed wire load model for 'DW01_add_width2' from '(none)' to 'Small'. (OPT-170)
Information: Changed wire load model for '*ADD_UNS_OP_2_2_2' from '(none)' to 'Small'. (OPT-170)
Information: Changed wire load model for 'DW01_add_width2' from '(none)' to 'Small'. (OPT-170)
Information: Changed wire load model for '*ADD_UNS_OP_2_2_2' from '(none)' to 'Small'. (OPT-170)
Information: Changed wire load model for 'DW01_add_width2' from '(none)' to 'Small'. (OPT-170)
Information: Changed wire load model for '*ADD_UNS_OP_2_2_2' from '(none)' to 'Small'. (OPT-170)
Information: Changed wire load model for 'DW01_add_width2' from '(none)' to 'Small'. (OPT-170)
Information: Changed wire load model for '*ADD_UNS_OP_2_2_2' from '(none)' to 'Small'. (OPT-170)
Information: Changed wire load model for 'DW01_add_width2' from '(none)' to 'Small'. (OPT-170)
Information: Changed wire load model for '*ADD_UNS_OP_2_2_2' from '(none)' to 'Small'. (OPT-170)
Information: Changed wire load model for 'DW01_add_width2' from '(none)' to 'Small'. (OPT-170)
Information: Changed wire load model for '*ADD_UNS_OP_2_2_2' from '(none)' to 'Small'. (OPT-170)
Information: Changed wire load model for 'DW01_add_width2' from '(none)' to 'Small'. (OPT-170)
Information: Changed wire load model for '*ADD_UNS_OP_2_2_2' from '(none)' to 'Small'. (OPT-170)
Information: Changed wire load model for 'DW01_add_width2' from '(none)' to 'Small'. (OPT-170)
Information: Changed wire load model for '*ADD_UNS_OP_2_2_2' from '(none)' to 'Small'. (OPT-170)
Information: Changed wire load model for 'DW01_add_width2' from '(none)' to 'Small'. (OPT-170)
Information: Changed wire load model for '*ADD_UNS_OP_2_2_2' from '(none)' to 'Small'. (OPT-170)
Information: Changed wire load model for 'DW01_add_width2' from '(none)' to 'Small'. (OPT-170)
Information: Changed wire load model for '*ADD_UNS_OP_2_2_2' from '(none)' to 'Small'. (OPT-170)
Information: Changed wire load model for 'DW01_add_width2' from '(none)' to 'Small'. (OPT-170)
Information: Changed wire load model for '*ADD_UNS_OP_2_2_2' from '(none)' to 'Small'. (OPT-170)
Information: Changed wire load model for 'DW01_add_width2' from '(none)' to 'Small'. (OPT-170)
Information: Changed wire load model for '*ADD_UNS_OP_2_2_2' from '(none)' to 'Small'. (OPT-170)
Information: Changed wire load model for 'DW01_add_width2' from '(none)' to 'Small'. (OPT-170)
Information: Changed wire load model for '*ADD_UNS_OP_2_2_2' from '(none)' to 'Small'. (OPT-170)
Information: Changed wire load model for 'DW01_add_width2' from '(none)' to 'Small'. (OPT-170)
Information: Changed wire load model for '*ADD_UNS_OP_2_2_2' from '(none)' to 'Small'. (OPT-170)
Information: Changed wire load model for 'DW01_add_width2' from '(none)' to 'Small'. (OPT-170)
Information: Changed wire load model for '*ADD_UNS_OP_2_2_2' from '(none)' to 'Small'. (OPT-170)
Information: Changed wire load model for 'DW01_add_width2' from '(none)' to 'Small'. (OPT-170)
Information: Changed wire load model for '*ADD_UNS_OP_2_2_2' from '(none)' to 'Small'. (OPT-170)
Information: Changed wire load model for 'DW01_add_width2' from '(none)' to 'Small'. (OPT-170)
Information: Changed wire load model for '*ADD_UNS_OP_2_2_2' from '(none)' to 'Small'. (OPT-170)
Information: Changed wire load model for 'DW01_add_width2' from '(none)' to 'Small'. (OPT-170)
Information: Changed wire load model for '*ADD_UNS_OP_2_2_2' from '(none)' to 'Small'. (OPT-170)
Information: Changed wire load model for 'DW01_add_width2' from '(none)' to 'Small'. (OPT-170)
Information: Changed wire load model for '*ADD_UNS_OP_2_2_2' from '(none)' to 'Small'. (OPT-170)
Information: Changed wire load model for 'DW01_add_width2' from '(none)' to 'Small'. (OPT-170)
Information: Changed wire load model for '*ADD_UNS_OP_2_2_2' from '(none)' to 'Small'. (OPT-170)
Information: Changed wire load model for 'DW01_add_width2' from '(none)' to 'Small'. (OPT-170)
Information: Changed wire load model for '*ADD_UNS_OP_2_2_2' from '(none)' to 'Small'. (OPT-170)
Information: Changed wire load model for 'DW01_add_width2' from '(none)' to 'Small'. (OPT-170)
Information: Changed wire load model for '*ADD_UNS_OP_2_2_2' from '(none)' to 'Small'. (OPT-170)
Information: Changed wire load model for 'DW01_add_width2' from '(none)' to 'Small'. (OPT-170)
Information: Changed wire load model for '*ADD_UNS_OP_2_2_2' from '(none)' to 'Small'. (OPT-170)
Information: Changed wire load model for 'DW01_add_width2' from '(none)' to 'Small'. (OPT-170)
Information: Changed wire load model for '*ADD_UNS_OP_2_2_2' from '(none)' to 'Small'. (OPT-170)
Information: Changed wire load model for 'DW01_add_width2' from '(none)' to 'Small'. (OPT-170)
Information: Changed wire load model for '*ADD_UNS_OP_2_2_2' from '(none)' to 'Small'. (OPT-170)
Information: Changed wire load model for 'DW01_add_width2' from '(none)' to 'Small'. (OPT-170)
Information: Changed wire load model for '*ADD_UNS_OP_2_2_2' from '(none)' to 'Small'. (OPT-170)
Information: Changed wire load model for 'DW01_add_width2' from '(none)' to 'Small'. (OPT-170)
Information: Changed wire load model for '*ADD_UNS_OP_2_2_2' from '(none)' to 'Small'. (OPT-170)
Information: Changed wire load model for 'DW01_add_width2' from '(none)' to 'Small'. (OPT-170)
Information: Changed wire load model for '*ADD_UNS_OP_2_2_2' from '(none)' to 'Small'. (OPT-170)
Information: Changed wire load model for 'DW01_sub_width7' from '(none)' to 'Small'. (OPT-170)
Information: Changed wire load model for '*SUB_UNS_OP_7_5_7' from '(none)' to 'Small'. (OPT-170)
Information: Changed wire load model for 'DW01_sub_width7' from '(none)' to 'Small'. (OPT-170)
Information: Changed wire load model for '*SUB_UNS_OP_7_4_7' from '(none)' to 'Small'. (OPT-170)
Information: Changed wire load model for 'DW01_sub_width7' from '(none)' to 'Small'. (OPT-170)
Information: Changed wire load model for '*SUB_UNS_OP_7_5_7' from '(none)' to 'Small'. (OPT-170)
Information: Changed wire load model for 'DW01_sub_width7' from '(none)' to 'Small'. (OPT-170)
Information: Changed wire load model for '*SUB_UNS_OP_7_4_7' from '(none)' to 'Small'. (OPT-170)
Information: Changed wire load model for 'DW01_sub_width7' from '(none)' to 'Small'. (OPT-170)
Information: Changed wire load model for '*SUB_UNS_OP_7_5_7' from '(none)' to 'Small'. (OPT-170)
Information: Changed wire load model for 'DW01_sub_width7' from '(none)' to 'Small'. (OPT-170)
Information: Changed wire load model for '*SUB_UNS_OP_7_4_7' from '(none)' to 'Small'. (OPT-170)
Information: Changed wire load model for 'DW01_sub_width7' from '(none)' to 'Small'. (OPT-170)
Information: Changed wire load model for '*SUB_UNS_OP_7_5_7' from '(none)' to 'Small'. (OPT-170)
Information: Changed wire load model for 'DW01_sub_width7' from '(none)' to 'Small'. (OPT-170)
Information: Changed wire load model for '*SUB_UNS_OP_7_4_7' from '(none)' to 'Small'. (OPT-170)
Information: Changed wire load model for 'DW01_sub_width7' from '(none)' to 'Small'. (OPT-170)
Information: Changed wire load model for '*SUB_UNS_OP_7_5_7' from '(none)' to 'Small'. (OPT-170)
Information: Changed wire load model for 'DW01_sub_width7' from '(none)' to 'Small'. (OPT-170)
Information: Changed wire load model for '*SUB_UNS_OP_7_4_7' from '(none)' to 'Small'. (OPT-170)
Information: Changed wire load model for 'DW01_sub_width7' from '(none)' to 'Small'. (OPT-170)
Information: Changed wire load model for '*SUB_UNS_OP_7_5_7' from '(none)' to 'Small'. (OPT-170)
Information: Changed wire load model for 'DW01_sub_width7' from '(none)' to 'Small'. (OPT-170)
Information: Changed wire load model for '*SUB_UNS_OP_7_4_7' from '(none)' to 'Small'. (OPT-170)
Information: Changed wire load model for 'DW01_sub_width7' from '(none)' to 'Small'. (OPT-170)
Information: Changed wire load model for '*SUB_UNS_OP_7_5_7' from '(none)' to 'Small'. (OPT-170)
Information: Changed wire load model for 'DW01_sub_width7' from '(none)' to 'Small'. (OPT-170)
Information: Changed wire load model for '*SUB_UNS_OP_7_4_7' from '(none)' to 'Small'. (OPT-170)
Information: Changed wire load model for 'DW01_sub_width7' from '(none)' to 'Small'. (OPT-170)
Information: Changed wire load model for '*SUB_UNS_OP_7_5_7' from '(none)' to 'Small'. (OPT-170)
Information: Changed wire load model for 'DW01_sub_width7' from '(none)' to 'Small'. (OPT-170)
Information: Changed wire load model for '*SUB_UNS_OP_7_4_7' from '(none)' to 'Small'. (OPT-170)
Information: Changed wire load model for 'DW01_sub_width7' from '(none)' to 'Small'. (OPT-170)
Information: Changed wire load model for '*SUB_UNS_OP_7_5_7' from '(none)' to 'Small'. (OPT-170)
Information: Changed wire load model for 'DW01_sub_width7' from '(none)' to 'Small'. (OPT-170)
Information: Changed wire load model for '*SUB_UNS_OP_7_4_7' from '(none)' to 'Small'. (OPT-170)
Information: Changed wire load model for 'DW01_sub_width7' from '(none)' to 'Small'. (OPT-170)
Information: Changed wire load model for '*SUB_UNS_OP_7_6_7' from '(none)' to 'Small'. (OPT-170)
Information: Changed wire load model for 'DW01_sub_width7' from '(none)' to 'Small'. (OPT-170)
Information: Changed wire load model for '*SUB_UNS_OP_7_5_7' from '(none)' to 'Small'. (OPT-170)
Information: Changed wire load model for 'DW01_sub_width7' from '(none)' to 'Small'. (OPT-170)
Information: Changed wire load model for '*SUB_UNS_OP_7_6_7' from '(none)' to 'Small'. (OPT-170)
Information: Changed wire load model for 'DW01_sub_width7' from '(none)' to 'Small'. (OPT-170)
Information: Changed wire load model for '*SUB_UNS_OP_7_5_7' from '(none)' to 'Small'. (OPT-170)
Information: Changed wire load model for 'DW01_sub_width7' from '(none)' to 'Small'. (OPT-170)
Information: Changed wire load model for '*SUB_UNS_OP_7_6_7' from '(none)' to 'Small'. (OPT-170)
Information: Changed wire load model for 'DW01_sub_width7' from '(none)' to 'Small'. (OPT-170)
Information: Changed wire load model for '*SUB_UNS_OP_7_5_7' from '(none)' to 'Small'. (OPT-170)
Information: Changed wire load model for 'DW01_sub_width7' from '(none)' to 'Small'. (OPT-170)
Information: Changed wire load model for '*SUB_UNS_OP_7_5_7' from '(none)' to 'Small'. (OPT-170)
Information: Changed wire load model for 'DW01_sub_width7' from '(none)' to 'Small'. (OPT-170)
Information: Changed wire load model for '*SUB_UNS_OP_7_4_7' from '(none)' to 'Small'. (OPT-170)
Information: Changed wire load model for 'DW01_sub_width7' from '(none)' to 'Small'. (OPT-170)
Information: Changed wire load model for '*SUB_UNS_OP_7_5_7' from '(none)' to 'Small'. (OPT-170)
Information: Changed wire load model for 'DW01_sub_width7' from '(none)' to 'Small'. (OPT-170)
Information: Changed wire load model for '*SUB_UNS_OP_7_4_7' from '(none)' to 'Small'. (OPT-170)
Information: Changed wire load model for 'DW01_add_width7' from '(none)' to 'Small'. (OPT-170)
Information: Changed wire load model for '*ADD_UNS_OP_7_5_7' from '(none)' to 'Small'. (OPT-170)
Information: Changed wire load model for 'DW01_add_width7' from '(none)' to 'Small'. (OPT-170)
Information: Changed wire load model for '*ADD_UNS_OP_7_4_7' from '(none)' to 'Small'. (OPT-170)
Information: Changed wire load model for 'DW01_sub_width7' from '(none)' to 'Small'. (OPT-170)
Information: Changed wire load model for '*SUB_UNS_OP_7_5_7' from '(none)' to 'Small'. (OPT-170)
Information: Changed wire load model for 'DW01_sub_width7' from '(none)' to 'Small'. (OPT-170)
Information: Changed wire load model for '*SUB_UNS_OP_7_4_7' from '(none)' to 'Small'. (OPT-170)
Information: Changed wire load model for 'DW01_sub_width7' from '(none)' to 'Small'. (OPT-170)
Information: Changed wire load model for '*SUB_UNS_OP_7_5_7' from '(none)' to 'Small'. (OPT-170)
Information: Changed wire load model for 'DW01_sub_width7' from '(none)' to 'Small'. (OPT-170)
Information: Changed wire load model for '*SUB_UNS_OP_7_4_7' from '(none)' to 'Small'. (OPT-170)
Information: Changed wire load model for 'DW01_add_width7' from '(none)' to 'Small'. (OPT-170)
Information: Changed wire load model for '*ADD_UNS_OP_7_5_7' from '(none)' to 'Small'. (OPT-170)
Information: Changed wire load model for 'DW01_add_width7' from '(none)' to 'Small'. (OPT-170)
Information: Changed wire load model for '*ADD_UNS_OP_7_4_7' from '(none)' to 'Small'. (OPT-170)
Information: Changed wire load model for 'DW01_sub_width7' from '(none)' to 'Small'. (OPT-170)
Information: Changed wire load model for '*SUB_UNS_OP_7_5_7' from '(none)' to 'Small'. (OPT-170)
Information: Changed wire load model for 'DW01_sub_width7' from '(none)' to 'Small'. (OPT-170)
Information: Changed wire load model for '*SUB_UNS_OP_7_4_7' from '(none)' to 'Small'. (OPT-170)
Information: Changed wire load model for 'DW01_add_width7' from '(none)' to 'Small'. (OPT-170)
Information: Changed wire load model for '*ADD_UNS_OP_7_5_7' from '(none)' to 'Small'. (OPT-170)
Information: Changed wire load model for 'DW01_add_width7' from '(none)' to 'Small'. (OPT-170)
Information: Changed wire load model for '*ADD_UNS_OP_7_4_7' from '(none)' to 'Small'. (OPT-170)
Information: Changed wire load model for 'DW01_sub_width7' from '(none)' to 'Small'. (OPT-170)
Information: Changed wire load model for '*SUB_UNS_OP_7_6_7' from '(none)' to 'Small'. (OPT-170)
Information: Changed wire load model for 'DW01_sub_width7' from '(none)' to 'Small'. (OPT-170)
Information: Changed wire load model for '*SUB_UNS_OP_7_5_7' from '(none)' to 'Small'. (OPT-170)
Information: Changed wire load model for 'DW01_add_width7' from '(none)' to 'Small'. (OPT-170)
Information: Changed wire load model for '*ADD_UNS_OP_7_5_7' from '(none)' to 'Small'. (OPT-170)
Information: Changed wire load model for 'DW01_add_width7' from '(none)' to 'Small'. (OPT-170)
Information: Changed wire load model for '*ADD_UNS_OP_7_4_7' from '(none)' to 'Small'. (OPT-170)
Information: Changed wire load model for 'DW01_sub_width7' from '(none)' to 'Small'. (OPT-170)
Information: Changed wire load model for '*SUB_UNS_OP_7_6_7' from '(none)' to 'Small'. (OPT-170)
Information: Changed wire load model for 'DW01_sub_width7' from '(none)' to 'Small'. (OPT-170)
Information: Changed wire load model for '*SUB_UNS_OP_7_5_7' from '(none)' to 'Small'. (OPT-170)
Information: Changed wire load model for 'DW01_add_width7' from '(none)' to 'Small'. (OPT-170)
Information: Changed wire load model for '*ADD_UNS_OP_7_6_7' from '(none)' to 'Small'. (OPT-170)
Information: Changed wire load model for 'DW01_add_width7' from '(none)' to 'Small'. (OPT-170)
Information: Changed wire load model for '*ADD_UNS_OP_7_5_7' from '(none)' to 'Small'. (OPT-170)
Information: Changed wire load model for 'DW01_sub_width7' from '(none)' to 'Small'. (OPT-170)
Information: Changed wire load model for '*SUB_UNS_OP_7_5_7' from '(none)' to 'Small'. (OPT-170)
Information: Changed wire load model for 'DW01_sub_width7' from '(none)' to 'Small'. (OPT-170)
Information: Changed wire load model for '*SUB_UNS_OP_7_4_7' from '(none)' to 'Small'. (OPT-170)
Information: Changed wire load model for 'DW01_sub_width7' from '(none)' to 'Small'. (OPT-170)
Information: Changed wire load model for '*SUB_UNS_OP_7_4_7' from '(none)' to 'Small'. (OPT-170)
Information: Changed wire load model for 'DW01_sub_width7' from '(none)' to 'Small'. (OPT-170)
Information: Changed wire load model for '*SUB_UNS_OP_7_3_7' from '(none)' to 'Small'. (OPT-170)
Information: Changed wire load model for 'DW01_sub_width7' from '(none)' to 'Small'. (OPT-170)
Information: Changed wire load model for '*SUB_UNS_OP_7_5_7' from '(none)' to 'Small'. (OPT-170)
Information: Changed wire load model for 'DW01_sub_width7' from '(none)' to 'Small'. (OPT-170)
Information: Changed wire load model for '*SUB_UNS_OP_7_4_7' from '(none)' to 'Small'. (OPT-170)
Information: Changed wire load model for 'DW01_sub_width7' from '(none)' to 'Small'. (OPT-170)
Information: Changed wire load model for '*SUB_UNS_OP_7_3_7' from '(none)' to 'Small'. (OPT-170)
Information: Changed wire load model for 'DW01_sub_width7' from '(none)' to 'Small'. (OPT-170)
Information: Changed wire load model for '*SUB_UNS_OP_7_2_7' from '(none)' to 'Small'. (OPT-170)
Information: Changed wire load model for 'DW01_sub_width7' from '(none)' to 'Small'. (OPT-170)
Information: Changed wire load model for '*SUB_UNS_OP_7_4_7' from '(none)' to 'Small'. (OPT-170)
Information: Changed wire load model for 'DW01_sub_width7' from '(none)' to 'Small'. (OPT-170)
Information: Changed wire load model for '*SUB_UNS_OP_7_3_7' from '(none)' to 'Small'. (OPT-170)
Information: Changed wire load model for 'DW01_add_width7' from '(none)' to 'Small'. (OPT-170)
Information: Changed wire load model for '*ADD_UNS_OP_7_5_7' from '(none)' to 'Small'. (OPT-170)
Information: Changed wire load model for 'DW01_add_width7' from '(none)' to 'Small'. (OPT-170)
Information: Changed wire load model for '*ADD_UNS_OP_7_4_7' from '(none)' to 'Small'. (OPT-170)
Information: Changed wire load model for 'DW01_sub_width7' from '(none)' to 'Small'. (OPT-170)
Information: Changed wire load model for '*SUB_UNS_OP_7_3_7' from '(none)' to 'Small'. (OPT-170)
Information: Changed wire load model for 'DW01_sub_width7' from '(none)' to 'Small'. (OPT-170)
Information: Changed wire load model for '*SUB_UNS_OP_7_2_7' from '(none)' to 'Small'. (OPT-170)
Information: Changed wire load model for 'DW01_add_width7' from '(none)' to 'Small'. (OPT-170)
Information: Changed wire load model for '*ADD_UNS_OP_7_5_7' from '(none)' to 'Small'. (OPT-170)
Information: Changed wire load model for 'DW01_add_width7' from '(none)' to 'Small'. (OPT-170)
Information: Changed wire load model for '*ADD_UNS_OP_7_4_7' from '(none)' to 'Small'. (OPT-170)
Information: Changed wire load model for 'DW01_dec_width8' from '(none)' to 'Small'. (OPT-170)
Information: Changed wire load model for '*SUB_UNS_OP_7_1_8' from '(none)' to 'Small'. (OPT-170)
Information: Changed wire load model for 'DW01_dec_width8' from '(none)' to 'Small'. (OPT-170)
Information: Changed wire load model for '*SUB_UNS_OP_7_1_8' from '(none)' to 'Small'. (OPT-170)
Information: Changed wire load model for 'DW01_dec_width8' from '(none)' to 'Small'. (OPT-170)
Information: Changed wire load model for '*SUB_UNS_OP_7_1_8' from '(none)' to 'Small'. (OPT-170)
Information: Changed wire load model for 'DW01_dec_width8' from '(none)' to 'Small'. (OPT-170)
Information: Changed wire load model for '*SUB_UNS_OP_7_1_8' from '(none)' to 'Small'. (OPT-170)
Information: Changed wire load model for 'DW01_dec_width8' from '(none)' to 'Small'. (OPT-170)
Information: Changed wire load model for '*SUB_UNS_OP_7_1_8' from '(none)' to 'Small'. (OPT-170)
Information: Changed wire load model for 'DW01_dec_width8' from '(none)' to 'Small'. (OPT-170)
Information: Changed wire load model for '*SUB_UNS_OP_7_1_8' from '(none)' to 'Small'. (OPT-170)
Information: Changed wire load model for 'DW01_dec_width8' from '(none)' to 'Small'. (OPT-170)
Information: Changed wire load model for '*SUB_UNS_OP_7_1_8' from '(none)' to 'Small'. (OPT-170)
Information: Changed wire load model for 'DW01_dec_width8' from '(none)' to 'Small'. (OPT-170)
Information: Changed wire load model for '*SUB_UNS_OP_7_1_8' from '(none)' to 'Small'. (OPT-170)
Information: Changed wire load model for 'DW01_dec_width8' from '(none)' to 'Small'. (OPT-170)
Information: Changed wire load model for '*SUB_UNS_OP_7_1_8' from '(none)' to 'Small'. (OPT-170)
Information: Changed wire load model for 'DW01_dec_width8' from '(none)' to 'Small'. (OPT-170)
Information: Changed wire load model for '*SUB_UNS_OP_7_1_8' from '(none)' to 'Small'. (OPT-170)
Information: Changed wire load model for 'DW01_dec_width8' from '(none)' to 'Small'. (OPT-170)
Information: Changed wire load model for '*SUB_UNS_OP_7_1_8' from '(none)' to 'Small'. (OPT-170)
Information: Changed wire load model for 'DW01_dec_width8' from '(none)' to 'Small'. (OPT-170)
Information: Changed wire load model for '*SUB_UNS_OP_7_1_8' from '(none)' to 'Small'. (OPT-170)
Information: Changed wire load model for 'DW01_dec_width8' from '(none)' to 'Small'. (OPT-170)
Information: Changed wire load model for '*SUB_UNS_OP_7_1_8' from '(none)' to 'Small'. (OPT-170)
Information: Changed wire load model for 'DW01_dec_width8' from '(none)' to 'Small'. (OPT-170)
Information: Changed wire load model for '*SUB_UNS_OP_7_1_8' from '(none)' to 'Small'. (OPT-170)
Information: Changed wire load model for 'DW01_dec_width8' from '(none)' to 'Small'. (OPT-170)
Information: Changed wire load model for '*SUB_UNS_OP_7_1_8' from '(none)' to 'Small'. (OPT-170)
Information: Changed wire load model for 'DW01_dec_width8' from '(none)' to 'Small'. (OPT-170)
Information: Changed wire load model for '*SUB_UNS_OP_7_1_8' from '(none)' to 'Small'. (OPT-170)
Information: Changed wire load model for 'DW01_add_width8' from '(none)' to 'Small'. (OPT-170)
Information: Changed wire load model for '*ADD_UNS_OP_7_4_8' from '(none)' to 'Small'. (OPT-170)
Information: Changed wire load model for 'DW01_add_width8' from '(none)' to 'Small'. (OPT-170)
Information: Changed wire load model for '*ADD_UNS_OP_7_3_8' from '(none)' to 'Small'. (OPT-170)
Information: Changed wire load model for 'DW01_add_width8' from '(none)' to 'Small'. (OPT-170)
Information: Changed wire load model for '*ADD_UNS_OP_7_4_8' from '(none)' to 'Small'. (OPT-170)
Information: Changed wire load model for 'DW01_add_width8' from '(none)' to 'Small'. (OPT-170)
Information: Changed wire load model for '*ADD_UNS_OP_7_3_8' from '(none)' to 'Small'. (OPT-170)
Information: Changed wire load model for 'DW01_add_width8' from '(none)' to 'Small'. (OPT-170)
Information: Changed wire load model for '*ADD_UNS_OP_7_4_8' from '(none)' to 'Small'. (OPT-170)
Information: Changed wire load model for 'DW01_add_width8' from '(none)' to 'Small'. (OPT-170)
Information: Changed wire load model for '*ADD_UNS_OP_7_3_8' from '(none)' to 'Small'. (OPT-170)
Information: Changed wire load model for 'DW01_add_width8' from '(none)' to 'Small'. (OPT-170)
Information: Changed wire load model for '*ADD_UNS_OP_7_4_8' from '(none)' to 'Small'. (OPT-170)
Information: Changed wire load model for 'DW01_add_width8' from '(none)' to 'Small'. (OPT-170)
Information: Changed wire load model for '*ADD_UNS_OP_7_3_8' from '(none)' to 'Small'. (OPT-170)
Information: Changed wire load model for 'DW01_add_width8' from '(none)' to 'Small'. (OPT-170)
Information: Changed wire load model for '*ADD_UNS_OP_7_4_8' from '(none)' to 'Small'. (OPT-170)
Information: Changed wire load model for 'DW01_add_width8' from '(none)' to 'Small'. (OPT-170)
Information: Changed wire load model for '*ADD_UNS_OP_7_3_8' from '(none)' to 'Small'. (OPT-170)
Information: Changed wire load model for 'DW01_add_width8' from '(none)' to 'Small'. (OPT-170)
Information: Changed wire load model for '*ADD_UNS_OP_7_4_8' from '(none)' to 'Small'. (OPT-170)
Information: Changed wire load model for 'DW01_add_width8' from '(none)' to 'Small'. (OPT-170)
Information: Changed wire load model for '*ADD_UNS_OP_7_3_8' from '(none)' to 'Small'. (OPT-170)
Information: Changed wire load model for 'DW01_add_width8' from '(none)' to 'Small'. (OPT-170)
Information: Changed wire load model for '*ADD_UNS_OP_7_4_8' from '(none)' to 'Small'. (OPT-170)
Information: Changed wire load model for 'DW01_add_width8' from '(none)' to 'Small'. (OPT-170)
Information: Changed wire load model for '*ADD_UNS_OP_7_3_8' from '(none)' to 'Small'. (OPT-170)
Information: Changed wire load model for 'DW01_add_width8' from '(none)' to 'Small'. (OPT-170)
Information: Changed wire load model for '*ADD_UNS_OP_7_4_8' from '(none)' to 'Small'. (OPT-170)
Information: Changed wire load model for 'DW01_add_width8' from '(none)' to 'Small'. (OPT-170)
Information: Changed wire load model for '*ADD_UNS_OP_7_3_8' from '(none)' to 'Small'. (OPT-170)
Information: Changed wire load model for 'DW01_add_width8' from '(none)' to 'Small'. (OPT-170)
Information: Changed wire load model for '*ADD_UNS_OP_7_4_8' from '(none)' to 'Small'. (OPT-170)
Information: Changed wire load model for 'DW01_add_width8' from '(none)' to 'Small'. (OPT-170)
Information: Changed wire load model for '*ADD_UNS_OP_7_3_8' from '(none)' to 'Small'. (OPT-170)
Information: Changed wire load model for 'DW01_add_width8' from '(none)' to 'Small'. (OPT-170)
Information: Changed wire load model for '*ADD_UNS_OP_7_4_8' from '(none)' to 'Small'. (OPT-170)
Information: Changed wire load model for 'DW01_add_width8' from '(none)' to 'Small'. (OPT-170)
Information: Changed wire load model for '*ADD_UNS_OP_7_3_8' from '(none)' to 'Small'. (OPT-170)
Information: Changed wire load model for 'DW01_add_width8' from '(none)' to 'Small'. (OPT-170)
Information: Changed wire load model for '*ADD_UNS_OP_7_4_8' from '(none)' to 'Small'. (OPT-170)
Information: Changed wire load model for 'DW01_add_width8' from '(none)' to 'Small'. (OPT-170)
Information: Changed wire load model for '*ADD_UNS_OP_7_3_8' from '(none)' to 'Small'. (OPT-170)
Information: Changed wire load model for 'DW01_add_width8' from '(none)' to 'Small'. (OPT-170)
Information: Changed wire load model for '*ADD_UNS_OP_7_4_8' from '(none)' to 'Small'. (OPT-170)
Information: Changed wire load model for 'DW01_add_width8' from '(none)' to 'Small'. (OPT-170)
Information: Changed wire load model for '*ADD_UNS_OP_7_3_8' from '(none)' to 'Small'. (OPT-170)
Information: Changed wire load model for 'DW01_add_width8' from '(none)' to 'Small'. (OPT-170)
Information: Changed wire load model for '*ADD_UNS_OP_7_4_8' from '(none)' to 'Small'. (OPT-170)
Information: Changed wire load model for 'DW01_add_width8' from '(none)' to 'Small'. (OPT-170)
Information: Changed wire load model for '*ADD_UNS_OP_7_3_8' from '(none)' to 'Small'. (OPT-170)
Information: Changed wire load model for 'DW01_add_width8' from '(none)' to 'Small'. (OPT-170)
Information: Changed wire load model for '*ADD_UNS_OP_7_4_8' from '(none)' to 'Small'. (OPT-170)
Information: Changed wire load model for 'DW01_add_width8' from '(none)' to 'Small'. (OPT-170)
Information: Changed wire load model for '*ADD_UNS_OP_7_3_8' from '(none)' to 'Small'. (OPT-170)
Information: Changed wire load model for 'DW01_add_width8' from '(none)' to 'Small'. (OPT-170)
Information: Changed wire load model for '*ADD_UNS_OP_7_4_8' from '(none)' to 'Small'. (OPT-170)
Information: Changed wire load model for 'DW01_add_width8' from '(none)' to 'Small'. (OPT-170)
Information: Changed wire load model for '*ADD_UNS_OP_7_3_8' from '(none)' to 'Small'. (OPT-170)
Information: Changed wire load model for 'DW01_add_width8' from '(none)' to 'Small'. (OPT-170)
Information: Changed wire load model for '*ADD_UNS_OP_7_4_8' from '(none)' to 'Small'. (OPT-170)
Information: Changed wire load model for 'DW01_add_width8' from '(none)' to 'Small'. (OPT-170)
Information: Changed wire load model for '*ADD_UNS_OP_7_3_8' from '(none)' to 'Small'. (OPT-170)
Information: Changed wire load model for 'DW01_add_width7' from '(none)' to 'Small'. (OPT-170)
Information: Changed wire load model for '*ADD_UNS_OP_7_5_7' from '(none)' to 'Small'. (OPT-170)
Information: Changed wire load model for 'DW01_add_width7' from '(none)' to 'Small'. (OPT-170)
Information: Changed wire load model for '*ADD_UNS_OP_7_4_7' from '(none)' to 'Small'. (OPT-170)
Information: Changed wire load model for 'DW01_add_width7' from '(none)' to 'Small'. (OPT-170)
Information: Changed wire load model for '*ADD_UNS_OP_7_5_7' from '(none)' to 'Small'. (OPT-170)
Information: Changed wire load model for 'DW01_add_width7' from '(none)' to 'Small'. (OPT-170)
Information: Changed wire load model for '*ADD_UNS_OP_7_4_7' from '(none)' to 'Small'. (OPT-170)
Information: Changed wire load model for 'DW01_add_width7' from '(none)' to 'Small'. (OPT-170)
Information: Changed wire load model for '*ADD_UNS_OP_7_5_7' from '(none)' to 'Small'. (OPT-170)
Information: Changed wire load model for 'DW01_add_width7' from '(none)' to 'Small'. (OPT-170)
Information: Changed wire load model for '*ADD_UNS_OP_7_4_7' from '(none)' to 'Small'. (OPT-170)
Information: Changed wire load model for 'DW01_add_width7' from '(none)' to 'Small'. (OPT-170)
Information: Changed wire load model for '*ADD_UNS_OP_7_5_7' from '(none)' to 'Small'. (OPT-170)
Information: Changed wire load model for 'DW01_add_width7' from '(none)' to 'Small'. (OPT-170)
Information: Changed wire load model for '*ADD_UNS_OP_7_4_7' from '(none)' to 'Small'. (OPT-170)
Information: Changed wire load model for 'DW01_add_width7' from '(none)' to 'Small'. (OPT-170)
Information: Changed wire load model for '*ADD_UNS_OP_7_5_7' from '(none)' to 'Small'. (OPT-170)
Information: Changed wire load model for 'DW01_add_width7' from '(none)' to 'Small'. (OPT-170)
Information: Changed wire load model for '*ADD_UNS_OP_7_4_7' from '(none)' to 'Small'. (OPT-170)
Information: Changed wire load model for 'DW01_add_width7' from '(none)' to 'Small'. (OPT-170)
Information: Changed wire load model for '*ADD_UNS_OP_7_5_7' from '(none)' to 'Small'. (OPT-170)
Information: Changed wire load model for 'DW01_add_width7' from '(none)' to 'Small'. (OPT-170)
Information: Changed wire load model for '*ADD_UNS_OP_7_4_7' from '(none)' to 'Small'. (OPT-170)
Information: Changed wire load model for 'DW01_add_width7' from '(none)' to 'Small'. (OPT-170)
Information: Changed wire load model for '*ADD_UNS_OP_7_5_7' from '(none)' to 'Small'. (OPT-170)
Information: Changed wire load model for 'DW01_add_width7' from '(none)' to 'Small'. (OPT-170)
Information: Changed wire load model for '*ADD_UNS_OP_7_4_7' from '(none)' to 'Small'. (OPT-170)
Information: Changed wire load model for 'DW01_add_width7' from '(none)' to 'Small'. (OPT-170)
Information: Changed wire load model for '*ADD_UNS_OP_7_5_7' from '(none)' to 'Small'. (OPT-170)
Information: Changed wire load model for 'DW01_add_width7' from '(none)' to 'Small'. (OPT-170)
Information: Changed wire load model for '*ADD_UNS_OP_7_4_7' from '(none)' to 'Small'. (OPT-170)
Information: Changed wire load model for 'DW01_add_width7' from '(none)' to 'Small'. (OPT-170)
Information: Changed wire load model for '*ADD_UNS_OP_7_5_7' from '(none)' to 'Small'. (OPT-170)
Information: Changed wire load model for 'DW01_add_width7' from '(none)' to 'Small'. (OPT-170)
Information: Changed wire load model for '*ADD_UNS_OP_7_4_7' from '(none)' to 'Small'. (OPT-170)
Information: Changed wire load model for 'DW01_add_width7' from '(none)' to 'Small'. (OPT-170)
Information: Changed wire load model for '*ADD_UNS_OP_7_6_7' from '(none)' to 'Small'. (OPT-170)
Information: Changed wire load model for 'DW01_add_width7' from '(none)' to 'Small'. (OPT-170)
Information: Changed wire load model for '*ADD_UNS_OP_7_5_7' from '(none)' to 'Small'. (OPT-170)
Information: Changed wire load model for 'DW01_add_width7' from '(none)' to 'Small'. (OPT-170)
Information: Changed wire load model for '*ADD_UNS_OP_7_6_7' from '(none)' to 'Small'. (OPT-170)
Information: Changed wire load model for 'DW01_add_width7' from '(none)' to 'Small'. (OPT-170)
Information: Changed wire load model for '*ADD_UNS_OP_7_5_7' from '(none)' to 'Small'. (OPT-170)
Information: Changed wire load model for 'DW01_add_width7' from '(none)' to 'Small'. (OPT-170)
Information: Changed wire load model for '*ADD_UNS_OP_7_6_7' from '(none)' to 'Small'. (OPT-170)
Information: Changed wire load model for 'DW01_add_width7' from '(none)' to 'Small'. (OPT-170)
Information: Changed wire load model for '*ADD_UNS_OP_7_5_7' from '(none)' to 'Small'. (OPT-170)
Information: Changed wire load model for 'DW01_add_width7' from '(none)' to 'Small'. (OPT-170)
Information: Changed wire load model for '*ADD_UNS_OP_7_5_7' from '(none)' to 'Small'. (OPT-170)
Information: Changed wire load model for 'DW01_add_width7' from '(none)' to 'Small'. (OPT-170)
Information: Changed wire load model for '*ADD_UNS_OP_7_4_7' from '(none)' to 'Small'. (OPT-170)
Information: Changed wire load model for 'DW01_add_width7' from '(none)' to 'Small'. (OPT-170)
Information: Changed wire load model for '*ADD_UNS_OP_7_4_7' from '(none)' to 'Small'. (OPT-170)
Information: Changed wire load model for 'DW01_add_width7' from '(none)' to 'Small'. (OPT-170)
Information: Changed wire load model for '*ADD_UNS_OP_7_3_7' from '(none)' to 'Small'. (OPT-170)
Information: Changed wire load model for 'DW01_add_width7' from '(none)' to 'Small'. (OPT-170)
Information: Changed wire load model for '*ADD_UNS_OP_7_5_7' from '(none)' to 'Small'. (OPT-170)
Information: Changed wire load model for 'DW01_add_width7' from '(none)' to 'Small'. (OPT-170)
Information: Changed wire load model for '*ADD_UNS_OP_7_4_7' from '(none)' to 'Small'. (OPT-170)
Information: Changed wire load model for 'DW01_add_width7' from '(none)' to 'Small'. (OPT-170)
Information: Changed wire load model for '*ADD_UNS_OP_7_3_7' from '(none)' to 'Small'. (OPT-170)
Information: Changed wire load model for 'DW01_add_width7' from '(none)' to 'Small'. (OPT-170)
Information: Changed wire load model for '*ADD_UNS_OP_7_2_7' from '(none)' to 'Small'. (OPT-170)
Information: Changed wire load model for 'DW01_inc_width8' from '(none)' to 'Small'. (OPT-170)
Information: Changed wire load model for '*ADD_UNS_OP_7_1_8' from '(none)' to 'Small'. (OPT-170)
Information: Changed wire load model for 'DW01_inc_width8' from '(none)' to 'Small'. (OPT-170)
Information: Changed wire load model for '*ADD_UNS_OP_7_1_8' from '(none)' to 'Small'. (OPT-170)
Information: Changed wire load model for 'DW01_inc_width8' from '(none)' to 'Small'. (OPT-170)
Information: Changed wire load model for '*ADD_UNS_OP_7_1_8' from '(none)' to 'Small'. (OPT-170)
Information: Changed wire load model for 'DW01_inc_width8' from '(none)' to 'Small'. (OPT-170)
Information: Changed wire load model for '*ADD_UNS_OP_7_1_8' from '(none)' to 'Small'. (OPT-170)
Information: Changed wire load model for 'DW01_inc_width8' from '(none)' to 'Small'. (OPT-170)
Information: Changed wire load model for '*ADD_UNS_OP_7_1_8' from '(none)' to 'Small'. (OPT-170)
Information: Changed wire load model for 'DW01_inc_width8' from '(none)' to 'Small'. (OPT-170)
Information: Changed wire load model for '*ADD_UNS_OP_7_1_8' from '(none)' to 'Small'. (OPT-170)
Information: Changed wire load model for 'DW01_inc_width8' from '(none)' to 'Small'. (OPT-170)
Information: Changed wire load model for '*ADD_UNS_OP_7_1_8' from '(none)' to 'Small'. (OPT-170)
Information: Changed wire load model for 'DW01_inc_width8' from '(none)' to 'Small'. (OPT-170)
Information: Changed wire load model for '*ADD_UNS_OP_7_1_8' from '(none)' to 'Small'. (OPT-170)
Information: Changed wire load model for 'DW01_inc_width8' from '(none)' to 'Small'. (OPT-170)
Information: Changed wire load model for '*ADD_UNS_OP_7_1_8' from '(none)' to 'Small'. (OPT-170)
Information: Changed wire load model for 'DW01_inc_width8' from '(none)' to 'Small'. (OPT-170)
Information: Changed wire load model for '*ADD_UNS_OP_7_1_8' from '(none)' to 'Small'. (OPT-170)
Information: Changed wire load model for 'DW01_inc_width8' from '(none)' to 'Small'. (OPT-170)
Information: Changed wire load model for '*ADD_UNS_OP_7_1_8' from '(none)' to 'Small'. (OPT-170)
Information: Changed wire load model for 'DW01_inc_width8' from '(none)' to 'Small'. (OPT-170)
Information: Changed wire load model for '*ADD_UNS_OP_7_1_8' from '(none)' to 'Small'. (OPT-170)
Information: Changed wire load model for 'DW01_inc_width8' from '(none)' to 'Small'. (OPT-170)
Information: Changed wire load model for '*ADD_UNS_OP_7_1_8' from '(none)' to 'Small'. (OPT-170)
Information: Changed wire load model for 'DW01_inc_width8' from '(none)' to 'Small'. (OPT-170)
Information: Changed wire load model for '*ADD_UNS_OP_7_1_8' from '(none)' to 'Small'. (OPT-170)
Information: Changed wire load model for 'DW01_inc_width8' from '(none)' to 'Small'. (OPT-170)
Information: Changed wire load model for '*ADD_UNS_OP_7_1_8' from '(none)' to 'Small'. (OPT-170)
Information: Changed wire load model for 'DW01_inc_width8' from '(none)' to 'Small'. (OPT-170)
Information: Changed wire load model for '*ADD_UNS_OP_7_1_8' from '(none)' to 'Small'. (OPT-170)
Information: Changed wire load model for 'DW01_add_width8' from '(none)' to 'Small'. (OPT-170)
Information: Changed wire load model for '*ADD_UNS_OP_7_5_8' from '(none)' to 'Small'. (OPT-170)
Information: Changed wire load model for 'DW01_add_width8' from '(none)' to 'Small'. (OPT-170)
Information: Changed wire load model for '*ADD_UNS_OP_7_4_8' from '(none)' to 'Small'. (OPT-170)
Information: Changed wire load model for 'DW01_add_width8' from '(none)' to 'Small'. (OPT-170)
Information: Changed wire load model for '*ADD_UNS_OP_7_5_8' from '(none)' to 'Small'. (OPT-170)
Information: Changed wire load model for 'DW01_add_width8' from '(none)' to 'Small'. (OPT-170)
Information: Changed wire load model for '*ADD_UNS_OP_7_4_8' from '(none)' to 'Small'. (OPT-170)
Information: Changed wire load model for 'DW01_add_width8' from '(none)' to 'Small'. (OPT-170)
Information: Changed wire load model for '*ADD_UNS_OP_7_5_8' from '(none)' to 'Small'. (OPT-170)
Information: Changed wire load model for 'DW01_add_width8' from '(none)' to 'Small'. (OPT-170)
Information: Changed wire load model for '*ADD_UNS_OP_7_4_8' from '(none)' to 'Small'. (OPT-170)
Information: Changed wire load model for 'DW01_add_width8' from '(none)' to 'Small'. (OPT-170)
Information: Changed wire load model for '*ADD_UNS_OP_7_5_8' from '(none)' to 'Small'. (OPT-170)
Information: Changed wire load model for 'DW01_add_width8' from '(none)' to 'Small'. (OPT-170)
Information: Changed wire load model for '*ADD_UNS_OP_7_4_8' from '(none)' to 'Small'. (OPT-170)
Information: Changed wire load model for 'DW01_add_width8' from '(none)' to 'Small'. (OPT-170)
Information: Changed wire load model for '*ADD_UNS_OP_7_5_8' from '(none)' to 'Small'. (OPT-170)
Information: Changed wire load model for 'DW01_add_width8' from '(none)' to 'Small'. (OPT-170)
Information: Changed wire load model for '*ADD_UNS_OP_7_4_8' from '(none)' to 'Small'. (OPT-170)
Information: Changed wire load model for 'DW01_add_width8' from '(none)' to 'Small'. (OPT-170)
Information: Changed wire load model for '*ADD_UNS_OP_7_5_8' from '(none)' to 'Small'. (OPT-170)
Information: Changed wire load model for 'DW01_add_width8' from '(none)' to 'Small'. (OPT-170)
Information: Changed wire load model for '*ADD_UNS_OP_7_4_8' from '(none)' to 'Small'. (OPT-170)
Information: Changed wire load model for 'DW01_add_width8' from '(none)' to 'Small'. (OPT-170)
Information: Changed wire load model for '*ADD_UNS_OP_7_5_8' from '(none)' to 'Small'. (OPT-170)
Information: Changed wire load model for 'DW01_add_width8' from '(none)' to 'Small'. (OPT-170)
Information: Changed wire load model for '*ADD_UNS_OP_7_4_8' from '(none)' to 'Small'. (OPT-170)
Information: Changed wire load model for 'DW01_add_width8' from '(none)' to 'Small'. (OPT-170)
Information: Changed wire load model for '*ADD_UNS_OP_7_5_8' from '(none)' to 'Small'. (OPT-170)
Information: Changed wire load model for 'DW01_add_width8' from '(none)' to 'Small'. (OPT-170)
Information: Changed wire load model for '*ADD_UNS_OP_7_4_8' from '(none)' to 'Small'. (OPT-170)
Information: Changed wire load model for 'DW01_add_width8' from '(none)' to 'Small'. (OPT-170)
Information: Changed wire load model for '*ADD_UNS_OP_7_5_8' from '(none)' to 'Small'. (OPT-170)
Information: Changed wire load model for 'DW01_add_width8' from '(none)' to 'Small'. (OPT-170)
Information: Changed wire load model for '*ADD_UNS_OP_7_4_8' from '(none)' to 'Small'. (OPT-170)
Information: Changed wire load model for 'DW01_add_width8' from '(none)' to 'Small'. (OPT-170)
Information: Changed wire load model for '*ADD_UNS_OP_7_5_8' from '(none)' to 'Small'. (OPT-170)
Information: Changed wire load model for 'DW01_add_width8' from '(none)' to 'Small'. (OPT-170)
Information: Changed wire load model for '*ADD_UNS_OP_7_4_8' from '(none)' to 'Small'. (OPT-170)
Information: Changed wire load model for 'DW01_add_width8' from '(none)' to 'Small'. (OPT-170)
Information: Changed wire load model for '*ADD_UNS_OP_7_5_8' from '(none)' to 'Small'. (OPT-170)
Information: Changed wire load model for 'DW01_add_width8' from '(none)' to 'Small'. (OPT-170)
Information: Changed wire load model for '*ADD_UNS_OP_7_4_8' from '(none)' to 'Small'. (OPT-170)
Information: Changed wire load model for 'DW01_add_width8' from '(none)' to 'Small'. (OPT-170)
Information: Changed wire load model for '*ADD_UNS_OP_7_5_8' from '(none)' to 'Small'. (OPT-170)
Information: Changed wire load model for 'DW01_add_width8' from '(none)' to 'Small'. (OPT-170)
Information: Changed wire load model for '*ADD_UNS_OP_7_4_8' from '(none)' to 'Small'. (OPT-170)
Information: Changed wire load model for 'DW01_add_width8' from '(none)' to 'Small'. (OPT-170)
Information: Changed wire load model for '*ADD_UNS_OP_7_5_8' from '(none)' to 'Small'. (OPT-170)
Information: Changed wire load model for 'DW01_add_width8' from '(none)' to 'Small'. (OPT-170)
Information: Changed wire load model for '*ADD_UNS_OP_7_4_8' from '(none)' to 'Small'. (OPT-170)
Information: Changed wire load model for 'DW01_add_width8' from '(none)' to 'Small'. (OPT-170)
Information: Changed wire load model for '*ADD_UNS_OP_7_5_8' from '(none)' to 'Small'. (OPT-170)
Information: Changed wire load model for 'DW01_add_width8' from '(none)' to 'Small'. (OPT-170)
Information: Changed wire load model for '*ADD_UNS_OP_7_4_8' from '(none)' to 'Small'. (OPT-170)
Information: Changed wire load model for 'DW01_add_width8' from '(none)' to 'Small'. (OPT-170)
Information: Changed wire load model for '*ADD_UNS_OP_7_5_8' from '(none)' to 'Small'. (OPT-170)
Information: Changed wire load model for 'DW01_add_width8' from '(none)' to 'Small'. (OPT-170)
Information: Changed wire load model for '*ADD_UNS_OP_7_4_8' from '(none)' to 'Small'. (OPT-170)
Information: Changed wire load model for 'DW01_add_width8' from '(none)' to 'Small'. (OPT-170)
Information: Changed wire load model for '*ADD_UNS_OP_7_5_8' from '(none)' to 'Small'. (OPT-170)
Information: Changed wire load model for 'DW01_add_width8' from '(none)' to 'Small'. (OPT-170)
Information: Changed wire load model for '*ADD_UNS_OP_7_4_8' from '(none)' to 'Small'. (OPT-170)
Information: Changed wire load model for 'DW01_add_width7' from '(none)' to 'Small'. (OPT-170)
Information: Changed wire load model for '*ADD_UNS_OP_7_5_7' from '(none)' to 'Small'. (OPT-170)
Information: Changed wire load model for 'DW01_add_width7' from '(none)' to 'Small'. (OPT-170)
Information: Changed wire load model for '*ADD_UNS_OP_7_4_7' from '(none)' to 'Small'. (OPT-170)
Information: Changed wire load model for 'DW01_add_width7' from '(none)' to 'Small'. (OPT-170)
Information: Changed wire load model for '*ADD_UNS_OP_7_5_7' from '(none)' to 'Small'. (OPT-170)
Information: Changed wire load model for 'DW01_add_width7' from '(none)' to 'Small'. (OPT-170)
Information: Changed wire load model for '*ADD_UNS_OP_7_4_7' from '(none)' to 'Small'. (OPT-170)
Information: Changed wire load model for 'DW01_sub_width7' from '(none)' to 'Small'. (OPT-170)
Information: Changed wire load model for '*SUB_UNS_OP_7_5_7' from '(none)' to 'Small'. (OPT-170)
Information: Changed wire load model for 'DW01_sub_width7' from '(none)' to 'Small'. (OPT-170)
Information: Changed wire load model for '*SUB_UNS_OP_7_4_7' from '(none)' to 'Small'. (OPT-170)
Information: Changed wire load model for 'DW01_add_width7' from '(none)' to 'Small'. (OPT-170)
Information: Changed wire load model for '*ADD_UNS_OP_7_5_7' from '(none)' to 'Small'. (OPT-170)
Information: Changed wire load model for 'DW01_add_width7' from '(none)' to 'Small'. (OPT-170)
Information: Changed wire load model for '*ADD_UNS_OP_7_4_7' from '(none)' to 'Small'. (OPT-170)
Information: Changed wire load model for 'DW01_add_width7' from '(none)' to 'Small'. (OPT-170)
Information: Changed wire load model for '*ADD_UNS_OP_7_5_7' from '(none)' to 'Small'. (OPT-170)
Information: Changed wire load model for 'DW01_add_width7' from '(none)' to 'Small'. (OPT-170)
Information: Changed wire load model for '*ADD_UNS_OP_7_4_7' from '(none)' to 'Small'. (OPT-170)
Information: Changed wire load model for 'DW01_sub_width7' from '(none)' to 'Small'. (OPT-170)
Information: Changed wire load model for '*SUB_UNS_OP_7_5_7' from '(none)' to 'Small'. (OPT-170)
Information: Changed wire load model for 'DW01_sub_width7' from '(none)' to 'Small'. (OPT-170)
Information: Changed wire load model for '*SUB_UNS_OP_7_4_7' from '(none)' to 'Small'. (OPT-170)
Information: Changed wire load model for 'DW01_add_width7' from '(none)' to 'Small'. (OPT-170)
Information: Changed wire load model for '*ADD_UNS_OP_7_5_7' from '(none)' to 'Small'. (OPT-170)
Information: Changed wire load model for 'DW01_add_width7' from '(none)' to 'Small'. (OPT-170)
Information: Changed wire load model for '*ADD_UNS_OP_7_4_7' from '(none)' to 'Small'. (OPT-170)
Information: Changed wire load model for 'DW01_sub_width7' from '(none)' to 'Small'. (OPT-170)
Information: Changed wire load model for '*SUB_UNS_OP_7_5_7' from '(none)' to 'Small'. (OPT-170)
Information: Changed wire load model for 'DW01_sub_width7' from '(none)' to 'Small'. (OPT-170)
Information: Changed wire load model for '*SUB_UNS_OP_7_4_7' from '(none)' to 'Small'. (OPT-170)
Information: Changed wire load model for 'DW01_add_width7' from '(none)' to 'Small'. (OPT-170)
Information: Changed wire load model for '*ADD_UNS_OP_7_6_7' from '(none)' to 'Small'. (OPT-170)
Information: Changed wire load model for 'DW01_add_width7' from '(none)' to 'Small'. (OPT-170)
Information: Changed wire load model for '*ADD_UNS_OP_7_5_7' from '(none)' to 'Small'. (OPT-170)
Information: Changed wire load model for 'DW01_sub_width7' from '(none)' to 'Small'. (OPT-170)
Information: Changed wire load model for '*SUB_UNS_OP_7_5_7' from '(none)' to 'Small'. (OPT-170)
Information: Changed wire load model for 'DW01_sub_width7' from '(none)' to 'Small'. (OPT-170)
Information: Changed wire load model for '*SUB_UNS_OP_7_4_7' from '(none)' to 'Small'. (OPT-170)
Information: Changed wire load model for 'DW01_add_width7' from '(none)' to 'Small'. (OPT-170)
Information: Changed wire load model for '*ADD_UNS_OP_7_6_7' from '(none)' to 'Small'. (OPT-170)
Information: Changed wire load model for 'DW01_add_width7' from '(none)' to 'Small'. (OPT-170)
Information: Changed wire load model for '*ADD_UNS_OP_7_5_7' from '(none)' to 'Small'. (OPT-170)
Information: Changed wire load model for 'DW01_sub_width7' from '(none)' to 'Small'. (OPT-170)
Information: Changed wire load model for '*SUB_UNS_OP_7_6_7' from '(none)' to 'Small'. (OPT-170)
Information: Changed wire load model for 'DW01_sub_width7' from '(none)' to 'Small'. (OPT-170)
Information: Changed wire load model for '*SUB_UNS_OP_7_5_7' from '(none)' to 'Small'. (OPT-170)
Information: Changed wire load model for 'DW01_add_width7' from '(none)' to 'Small'. (OPT-170)
Information: Changed wire load model for '*ADD_UNS_OP_7_4_7' from '(none)' to 'Small'. (OPT-170)
Information: Changed wire load model for 'DW01_add_width7' from '(none)' to 'Small'. (OPT-170)
Information: Changed wire load model for '*ADD_UNS_OP_7_3_7' from '(none)' to 'Small'. (OPT-170)
Information: Changed wire load model for 'DW01_sub_width7' from '(none)' to 'Small'. (OPT-170)
Information: Changed wire load model for '*SUB_UNS_OP_7_5_7' from '(none)' to 'Small'. (OPT-170)
Information: Changed wire load model for 'DW01_sub_width7' from '(none)' to 'Small'. (OPT-170)
Information: Changed wire load model for '*SUB_UNS_OP_7_4_7' from '(none)' to 'Small'. (OPT-170)
Information: Changed wire load model for 'DW01_add_width7' from '(none)' to 'Small'. (OPT-170)
Information: Changed wire load model for '*ADD_UNS_OP_7_3_7' from '(none)' to 'Small'. (OPT-170)
Information: Changed wire load model for 'DW01_add_width7' from '(none)' to 'Small'. (OPT-170)
Information: Changed wire load model for '*ADD_UNS_OP_7_2_7' from '(none)' to 'Small'. (OPT-170)
Information: Changed wire load model for 'DW01_sub_width7' from '(none)' to 'Small'. (OPT-170)
Information: Changed wire load model for '*SUB_UNS_OP_7_5_7' from '(none)' to 'Small'. (OPT-170)
Information: Changed wire load model for 'DW01_sub_width7' from '(none)' to 'Small'. (OPT-170)
Information: Changed wire load model for '*SUB_UNS_OP_7_4_7' from '(none)' to 'Small'. (OPT-170)
Information: Changed wire load model for 'DW01_add_width6' from '(none)' to 'Small'. (OPT-170)
Information: Changed wire load model for '*ADD_UNS_OP_5_2_6' from '(none)' to 'Small'. (OPT-170)
Information: Changed wire load model for 'DW01_add_width6' from '(none)' to 'Small'. (OPT-170)
Information: Changed wire load model for '*ADD_UNS_OP_5_2_6' from '(none)' to 'Small'. (OPT-170)
Information: Changed wire load model for 'DW01_add_width6' from '(none)' to 'Small'. (OPT-170)
Information: Changed wire load model for '*ADD_UNS_OP_5_2_6' from '(none)' to 'Small'. (OPT-170)
Information: Changed wire load model for 'DW01_inc_width5' from '(none)' to 'Small'. (OPT-170)
Information: Changed wire load model for '*ADD_UNS_OP_5_1_5' from '(none)' to 'Small'. (OPT-170)
Information: Changed wire load model for 'DW01_inc_width5' from '(none)' to 'Small'. (OPT-170)
Information: Changed wire load model for '*ADD_UNS_OP_5_1_5' from '(none)' to 'Small'. (OPT-170)
Information: Changed wire load model for 'DW01_inc_width5' from '(none)' to 'Small'. (OPT-170)
Information: Changed wire load model for '*ADD_UNS_OP_5_1_5' from '(none)' to 'Small'. (OPT-170)
Information: Changed wire load model for 'DW01_inc_width5' from '(none)' to 'Small'. (OPT-170)
Information: Changed wire load model for '*ADD_UNS_OP_5_1_5' from '(none)' to 'Small'. (OPT-170)
Information: Changed wire load model for 'DW01_dec_width5' from '(none)' to 'Small'. (OPT-170)
Information: Changed wire load model for '*SUB_UNS_OP_5_1_5' from '(none)' to 'Small'. (OPT-170)
Information: Changed wire load model for 'DW01_inc_width5' from '(none)' to 'Small'. (OPT-170)
Information: Changed wire load model for '*ADD_UNS_OP_5_1_5' from '(none)' to 'Small'. (OPT-170)
Information: Changed wire load model for 'DW01_sub_width7' from '(none)' to 'Small'. (OPT-170)
Information: Changed wire load model for '*SUB_UNS_OP_7_7_7' from '(none)' to 'Small'. (OPT-170)
Information: Changed wire load model for 'DW01_sub_width7' from '(none)' to 'Small'. (OPT-170)
Information: Changed wire load model for '*SUB_UNS_OP_7_7_7' from '(none)' to 'Small'. (OPT-170)
Information: Changed wire load model for 'DW01_sub_width7' from '(none)' to 'Small'. (OPT-170)
Information: Changed wire load model for '*SUB_UNS_OP_7_7_7' from '(none)' to 'Small'. (OPT-170)
Information: Changed wire load model for 'DW01_sub_width7' from '(none)' to 'Small'. (OPT-170)
Information: Changed wire load model for '*SUB_UNS_OP_7_7_7' from '(none)' to 'Small'. (OPT-170)
Information: Changed wire load model for 'DW01_sub_width7' from '(none)' to 'Small'. (OPT-170)
Information: Changed wire load model for '*SUB_UNS_OP_7_7_7' from '(none)' to 'Small'. (OPT-170)
Information: Changed wire load model for 'DW01_sub_width7' from '(none)' to 'Small'. (OPT-170)
Information: Changed wire load model for '*SUB_UNS_OP_7_7_7' from '(none)' to 'Small'. (OPT-170)
Information: Changed wire load model for 'DW01_sub_width7' from '(none)' to 'Small'. (OPT-170)
Information: Changed wire load model for '*SUB_UNS_OP_7_7_7' from '(none)' to 'Small'. (OPT-170)
Information: Changed wire load model for 'DW01_sub_width7' from '(none)' to 'Small'. (OPT-170)
Information: Changed wire load model for '*SUB_UNS_OP_7_7_7' from '(none)' to 'Small'. (OPT-170)
Information: Changed wire load model for 'DW01_sub_width7' from '(none)' to 'Small'. (OPT-170)
Information: Changed wire load model for '*SUB_UNS_OP_7_7_7' from '(none)' to 'Small'. (OPT-170)
Information: Changed wire load model for 'DW01_sub_width7' from '(none)' to 'Small'. (OPT-170)
Information: Changed wire load model for '*SUB_UNS_OP_7_7_7' from '(none)' to 'Small'. (OPT-170)
Information: Changed wire load model for 'DW01_sub_width7' from '(none)' to 'Small'. (OPT-170)
Information: Changed wire load model for '*SUB_UNS_OP_7_7_7' from '(none)' to 'Small'. (OPT-170)
Information: Changed wire load model for 'DW01_sub_width7' from '(none)' to 'Small'. (OPT-170)
Information: Changed wire load model for '*SUB_UNS_OP_7_7_7' from '(none)' to 'Small'. (OPT-170)
Information: Changed wire load model for 'DW01_sub_width7' from '(none)' to 'Small'. (OPT-170)
Information: Changed wire load model for '*SUB_UNS_OP_7_7_7' from '(none)' to 'Small'. (OPT-170)
Information: Changed wire load model for 'DW01_sub_width7' from '(none)' to 'Small'. (OPT-170)
Information: Changed wire load model for '*SUB_UNS_OP_7_7_7' from '(none)' to 'Small'. (OPT-170)
Information: Changed wire load model for 'DW01_sub_width7' from '(none)' to 'Small'. (OPT-170)
Information: Changed wire load model for '*SUB_UNS_OP_7_7_7' from '(none)' to 'Small'. (OPT-170)
Information: Changed wire load model for 'DW01_sub_width7' from '(none)' to 'Small'. (OPT-170)
Information: Changed wire load model for '*SUB_UNS_OP_7_7_7' from '(none)' to 'Small'. (OPT-170)
Information: Changed wire load model for 'DW01_sub_width7' from '(none)' to 'Small'. (OPT-170)
Information: Changed wire load model for '*SUB_UNS_OP_7_7_7' from '(none)' to 'Small'. (OPT-170)
Information: Changed wire load model for 'DW01_sub_width7' from '(none)' to 'Small'. (OPT-170)
Information: Changed wire load model for '*SUB_UNS_OP_7_7_7' from '(none)' to 'Small'. (OPT-170)
Information: Changed wire load model for 'DW01_sub_width7' from '(none)' to 'Small'. (OPT-170)
Information: Changed wire load model for '*SUB_UNS_OP_7_7_7' from '(none)' to 'Small'. (OPT-170)
Information: Changed wire load model for 'DW01_sub_width7' from '(none)' to 'Small'. (OPT-170)
Information: Changed wire load model for '*SUB_UNS_OP_7_7_7' from '(none)' to 'Small'. (OPT-170)
Information: Changed wire load model for 'DW01_sub_width7' from '(none)' to 'Small'. (OPT-170)
Information: Changed wire load model for '*SUB_UNS_OP_7_7_7' from '(none)' to 'Small'. (OPT-170)
Information: Changed wire load model for 'DW01_sub_width7' from '(none)' to 'Small'. (OPT-170)
Information: Changed wire load model for '*SUB_UNS_OP_7_7_7' from '(none)' to 'Small'. (OPT-170)
Information: Changed wire load model for 'DW01_sub_width7' from '(none)' to 'Small'. (OPT-170)
Information: Changed wire load model for '*SUB_UNS_OP_7_7_7' from '(none)' to 'Small'. (OPT-170)
Information: Changed wire load model for 'DW01_sub_width7' from '(none)' to 'Small'. (OPT-170)
Information: Changed wire load model for '*SUB_UNS_OP_7_7_7' from '(none)' to 'Small'. (OPT-170)
Information: Changed wire load model for 'DW01_sub_width7' from '(none)' to 'Small'. (OPT-170)
Information: Changed wire load model for '*SUB_UNS_OP_7_7_7' from '(none)' to 'Small'. (OPT-170)
Information: Changed wire load model for 'DW01_sub_width7' from '(none)' to 'Small'. (OPT-170)
Information: Changed wire load model for '*SUB_UNS_OP_7_7_7' from '(none)' to 'Small'. (OPT-170)
Information: Changed wire load model for 'DW01_sub_width7' from '(none)' to 'Small'. (OPT-170)
Information: Changed wire load model for '*SUB_UNS_OP_7_7_7' from '(none)' to 'Small'. (OPT-170)
Information: Changed wire load model for 'DW01_sub_width7' from '(none)' to 'Small'. (OPT-170)
Information: Changed wire load model for '*SUB_UNS_OP_7_7_7' from '(none)' to 'Small'. (OPT-170)
Information: Changed wire load model for 'DW01_sub_width7' from '(none)' to 'Small'. (OPT-170)
Information: Changed wire load model for '*SUB_UNS_OP_7_7_7' from '(none)' to 'Small'. (OPT-170)
Information: Changed wire load model for 'DW01_sub_width7' from '(none)' to 'Small'. (OPT-170)
Information: Changed wire load model for '*SUB_UNS_OP_7_7_7' from '(none)' to 'Small'. (OPT-170)
Information: Changed wire load model for 'DW01_sub_width7' from '(none)' to 'Small'. (OPT-170)
Information: Changed wire load model for '*SUB_UNS_OP_7_7_7' from '(none)' to 'Small'. (OPT-170)
Information: Changed wire load model for 'DW01_sub_width7' from '(none)' to 'Small'. (OPT-170)
Information: Changed wire load model for '*SUB_UNS_OP_7_7_7' from '(none)' to 'Small'. (OPT-170)
Information: Changed wire load model for 'DW01_sub_width7' from '(none)' to 'Small'. (OPT-170)
Information: Changed wire load model for '*SUB_UNS_OP_7_7_7' from '(none)' to 'Small'. (OPT-170)
Information: Changed wire load model for 'DW01_sub_width7' from '(none)' to 'Small'. (OPT-170)
Information: Changed wire load model for '*SUB_UNS_OP_7_7_7' from '(none)' to 'Small'. (OPT-170)
Information: Changed wire load model for 'DW01_sub_width7' from '(none)' to 'Small'. (OPT-170)
Information: Changed wire load model for '*SUB_UNS_OP_7_7_7' from '(none)' to 'Small'. (OPT-170)
Information: Changed wire load model for 'DW01_sub_width7' from '(none)' to 'Small'. (OPT-170)
Information: Changed wire load model for '*SUB_UNS_OP_7_7_7' from '(none)' to 'Small'. (OPT-170)
Information: Changed wire load model for 'DW01_sub_width7' from '(none)' to 'Small'. (OPT-170)
Information: Changed wire load model for '*SUB_UNS_OP_7_7_7' from '(none)' to 'Small'. (OPT-170)
Information: Changed wire load model for 'DW01_sub_width7' from '(none)' to 'Small'. (OPT-170)
Information: Changed wire load model for '*SUB_UNS_OP_7_7_7' from '(none)' to 'Small'. (OPT-170)
Information: Changed wire load model for 'DW01_sub_width7' from '(none)' to 'Small'. (OPT-170)
Information: Changed wire load model for '*SUB_UNS_OP_7_7_7' from '(none)' to 'Small'. (OPT-170)
Information: Changed wire load model for 'DW01_sub_width7' from '(none)' to 'Small'. (OPT-170)
Information: Changed wire load model for '*SUB_UNS_OP_7_7_7' from '(none)' to 'Small'. (OPT-170)
Information: Changed wire load model for 'DW01_sub_width7' from '(none)' to 'Small'. (OPT-170)
Information: Changed wire load model for '*SUB_UNS_OP_7_7_7' from '(none)' to 'Small'. (OPT-170)
Information: Changed wire load model for 'DW01_sub_width7' from '(none)' to 'Small'. (OPT-170)
Information: Changed wire load model for '*SUB_UNS_OP_7_7_7' from '(none)' to 'Small'. (OPT-170)
Information: Changed wire load model for 'DW01_sub_width7' from '(none)' to 'Small'. (OPT-170)
Information: Changed wire load model for '*SUB_UNS_OP_7_7_7' from '(none)' to 'Small'. (OPT-170)
Information: Changed wire load model for 'DW01_sub_width7' from '(none)' to 'Small'. (OPT-170)
Information: Changed wire load model for '*SUB_UNS_OP_7_7_7' from '(none)' to 'Small'. (OPT-170)
Information: Changed wire load model for 'DW01_sub_width7' from '(none)' to 'Small'. (OPT-170)
Information: Changed wire load model for '*SUB_UNS_OP_7_7_7' from '(none)' to 'Small'. (OPT-170)
Information: Changed wire load model for 'DW01_sub_width7' from '(none)' to 'Small'. (OPT-170)
Information: Changed wire load model for '*SUB_UNS_OP_7_7_7' from '(none)' to 'Small'. (OPT-170)
Information: Changed wire load model for 'DW01_sub_width7' from '(none)' to 'Small'. (OPT-170)
Information: Changed wire load model for '*SUB_UNS_OP_7_7_7' from '(none)' to 'Small'. (OPT-170)
Information: Changed wire load model for 'DW01_sub_width7' from '(none)' to 'Small'. (OPT-170)
Information: Changed wire load model for '*SUB_UNS_OP_7_7_7' from '(none)' to 'Small'. (OPT-170)
Information: Changed wire load model for 'DW01_sub_width7' from '(none)' to 'Small'. (OPT-170)
Information: Changed wire load model for '*SUB_UNS_OP_7_7_7' from '(none)' to 'Small'. (OPT-170)
Information: Changed wire load model for 'DW01_sub_width7' from '(none)' to 'Small'. (OPT-170)
Information: Changed wire load model for '*SUB_UNS_OP_7_7_7' from '(none)' to 'Small'. (OPT-170)
Information: Changed wire load model for 'DW01_sub_width7' from '(none)' to 'Small'. (OPT-170)
Information: Changed wire load model for '*SUB_UNS_OP_7_7_7' from '(none)' to 'Small'. (OPT-170)
Information: Changed wire load model for 'DW01_sub_width7' from '(none)' to 'Small'. (OPT-170)
Information: Changed wire load model for '*SUB_UNS_OP_7_7_7' from '(none)' to 'Small'. (OPT-170)
Information: Changed wire load model for 'DW01_sub_width7' from '(none)' to 'Small'. (OPT-170)
Information: Changed wire load model for '*SUB_UNS_OP_7_7_7' from '(none)' to 'Small'. (OPT-170)
Information: Changed wire load model for 'DW01_sub_width7' from '(none)' to 'Small'. (OPT-170)
Information: Changed wire load model for '*SUB_UNS_OP_7_7_7' from '(none)' to 'Small'. (OPT-170)
Information: Changed wire load model for 'DW01_sub_width7' from '(none)' to 'Small'. (OPT-170)
Information: Changed wire load model for '*SUB_UNS_OP_7_7_7' from '(none)' to 'Small'. (OPT-170)
Information: Changed wire load model for 'DW01_sub_width7' from '(none)' to 'Small'. (OPT-170)
Information: Changed wire load model for '*SUB_UNS_OP_7_7_7' from '(none)' to 'Small'. (OPT-170)
Information: Changed wire load model for 'DW01_sub_width7' from '(none)' to 'Small'. (OPT-170)
Information: Changed wire load model for '*SUB_UNS_OP_7_7_7' from '(none)' to 'Small'. (OPT-170)
Information: Changed wire load model for 'DW01_sub_width7' from '(none)' to 'Small'. (OPT-170)
Information: Changed wire load model for '*SUB_UNS_OP_7_7_7' from '(none)' to 'Small'. (OPT-170)
Information: Changed wire load model for 'DW01_sub_width7' from '(none)' to 'Small'. (OPT-170)
Information: Changed wire load model for '*SUB_UNS_OP_7_7_7' from '(none)' to 'Small'. (OPT-170)
Information: Changed wire load model for 'DW01_sub_width7' from '(none)' to 'Small'. (OPT-170)
Information: Changed wire load model for '*SUB_UNS_OP_7_7_7' from '(none)' to 'Small'. (OPT-170)
Information: Changed wire load model for 'DW01_sub_width7' from '(none)' to 'Small'. (OPT-170)
Information: Changed wire load model for '*SUB_UNS_OP_7_7_7' from '(none)' to 'Small'. (OPT-170)
Information: Changed wire load model for 'DW01_sub_width7' from '(none)' to 'Small'. (OPT-170)
Information: Changed wire load model for '*SUB_UNS_OP_7_7_7' from '(none)' to 'Small'. (OPT-170)
Information: Changed wire load model for 'DW01_sub_width7' from '(none)' to 'Small'. (OPT-170)
Information: Changed wire load model for '*SUB_UNS_OP_7_7_7' from '(none)' to 'Small'. (OPT-170)
Information: Changed wire load model for 'DW01_sub_width7' from '(none)' to 'Small'. (OPT-170)
Information: Changed wire load model for '*SUB_UNS_OP_7_7_7' from '(none)' to 'Small'. (OPT-170)
Information: Changed wire load model for 'DW01_add_width6' from '(none)' to 'Small'. (OPT-170)
Information: Changed wire load model for '*ADD_UNS_OP_5_2_6' from '(none)' to 'Small'. (OPT-170)
Information: Changed wire load model for 'DW01_add_width6' from '(none)' to 'Small'. (OPT-170)
Information: Changed wire load model for '*ADD_UNS_OP_5_2_6' from '(none)' to 'Small'. (OPT-170)
Information: Changed wire load model for 'DW01_dec_width5' from '(none)' to 'Small'. (OPT-170)
Information: Changed wire load model for '*SUB_UNS_OP_5_1_5' from '(none)' to 'Small'. (OPT-170)
Information: Changed wire load model for 'DW01_dec_width5' from '(none)' to 'Small'. (OPT-170)
Information: Changed wire load model for '*SUB_UNS_OP_5_1_5' from '(none)' to 'Small'. (OPT-170)
Information: Changed wire load model for 'DW01_dec_width5' from '(none)' to 'Small'. (OPT-170)
Information: Changed wire load model for '*SUB_UNS_OP_5_1_5' from '(none)' to 'Small'. (OPT-170)
Information: Changed wire load model for 'DW01_sub_width7' from '(none)' to 'Small'. (OPT-170)
Information: Changed wire load model for '*SUB_UNS_OP_7_7_7' from '(none)' to 'Small'. (OPT-170)
Information: Changed wire load model for 'DW01_sub_width7' from '(none)' to 'Small'. (OPT-170)
Information: Changed wire load model for '*SUB_UNS_OP_7_7_7' from '(none)' to 'Small'. (OPT-170)
Information: Changed wire load model for 'DW01_sub_width7' from '(none)' to 'Small'. (OPT-170)
Information: Changed wire load model for '*SUB_UNS_OP_7_7_7' from '(none)' to 'Small'. (OPT-170)
Information: Changed wire load model for 'DW01_sub_width7' from '(none)' to 'Small'. (OPT-170)
Information: Changed wire load model for '*SUB_UNS_OP_7_7_7' from '(none)' to 'Small'. (OPT-170)
Information: Changed wire load model for 'DW01_sub_width7' from '(none)' to 'Small'. (OPT-170)
Information: Changed wire load model for '*SUB_UNS_OP_7_7_7' from '(none)' to 'Small'. (OPT-170)
Information: Changed wire load model for 'DW01_sub_width7' from '(none)' to 'Small'. (OPT-170)
Information: Changed wire load model for '*SUB_UNS_OP_7_7_7' from '(none)' to 'Small'. (OPT-170)
Information: Changed wire load model for 'DW01_sub_width7' from '(none)' to 'Small'. (OPT-170)
Information: Changed wire load model for '*SUB_UNS_OP_7_7_7' from '(none)' to 'Small'. (OPT-170)
Information: Changed wire load model for 'DW01_sub_width7' from '(none)' to 'Small'. (OPT-170)
Information: Changed wire load model for '*SUB_UNS_OP_7_7_7' from '(none)' to 'Small'. (OPT-170)
Information: Changed wire load model for 'DW01_sub_width7' from '(none)' to 'Small'. (OPT-170)
Information: Changed wire load model for '*SUB_UNS_OP_7_7_7' from '(none)' to 'Small'. (OPT-170)
Information: Changed wire load model for 'DW01_sub_width7' from '(none)' to 'Small'. (OPT-170)
Information: Changed wire load model for '*SUB_UNS_OP_7_7_7' from '(none)' to 'Small'. (OPT-170)
Information: Changed wire load model for 'DW01_sub_width7' from '(none)' to 'Small'. (OPT-170)
Information: Changed wire load model for '*SUB_UNS_OP_7_7_7' from '(none)' to 'Small'. (OPT-170)
Information: Changed wire load model for 'DW01_sub_width7' from '(none)' to 'Small'. (OPT-170)
Information: Changed wire load model for '*SUB_UNS_OP_7_7_7' from '(none)' to 'Small'. (OPT-170)
Information: Changed wire load model for 'DW01_sub_width7' from '(none)' to 'Small'. (OPT-170)
Information: Changed wire load model for '*SUB_UNS_OP_7_7_7' from '(none)' to 'Small'. (OPT-170)
Information: Changed wire load model for 'DW01_sub_width7' from '(none)' to 'Small'. (OPT-170)
Information: Changed wire load model for '*SUB_UNS_OP_7_7_7' from '(none)' to 'Small'. (OPT-170)
Information: Changed wire load model for 'DW01_sub_width7' from '(none)' to 'Small'. (OPT-170)
Information: Changed wire load model for '*SUB_UNS_OP_7_7_7' from '(none)' to 'Small'. (OPT-170)
Information: Changed wire load model for 'DW01_sub_width7' from '(none)' to 'Small'. (OPT-170)
Information: Changed wire load model for '*SUB_UNS_OP_7_7_7' from '(none)' to 'Small'. (OPT-170)
Information: Changed wire load model for 'DW01_sub_width7' from '(none)' to 'Small'. (OPT-170)
Information: Changed wire load model for '*SUB_UNS_OP_7_7_7' from '(none)' to 'Small'. (OPT-170)
Information: Changed wire load model for 'DW01_sub_width7' from '(none)' to 'Small'. (OPT-170)
Information: Changed wire load model for '*SUB_UNS_OP_7_7_7' from '(none)' to 'Small'. (OPT-170)
Information: Changed wire load model for 'DW01_sub_width7' from '(none)' to 'Small'. (OPT-170)
Information: Changed wire load model for '*SUB_UNS_OP_7_7_7' from '(none)' to 'Small'. (OPT-170)
Information: Changed wire load model for 'DW01_sub_width7' from '(none)' to 'Small'. (OPT-170)
Information: Changed wire load model for '*SUB_UNS_OP_7_7_7' from '(none)' to 'Small'. (OPT-170)
Information: Changed wire load model for 'DW01_sub_width7' from '(none)' to 'Small'. (OPT-170)
Information: Changed wire load model for '*SUB_UNS_OP_7_7_7' from '(none)' to 'Small'. (OPT-170)
Information: Changed wire load model for 'DW01_sub_width7' from '(none)' to 'Small'. (OPT-170)
Information: Changed wire load model for '*SUB_UNS_OP_7_7_7' from '(none)' to 'Small'. (OPT-170)
Information: Changed wire load model for 'DW01_sub_width7' from '(none)' to 'Small'. (OPT-170)
Information: Changed wire load model for '*SUB_UNS_OP_7_7_7' from '(none)' to 'Small'. (OPT-170)
Information: Changed wire load model for 'DW01_sub_width7' from '(none)' to 'Small'. (OPT-170)
Information: Changed wire load model for '*SUB_UNS_OP_7_7_7' from '(none)' to 'Small'. (OPT-170)
Information: Changed wire load model for 'DW01_sub_width7' from '(none)' to 'Small'. (OPT-170)
Information: Changed wire load model for '*SUB_UNS_OP_7_7_7' from '(none)' to 'Small'. (OPT-170)
Information: Changed wire load model for 'DW01_sub_width7' from '(none)' to 'Small'. (OPT-170)
Information: Changed wire load model for '*SUB_UNS_OP_7_7_7' from '(none)' to 'Small'. (OPT-170)
Information: Changed wire load model for 'DW01_sub_width7' from '(none)' to 'Small'. (OPT-170)
Information: Changed wire load model for '*SUB_UNS_OP_7_7_7' from '(none)' to 'Small'. (OPT-170)
Information: Changed wire load model for 'DW01_sub_width7' from '(none)' to 'Small'. (OPT-170)
Information: Changed wire load model for '*SUB_UNS_OP_7_7_7' from '(none)' to 'Small'. (OPT-170)
Information: Changed wire load model for 'DW01_sub_width7' from '(none)' to 'Small'. (OPT-170)
Information: Changed wire load model for '*SUB_UNS_OP_7_7_7' from '(none)' to 'Small'. (OPT-170)
Information: Changed wire load model for 'DW01_sub_width7' from '(none)' to 'Small'. (OPT-170)
Information: Changed wire load model for '*SUB_UNS_OP_7_7_7' from '(none)' to 'Small'. (OPT-170)
Information: Changed wire load model for 'DW01_sub_width7' from '(none)' to 'Small'. (OPT-170)
Information: Changed wire load model for '*SUB_UNS_OP_7_7_7' from '(none)' to 'Small'. (OPT-170)
Information: Changed wire load model for 'DW01_sub_width7' from '(none)' to 'Small'. (OPT-170)
Information: Changed wire load model for '*SUB_UNS_OP_7_7_7' from '(none)' to 'Small'. (OPT-170)
Information: Changed wire load model for 'DW01_add_width6' from '(none)' to 'Small'. (OPT-170)
Information: Changed wire load model for '*ADD_UNS_OP_5_2_6' from '(none)' to 'Small'. (OPT-170)
Information: Changed wire load model for 'DW01_add_width6' from '(none)' to 'Small'. (OPT-170)
Information: Changed wire load model for '*ADD_UNS_OP_5_2_6' from '(none)' to 'Small'. (OPT-170)
Information: Changed wire load model for 'DW01_sub_width7' from '(none)' to 'Small'. (OPT-170)
Information: Changed wire load model for '*SUB_UNS_OP_7_7_7' from '(none)' to 'Small'. (OPT-170)
Information: Changed wire load model for 'DW01_sub_width7' from '(none)' to 'Small'. (OPT-170)
Information: Changed wire load model for '*SUB_UNS_OP_7_7_7' from '(none)' to 'Small'. (OPT-170)
Information: Changed wire load model for 'DW01_sub_width7' from '(none)' to 'Small'. (OPT-170)
Information: Changed wire load model for '*SUB_UNS_OP_7_7_7' from '(none)' to 'Small'. (OPT-170)
Information: Changed wire load model for 'DW01_sub_width7' from '(none)' to 'Small'. (OPT-170)
Information: Changed wire load model for '*SUB_UNS_OP_7_7_7' from '(none)' to 'Small'. (OPT-170)
Information: Changed wire load model for 'DW01_sub_width7' from '(none)' to 'Small'. (OPT-170)
Information: Changed wire load model for '*SUB_UNS_OP_7_7_7' from '(none)' to 'Small'. (OPT-170)
Information: Changed wire load model for 'DW01_sub_width7' from '(none)' to 'Small'. (OPT-170)
Information: Changed wire load model for '*SUB_UNS_OP_7_7_7' from '(none)' to 'Small'. (OPT-170)
Information: Changed wire load model for 'DW01_sub_width7' from '(none)' to 'Small'. (OPT-170)
Information: Changed wire load model for '*SUB_UNS_OP_7_7_7' from '(none)' to 'Small'. (OPT-170)
Information: Changed wire load model for 'DW01_sub_width7' from '(none)' to 'Small'. (OPT-170)
Information: Changed wire load model for '*SUB_UNS_OP_7_7_7' from '(none)' to 'Small'. (OPT-170)
Information: Changed wire load model for 'DW01_sub_width7' from '(none)' to 'Small'. (OPT-170)
Information: Changed wire load model for '*SUB_UNS_OP_7_7_7' from '(none)' to 'Small'. (OPT-170)
Information: Changed wire load model for 'DW01_sub_width7' from '(none)' to 'Small'. (OPT-170)
Information: Changed wire load model for '*SUB_UNS_OP_7_7_7' from '(none)' to 'Small'. (OPT-170)
Information: Changed wire load model for 'DW01_sub_width7' from '(none)' to 'Small'. (OPT-170)
Information: Changed wire load model for '*SUB_UNS_OP_7_7_7' from '(none)' to 'Small'. (OPT-170)
Information: Changed wire load model for 'DW01_sub_width7' from '(none)' to 'Small'. (OPT-170)
Information: Changed wire load model for '*SUB_UNS_OP_7_7_7' from '(none)' to 'Small'. (OPT-170)
Information: Changed wire load model for 'DW01_sub_width7' from '(none)' to 'Small'. (OPT-170)
Information: Changed wire load model for '*SUB_UNS_OP_7_7_7' from '(none)' to 'Small'. (OPT-170)
Information: Changed wire load model for 'DW01_sub_width7' from '(none)' to 'Small'. (OPT-170)
Information: Changed wire load model for '*SUB_UNS_OP_7_7_7' from '(none)' to 'Small'. (OPT-170)
Information: Changed wire load model for 'DW01_sub_width7' from '(none)' to 'Small'. (OPT-170)
Information: Changed wire load model for '*SUB_UNS_OP_7_7_7' from '(none)' to 'Small'. (OPT-170)
Information: Changed wire load model for 'DW01_sub_width7' from '(none)' to 'Small'. (OPT-170)
Information: Changed wire load model for '*SUB_UNS_OP_7_7_7' from '(none)' to 'Small'. (OPT-170)
Information: Changed wire load model for 'DW01_sub_width7' from '(none)' to 'Small'. (OPT-170)
Information: Changed wire load model for '*SUB_UNS_OP_7_7_7' from '(none)' to 'Small'. (OPT-170)
Information: Changed wire load model for 'DW01_sub_width7' from '(none)' to 'Small'. (OPT-170)
Information: Changed wire load model for '*SUB_UNS_OP_7_7_7' from '(none)' to 'Small'. (OPT-170)
Information: Changed wire load model for 'DW01_sub_width7' from '(none)' to 'Small'. (OPT-170)
Information: Changed wire load model for '*SUB_UNS_OP_7_7_7' from '(none)' to 'Small'. (OPT-170)
Information: Changed wire load model for 'DW01_sub_width7' from '(none)' to 'Small'. (OPT-170)
Information: Changed wire load model for '*SUB_UNS_OP_7_7_7' from '(none)' to 'Small'. (OPT-170)
Information: Changed wire load model for 'DW01_sub_width7' from '(none)' to 'Small'. (OPT-170)
Information: Changed wire load model for '*SUB_UNS_OP_7_7_7' from '(none)' to 'Small'. (OPT-170)
Information: Changed wire load model for 'DW01_sub_width7' from '(none)' to 'Small'. (OPT-170)
Information: Changed wire load model for '*SUB_UNS_OP_7_7_7' from '(none)' to 'Small'. (OPT-170)
Information: Changed wire load model for 'DW01_sub_width7' from '(none)' to 'Small'. (OPT-170)
Information: Changed wire load model for '*SUB_UNS_OP_7_7_7' from '(none)' to 'Small'. (OPT-170)
Information: Changed wire load model for 'DW01_sub_width7' from '(none)' to 'Small'. (OPT-170)
Information: Changed wire load model for '*SUB_UNS_OP_7_7_7' from '(none)' to 'Small'. (OPT-170)
Information: Changed wire load model for 'DW01_sub_width7' from '(none)' to 'Small'. (OPT-170)
Information: Changed wire load model for '*SUB_UNS_OP_7_7_7' from '(none)' to 'Small'. (OPT-170)
Information: Changed wire load model for 'DW01_sub_width7' from '(none)' to 'Small'. (OPT-170)
Information: Changed wire load model for '*SUB_UNS_OP_7_7_7' from '(none)' to 'Small'. (OPT-170)
Information: Changed wire load model for 'DW01_sub_width7' from '(none)' to 'Small'. (OPT-170)
Information: Changed wire load model for '*SUB_UNS_OP_7_7_7' from '(none)' to 'Small'. (OPT-170)
Information: Changed wire load model for 'DW01_sub_width7' from '(none)' to 'Small'. (OPT-170)
Information: Changed wire load model for '*SUB_UNS_OP_7_7_7' from '(none)' to 'Small'. (OPT-170)
Information: Changed wire load model for 'DW01_sub_width7' from '(none)' to 'Small'. (OPT-170)
Information: Changed wire load model for '*SUB_UNS_OP_7_7_7' from '(none)' to 'Small'. (OPT-170)
Information: Changed wire load model for 'DW01_sub_width7' from '(none)' to 'Small'. (OPT-170)
Information: Changed wire load model for '*SUB_UNS_OP_7_7_7' from '(none)' to 'Small'. (OPT-170)
Information: Changed wire load model for 'DW01_sub_width7' from '(none)' to 'Small'. (OPT-170)
Information: Changed wire load model for '*SUB_UNS_OP_7_7_7' from '(none)' to 'Small'. (OPT-170)
Information: Changed wire load model for 'DW01_sub_width7' from '(none)' to 'Small'. (OPT-170)
Information: Changed wire load model for '*SUB_UNS_OP_7_7_7' from '(none)' to 'Small'. (OPT-170)
Information: Changed wire load model for 'DW01_add_width6' from '(none)' to 'Small'. (OPT-170)
Information: Changed wire load model for '*ADD_UNS_OP_5_2_6' from '(none)' to 'Small'. (OPT-170)
Information: Changed wire load model for 'DW01_add_width6' from '(none)' to 'Small'. (OPT-170)
Information: Changed wire load model for '*ADD_UNS_OP_5_2_6' from '(none)' to 'Small'. (OPT-170)
Information: Changed wire load model for 'DW01_dec_width5' from '(none)' to 'Small'. (OPT-170)
Information: Changed wire load model for '*SUB_UNS_OP_5_1_5' from '(none)' to 'Small'. (OPT-170)
Information: Changed wire load model for 'DW01_inc_width5' from '(none)' to 'Small'. (OPT-170)
Information: Changed wire load model for '*ADD_UNS_OP_5_1_5' from '(none)' to 'Small'. (OPT-170)
Information: Changed wire load model for 'DW01_dec_width5' from '(none)' to 'Small'. (OPT-170)
Information: Changed wire load model for '*SUB_UNS_OP_5_1_5' from '(none)' to 'Small'. (OPT-170)
Information: Changed wire load model for 'DW01_add_width6' from '(none)' to 'Small'. (OPT-170)
Information: Changed wire load model for '*ADD_UNS_OP_5_2_6' from '(none)' to 'Small'. (OPT-170)
Information: Changed wire load model for 'DW01_sub_width7' from '(none)' to 'Small'. (OPT-170)
Information: Changed wire load model for '*SUB_UNS_OP_7_4_7' from '(none)' to 'Small'. (OPT-170)
Information: Changed wire load model for 'DW01_add_width7' from '(none)' to 'Small'. (OPT-170)
Information: Changed wire load model for '*ADD_UNS_OP_7_4_7' from '(none)' to 'Small'. (OPT-170)
Information: Changed wire load model for 'DW01_add_width7' from '(none)' to 'Small'. (OPT-170)
Information: Changed wire load model for '*ADD_UNS_OP_7_4_7' from '(none)' to 'Small'. (OPT-170)
Information: Changed wire load model for 'DW01_sub_width7' from '(none)' to 'Small'. (OPT-170)
Information: Changed wire load model for '*SUB_UNS_OP_7_4_7' from '(none)' to 'Small'. (OPT-170)
Information: Changed wire load model for 'DW01_add_width7' from '(none)' to 'Small'. (OPT-170)
Information: Changed wire load model for '*ADD_UNS_OP_7_6_7' from '(none)' to 'Small'. (OPT-170)
Information: Changed wire load model for 'DW01_add_width7' from '(none)' to 'Small'. (OPT-170)
Information: Changed wire load model for '*ADD_UNS_OP_7_6_7' from '(none)' to 'Small'. (OPT-170)
Information: Changed wire load model for 'DW01_sub_width7' from '(none)' to 'Small'. (OPT-170)
Information: Changed wire load model for '*SUB_UNS_OP_7_3_7' from '(none)' to 'Small'. (OPT-170)
Information: Changed wire load model for 'DW01_add_width7' from '(none)' to 'Small'. (OPT-170)
Information: Changed wire load model for '*ADD_UNS_OP_7_3_7' from '(none)' to 'Small'. (OPT-170)
Information: Changed wire load model for 'DW01_add_width7' from '(none)' to 'Small'. (OPT-170)
Information: Changed wire load model for '*ADD_UNS_OP_7_3_7' from '(none)' to 'Small'. (OPT-170)
Information: Changed wire load model for 'DW01_sub_width7' from '(none)' to 'Small'. (OPT-170)
Information: Changed wire load model for '*SUB_UNS_OP_7_3_7' from '(none)' to 'Small'. (OPT-170)
Information: Changed wire load model for 'DW01_add_width7' from '(none)' to 'Small'. (OPT-170)
Information: Changed wire load model for '*ADD_UNS_OP_7_5_7' from '(none)' to 'Small'. (OPT-170)
Information: Changed wire load model for 'DW01_add_width7' from '(none)' to 'Small'. (OPT-170)
Information: Changed wire load model for '*ADD_UNS_OP_7_5_7' from '(none)' to 'Small'. (OPT-170)
Information: Changed wire load model for 'DW01_add_width7' from '(none)' to 'Small'. (OPT-170)
Information: Changed wire load model for '*ADD_UNS_OP_7_2_7' from '(none)' to 'Small'. (OPT-170)
Information: Changed wire load model for 'DW01_add_width7' from '(none)' to 'Small'. (OPT-170)
Information: Changed wire load model for '*ADD_UNS_OP_7_2_7' from '(none)' to 'Small'. (OPT-170)
Information: Changed wire load model for 'DW01_add_width7' from '(none)' to 'Small'. (OPT-170)
Information: Changed wire load model for '*ADD_UNS_OP_7_2_7' from '(none)' to 'Small'. (OPT-170)
Information: Changed wire load model for 'DW01_add_width7' from '(none)' to 'Small'. (OPT-170)
Information: Changed wire load model for '*ADD_UNS_OP_7_2_7' from '(none)' to 'Small'. (OPT-170)
Information: Changed wire load model for 'DW01_dec_width4' from '(none)' to 'Small'. (OPT-170)
Information: Changed wire load model for '*SUB_UNS_OP_4_1_4' from '(none)' to 'Small'. (OPT-170)
Information: Changed wire load model for 'DW01_inc_width4' from '(none)' to 'Small'. (OPT-170)
Information: Changed wire load model for '*ADD_UNS_OP_4_1_4' from '(none)' to 'Small'. (OPT-170)
Information: Changed wire load model for 'DW01_sub_width4' from '(none)' to 'Small'. (OPT-170)
Information: Changed wire load model for '*SUB_UNS_OP_4_2_4' from '(none)' to 'Small'. (OPT-170)
Information: Changed wire load model for 'DW01_add_width4' from '(none)' to 'Small'. (OPT-170)
Information: Changed wire load model for '*ADD_UNS_OP_4_2_4' from '(none)' to 'Small'. (OPT-170)
Information: Changed wire load model for 'DW01_dec_width4' from '(none)' to 'Small'. (OPT-170)
Information: Changed wire load model for '*SUB_UNS_OP_4_1_4' from '(none)' to 'Small'. (OPT-170)
Information: Changed wire load model for 'DW01_inc_width4' from '(none)' to 'Small'. (OPT-170)
Information: Changed wire load model for '*ADD_UNS_OP_4_1_4' from '(none)' to 'Small'. (OPT-170)
Information: Changed wire load model for 'DW01_sub_width4' from '(none)' to 'Small'. (OPT-170)
Information: Changed wire load model for '*SUB_UNS_OP_4_2_4' from '(none)' to 'Small'. (OPT-170)
Information: Changed wire load model for 'DW01_add_width4' from '(none)' to 'Small'. (OPT-170)
Information: Changed wire load model for '*ADD_UNS_OP_4_2_4' from '(none)' to 'Small'. (OPT-170)
Information: Changed wire load model for 'DW01_dec_width4' from '(none)' to 'Small'. (OPT-170)
Information: Changed wire load model for '*SUB_UNS_OP_4_1_4' from '(none)' to 'Small'. (OPT-170)
Information: Changed wire load model for 'DW01_inc_width4' from '(none)' to 'Small'. (OPT-170)
Information: Changed wire load model for '*ADD_UNS_OP_4_1_4' from '(none)' to 'Small'. (OPT-170)
Information: Changed wire load model for 'DW01_sub_width4' from '(none)' to 'Small'. (OPT-170)
Information: Changed wire load model for '*SUB_UNS_OP_4_2_4' from '(none)' to 'Small'. (OPT-170)
Information: Changed wire load model for 'DW01_add_width4' from '(none)' to 'Small'. (OPT-170)
Information: Changed wire load model for '*ADD_UNS_OP_4_2_4' from '(none)' to 'Small'. (OPT-170)
Information: Changed wire load model for 'DW01_dec_width4' from '(none)' to 'Small'. (OPT-170)
Information: Changed wire load model for '*SUB_UNS_OP_4_1_4' from '(none)' to 'Small'. (OPT-170)
Information: Changed wire load model for 'DW01_inc_width4' from '(none)' to 'Small'. (OPT-170)
Information: Changed wire load model for '*ADD_UNS_OP_4_1_4' from '(none)' to 'Small'. (OPT-170)
Information: Changed wire load model for 'DW01_sub_width4' from '(none)' to 'Small'. (OPT-170)
Information: Changed wire load model for '*SUB_UNS_OP_4_2_4' from '(none)' to 'Small'. (OPT-170)
Information: Changed wire load model for 'DW01_add_width4' from '(none)' to 'Small'. (OPT-170)
Information: Changed wire load model for '*ADD_UNS_OP_4_2_4' from '(none)' to 'Small'. (OPT-170)
Information: Changed wire load model for 'DW01_dec_width4' from '(none)' to 'Small'. (OPT-170)
Information: Changed wire load model for '*SUB_UNS_OP_4_1_4' from '(none)' to 'Small'. (OPT-170)
Information: Changed wire load model for 'DW01_inc_width4' from '(none)' to 'Small'. (OPT-170)
Information: Changed wire load model for '*ADD_UNS_OP_4_1_4' from '(none)' to 'Small'. (OPT-170)
Information: Changed wire load model for 'DW01_sub_width4' from '(none)' to 'Small'. (OPT-170)
Information: Changed wire load model for '*SUB_UNS_OP_4_2_4' from '(none)' to 'Small'. (OPT-170)
Information: Changed wire load model for 'DW01_add_width4' from '(none)' to 'Small'. (OPT-170)
Information: Changed wire load model for '*ADD_UNS_OP_4_2_4' from '(none)' to 'Small'. (OPT-170)
Information: Changed wire load model for 'DW01_dec_width4' from '(none)' to 'Small'. (OPT-170)
Information: Changed wire load model for '*SUB_UNS_OP_4_1_4' from '(none)' to 'Small'. (OPT-170)
Information: Changed wire load model for 'DW01_inc_width4' from '(none)' to 'Small'. (OPT-170)
Information: Changed wire load model for '*ADD_UNS_OP_4_1_4' from '(none)' to 'Small'. (OPT-170)
Information: Changed wire load model for 'DW01_sub_width4' from '(none)' to 'Small'. (OPT-170)
Information: Changed wire load model for '*SUB_UNS_OP_4_2_4' from '(none)' to 'Small'. (OPT-170)
Information: Changed wire load model for 'DW01_add_width4' from '(none)' to 'Small'. (OPT-170)
Information: Changed wire load model for '*ADD_UNS_OP_4_2_4' from '(none)' to 'Small'. (OPT-170)
Information: Changed wire load model for 'DW01_dec_width4' from '(none)' to 'Small'. (OPT-170)
Information: Changed wire load model for '*SUB_UNS_OP_4_1_4' from '(none)' to 'Small'. (OPT-170)
Information: Changed wire load model for 'DW01_inc_width4' from '(none)' to 'Small'. (OPT-170)
Information: Changed wire load model for '*ADD_UNS_OP_4_1_4' from '(none)' to 'Small'. (OPT-170)
Information: Changed wire load model for 'DW01_sub_width4' from '(none)' to 'Small'. (OPT-170)
Information: Changed wire load model for '*SUB_UNS_OP_4_2_4' from '(none)' to 'Small'. (OPT-170)
Information: Changed wire load model for 'DW01_add_width4' from '(none)' to 'Small'. (OPT-170)
Information: Changed wire load model for '*ADD_UNS_OP_4_2_4' from '(none)' to 'Small'. (OPT-170)
Information: Changed wire load model for 'DW01_dec_width4' from '(none)' to 'Small'. (OPT-170)
Information: Changed wire load model for '*SUB_UNS_OP_4_1_4' from '(none)' to 'Small'. (OPT-170)
Information: Changed wire load model for 'DW01_inc_width4' from '(none)' to 'Small'. (OPT-170)
Information: Changed wire load model for '*ADD_UNS_OP_4_1_4' from '(none)' to 'Small'. (OPT-170)
Information: Changed wire load model for 'DW01_sub_width4' from '(none)' to 'Small'. (OPT-170)
Information: Changed wire load model for '*SUB_UNS_OP_4_2_4' from '(none)' to 'Small'. (OPT-170)
Information: Changed wire load model for 'DW01_add_width4' from '(none)' to 'Small'. (OPT-170)
Information: Changed wire load model for '*ADD_UNS_OP_4_2_4' from '(none)' to 'Small'. (OPT-170)
Information: Changed wire load model for 'DW01_dec_width4' from '(none)' to 'Small'. (OPT-170)
Information: Changed wire load model for '*SUB_UNS_OP_4_1_4' from '(none)' to 'Small'. (OPT-170)
Information: Changed wire load model for 'DW01_inc_width4' from '(none)' to 'Small'. (OPT-170)
Information: Changed wire load model for '*ADD_UNS_OP_4_1_4' from '(none)' to 'Small'. (OPT-170)
Information: Changed wire load model for 'DW01_sub_width4' from '(none)' to 'Small'. (OPT-170)
Information: Changed wire load model for '*SUB_UNS_OP_4_2_4' from '(none)' to 'Small'. (OPT-170)
Information: Changed wire load model for 'DW01_add_width4' from '(none)' to 'Small'. (OPT-170)
Information: Changed wire load model for '*ADD_UNS_OP_4_2_4' from '(none)' to 'Small'. (OPT-170)
Information: Changed wire load model for 'DW01_dec_width4' from '(none)' to 'Small'. (OPT-170)
Information: Changed wire load model for '*SUB_UNS_OP_4_1_4' from '(none)' to 'Small'. (OPT-170)
Information: Changed wire load model for 'DW01_inc_width4' from '(none)' to 'Small'. (OPT-170)
Information: Changed wire load model for '*ADD_UNS_OP_4_1_4' from '(none)' to 'Small'. (OPT-170)
Information: Changed wire load model for 'DW01_sub_width4' from '(none)' to 'Small'. (OPT-170)
Information: Changed wire load model for '*SUB_UNS_OP_4_2_4' from '(none)' to 'Small'. (OPT-170)
Information: Changed wire load model for 'DW01_add_width4' from '(none)' to 'Small'. (OPT-170)
Information: Changed wire load model for '*ADD_UNS_OP_4_2_4' from '(none)' to 'Small'. (OPT-170)
Information: Changed wire load model for 'DW01_dec_width4' from '(none)' to 'Small'. (OPT-170)
Information: Changed wire load model for '*SUB_UNS_OP_4_1_4' from '(none)' to 'Small'. (OPT-170)
Information: Changed wire load model for 'DW01_inc_width4' from '(none)' to 'Small'. (OPT-170)
Information: Changed wire load model for '*ADD_UNS_OP_4_1_4' from '(none)' to 'Small'. (OPT-170)
Information: Changed wire load model for 'DW01_sub_width4' from '(none)' to 'Small'. (OPT-170)
Information: Changed wire load model for '*SUB_UNS_OP_4_2_4' from '(none)' to 'Small'. (OPT-170)
Information: Changed wire load model for 'DW01_add_width4' from '(none)' to 'Small'. (OPT-170)
Information: Changed wire load model for '*ADD_UNS_OP_4_2_4' from '(none)' to 'Small'. (OPT-170)
Information: Changed wire load model for 'DW01_dec_width4' from '(none)' to 'Small'. (OPT-170)
Information: Changed wire load model for '*SUB_UNS_OP_4_1_4' from '(none)' to 'Small'. (OPT-170)
Information: Changed wire load model for 'DW01_inc_width4' from '(none)' to 'Small'. (OPT-170)
Information: Changed wire load model for '*ADD_UNS_OP_4_1_4' from '(none)' to 'Small'. (OPT-170)
Information: Changed wire load model for 'DW01_sub_width4' from '(none)' to 'Small'. (OPT-170)
Information: Changed wire load model for '*SUB_UNS_OP_4_2_4' from '(none)' to 'Small'. (OPT-170)
Information: Changed wire load model for 'DW01_add_width4' from '(none)' to 'Small'. (OPT-170)
Information: Changed wire load model for '*ADD_UNS_OP_4_2_4' from '(none)' to 'Small'. (OPT-170)
Information: Changed wire load model for 'DW01_dec_width4' from '(none)' to 'Small'. (OPT-170)
Information: Changed wire load model for '*SUB_UNS_OP_4_1_4' from '(none)' to 'Small'. (OPT-170)
Information: Changed wire load model for 'DW01_inc_width4' from '(none)' to 'Small'. (OPT-170)
Information: Changed wire load model for '*ADD_UNS_OP_4_1_4' from '(none)' to 'Small'. (OPT-170)
Information: Changed wire load model for 'DW01_sub_width4' from '(none)' to 'Small'. (OPT-170)
Information: Changed wire load model for '*SUB_UNS_OP_4_2_4' from '(none)' to 'Small'. (OPT-170)
Information: Changed wire load model for 'DW01_add_width4' from '(none)' to 'Small'. (OPT-170)
Information: Changed wire load model for '*ADD_UNS_OP_4_2_4' from '(none)' to 'Small'. (OPT-170)
Information: Changed wire load model for 'DW01_dec_width4' from '(none)' to 'Small'. (OPT-170)
Information: Changed wire load model for '*SUB_UNS_OP_4_1_4' from '(none)' to 'Small'. (OPT-170)
Information: Changed wire load model for 'DW01_inc_width4' from '(none)' to 'Small'. (OPT-170)
Information: Changed wire load model for '*ADD_UNS_OP_4_1_4' from '(none)' to 'Small'. (OPT-170)
Information: Changed wire load model for 'DW01_sub_width4' from '(none)' to 'Small'. (OPT-170)
Information: Changed wire load model for '*SUB_UNS_OP_4_2_4' from '(none)' to 'Small'. (OPT-170)
Information: Changed wire load model for 'DW01_add_width4' from '(none)' to 'Small'. (OPT-170)
Information: Changed wire load model for '*ADD_UNS_OP_4_2_4' from '(none)' to 'Small'. (OPT-170)
Information: Changed wire load model for 'DW01_dec_width4' from '(none)' to 'Small'. (OPT-170)
Information: Changed wire load model for '*SUB_UNS_OP_4_1_4' from '(none)' to 'Small'. (OPT-170)
Information: Changed wire load model for 'DW01_inc_width4' from '(none)' to 'Small'. (OPT-170)
Information: Changed wire load model for '*ADD_UNS_OP_4_1_4' from '(none)' to 'Small'. (OPT-170)
Information: Changed wire load model for 'DW01_sub_width4' from '(none)' to 'Small'. (OPT-170)
Information: Changed wire load model for '*SUB_UNS_OP_4_2_4' from '(none)' to 'Small'. (OPT-170)
Information: Changed wire load model for 'DW01_add_width4' from '(none)' to 'Small'. (OPT-170)
Information: Changed wire load model for '*ADD_UNS_OP_4_2_4' from '(none)' to 'Small'. (OPT-170)
Information: Changed wire load model for 'DW01_dec_width4' from '(none)' to 'Small'. (OPT-170)
Information: Changed wire load model for '*SUB_UNS_OP_4_1_4' from '(none)' to 'Small'. (OPT-170)
Information: Changed wire load model for 'DW01_inc_width4' from '(none)' to 'Small'. (OPT-170)
Information: Changed wire load model for '*ADD_UNS_OP_4_1_4' from '(none)' to 'Small'. (OPT-170)
Information: Changed wire load model for 'DW01_sub_width4' from '(none)' to 'Small'. (OPT-170)
Information: Changed wire load model for '*SUB_UNS_OP_4_2_4' from '(none)' to 'Small'. (OPT-170)
Information: Changed wire load model for 'DW01_add_width4' from '(none)' to 'Small'. (OPT-170)
Information: Changed wire load model for '*ADD_UNS_OP_4_2_4' from '(none)' to 'Small'. (OPT-170)
Information: Changed wire load model for 'DW01_sub_width10' from '(none)' to 'Small'. (OPT-170)
Information: Changed wire load model for '*SUB_UNS_OP_10_4_10' from '(none)' to 'Small'. (OPT-170)
Information: Changed wire load model for 'DW01_sub_width10' from '(none)' to 'Small'. (OPT-170)
Information: Changed wire load model for '*SUB_UNS_OP_10_3_10' from '(none)' to 'Small'. (OPT-170)
Information: Changed wire load model for 'DW01_cmp6_width6' from '(none)' to 'Small'. (OPT-170)
Information: Changed wire load model for '*EQ_UNS_OP_5_6_1' from '(none)' to 'Small'. (OPT-170)
Information: Changed wire load model for 'DW01_cmp6_width6' from '(none)' to 'Small'. (OPT-170)
Information: Changed wire load model for '*EQ_UNS_OP_5_6_1' from '(none)' to 'Small'. (OPT-170)
Information: Changed wire load model for 'DW01_cmp6_width6' from '(none)' to 'Small'. (OPT-170)
Information: Changed wire load model for '*EQ_UNS_OP_5_6_1' from '(none)' to 'Small'. (OPT-170)
Information: Changed wire load model for 'DW01_cmp2_width7' from '(none)' to 'Small'. (OPT-170)
Information: Changed wire load model for '*GEQ_UNS_OP_7_7_1' from '(none)' to 'Small'. (OPT-170)
Information: Changed wire load model for 'DW01_cmp2_width7' from '(none)' to 'Small'. (OPT-170)
Information: Changed wire load model for '*LEQ_UNS_OP_7_7_1' from '(none)' to 'Small'. (OPT-170)
Information: Changed wire load model for 'DW01_cmp2_width7' from '(none)' to 'Small'. (OPT-170)
Information: Changed wire load model for '*GEQ_UNS_OP_7_7_1' from '(none)' to 'Small'. (OPT-170)
Information: Changed wire load model for 'DW01_cmp2_width7' from '(none)' to 'Small'. (OPT-170)
Information: Changed wire load model for '*LEQ_UNS_OP_7_7_1' from '(none)' to 'Small'. (OPT-170)
Information: Changed wire load model for 'DW01_cmp2_width7' from '(none)' to 'Small'. (OPT-170)
Information: Changed wire load model for '*GEQ_UNS_OP_7_7_1' from '(none)' to 'Small'. (OPT-170)
Information: Changed wire load model for 'DW01_cmp2_width7' from '(none)' to 'Small'. (OPT-170)
Information: Changed wire load model for '*LEQ_UNS_OP_7_7_1' from '(none)' to 'Small'. (OPT-170)
Information: Changed wire load model for 'DW01_cmp2_width7' from '(none)' to 'Small'. (OPT-170)
Information: Changed wire load model for '*GEQ_UNS_OP_7_7_1' from '(none)' to 'Small'. (OPT-170)
Information: Changed wire load model for 'DW01_cmp2_width7' from '(none)' to 'Small'. (OPT-170)
Information: Changed wire load model for '*LEQ_UNS_OP_7_7_1' from '(none)' to 'Small'. (OPT-170)
Information: Changed wire load model for 'DW01_cmp2_width7' from '(none)' to 'Small'. (OPT-170)
Information: Changed wire load model for '*GEQ_UNS_OP_7_7_1' from '(none)' to 'Small'. (OPT-170)
Information: Changed wire load model for 'DW01_cmp2_width7' from '(none)' to 'Small'. (OPT-170)
Information: Changed wire load model for '*LEQ_UNS_OP_7_7_1' from '(none)' to 'Small'. (OPT-170)
Information: Changed wire load model for 'DW01_cmp2_width7' from '(none)' to 'Small'. (OPT-170)
Information: Changed wire load model for '*GEQ_UNS_OP_7_7_1' from '(none)' to 'Small'. (OPT-170)
Information: Changed wire load model for 'DW01_cmp2_width7' from '(none)' to 'Small'. (OPT-170)
Information: Changed wire load model for '*LEQ_UNS_OP_7_7_1' from '(none)' to 'Small'. (OPT-170)
Information: Changed wire load model for 'DW01_cmp2_width7' from '(none)' to 'Small'. (OPT-170)
Information: Changed wire load model for '*GEQ_UNS_OP_7_7_1' from '(none)' to 'Small'. (OPT-170)
Information: Changed wire load model for 'DW01_cmp2_width7' from '(none)' to 'Small'. (OPT-170)
Information: Changed wire load model for '*LEQ_UNS_OP_7_7_1' from '(none)' to 'Small'. (OPT-170)
Information: Changed wire load model for 'DW01_cmp2_width7' from '(none)' to 'Small'. (OPT-170)
Information: Changed wire load model for '*GEQ_UNS_OP_7_7_1' from '(none)' to 'Small'. (OPT-170)
Information: Changed wire load model for 'DW01_cmp2_width7' from '(none)' to 'Small'. (OPT-170)
Information: Changed wire load model for '*LEQ_UNS_OP_7_7_1' from '(none)' to 'Small'. (OPT-170)
Information: Changed wire load model for 'DW01_cmp2_width7' from '(none)' to 'Small'. (OPT-170)
Information: Changed wire load model for '*GEQ_UNS_OP_7_7_1' from '(none)' to 'Small'. (OPT-170)
Information: Changed wire load model for 'DW01_cmp2_width7' from '(none)' to 'Small'. (OPT-170)
Information: Changed wire load model for '*LEQ_UNS_OP_7_7_1' from '(none)' to 'Small'. (OPT-170)
Information: Changed wire load model for 'DW01_cmp2_width7' from '(none)' to 'Small'. (OPT-170)
Information: Changed wire load model for '*GEQ_UNS_OP_7_7_1' from '(none)' to 'Small'. (OPT-170)
Information: Changed wire load model for 'DW01_cmp2_width7' from '(none)' to 'Small'. (OPT-170)
Information: Changed wire load model for '*LEQ_UNS_OP_7_7_1' from '(none)' to 'Small'. (OPT-170)
Information: Changed wire load model for 'DW01_cmp2_width7' from '(none)' to 'Small'. (OPT-170)
Information: Changed wire load model for '*GEQ_UNS_OP_7_7_1' from '(none)' to 'Small'. (OPT-170)
Information: Changed wire load model for 'DW01_cmp2_width7' from '(none)' to 'Small'. (OPT-170)
Information: Changed wire load model for '*LEQ_UNS_OP_7_7_1' from '(none)' to 'Small'. (OPT-170)
Information: Changed wire load model for 'DW01_cmp2_width7' from '(none)' to 'Small'. (OPT-170)
Information: Changed wire load model for '*GEQ_UNS_OP_7_7_1' from '(none)' to 'Small'. (OPT-170)
Information: Changed wire load model for 'DW01_cmp2_width7' from '(none)' to 'Small'. (OPT-170)
Information: Changed wire load model for '*LEQ_UNS_OP_7_7_1' from '(none)' to 'Small'. (OPT-170)
Information: Changed wire load model for 'DW01_cmp2_width7' from '(none)' to 'Small'. (OPT-170)
Information: Changed wire load model for '*GEQ_UNS_OP_7_7_1' from '(none)' to 'Small'. (OPT-170)
Information: Changed wire load model for 'DW01_cmp2_width7' from '(none)' to 'Small'. (OPT-170)
Information: Changed wire load model for '*LEQ_UNS_OP_7_7_1' from '(none)' to 'Small'. (OPT-170)
Information: Changed wire load model for 'DW01_cmp2_width7' from '(none)' to 'Small'. (OPT-170)
Information: Changed wire load model for '*GEQ_UNS_OP_7_7_1' from '(none)' to 'Small'. (OPT-170)
Information: Changed wire load model for 'DW01_cmp2_width7' from '(none)' to 'Small'. (OPT-170)
Information: Changed wire load model for '*LEQ_UNS_OP_7_7_1' from '(none)' to 'Small'. (OPT-170)
Information: Changed wire load model for 'DW01_cmp2_width7' from '(none)' to 'Small'. (OPT-170)
Information: Changed wire load model for '*GEQ_UNS_OP_7_7_1' from '(none)' to 'Small'. (OPT-170)
Information: Changed wire load model for 'DW01_cmp2_width7' from '(none)' to 'Small'. (OPT-170)
Information: Changed wire load model for '*LEQ_UNS_OP_7_7_1' from '(none)' to 'Small'. (OPT-170)
Information: Changed wire load model for 'DW01_cmp2_width7' from '(none)' to 'Small'. (OPT-170)
Information: Changed wire load model for '*GEQ_UNS_OP_7_7_1' from '(none)' to 'Small'. (OPT-170)
Information: Changed wire load model for 'DW01_cmp2_width7' from '(none)' to 'Small'. (OPT-170)
Information: Changed wire load model for '*LEQ_UNS_OP_7_7_1' from '(none)' to 'Small'. (OPT-170)
Information: Changed wire load model for 'DW01_cmp2_width7' from '(none)' to 'Small'. (OPT-170)
Information: Changed wire load model for '*GEQ_UNS_OP_7_7_1' from '(none)' to 'Small'. (OPT-170)
Information: Changed wire load model for 'DW01_cmp2_width7' from '(none)' to 'Small'. (OPT-170)
Information: Changed wire load model for '*LEQ_UNS_OP_7_7_1' from '(none)' to 'Small'. (OPT-170)
Information: Changed wire load model for 'DW01_cmp2_width7' from '(none)' to 'Small'. (OPT-170)
Information: Changed wire load model for '*GEQ_UNS_OP_7_7_1' from '(none)' to 'Small'. (OPT-170)
Information: Changed wire load model for 'DW01_cmp2_width7' from '(none)' to 'Small'. (OPT-170)
Information: Changed wire load model for '*LEQ_UNS_OP_7_7_1' from '(none)' to 'Small'. (OPT-170)
Information: Changed wire load model for 'DW01_cmp2_width7' from '(none)' to 'Small'. (OPT-170)
Information: Changed wire load model for '*GEQ_UNS_OP_7_7_1' from '(none)' to 'Small'. (OPT-170)
Information: Changed wire load model for 'DW01_cmp2_width7' from '(none)' to 'Small'. (OPT-170)
Information: Changed wire load model for '*LEQ_UNS_OP_7_7_1' from '(none)' to 'Small'. (OPT-170)
Information: Changed wire load model for 'DW01_cmp2_width7' from '(none)' to 'Small'. (OPT-170)
Information: Changed wire load model for '*GEQ_UNS_OP_7_7_1' from '(none)' to 'Small'. (OPT-170)
Information: Changed wire load model for 'DW01_cmp2_width7' from '(none)' to 'Small'. (OPT-170)
Information: Changed wire load model for '*LEQ_UNS_OP_7_7_1' from '(none)' to 'Small'. (OPT-170)
Information: Changed wire load model for 'DW01_cmp2_width7' from '(none)' to 'Small'. (OPT-170)
Information: Changed wire load model for '*GEQ_UNS_OP_7_7_1' from '(none)' to 'Small'. (OPT-170)
Information: Changed wire load model for 'DW01_cmp2_width7' from '(none)' to 'Small'. (OPT-170)
Information: Changed wire load model for '*LEQ_UNS_OP_7_7_1' from '(none)' to 'Small'. (OPT-170)
Information: Changed wire load model for 'DW01_cmp2_width7' from '(none)' to 'Small'. (OPT-170)
Information: Changed wire load model for '*GEQ_UNS_OP_7_7_1' from '(none)' to 'Small'. (OPT-170)
Information: Changed wire load model for 'DW01_cmp2_width7' from '(none)' to 'Small'. (OPT-170)
Information: Changed wire load model for '*LEQ_UNS_OP_7_7_1' from '(none)' to 'Small'. (OPT-170)
Information: Changed wire load model for 'DW01_cmp2_width7' from '(none)' to 'Small'. (OPT-170)
Information: Changed wire load model for '*GEQ_UNS_OP_7_7_1' from '(none)' to 'Small'. (OPT-170)
Information: Changed wire load model for 'DW01_cmp2_width7' from '(none)' to 'Small'. (OPT-170)
Information: Changed wire load model for '*LEQ_UNS_OP_7_7_1' from '(none)' to 'Small'. (OPT-170)
Information: Changed wire load model for 'DW01_cmp2_width7' from '(none)' to 'Small'. (OPT-170)
Information: Changed wire load model for '*GEQ_UNS_OP_7_7_1' from '(none)' to 'Small'. (OPT-170)
Information: Changed wire load model for 'DW01_cmp2_width7' from '(none)' to 'Small'. (OPT-170)
Information: Changed wire load model for '*LEQ_UNS_OP_7_7_1' from '(none)' to 'Small'. (OPT-170)
Information: Changed wire load model for 'DW01_cmp2_width7' from '(none)' to 'Small'. (OPT-170)
Information: Changed wire load model for '*GEQ_UNS_OP_7_7_1' from '(none)' to 'Small'. (OPT-170)
Information: Changed wire load model for 'DW01_cmp2_width7' from '(none)' to 'Small'. (OPT-170)
Information: Changed wire load model for '*LEQ_UNS_OP_7_7_1' from '(none)' to 'Small'. (OPT-170)
Information: Changed wire load model for 'DW01_cmp2_width7' from '(none)' to 'Small'. (OPT-170)
Information: Changed wire load model for '*GEQ_UNS_OP_7_7_1' from '(none)' to 'Small'. (OPT-170)
Information: Changed wire load model for 'DW01_cmp2_width7' from '(none)' to 'Small'. (OPT-170)
Information: Changed wire load model for '*LEQ_UNS_OP_7_7_1' from '(none)' to 'Small'. (OPT-170)
Information: Changed wire load model for 'DW01_cmp2_width7' from '(none)' to 'Small'. (OPT-170)
Information: Changed wire load model for '*GEQ_UNS_OP_7_7_1' from '(none)' to 'Small'. (OPT-170)
Information: Changed wire load model for 'DW01_cmp2_width7' from '(none)' to 'Small'. (OPT-170)
Information: Changed wire load model for '*LEQ_UNS_OP_7_7_1' from '(none)' to 'Small'. (OPT-170)
Information: Changed wire load model for 'DW01_cmp2_width7' from '(none)' to 'Small'. (OPT-170)
Information: Changed wire load model for '*GEQ_UNS_OP_7_7_1' from '(none)' to 'Small'. (OPT-170)
Information: Changed wire load model for 'DW01_cmp2_width7' from '(none)' to 'Small'. (OPT-170)
Information: Changed wire load model for '*LEQ_UNS_OP_7_7_1' from '(none)' to 'Small'. (OPT-170)
Information: Changed wire load model for 'DW01_cmp2_width7' from '(none)' to 'Small'. (OPT-170)
Information: Changed wire load model for '*GEQ_UNS_OP_7_7_1' from '(none)' to 'Small'. (OPT-170)
Information: Changed wire load model for 'DW01_cmp2_width7' from '(none)' to 'Small'. (OPT-170)
Information: Changed wire load model for '*LEQ_UNS_OP_7_7_1' from '(none)' to 'Small'. (OPT-170)
Information: Changed wire load model for 'DW01_cmp2_width7' from '(none)' to 'Small'. (OPT-170)
Information: Changed wire load model for '*GEQ_UNS_OP_7_7_1' from '(none)' to 'Small'. (OPT-170)
Information: Changed wire load model for 'DW01_cmp2_width7' from '(none)' to 'Small'. (OPT-170)
Information: Changed wire load model for '*LEQ_UNS_OP_7_7_1' from '(none)' to 'Small'. (OPT-170)
Information: Changed wire load model for 'DW01_cmp2_width7' from '(none)' to 'Small'. (OPT-170)
Information: Changed wire load model for '*GEQ_UNS_OP_7_7_1' from '(none)' to 'Small'. (OPT-170)
Information: Changed wire load model for 'DW01_cmp2_width7' from '(none)' to 'Small'. (OPT-170)
Information: Changed wire load model for '*LEQ_UNS_OP_7_7_1' from '(none)' to 'Small'. (OPT-170)
Information: Changed wire load model for 'DW01_cmp2_width7' from '(none)' to 'Small'. (OPT-170)
Information: Changed wire load model for '*GEQ_UNS_OP_7_7_1' from '(none)' to 'Small'. (OPT-170)
Information: Changed wire load model for 'DW01_cmp2_width7' from '(none)' to 'Small'. (OPT-170)
Information: Changed wire load model for '*LEQ_UNS_OP_7_7_1' from '(none)' to 'Small'. (OPT-170)
Information: Changed wire load model for 'DW01_cmp6_width32' from '(none)' to 'Small'. (OPT-170)
Information: Changed wire load model for '*NE_UNS_OP_7_32_1' from '(none)' to 'Small'. (OPT-170)
Information: Changed wire load model for 'DW01_cmp6_width32' from '(none)' to 'Small'. (OPT-170)
Information: Changed wire load model for '*NE_UNS_OP_7_32_1' from '(none)' to 'Small'. (OPT-170)
Information: Changed wire load model for 'DW01_cmp6_width32' from '(none)' to 'Small'. (OPT-170)
Information: Changed wire load model for '*NE_UNS_OP_7_32_1' from '(none)' to 'Small'. (OPT-170)
Information: Changed wire load model for 'DW01_cmp2_width7' from '(none)' to 'Small'. (OPT-170)
Information: Changed wire load model for '*GEQ_UNS_OP_7_7_1' from '(none)' to 'Small'. (OPT-170)
Information: Changed wire load model for 'DW01_cmp2_width7' from '(none)' to 'Small'. (OPT-170)
Information: Changed wire load model for '*LEQ_UNS_OP_7_7_1' from '(none)' to 'Small'. (OPT-170)
Information: Changed wire load model for 'DW01_cmp2_width7' from '(none)' to 'Small'. (OPT-170)
Information: Changed wire load model for '*GEQ_UNS_OP_7_7_1' from '(none)' to 'Small'. (OPT-170)
Information: Changed wire load model for 'DW01_cmp2_width7' from '(none)' to 'Small'. (OPT-170)
Information: Changed wire load model for '*LEQ_UNS_OP_7_7_1' from '(none)' to 'Small'. (OPT-170)
Information: Changed wire load model for 'DW01_cmp2_width7' from '(none)' to 'Small'. (OPT-170)
Information: Changed wire load model for '*GEQ_UNS_OP_7_7_1' from '(none)' to 'Small'. (OPT-170)
Information: Changed wire load model for 'DW01_cmp2_width7' from '(none)' to 'Small'. (OPT-170)
Information: Changed wire load model for '*LEQ_UNS_OP_7_7_1' from '(none)' to 'Small'. (OPT-170)
Information: Changed wire load model for 'DW01_cmp2_width7' from '(none)' to 'Small'. (OPT-170)
Information: Changed wire load model for '*GEQ_UNS_OP_7_7_1' from '(none)' to 'Small'. (OPT-170)
Information: Changed wire load model for 'DW01_cmp2_width7' from '(none)' to 'Small'. (OPT-170)
Information: Changed wire load model for '*LEQ_UNS_OP_7_7_1' from '(none)' to 'Small'. (OPT-170)
Information: Changed wire load model for 'DW01_cmp6_width32' from '(none)' to 'Small'. (OPT-170)
Information: Changed wire load model for '*NE_UNS_OP_7_32_1' from '(none)' to 'Small'. (OPT-170)
Information: Changed wire load model for 'DW01_cmp6_width32' from '(none)' to 'Small'. (OPT-170)
Information: Changed wire load model for '*NE_UNS_OP_7_32_1' from '(none)' to 'Small'. (OPT-170)
Information: Changed wire load model for 'DW01_cmp6_width32' from '(none)' to 'Small'. (OPT-170)
Information: Changed wire load model for '*NE_UNS_OP_7_32_1' from '(none)' to 'Small'. (OPT-170)
Information: Changed wire load model for 'DW01_cmp2_width7' from '(none)' to 'Small'. (OPT-170)
Information: Changed wire load model for '*GEQ_UNS_OP_7_7_1' from '(none)' to 'Small'. (OPT-170)
Information: Changed wire load model for 'DW01_cmp2_width7' from '(none)' to 'Small'. (OPT-170)
Information: Changed wire load model for '*LEQ_UNS_OP_7_7_1' from '(none)' to 'Small'. (OPT-170)
Information: Changed wire load model for 'DW01_cmp2_width7' from '(none)' to 'Small'. (OPT-170)
Information: Changed wire load model for '*GEQ_UNS_OP_7_7_1' from '(none)' to 'Small'. (OPT-170)
Information: Changed wire load model for 'DW01_cmp2_width7' from '(none)' to 'Small'. (OPT-170)
Information: Changed wire load model for '*LEQ_UNS_OP_7_7_1' from '(none)' to 'Small'. (OPT-170)
Information: Changed wire load model for 'DW01_cmp2_width7' from '(none)' to 'Small'. (OPT-170)
Information: Changed wire load model for '*GEQ_UNS_OP_7_7_1' from '(none)' to 'Small'. (OPT-170)
Information: Changed wire load model for 'DW01_cmp2_width7' from '(none)' to 'Small'. (OPT-170)
Information: Changed wire load model for '*LEQ_UNS_OP_7_7_1' from '(none)' to 'Small'. (OPT-170)
Information: Changed wire load model for 'DW01_cmp2_width7' from '(none)' to 'Small'. (OPT-170)
Information: Changed wire load model for '*GEQ_UNS_OP_7_7_1' from '(none)' to 'Small'. (OPT-170)
Information: Changed wire load model for 'DW01_cmp2_width7' from '(none)' to 'Small'. (OPT-170)
Information: Changed wire load model for '*LEQ_UNS_OP_7_7_1' from '(none)' to 'Small'. (OPT-170)
Information: Changed wire load model for 'DW01_cmp6_width32' from '(none)' to 'Small'. (OPT-170)
Information: Changed wire load model for '*NE_UNS_OP_7_32_1' from '(none)' to 'Small'. (OPT-170)
Information: Changed wire load model for 'DW01_cmp6_width32' from '(none)' to 'Small'. (OPT-170)
Information: Changed wire load model for '*NE_UNS_OP_7_32_1' from '(none)' to 'Small'. (OPT-170)
Information: Changed wire load model for 'DW01_cmp6_width32' from '(none)' to 'Small'. (OPT-170)
Information: Changed wire load model for '*NE_UNS_OP_7_32_1' from '(none)' to 'Small'. (OPT-170)
Information: Changed wire load model for 'DW01_cmp2_width7' from '(none)' to 'Small'. (OPT-170)
Information: Changed wire load model for '*GEQ_UNS_OP_7_7_1' from '(none)' to 'Small'. (OPT-170)
Information: Changed wire load model for 'DW01_cmp2_width7' from '(none)' to 'Small'. (OPT-170)
Information: Changed wire load model for '*LEQ_UNS_OP_7_7_1' from '(none)' to 'Small'. (OPT-170)
Information: Changed wire load model for 'DW01_cmp2_width7' from '(none)' to 'Small'. (OPT-170)
Information: Changed wire load model for '*GEQ_UNS_OP_7_7_1' from '(none)' to 'Small'. (OPT-170)
Information: Changed wire load model for 'DW01_cmp2_width7' from '(none)' to 'Small'. (OPT-170)
Information: Changed wire load model for '*LEQ_UNS_OP_7_7_1' from '(none)' to 'Small'. (OPT-170)
Information: Changed wire load model for 'DW01_cmp2_width7' from '(none)' to 'Small'. (OPT-170)
Information: Changed wire load model for '*GEQ_UNS_OP_7_7_1' from '(none)' to 'Small'. (OPT-170)
Information: Changed wire load model for 'DW01_cmp2_width7' from '(none)' to 'Small'. (OPT-170)
Information: Changed wire load model for '*LEQ_UNS_OP_7_7_1' from '(none)' to 'Small'. (OPT-170)
Information: Changed wire load model for 'DW01_cmp2_width7' from '(none)' to 'Small'. (OPT-170)
Information: Changed wire load model for '*GEQ_UNS_OP_7_7_1' from '(none)' to 'Small'. (OPT-170)
Information: Changed wire load model for 'DW01_cmp2_width7' from '(none)' to 'Small'. (OPT-170)
Information: Changed wire load model for '*LEQ_UNS_OP_7_7_1' from '(none)' to 'Small'. (OPT-170)
Information: Changed wire load model for 'DW01_cmp6_width32' from '(none)' to 'Small'. (OPT-170)
Information: Changed wire load model for '*NE_UNS_OP_7_32_1' from '(none)' to 'Small'. (OPT-170)
Information: Changed wire load model for 'DW01_cmp6_width32' from '(none)' to 'Small'. (OPT-170)
Information: Changed wire load model for '*NE_UNS_OP_7_32_1' from '(none)' to 'Small'. (OPT-170)
Information: Changed wire load model for 'DW01_cmp6_width32' from '(none)' to 'Small'. (OPT-170)
Information: Changed wire load model for '*NE_UNS_OP_7_32_1' from '(none)' to 'Small'. (OPT-170)
Information: Changed wire load model for 'DW01_cmp2_width7' from '(none)' to 'Small'. (OPT-170)
Information: Changed wire load model for '*GEQ_UNS_OP_7_7_1' from '(none)' to 'Small'. (OPT-170)
Information: Changed wire load model for 'DW01_cmp2_width7' from '(none)' to 'Small'. (OPT-170)
Information: Changed wire load model for '*LEQ_UNS_OP_7_7_1' from '(none)' to 'Small'. (OPT-170)
Information: Changed wire load model for 'DW01_cmp2_width7' from '(none)' to 'Small'. (OPT-170)
Information: Changed wire load model for '*GEQ_UNS_OP_7_7_1' from '(none)' to 'Small'. (OPT-170)
Information: Changed wire load model for 'DW01_cmp2_width7' from '(none)' to 'Small'. (OPT-170)
Information: Changed wire load model for '*LEQ_UNS_OP_7_7_1' from '(none)' to 'Small'. (OPT-170)
Information: Changed wire load model for 'DW01_cmp2_width7' from '(none)' to 'Small'. (OPT-170)
Information: Changed wire load model for '*GEQ_UNS_OP_7_7_1' from '(none)' to 'Small'. (OPT-170)
Information: Changed wire load model for 'DW01_cmp2_width7' from '(none)' to 'Small'. (OPT-170)
Information: Changed wire load model for '*LEQ_UNS_OP_7_7_1' from '(none)' to 'Small'. (OPT-170)
Information: Changed wire load model for 'DW01_cmp2_width7' from '(none)' to 'Small'. (OPT-170)
Information: Changed wire load model for '*GEQ_UNS_OP_7_7_1' from '(none)' to 'Small'. (OPT-170)
Information: Changed wire load model for 'DW01_cmp2_width7' from '(none)' to 'Small'. (OPT-170)
Information: Changed wire load model for '*LEQ_UNS_OP_7_7_1' from '(none)' to 'Small'. (OPT-170)
Information: Changed wire load model for 'DW01_cmp6_width32' from '(none)' to 'Small'. (OPT-170)
Information: Changed wire load model for '*NE_UNS_OP_7_32_1' from '(none)' to 'Small'. (OPT-170)
Information: Changed wire load model for 'DW01_cmp6_width32' from '(none)' to 'Small'. (OPT-170)
Information: Changed wire load model for '*NE_UNS_OP_7_32_1' from '(none)' to 'Small'. (OPT-170)
Information: Changed wire load model for 'DW01_cmp6_width32' from '(none)' to 'Small'. (OPT-170)
Information: Changed wire load model for '*NE_UNS_OP_7_32_1' from '(none)' to 'Small'. (OPT-170)
Information: Changed wire load model for 'DW01_cmp2_width7' from '(none)' to 'Small'. (OPT-170)
Information: Changed wire load model for '*GEQ_UNS_OP_7_7_1' from '(none)' to 'Small'. (OPT-170)
Information: Changed wire load model for 'DW01_cmp2_width7' from '(none)' to 'Small'. (OPT-170)
Information: Changed wire load model for '*LEQ_UNS_OP_7_7_1' from '(none)' to 'Small'. (OPT-170)
Information: Changed wire load model for 'DW01_cmp2_width7' from '(none)' to 'Small'. (OPT-170)
Information: Changed wire load model for '*GEQ_UNS_OP_7_7_1' from '(none)' to 'Small'. (OPT-170)
Information: Changed wire load model for 'DW01_cmp2_width7' from '(none)' to 'Small'. (OPT-170)
Information: Changed wire load model for '*LEQ_UNS_OP_7_7_1' from '(none)' to 'Small'. (OPT-170)
Information: Changed wire load model for 'DW01_cmp2_width7' from '(none)' to 'Small'. (OPT-170)
Information: Changed wire load model for '*GEQ_UNS_OP_7_7_1' from '(none)' to 'Small'. (OPT-170)
Information: Changed wire load model for 'DW01_cmp2_width7' from '(none)' to 'Small'. (OPT-170)
Information: Changed wire load model for '*LEQ_UNS_OP_7_7_1' from '(none)' to 'Small'. (OPT-170)
Information: Changed wire load model for 'DW01_cmp2_width7' from '(none)' to 'Small'. (OPT-170)
Information: Changed wire load model for '*GEQ_UNS_OP_7_7_1' from '(none)' to 'Small'. (OPT-170)
Information: Changed wire load model for 'DW01_cmp2_width7' from '(none)' to 'Small'. (OPT-170)
Information: Changed wire load model for '*LEQ_UNS_OP_7_7_1' from '(none)' to 'Small'. (OPT-170)
Information: Changed wire load model for 'DW01_cmp6_width32' from '(none)' to 'Small'. (OPT-170)
Information: Changed wire load model for '*NE_UNS_OP_7_32_1' from '(none)' to 'Small'. (OPT-170)
Information: Changed wire load model for 'DW01_cmp6_width32' from '(none)' to 'Small'. (OPT-170)
Information: Changed wire load model for '*NE_UNS_OP_7_32_1' from '(none)' to 'Small'. (OPT-170)
Information: Changed wire load model for 'DW01_cmp6_width32' from '(none)' to 'Small'. (OPT-170)
Information: Changed wire load model for '*NE_UNS_OP_7_32_1' from '(none)' to 'Small'. (OPT-170)
Information: Changed wire load model for 'DW01_cmp2_width7' from '(none)' to 'Small'. (OPT-170)
Information: Changed wire load model for '*GEQ_UNS_OP_7_7_1' from '(none)' to 'Small'. (OPT-170)
Information: Changed wire load model for 'DW01_cmp2_width7' from '(none)' to 'Small'. (OPT-170)
Information: Changed wire load model for '*LEQ_UNS_OP_7_7_1' from '(none)' to 'Small'. (OPT-170)
Information: Changed wire load model for 'DW01_cmp2_width7' from '(none)' to 'Small'. (OPT-170)
Information: Changed wire load model for '*GEQ_UNS_OP_7_7_1' from '(none)' to 'Small'. (OPT-170)
Information: Changed wire load model for 'DW01_cmp2_width7' from '(none)' to 'Small'. (OPT-170)
Information: Changed wire load model for '*LEQ_UNS_OP_7_7_1' from '(none)' to 'Small'. (OPT-170)
Information: Changed wire load model for 'DW01_cmp2_width7' from '(none)' to 'Small'. (OPT-170)
Information: Changed wire load model for '*GEQ_UNS_OP_7_7_1' from '(none)' to 'Small'. (OPT-170)
Information: Changed wire load model for 'DW01_cmp2_width7' from '(none)' to 'Small'. (OPT-170)
Information: Changed wire load model for '*LEQ_UNS_OP_7_7_1' from '(none)' to 'Small'. (OPT-170)
Information: Changed wire load model for 'DW01_cmp2_width7' from '(none)' to 'Small'. (OPT-170)
Information: Changed wire load model for '*GEQ_UNS_OP_7_7_1' from '(none)' to 'Small'. (OPT-170)
Information: Changed wire load model for 'DW01_cmp2_width7' from '(none)' to 'Small'. (OPT-170)
Information: Changed wire load model for '*LEQ_UNS_OP_7_7_1' from '(none)' to 'Small'. (OPT-170)
Information: Changed wire load model for 'DW01_cmp6_width32' from '(none)' to 'Small'. (OPT-170)
Information: Changed wire load model for '*NE_UNS_OP_7_32_1' from '(none)' to 'Small'. (OPT-170)
Information: Changed wire load model for 'DW01_cmp6_width32' from '(none)' to 'Small'. (OPT-170)
Information: Changed wire load model for '*NE_UNS_OP_7_32_1' from '(none)' to 'Small'. (OPT-170)
Information: Changed wire load model for 'DW01_cmp6_width32' from '(none)' to 'Small'. (OPT-170)
Information: Changed wire load model for '*NE_UNS_OP_7_32_1' from '(none)' to 'Small'. (OPT-170)
Information: Changed wire load model for 'DW01_cmp2_width7' from '(none)' to 'Small'. (OPT-170)
Information: Changed wire load model for '*GEQ_UNS_OP_7_7_1' from '(none)' to 'Small'. (OPT-170)
Information: Changed wire load model for 'DW01_cmp2_width7' from '(none)' to 'Small'. (OPT-170)
Information: Changed wire load model for '*LEQ_UNS_OP_7_7_1' from '(none)' to 'Small'. (OPT-170)
Information: Changed wire load model for 'DW01_cmp2_width7' from '(none)' to 'Small'. (OPT-170)
Information: Changed wire load model for '*GEQ_UNS_OP_7_7_1' from '(none)' to 'Small'. (OPT-170)
Information: Changed wire load model for 'DW01_cmp2_width7' from '(none)' to 'Small'. (OPT-170)
Information: Changed wire load model for '*LEQ_UNS_OP_7_7_1' from '(none)' to 'Small'. (OPT-170)
Information: Changed wire load model for 'DW01_cmp2_width7' from '(none)' to 'Small'. (OPT-170)
Information: Changed wire load model for '*GEQ_UNS_OP_7_7_1' from '(none)' to 'Small'. (OPT-170)
Information: Changed wire load model for 'DW01_cmp2_width7' from '(none)' to 'Small'. (OPT-170)
Information: Changed wire load model for '*LEQ_UNS_OP_7_7_1' from '(none)' to 'Small'. (OPT-170)
Information: Changed wire load model for 'DW01_cmp2_width7' from '(none)' to 'Small'. (OPT-170)
Information: Changed wire load model for '*GEQ_UNS_OP_7_7_1' from '(none)' to 'Small'. (OPT-170)
Information: Changed wire load model for 'DW01_cmp2_width7' from '(none)' to 'Small'. (OPT-170)
Information: Changed wire load model for '*LEQ_UNS_OP_7_7_1' from '(none)' to 'Small'. (OPT-170)
Information: Changed wire load model for 'DW01_cmp6_width32' from '(none)' to 'Small'. (OPT-170)
Information: Changed wire load model for '*NE_UNS_OP_7_32_1' from '(none)' to 'Small'. (OPT-170)
Information: Changed wire load model for 'DW01_cmp6_width32' from '(none)' to 'Small'. (OPT-170)
Information: Changed wire load model for '*NE_UNS_OP_7_32_1' from '(none)' to 'Small'. (OPT-170)
Information: Changed wire load model for 'DW01_cmp6_width32' from '(none)' to 'Small'. (OPT-170)
Information: Changed wire load model for '*NE_UNS_OP_7_32_1' from '(none)' to 'Small'. (OPT-170)
Information: Changed wire load model for 'DW01_cmp2_width7' from '(none)' to 'Small'. (OPT-170)
Information: Changed wire load model for '*GEQ_UNS_OP_7_7_1' from '(none)' to 'Small'. (OPT-170)
Information: Changed wire load model for 'DW01_cmp2_width7' from '(none)' to 'Small'. (OPT-170)
Information: Changed wire load model for '*LEQ_UNS_OP_7_7_1' from '(none)' to 'Small'. (OPT-170)
Information: Changed wire load model for 'DW01_cmp2_width7' from '(none)' to 'Small'. (OPT-170)
Information: Changed wire load model for '*GEQ_UNS_OP_7_7_1' from '(none)' to 'Small'. (OPT-170)
Information: Changed wire load model for 'DW01_cmp2_width7' from '(none)' to 'Small'. (OPT-170)
Information: Changed wire load model for '*LEQ_UNS_OP_7_7_1' from '(none)' to 'Small'. (OPT-170)
Information: Changed wire load model for 'DW01_cmp2_width7' from '(none)' to 'Small'. (OPT-170)
Information: Changed wire load model for '*GEQ_UNS_OP_7_7_1' from '(none)' to 'Small'. (OPT-170)
Information: Changed wire load model for 'DW01_cmp2_width7' from '(none)' to 'Small'. (OPT-170)
Information: Changed wire load model for '*LEQ_UNS_OP_7_7_1' from '(none)' to 'Small'. (OPT-170)
Information: Changed wire load model for 'DW01_cmp2_width7' from '(none)' to 'Small'. (OPT-170)
Information: Changed wire load model for '*GEQ_UNS_OP_7_7_1' from '(none)' to 'Small'. (OPT-170)
Information: Changed wire load model for 'DW01_cmp2_width7' from '(none)' to 'Small'. (OPT-170)
Information: Changed wire load model for '*LEQ_UNS_OP_7_7_1' from '(none)' to 'Small'. (OPT-170)
Information: Changed wire load model for 'DW01_cmp6_width32' from '(none)' to 'Small'. (OPT-170)
Information: Changed wire load model for '*NE_UNS_OP_7_32_1' from '(none)' to 'Small'. (OPT-170)
Information: Changed wire load model for 'DW01_cmp6_width32' from '(none)' to 'Small'. (OPT-170)
Information: Changed wire load model for '*NE_UNS_OP_7_32_1' from '(none)' to 'Small'. (OPT-170)
Information: Changed wire load model for 'DW01_cmp6_width32' from '(none)' to 'Small'. (OPT-170)
Information: Changed wire load model for '*NE_UNS_OP_7_32_1' from '(none)' to 'Small'. (OPT-170)
Information: Changed wire load model for 'DW01_cmp2_width7' from '(none)' to 'Small'. (OPT-170)
Information: Changed wire load model for '*GEQ_UNS_OP_7_7_1' from '(none)' to 'Small'. (OPT-170)
Information: Changed wire load model for 'DW01_cmp2_width7' from '(none)' to 'Small'. (OPT-170)
Information: Changed wire load model for '*LEQ_UNS_OP_7_7_1' from '(none)' to 'Small'. (OPT-170)
Information: Changed wire load model for 'DW01_cmp2_width7' from '(none)' to 'Small'. (OPT-170)
Information: Changed wire load model for '*GEQ_UNS_OP_7_7_1' from '(none)' to 'Small'. (OPT-170)
Information: Changed wire load model for 'DW01_cmp2_width7' from '(none)' to 'Small'. (OPT-170)
Information: Changed wire load model for '*LEQ_UNS_OP_7_7_1' from '(none)' to 'Small'. (OPT-170)
Information: Changed wire load model for 'DW01_cmp2_width7' from '(none)' to 'Small'. (OPT-170)
Information: Changed wire load model for '*GEQ_UNS_OP_7_7_1' from '(none)' to 'Small'. (OPT-170)
Information: Changed wire load model for 'DW01_cmp2_width7' from '(none)' to 'Small'. (OPT-170)
Information: Changed wire load model for '*LEQ_UNS_OP_7_7_1' from '(none)' to 'Small'. (OPT-170)
Information: Changed wire load model for 'DW01_cmp2_width7' from '(none)' to 'Small'. (OPT-170)
Information: Changed wire load model for '*GEQ_UNS_OP_7_7_1' from '(none)' to 'Small'. (OPT-170)
Information: Changed wire load model for 'DW01_cmp2_width7' from '(none)' to 'Small'. (OPT-170)
Information: Changed wire load model for '*LEQ_UNS_OP_7_7_1' from '(none)' to 'Small'. (OPT-170)
Information: Changed wire load model for 'DW01_cmp6_width32' from '(none)' to 'Small'. (OPT-170)
Information: Changed wire load model for '*NE_UNS_OP_7_32_1' from '(none)' to 'Small'. (OPT-170)
Information: Changed wire load model for 'DW01_cmp6_width32' from '(none)' to 'Small'. (OPT-170)
Information: Changed wire load model for '*NE_UNS_OP_7_32_1' from '(none)' to 'Small'. (OPT-170)
Information: Changed wire load model for 'DW01_cmp6_width32' from '(none)' to 'Small'. (OPT-170)
Information: Changed wire load model for '*NE_UNS_OP_7_32_1' from '(none)' to 'Small'. (OPT-170)
Information: Changed wire load model for 'DW01_cmp2_width7' from '(none)' to 'Small'. (OPT-170)
Information: Changed wire load model for '*GEQ_UNS_OP_7_7_1' from '(none)' to 'Small'. (OPT-170)
Information: Changed wire load model for 'DW01_cmp2_width7' from '(none)' to 'Small'. (OPT-170)
Information: Changed wire load model for '*LEQ_UNS_OP_7_7_1' from '(none)' to 'Small'. (OPT-170)
Information: Changed wire load model for 'DW01_cmp2_width7' from '(none)' to 'Small'. (OPT-170)
Information: Changed wire load model for '*GEQ_UNS_OP_7_7_1' from '(none)' to 'Small'. (OPT-170)
Information: Changed wire load model for 'DW01_cmp2_width7' from '(none)' to 'Small'. (OPT-170)
Information: Changed wire load model for '*LEQ_UNS_OP_7_7_1' from '(none)' to 'Small'. (OPT-170)
Information: Changed wire load model for 'DW01_cmp2_width7' from '(none)' to 'Small'. (OPT-170)
Information: Changed wire load model for '*GEQ_UNS_OP_7_7_1' from '(none)' to 'Small'. (OPT-170)
Information: Changed wire load model for 'DW01_cmp2_width7' from '(none)' to 'Small'. (OPT-170)
Information: Changed wire load model for '*LEQ_UNS_OP_7_7_1' from '(none)' to 'Small'. (OPT-170)
Information: Changed wire load model for 'DW01_cmp2_width7' from '(none)' to 'Small'. (OPT-170)
Information: Changed wire load model for '*GEQ_UNS_OP_7_7_1' from '(none)' to 'Small'. (OPT-170)
Information: Changed wire load model for 'DW01_cmp2_width7' from '(none)' to 'Small'. (OPT-170)
Information: Changed wire load model for '*LEQ_UNS_OP_7_7_1' from '(none)' to 'Small'. (OPT-170)
Information: Changed wire load model for 'DW01_cmp6_width32' from '(none)' to 'Small'. (OPT-170)
Information: Changed wire load model for '*NE_UNS_OP_7_32_1' from '(none)' to 'Small'. (OPT-170)
Information: Changed wire load model for 'DW01_cmp6_width32' from '(none)' to 'Small'. (OPT-170)
Information: Changed wire load model for '*NE_UNS_OP_7_32_1' from '(none)' to 'Small'. (OPT-170)
Information: Changed wire load model for 'DW01_cmp6_width32' from '(none)' to 'Small'. (OPT-170)
Information: Changed wire load model for '*NE_UNS_OP_7_32_1' from '(none)' to 'Small'. (OPT-170)
Information: Changed wire load model for 'DW01_cmp2_width7' from '(none)' to 'Small'. (OPT-170)
Information: Changed wire load model for '*GEQ_UNS_OP_7_7_1' from '(none)' to 'Small'. (OPT-170)
Information: Changed wire load model for 'DW01_cmp2_width7' from '(none)' to 'Small'. (OPT-170)
Information: Changed wire load model for '*LEQ_UNS_OP_7_7_1' from '(none)' to 'Small'. (OPT-170)
Information: Changed wire load model for 'DW01_cmp2_width7' from '(none)' to 'Small'. (OPT-170)
Information: Changed wire load model for '*GEQ_UNS_OP_7_7_1' from '(none)' to 'Small'. (OPT-170)
Information: Changed wire load model for 'DW01_cmp2_width7' from '(none)' to 'Small'. (OPT-170)
Information: Changed wire load model for '*LEQ_UNS_OP_7_7_1' from '(none)' to 'Small'. (OPT-170)
Information: Changed wire load model for 'DW01_cmp2_width7' from '(none)' to 'Small'. (OPT-170)
Information: Changed wire load model for '*GEQ_UNS_OP_7_7_1' from '(none)' to 'Small'. (OPT-170)
Information: Changed wire load model for 'DW01_cmp2_width7' from '(none)' to 'Small'. (OPT-170)
Information: Changed wire load model for '*LEQ_UNS_OP_7_7_1' from '(none)' to 'Small'. (OPT-170)
Information: Changed wire load model for 'DW01_cmp2_width7' from '(none)' to 'Small'. (OPT-170)
Information: Changed wire load model for '*GEQ_UNS_OP_7_7_1' from '(none)' to 'Small'. (OPT-170)
Information: Changed wire load model for 'DW01_cmp2_width7' from '(none)' to 'Small'. (OPT-170)
Information: Changed wire load model for '*LEQ_UNS_OP_7_7_1' from '(none)' to 'Small'. (OPT-170)
Information: Changed wire load model for 'DW01_cmp6_width32' from '(none)' to 'Small'. (OPT-170)
Information: Changed wire load model for '*NE_UNS_OP_7_32_1' from '(none)' to 'Small'. (OPT-170)
Information: Changed wire load model for 'DW01_cmp6_width32' from '(none)' to 'Small'. (OPT-170)
Information: Changed wire load model for '*NE_UNS_OP_7_32_1' from '(none)' to 'Small'. (OPT-170)
Information: Changed wire load model for 'DW01_cmp6_width32' from '(none)' to 'Small'. (OPT-170)
Information: Changed wire load model for '*NE_UNS_OP_7_32_1' from '(none)' to 'Small'. (OPT-170)
Information: Changed wire load model for 'DW01_cmp2_width7' from '(none)' to 'Small'. (OPT-170)
Information: Changed wire load model for '*GEQ_UNS_OP_7_7_1' from '(none)' to 'Small'. (OPT-170)
Information: Changed wire load model for 'DW01_cmp2_width7' from '(none)' to 'Small'. (OPT-170)
Information: Changed wire load model for '*LEQ_UNS_OP_7_7_1' from '(none)' to 'Small'. (OPT-170)
Information: Changed wire load model for 'DW01_cmp2_width7' from '(none)' to 'Small'. (OPT-170)
Information: Changed wire load model for '*GEQ_UNS_OP_7_7_1' from '(none)' to 'Small'. (OPT-170)
Information: Changed wire load model for 'DW01_cmp2_width7' from '(none)' to 'Small'. (OPT-170)
Information: Changed wire load model for '*LEQ_UNS_OP_7_7_1' from '(none)' to 'Small'. (OPT-170)
Information: Changed wire load model for 'DW01_cmp2_width7' from '(none)' to 'Small'. (OPT-170)
Information: Changed wire load model for '*GEQ_UNS_OP_7_7_1' from '(none)' to 'Small'. (OPT-170)
Information: Changed wire load model for 'DW01_cmp2_width7' from '(none)' to 'Small'. (OPT-170)
Information: Changed wire load model for '*LEQ_UNS_OP_7_7_1' from '(none)' to 'Small'. (OPT-170)
Information: Changed wire load model for 'DW01_cmp2_width7' from '(none)' to 'Small'. (OPT-170)
Information: Changed wire load model for '*GEQ_UNS_OP_7_7_1' from '(none)' to 'Small'. (OPT-170)
Information: Changed wire load model for 'DW01_cmp2_width7' from '(none)' to 'Small'. (OPT-170)
Information: Changed wire load model for '*LEQ_UNS_OP_7_7_1' from '(none)' to 'Small'. (OPT-170)
Information: Changed wire load model for 'DW01_cmp6_width32' from '(none)' to 'Small'. (OPT-170)
Information: Changed wire load model for '*NE_UNS_OP_7_32_1' from '(none)' to 'Small'. (OPT-170)
Information: Changed wire load model for 'DW01_cmp6_width32' from '(none)' to 'Small'. (OPT-170)
Information: Changed wire load model for '*NE_UNS_OP_7_32_1' from '(none)' to 'Small'. (OPT-170)
Information: Changed wire load model for 'DW01_cmp6_width32' from '(none)' to 'Small'. (OPT-170)
Information: Changed wire load model for '*NE_UNS_OP_7_32_1' from '(none)' to 'Small'. (OPT-170)
Information: Changed wire load model for 'DW01_cmp2_width7' from '(none)' to 'Small'. (OPT-170)
Information: Changed wire load model for '*GEQ_UNS_OP_7_7_1' from '(none)' to 'Small'. (OPT-170)
Information: Changed wire load model for 'DW01_cmp2_width7' from '(none)' to 'Small'. (OPT-170)
Information: Changed wire load model for '*LEQ_UNS_OP_7_7_1' from '(none)' to 'Small'. (OPT-170)
Information: Changed wire load model for 'DW01_cmp2_width7' from '(none)' to 'Small'. (OPT-170)
Information: Changed wire load model for '*GEQ_UNS_OP_7_7_1' from '(none)' to 'Small'. (OPT-170)
Information: Changed wire load model for 'DW01_cmp2_width7' from '(none)' to 'Small'. (OPT-170)
Information: Changed wire load model for '*LEQ_UNS_OP_7_7_1' from '(none)' to 'Small'. (OPT-170)
Information: Changed wire load model for 'DW01_cmp2_width7' from '(none)' to 'Small'. (OPT-170)
Information: Changed wire load model for '*GEQ_UNS_OP_7_7_1' from '(none)' to 'Small'. (OPT-170)
Information: Changed wire load model for 'DW01_cmp2_width7' from '(none)' to 'Small'. (OPT-170)
Information: Changed wire load model for '*LEQ_UNS_OP_7_7_1' from '(none)' to 'Small'. (OPT-170)
Information: Changed wire load model for 'DW01_cmp2_width7' from '(none)' to 'Small'. (OPT-170)
Information: Changed wire load model for '*GEQ_UNS_OP_7_7_1' from '(none)' to 'Small'. (OPT-170)
Information: Changed wire load model for 'DW01_cmp2_width7' from '(none)' to 'Small'. (OPT-170)
Information: Changed wire load model for '*LEQ_UNS_OP_7_7_1' from '(none)' to 'Small'. (OPT-170)
Information: Changed wire load model for 'DW01_cmp6_width32' from '(none)' to 'Small'. (OPT-170)
Information: Changed wire load model for '*NE_UNS_OP_7_32_1' from '(none)' to 'Small'. (OPT-170)
Information: Changed wire load model for 'DW01_cmp6_width32' from '(none)' to 'Small'. (OPT-170)
Information: Changed wire load model for '*NE_UNS_OP_7_32_1' from '(none)' to 'Small'. (OPT-170)
Information: Changed wire load model for 'DW01_cmp6_width32' from '(none)' to 'Small'. (OPT-170)
Information: Changed wire load model for '*NE_UNS_OP_7_32_1' from '(none)' to 'Small'. (OPT-170)
Information: Changed wire load model for 'DW01_cmp2_width7' from '(none)' to 'Small'. (OPT-170)
Information: Changed wire load model for '*GEQ_UNS_OP_7_7_1' from '(none)' to 'Small'. (OPT-170)
Information: Changed wire load model for 'DW01_cmp2_width7' from '(none)' to 'Small'. (OPT-170)
Information: Changed wire load model for '*LEQ_UNS_OP_7_7_1' from '(none)' to 'Small'. (OPT-170)
Information: Changed wire load model for 'DW01_cmp2_width7' from '(none)' to 'Small'. (OPT-170)
Information: Changed wire load model for '*GEQ_UNS_OP_7_7_1' from '(none)' to 'Small'. (OPT-170)
Information: Changed wire load model for 'DW01_cmp2_width7' from '(none)' to 'Small'. (OPT-170)
Information: Changed wire load model for '*LEQ_UNS_OP_7_7_1' from '(none)' to 'Small'. (OPT-170)
Information: Changed wire load model for 'DW01_cmp2_width7' from '(none)' to 'Small'. (OPT-170)
Information: Changed wire load model for '*GEQ_UNS_OP_7_7_1' from '(none)' to 'Small'. (OPT-170)
Information: Changed wire load model for 'DW01_cmp2_width7' from '(none)' to 'Small'. (OPT-170)
Information: Changed wire load model for '*LEQ_UNS_OP_7_7_1' from '(none)' to 'Small'. (OPT-170)
Information: Changed wire load model for 'DW01_cmp2_width7' from '(none)' to 'Small'. (OPT-170)
Information: Changed wire load model for '*GEQ_UNS_OP_7_7_1' from '(none)' to 'Small'. (OPT-170)
Information: Changed wire load model for 'DW01_cmp2_width7' from '(none)' to 'Small'. (OPT-170)
Information: Changed wire load model for '*LEQ_UNS_OP_7_7_1' from '(none)' to 'Small'. (OPT-170)
Information: Changed wire load model for 'DW01_cmp6_width32' from '(none)' to 'Small'. (OPT-170)
Information: Changed wire load model for '*NE_UNS_OP_7_32_1' from '(none)' to 'Small'. (OPT-170)
Information: Changed wire load model for 'DW01_cmp6_width32' from '(none)' to 'Small'. (OPT-170)
Information: Changed wire load model for '*NE_UNS_OP_7_32_1' from '(none)' to 'Small'. (OPT-170)
Information: Changed wire load model for 'DW01_cmp6_width32' from '(none)' to 'Small'. (OPT-170)
Information: Changed wire load model for '*NE_UNS_OP_7_32_1' from '(none)' to 'Small'. (OPT-170)
Information: Changed wire load model for 'DW01_cmp2_width7' from '(none)' to 'Small'. (OPT-170)
Information: Changed wire load model for '*GEQ_UNS_OP_7_7_1' from '(none)' to 'Small'. (OPT-170)
Information: Changed wire load model for 'DW01_cmp2_width7' from '(none)' to 'Small'. (OPT-170)
Information: Changed wire load model for '*LEQ_UNS_OP_7_7_1' from '(none)' to 'Small'. (OPT-170)
Information: Changed wire load model for 'DW01_cmp2_width7' from '(none)' to 'Small'. (OPT-170)
Information: Changed wire load model for '*GEQ_UNS_OP_7_7_1' from '(none)' to 'Small'. (OPT-170)
Information: Changed wire load model for 'DW01_cmp2_width7' from '(none)' to 'Small'. (OPT-170)
Information: Changed wire load model for '*LEQ_UNS_OP_7_7_1' from '(none)' to 'Small'. (OPT-170)
Information: Changed wire load model for 'DW01_cmp2_width7' from '(none)' to 'Small'. (OPT-170)
Information: Changed wire load model for '*GEQ_UNS_OP_7_7_1' from '(none)' to 'Small'. (OPT-170)
Information: Changed wire load model for 'DW01_cmp2_width7' from '(none)' to 'Small'. (OPT-170)
Information: Changed wire load model for '*LEQ_UNS_OP_7_7_1' from '(none)' to 'Small'. (OPT-170)
Information: Changed wire load model for 'DW01_cmp2_width7' from '(none)' to 'Small'. (OPT-170)
Information: Changed wire load model for '*GEQ_UNS_OP_7_7_1' from '(none)' to 'Small'. (OPT-170)
Information: Changed wire load model for 'DW01_cmp2_width7' from '(none)' to 'Small'. (OPT-170)
Information: Changed wire load model for '*LEQ_UNS_OP_7_7_1' from '(none)' to 'Small'. (OPT-170)
Information: Changed wire load model for 'DW01_cmp6_width32' from '(none)' to 'Small'. (OPT-170)
Information: Changed wire load model for '*NE_UNS_OP_7_32_1' from '(none)' to 'Small'. (OPT-170)
Information: Changed wire load model for 'DW01_cmp6_width32' from '(none)' to 'Small'. (OPT-170)
Information: Changed wire load model for '*NE_UNS_OP_7_32_1' from '(none)' to 'Small'. (OPT-170)
Information: Changed wire load model for 'DW01_cmp6_width32' from '(none)' to 'Small'. (OPT-170)
Information: Changed wire load model for '*NE_UNS_OP_7_32_1' from '(none)' to 'Small'. (OPT-170)
Information: Changed wire load model for 'DW01_cmp2_width7' from '(none)' to 'Small'. (OPT-170)
Information: Changed wire load model for '*GEQ_UNS_OP_7_7_1' from '(none)' to 'Small'. (OPT-170)
Information: Changed wire load model for 'DW01_cmp2_width7' from '(none)' to 'Small'. (OPT-170)
Information: Changed wire load model for '*LEQ_UNS_OP_7_7_1' from '(none)' to 'Small'. (OPT-170)
Information: Changed wire load model for 'DW01_cmp2_width7' from '(none)' to 'Small'. (OPT-170)
Information: Changed wire load model for '*GEQ_UNS_OP_7_7_1' from '(none)' to 'Small'. (OPT-170)
Information: Changed wire load model for 'DW01_cmp2_width7' from '(none)' to 'Small'. (OPT-170)
Information: Changed wire load model for '*LEQ_UNS_OP_7_7_1' from '(none)' to 'Small'. (OPT-170)
Information: Changed wire load model for 'DW01_cmp2_width7' from '(none)' to 'Small'. (OPT-170)
Information: Changed wire load model for '*GEQ_UNS_OP_7_7_1' from '(none)' to 'Small'. (OPT-170)
Information: Changed wire load model for 'DW01_cmp2_width7' from '(none)' to 'Small'. (OPT-170)
Information: Changed wire load model for '*LEQ_UNS_OP_7_7_1' from '(none)' to 'Small'. (OPT-170)
Information: Changed wire load model for 'DW01_cmp2_width7' from '(none)' to 'Small'. (OPT-170)
Information: Changed wire load model for '*GEQ_UNS_OP_7_7_1' from '(none)' to 'Small'. (OPT-170)
Information: Changed wire load model for 'DW01_cmp2_width7' from '(none)' to 'Small'. (OPT-170)
Information: Changed wire load model for '*LEQ_UNS_OP_7_7_1' from '(none)' to 'Small'. (OPT-170)
Information: Changed wire load model for 'DW01_cmp6_width32' from '(none)' to 'Small'. (OPT-170)
Information: Changed wire load model for '*NE_UNS_OP_7_32_1' from '(none)' to 'Small'. (OPT-170)
Information: Changed wire load model for 'DW01_cmp6_width32' from '(none)' to 'Small'. (OPT-170)
Information: Changed wire load model for '*NE_UNS_OP_7_32_1' from '(none)' to 'Small'. (OPT-170)
Information: Changed wire load model for 'DW01_cmp6_width32' from '(none)' to 'Small'. (OPT-170)
Information: Changed wire load model for '*NE_UNS_OP_7_32_1' from '(none)' to 'Small'. (OPT-170)
Information: Changed wire load model for 'DW01_cmp2_width7' from '(none)' to 'Small'. (OPT-170)
Information: Changed wire load model for '*GEQ_UNS_OP_7_7_1' from '(none)' to 'Small'. (OPT-170)
Information: Changed wire load model for 'DW01_cmp2_width7' from '(none)' to 'Small'. (OPT-170)
Information: Changed wire load model for '*LEQ_UNS_OP_7_7_1' from '(none)' to 'Small'. (OPT-170)
Information: Changed wire load model for 'DW01_cmp2_width7' from '(none)' to 'Small'. (OPT-170)
Information: Changed wire load model for '*GEQ_UNS_OP_7_7_1' from '(none)' to 'Small'. (OPT-170)
Information: Changed wire load model for 'DW01_cmp2_width7' from '(none)' to 'Small'. (OPT-170)
Information: Changed wire load model for '*LEQ_UNS_OP_7_7_1' from '(none)' to 'Small'. (OPT-170)
Information: Changed wire load model for 'DW01_cmp2_width7' from '(none)' to 'Small'. (OPT-170)
Information: Changed wire load model for '*GEQ_UNS_OP_7_7_1' from '(none)' to 'Small'. (OPT-170)
Information: Changed wire load model for 'DW01_cmp2_width7' from '(none)' to 'Small'. (OPT-170)
Information: Changed wire load model for '*LEQ_UNS_OP_7_7_1' from '(none)' to 'Small'. (OPT-170)
Information: Changed wire load model for 'DW01_cmp2_width7' from '(none)' to 'Small'. (OPT-170)
Information: Changed wire load model for '*GEQ_UNS_OP_7_7_1' from '(none)' to 'Small'. (OPT-170)
Information: Changed wire load model for 'DW01_cmp2_width7' from '(none)' to 'Small'. (OPT-170)
Information: Changed wire load model for '*LEQ_UNS_OP_7_7_1' from '(none)' to 'Small'. (OPT-170)
Information: Changed wire load model for 'DW01_cmp6_width32' from '(none)' to 'Small'. (OPT-170)
Information: Changed wire load model for '*NE_UNS_OP_7_32_1' from '(none)' to 'Small'. (OPT-170)
Information: Changed wire load model for 'DW01_cmp6_width32' from '(none)' to 'Small'. (OPT-170)
Information: Changed wire load model for '*NE_UNS_OP_7_32_1' from '(none)' to 'Small'. (OPT-170)
Information: Changed wire load model for 'DW01_cmp6_width32' from '(none)' to 'Small'. (OPT-170)
Information: Changed wire load model for '*NE_UNS_OP_7_32_1' from '(none)' to 'Small'. (OPT-170)
Information: Changed wire load model for 'DW01_cmp2_width7' from '(none)' to 'Small'. (OPT-170)
Information: Changed wire load model for '*GEQ_UNS_OP_7_7_1' from '(none)' to 'Small'. (OPT-170)
Information: Changed wire load model for 'DW01_cmp2_width7' from '(none)' to 'Small'. (OPT-170)
Information: Changed wire load model for '*LEQ_UNS_OP_7_7_1' from '(none)' to 'Small'. (OPT-170)
Information: Changed wire load model for 'DW01_cmp2_width7' from '(none)' to 'Small'. (OPT-170)
Information: Changed wire load model for '*GEQ_UNS_OP_7_7_1' from '(none)' to 'Small'. (OPT-170)
Information: Changed wire load model for 'DW01_cmp2_width7' from '(none)' to 'Small'. (OPT-170)
Information: Changed wire load model for '*LEQ_UNS_OP_7_7_1' from '(none)' to 'Small'. (OPT-170)
Information: Changed wire load model for 'DW01_cmp2_width7' from '(none)' to 'Small'. (OPT-170)
Information: Changed wire load model for '*GEQ_UNS_OP_7_7_1' from '(none)' to 'Small'. (OPT-170)
Information: Changed wire load model for 'DW01_cmp2_width7' from '(none)' to 'Small'. (OPT-170)
Information: Changed wire load model for '*LEQ_UNS_OP_7_7_1' from '(none)' to 'Small'. (OPT-170)
Information: Changed wire load model for 'DW01_cmp2_width7' from '(none)' to 'Small'. (OPT-170)
Information: Changed wire load model for '*GEQ_UNS_OP_7_7_1' from '(none)' to 'Small'. (OPT-170)
Information: Changed wire load model for 'DW01_cmp2_width7' from '(none)' to 'Small'. (OPT-170)
Information: Changed wire load model for '*LEQ_UNS_OP_7_7_1' from '(none)' to 'Small'. (OPT-170)
Information: Changed wire load model for 'DW01_cmp6_width32' from '(none)' to 'Small'. (OPT-170)
Information: Changed wire load model for '*NE_UNS_OP_7_32_1' from '(none)' to 'Small'. (OPT-170)
Information: Changed wire load model for 'DW01_cmp6_width32' from '(none)' to 'Small'. (OPT-170)
Information: Changed wire load model for '*NE_UNS_OP_7_32_1' from '(none)' to 'Small'. (OPT-170)
Information: Changed wire load model for 'DW01_cmp6_width32' from '(none)' to 'Small'. (OPT-170)
Information: Changed wire load model for '*NE_UNS_OP_7_32_1' from '(none)' to 'Small'. (OPT-170)
Information: Changed wire load model for 'DW01_cmp2_width7' from '(none)' to 'Small'. (OPT-170)
Information: Changed wire load model for '*GEQ_UNS_OP_7_7_1' from '(none)' to 'Small'. (OPT-170)
Information: Changed wire load model for 'DW01_cmp2_width7' from '(none)' to 'Small'. (OPT-170)
Information: Changed wire load model for '*LEQ_UNS_OP_7_7_1' from '(none)' to 'Small'. (OPT-170)
Information: Changed wire load model for 'DW01_cmp2_width7' from '(none)' to 'Small'. (OPT-170)
Information: Changed wire load model for '*GEQ_UNS_OP_7_7_1' from '(none)' to 'Small'. (OPT-170)
Information: Changed wire load model for 'DW01_cmp2_width7' from '(none)' to 'Small'. (OPT-170)
Information: Changed wire load model for '*LEQ_UNS_OP_7_7_1' from '(none)' to 'Small'. (OPT-170)
Information: Changed wire load model for 'DW01_cmp2_width7' from '(none)' to 'Small'. (OPT-170)
Information: Changed wire load model for '*GEQ_UNS_OP_7_7_1' from '(none)' to 'Small'. (OPT-170)
Information: Changed wire load model for 'DW01_cmp2_width7' from '(none)' to 'Small'. (OPT-170)
Information: Changed wire load model for '*LEQ_UNS_OP_7_7_1' from '(none)' to 'Small'. (OPT-170)
Information: Changed wire load model for 'DW01_cmp2_width7' from '(none)' to 'Small'. (OPT-170)
Information: Changed wire load model for '*GEQ_UNS_OP_7_7_1' from '(none)' to 'Small'. (OPT-170)
Information: Changed wire load model for 'DW01_cmp2_width7' from '(none)' to 'Small'. (OPT-170)
Information: Changed wire load model for '*LEQ_UNS_OP_7_7_1' from '(none)' to 'Small'. (OPT-170)
Information: Changed wire load model for 'DW01_cmp6_width32' from '(none)' to 'Small'. (OPT-170)
Information: Changed wire load model for '*NE_UNS_OP_7_32_1' from '(none)' to 'Small'. (OPT-170)
Information: Changed wire load model for 'DW01_cmp6_width32' from '(none)' to 'Small'. (OPT-170)
Information: Changed wire load model for '*NE_UNS_OP_7_32_1' from '(none)' to 'Small'. (OPT-170)
Information: Changed wire load model for 'DW01_cmp6_width32' from '(none)' to 'Small'. (OPT-170)
Information: Changed wire load model for '*NE_UNS_OP_7_32_1' from '(none)' to 'Small'. (OPT-170)
Information: Changed wire load model for 'DW01_cmp2_width7' from '(none)' to 'Small'. (OPT-170)
Information: Changed wire load model for '*GEQ_UNS_OP_7_7_1' from '(none)' to 'Small'. (OPT-170)
Information: Changed wire load model for 'DW01_cmp2_width7' from '(none)' to 'Small'. (OPT-170)
Information: Changed wire load model for '*LEQ_UNS_OP_7_7_1' from '(none)' to 'Small'. (OPT-170)
Information: Changed wire load model for 'DW01_cmp2_width7' from '(none)' to 'Small'. (OPT-170)
Information: Changed wire load model for '*GEQ_UNS_OP_7_7_1' from '(none)' to 'Small'. (OPT-170)
Information: Changed wire load model for 'DW01_cmp2_width7' from '(none)' to 'Small'. (OPT-170)
Information: Changed wire load model for '*LEQ_UNS_OP_7_7_1' from '(none)' to 'Small'. (OPT-170)
Information: Changed wire load model for 'DW01_cmp2_width7' from '(none)' to 'Small'. (OPT-170)
Information: Changed wire load model for '*GEQ_UNS_OP_7_7_1' from '(none)' to 'Small'. (OPT-170)
Information: Changed wire load model for 'DW01_cmp2_width7' from '(none)' to 'Small'. (OPT-170)
Information: Changed wire load model for '*LEQ_UNS_OP_7_7_1' from '(none)' to 'Small'. (OPT-170)
Information: Changed wire load model for 'DW01_cmp2_width7' from '(none)' to 'Small'. (OPT-170)
Information: Changed wire load model for '*GEQ_UNS_OP_7_7_1' from '(none)' to 'Small'. (OPT-170)
Information: Changed wire load model for 'DW01_cmp2_width7' from '(none)' to 'Small'. (OPT-170)
Information: Changed wire load model for '*LEQ_UNS_OP_7_7_1' from '(none)' to 'Small'. (OPT-170)
Information: Changed wire load model for 'DW01_cmp6_width32' from '(none)' to 'Small'. (OPT-170)
Information: Changed wire load model for '*NE_UNS_OP_7_32_1' from '(none)' to 'Small'. (OPT-170)
Information: Changed wire load model for 'DW01_cmp6_width32' from '(none)' to 'Small'. (OPT-170)
Information: Changed wire load model for '*NE_UNS_OP_7_32_1' from '(none)' to 'Small'. (OPT-170)
Information: Changed wire load model for 'DW01_cmp6_width32' from '(none)' to 'Small'. (OPT-170)
Information: Changed wire load model for '*NE_UNS_OP_7_32_1' from '(none)' to 'Small'. (OPT-170)
Information: Changed wire load model for 'DW01_cmp2_width7' from '(none)' to 'Small'. (OPT-170)
Information: Changed wire load model for '*GEQ_UNS_OP_7_7_1' from '(none)' to 'Small'. (OPT-170)
Information: Changed wire load model for 'DW01_cmp2_width7' from '(none)' to 'Small'. (OPT-170)
Information: Changed wire load model for '*LEQ_UNS_OP_7_7_1' from '(none)' to 'Small'. (OPT-170)
Information: Changed wire load model for 'DW01_cmp2_width7' from '(none)' to 'Small'. (OPT-170)
Information: Changed wire load model for '*GEQ_UNS_OP_7_7_1' from '(none)' to 'Small'. (OPT-170)
Information: Changed wire load model for 'DW01_cmp2_width7' from '(none)' to 'Small'. (OPT-170)
Information: Changed wire load model for '*LEQ_UNS_OP_7_7_1' from '(none)' to 'Small'. (OPT-170)
Information: Changed wire load model for 'DW01_cmp2_width7' from '(none)' to 'Small'. (OPT-170)
Information: Changed wire load model for '*GEQ_UNS_OP_7_7_1' from '(none)' to 'Small'. (OPT-170)
Information: Changed wire load model for 'DW01_cmp2_width7' from '(none)' to 'Small'. (OPT-170)
Information: Changed wire load model for '*LEQ_UNS_OP_7_7_1' from '(none)' to 'Small'. (OPT-170)
Information: Changed wire load model for 'DW01_cmp2_width7' from '(none)' to 'Small'. (OPT-170)
Information: Changed wire load model for '*GEQ_UNS_OP_7_7_1' from '(none)' to 'Small'. (OPT-170)
Information: Changed wire load model for 'DW01_cmp2_width7' from '(none)' to 'Small'. (OPT-170)
Information: Changed wire load model for '*LEQ_UNS_OP_7_7_1' from '(none)' to 'Small'. (OPT-170)
Information: Changed wire load model for 'DW01_cmp6_width32' from '(none)' to 'Small'. (OPT-170)
Information: Changed wire load model for '*NE_UNS_OP_7_32_1' from '(none)' to 'Small'. (OPT-170)
Information: Changed wire load model for 'DW01_cmp6_width32' from '(none)' to 'Small'. (OPT-170)
Information: Changed wire load model for '*NE_UNS_OP_7_32_1' from '(none)' to 'Small'. (OPT-170)
Information: Changed wire load model for 'DW01_cmp6_width32' from '(none)' to 'Small'. (OPT-170)
Information: Changed wire load model for '*NE_UNS_OP_7_32_1' from '(none)' to 'Small'. (OPT-170)
Information: Changed wire load model for 'DW01_cmp2_width7' from '(none)' to 'Small'. (OPT-170)
Information: Changed wire load model for '*GEQ_UNS_OP_7_7_1' from '(none)' to 'Small'. (OPT-170)
Information: Changed wire load model for 'DW01_cmp2_width7' from '(none)' to 'Small'. (OPT-170)
Information: Changed wire load model for '*LEQ_UNS_OP_7_7_1' from '(none)' to 'Small'. (OPT-170)
Information: Changed wire load model for 'DW01_cmp2_width7' from '(none)' to 'Small'. (OPT-170)
Information: Changed wire load model for '*GEQ_UNS_OP_7_7_1' from '(none)' to 'Small'. (OPT-170)
Information: Changed wire load model for 'DW01_cmp2_width7' from '(none)' to 'Small'. (OPT-170)
Information: Changed wire load model for '*LEQ_UNS_OP_7_7_1' from '(none)' to 'Small'. (OPT-170)
Information: Changed wire load model for 'DW01_cmp2_width7' from '(none)' to 'Small'. (OPT-170)
Information: Changed wire load model for '*GEQ_UNS_OP_7_7_1' from '(none)' to 'Small'. (OPT-170)
Information: Changed wire load model for 'DW01_cmp2_width7' from '(none)' to 'Small'. (OPT-170)
Information: Changed wire load model for '*LEQ_UNS_OP_7_7_1' from '(none)' to 'Small'. (OPT-170)
Information: Changed wire load model for 'DW01_cmp2_width7' from '(none)' to 'Small'. (OPT-170)
Information: Changed wire load model for '*GEQ_UNS_OP_7_7_1' from '(none)' to 'Small'. (OPT-170)
Information: Changed wire load model for 'DW01_cmp2_width7' from '(none)' to 'Small'. (OPT-170)
Information: Changed wire load model for '*LEQ_UNS_OP_7_7_1' from '(none)' to 'Small'. (OPT-170)
Information: Changed wire load model for 'DW01_cmp6_width32' from '(none)' to 'Small'. (OPT-170)
Information: Changed wire load model for '*NE_UNS_OP_7_32_1' from '(none)' to 'Small'. (OPT-170)
Information: Changed wire load model for 'DW01_cmp6_width32' from '(none)' to 'Small'. (OPT-170)
Information: Changed wire load model for '*NE_UNS_OP_7_32_1' from '(none)' to 'Small'. (OPT-170)
Information: Changed wire load model for 'DW01_cmp6_width32' from '(none)' to 'Small'. (OPT-170)
Information: Changed wire load model for '*NE_UNS_OP_7_32_1' from '(none)' to 'Small'. (OPT-170)
Information: Changed wire load model for 'DW01_cmp2_width7' from '(none)' to 'Small'. (OPT-170)
Information: Changed wire load model for '*GEQ_UNS_OP_7_7_1' from '(none)' to 'Small'. (OPT-170)
Information: Changed wire load model for 'DW01_cmp2_width7' from '(none)' to 'Small'. (OPT-170)
Information: Changed wire load model for '*LEQ_UNS_OP_7_7_1' from '(none)' to 'Small'. (OPT-170)
Information: Changed wire load model for 'DW01_cmp2_width7' from '(none)' to 'Small'. (OPT-170)
Information: Changed wire load model for '*GEQ_UNS_OP_7_7_1' from '(none)' to 'Small'. (OPT-170)
Information: Changed wire load model for 'DW01_cmp2_width7' from '(none)' to 'Small'. (OPT-170)
Information: Changed wire load model for '*LEQ_UNS_OP_7_7_1' from '(none)' to 'Small'. (OPT-170)
Information: Changed wire load model for 'DW01_cmp2_width7' from '(none)' to 'Small'. (OPT-170)
Information: Changed wire load model for '*GEQ_UNS_OP_7_7_1' from '(none)' to 'Small'. (OPT-170)
Information: Changed wire load model for 'DW01_cmp2_width7' from '(none)' to 'Small'. (OPT-170)
Information: Changed wire load model for '*LEQ_UNS_OP_7_7_1' from '(none)' to 'Small'. (OPT-170)
Information: Changed wire load model for 'DW01_cmp2_width7' from '(none)' to 'Small'. (OPT-170)
Information: Changed wire load model for '*GEQ_UNS_OP_7_7_1' from '(none)' to 'Small'. (OPT-170)
Information: Changed wire load model for 'DW01_cmp2_width7' from '(none)' to 'Small'. (OPT-170)
Information: Changed wire load model for '*LEQ_UNS_OP_7_7_1' from '(none)' to 'Small'. (OPT-170)
Information: Changed wire load model for 'DW01_cmp6_width32' from '(none)' to 'Small'. (OPT-170)
Information: Changed wire load model for '*NE_UNS_OP_7_32_1' from '(none)' to 'Small'. (OPT-170)
Information: Changed wire load model for 'DW01_cmp6_width32' from '(none)' to 'Small'. (OPT-170)
Information: Changed wire load model for '*NE_UNS_OP_7_32_1' from '(none)' to 'Small'. (OPT-170)
Information: Changed wire load model for 'DW01_cmp6_width32' from '(none)' to 'Small'. (OPT-170)
Information: Changed wire load model for '*NE_UNS_OP_7_32_1' from '(none)' to 'Small'. (OPT-170)
Information: Changed wire load model for 'DW01_cmp2_width7' from '(none)' to 'Small'. (OPT-170)
Information: Changed wire load model for '*GEQ_UNS_OP_7_7_1' from '(none)' to 'Small'. (OPT-170)
Information: Changed wire load model for 'DW01_cmp2_width7' from '(none)' to 'Small'. (OPT-170)
Information: Changed wire load model for '*LEQ_UNS_OP_7_7_1' from '(none)' to 'Small'. (OPT-170)
Information: Changed wire load model for 'DW01_cmp2_width7' from '(none)' to 'Small'. (OPT-170)
Information: Changed wire load model for '*GEQ_UNS_OP_7_7_1' from '(none)' to 'Small'. (OPT-170)
Information: Changed wire load model for 'DW01_cmp2_width7' from '(none)' to 'Small'. (OPT-170)
Information: Changed wire load model for '*LEQ_UNS_OP_7_7_1' from '(none)' to 'Small'. (OPT-170)
Information: Changed wire load model for 'DW01_cmp2_width7' from '(none)' to 'Small'. (OPT-170)
Information: Changed wire load model for '*GEQ_UNS_OP_7_7_1' from '(none)' to 'Small'. (OPT-170)
Information: Changed wire load model for 'DW01_cmp2_width7' from '(none)' to 'Small'. (OPT-170)
Information: Changed wire load model for '*LEQ_UNS_OP_7_7_1' from '(none)' to 'Small'. (OPT-170)
Information: Changed wire load model for 'DW01_cmp2_width7' from '(none)' to 'Small'. (OPT-170)
Information: Changed wire load model for '*GEQ_UNS_OP_7_7_1' from '(none)' to 'Small'. (OPT-170)
Information: Changed wire load model for 'DW01_cmp2_width7' from '(none)' to 'Small'. (OPT-170)
Information: Changed wire load model for '*LEQ_UNS_OP_7_7_1' from '(none)' to 'Small'. (OPT-170)
Information: Changed wire load model for 'DW01_cmp6_width32' from '(none)' to 'Small'. (OPT-170)
Information: Changed wire load model for '*NE_UNS_OP_7_32_1' from '(none)' to 'Small'. (OPT-170)
Information: Changed wire load model for 'DW01_cmp6_width32' from '(none)' to 'Small'. (OPT-170)
Information: Changed wire load model for '*NE_UNS_OP_7_32_1' from '(none)' to 'Small'. (OPT-170)
Information: Changed wire load model for 'DW01_cmp6_width32' from '(none)' to 'Small'. (OPT-170)
Information: Changed wire load model for '*NE_UNS_OP_7_32_1' from '(none)' to 'Small'. (OPT-170)
Information: Changed wire load model for 'DW01_cmp2_width7' from '(none)' to 'Small'. (OPT-170)
Information: Changed wire load model for '*GEQ_UNS_OP_7_7_1' from '(none)' to 'Small'. (OPT-170)
Information: Changed wire load model for 'DW01_cmp2_width7' from '(none)' to 'Small'. (OPT-170)
Information: Changed wire load model for '*LEQ_UNS_OP_7_7_1' from '(none)' to 'Small'. (OPT-170)
Information: Changed wire load model for 'DW01_cmp2_width7' from '(none)' to 'Small'. (OPT-170)
Information: Changed wire load model for '*GEQ_UNS_OP_7_7_1' from '(none)' to 'Small'. (OPT-170)
Information: Changed wire load model for 'DW01_cmp2_width7' from '(none)' to 'Small'. (OPT-170)
Information: Changed wire load model for '*LEQ_UNS_OP_7_7_1' from '(none)' to 'Small'. (OPT-170)
Information: Changed wire load model for 'DW01_cmp2_width7' from '(none)' to 'Small'. (OPT-170)
Information: Changed wire load model for '*GEQ_UNS_OP_7_7_1' from '(none)' to 'Small'. (OPT-170)
Information: Changed wire load model for 'DW01_cmp2_width7' from '(none)' to 'Small'. (OPT-170)
Information: Changed wire load model for '*LEQ_UNS_OP_7_7_1' from '(none)' to 'Small'. (OPT-170)
Information: Changed wire load model for 'DW01_cmp2_width7' from '(none)' to 'Small'. (OPT-170)
Information: Changed wire load model for '*GEQ_UNS_OP_7_7_1' from '(none)' to 'Small'. (OPT-170)
Information: Changed wire load model for 'DW01_cmp2_width7' from '(none)' to 'Small'. (OPT-170)
Information: Changed wire load model for '*LEQ_UNS_OP_7_7_1' from '(none)' to 'Small'. (OPT-170)
Information: Changed wire load model for 'DW01_cmp6_width32' from '(none)' to 'Small'. (OPT-170)
Information: Changed wire load model for '*NE_UNS_OP_7_32_1' from '(none)' to 'Small'. (OPT-170)
Information: Changed wire load model for 'DW01_cmp6_width32' from '(none)' to 'Small'. (OPT-170)
Information: Changed wire load model for '*NE_UNS_OP_7_32_1' from '(none)' to 'Small'. (OPT-170)
Information: Changed wire load model for 'DW01_cmp6_width32' from '(none)' to 'Small'. (OPT-170)
Information: Changed wire load model for '*NE_UNS_OP_7_32_1' from '(none)' to 'Small'. (OPT-170)
Information: Changed wire load model for 'DW01_cmp2_width7' from '(none)' to 'Small'. (OPT-170)
Information: Changed wire load model for '*GEQ_UNS_OP_7_7_1' from '(none)' to 'Small'. (OPT-170)
Information: Changed wire load model for 'DW01_cmp2_width7' from '(none)' to 'Small'. (OPT-170)
Information: Changed wire load model for '*LEQ_UNS_OP_7_7_1' from '(none)' to 'Small'. (OPT-170)
Information: Changed wire load model for 'DW01_cmp2_width7' from '(none)' to 'Small'. (OPT-170)
Information: Changed wire load model for '*GEQ_UNS_OP_7_7_1' from '(none)' to 'Small'. (OPT-170)
Information: Changed wire load model for 'DW01_cmp2_width7' from '(none)' to 'Small'. (OPT-170)
Information: Changed wire load model for '*LEQ_UNS_OP_7_7_1' from '(none)' to 'Small'. (OPT-170)
Information: Changed wire load model for 'DW01_cmp2_width7' from '(none)' to 'Small'. (OPT-170)
Information: Changed wire load model for '*GEQ_UNS_OP_7_7_1' from '(none)' to 'Small'. (OPT-170)
Information: Changed wire load model for 'DW01_cmp2_width7' from '(none)' to 'Small'. (OPT-170)
Information: Changed wire load model for '*LEQ_UNS_OP_7_7_1' from '(none)' to 'Small'. (OPT-170)
Information: Changed wire load model for 'DW01_cmp2_width7' from '(none)' to 'Small'. (OPT-170)
Information: Changed wire load model for '*GEQ_UNS_OP_7_7_1' from '(none)' to 'Small'. (OPT-170)
Information: Changed wire load model for 'DW01_cmp2_width7' from '(none)' to 'Small'. (OPT-170)
Information: Changed wire load model for '*LEQ_UNS_OP_7_7_1' from '(none)' to 'Small'. (OPT-170)
Information: Changed wire load model for 'DW01_cmp6_width32' from '(none)' to 'Small'. (OPT-170)
Information: Changed wire load model for '*NE_UNS_OP_7_32_1' from '(none)' to 'Small'. (OPT-170)
Information: Changed wire load model for 'DW01_cmp6_width32' from '(none)' to 'Small'. (OPT-170)
Information: Changed wire load model for '*NE_UNS_OP_7_32_1' from '(none)' to 'Small'. (OPT-170)
Information: Changed wire load model for 'DW01_cmp6_width32' from '(none)' to 'Small'. (OPT-170)
Information: Changed wire load model for '*NE_UNS_OP_7_32_1' from '(none)' to 'Small'. (OPT-170)
Information: Changed wire load model for 'DW01_cmp2_width7' from '(none)' to 'Small'. (OPT-170)
Information: Changed wire load model for '*GEQ_UNS_OP_7_7_1' from '(none)' to 'Small'. (OPT-170)
Information: Changed wire load model for 'DW01_cmp2_width7' from '(none)' to 'Small'. (OPT-170)
Information: Changed wire load model for '*LEQ_UNS_OP_7_7_1' from '(none)' to 'Small'. (OPT-170)
Information: Changed wire load model for 'DW01_cmp2_width7' from '(none)' to 'Small'. (OPT-170)
Information: Changed wire load model for '*GEQ_UNS_OP_7_7_1' from '(none)' to 'Small'. (OPT-170)
Information: Changed wire load model for 'DW01_cmp2_width7' from '(none)' to 'Small'. (OPT-170)
Information: Changed wire load model for '*LEQ_UNS_OP_7_7_1' from '(none)' to 'Small'. (OPT-170)
Information: Changed wire load model for 'DW01_cmp2_width7' from '(none)' to 'Small'. (OPT-170)
Information: Changed wire load model for '*GEQ_UNS_OP_7_7_1' from '(none)' to 'Small'. (OPT-170)
Information: Changed wire load model for 'DW01_cmp2_width7' from '(none)' to 'Small'. (OPT-170)
Information: Changed wire load model for '*LEQ_UNS_OP_7_7_1' from '(none)' to 'Small'. (OPT-170)
Information: Changed wire load model for 'DW01_cmp2_width7' from '(none)' to 'Small'. (OPT-170)
Information: Changed wire load model for '*GEQ_UNS_OP_7_7_1' from '(none)' to 'Small'. (OPT-170)
Information: Changed wire load model for 'DW01_cmp2_width7' from '(none)' to 'Small'. (OPT-170)
Information: Changed wire load model for '*LEQ_UNS_OP_7_7_1' from '(none)' to 'Small'. (OPT-170)
Information: Changed wire load model for 'DW01_cmp6_width32' from '(none)' to 'Small'. (OPT-170)
Information: Changed wire load model for '*NE_UNS_OP_7_32_1' from '(none)' to 'Small'. (OPT-170)
Information: Changed wire load model for 'DW01_cmp6_width32' from '(none)' to 'Small'. (OPT-170)
Information: Changed wire load model for '*NE_UNS_OP_7_32_1' from '(none)' to 'Small'. (OPT-170)
Information: Changed wire load model for 'DW01_cmp6_width32' from '(none)' to 'Small'. (OPT-170)
Information: Changed wire load model for '*NE_UNS_OP_7_32_1' from '(none)' to 'Small'. (OPT-170)
Information: Changed wire load model for 'DW01_cmp2_width7' from '(none)' to 'Small'. (OPT-170)
Information: Changed wire load model for '*GEQ_UNS_OP_7_7_1' from '(none)' to 'Small'. (OPT-170)
Information: Changed wire load model for 'DW01_cmp2_width7' from '(none)' to 'Small'. (OPT-170)
Information: Changed wire load model for '*LEQ_UNS_OP_7_7_1' from '(none)' to 'Small'. (OPT-170)
Information: Changed wire load model for 'DW01_cmp2_width7' from '(none)' to 'Small'. (OPT-170)
Information: Changed wire load model for '*GEQ_UNS_OP_7_7_1' from '(none)' to 'Small'. (OPT-170)
Information: Changed wire load model for 'DW01_cmp2_width7' from '(none)' to 'Small'. (OPT-170)
Information: Changed wire load model for '*LEQ_UNS_OP_7_7_1' from '(none)' to 'Small'. (OPT-170)
Information: Changed wire load model for 'DW01_cmp2_width7' from '(none)' to 'Small'. (OPT-170)
Information: Changed wire load model for '*GEQ_UNS_OP_7_7_1' from '(none)' to 'Small'. (OPT-170)
Information: Changed wire load model for 'DW01_cmp2_width7' from '(none)' to 'Small'. (OPT-170)
Information: Changed wire load model for '*LEQ_UNS_OP_7_7_1' from '(none)' to 'Small'. (OPT-170)
Information: Changed wire load model for 'DW01_cmp2_width7' from '(none)' to 'Small'. (OPT-170)
Information: Changed wire load model for '*GEQ_UNS_OP_7_7_1' from '(none)' to 'Small'. (OPT-170)
Information: Changed wire load model for 'DW01_cmp2_width7' from '(none)' to 'Small'. (OPT-170)
Information: Changed wire load model for '*LEQ_UNS_OP_7_7_1' from '(none)' to 'Small'. (OPT-170)
Information: Changed wire load model for 'DW01_cmp6_width32' from '(none)' to 'Small'. (OPT-170)
Information: Changed wire load model for '*NE_UNS_OP_7_32_1' from '(none)' to 'Small'. (OPT-170)
Information: Changed wire load model for 'DW01_cmp6_width32' from '(none)' to 'Small'. (OPT-170)
Information: Changed wire load model for '*NE_UNS_OP_7_32_1' from '(none)' to 'Small'. (OPT-170)
Information: Changed wire load model for 'DW01_cmp6_width32' from '(none)' to 'Small'. (OPT-170)
Information: Changed wire load model for '*NE_UNS_OP_7_32_1' from '(none)' to 'Small'. (OPT-170)
Information: Changed wire load model for 'DW01_cmp2_width7' from '(none)' to 'Small'. (OPT-170)
Information: Changed wire load model for '*GEQ_UNS_OP_7_7_1' from '(none)' to 'Small'. (OPT-170)
Information: Changed wire load model for 'DW01_cmp2_width7' from '(none)' to 'Small'. (OPT-170)
Information: Changed wire load model for '*LEQ_UNS_OP_7_7_1' from '(none)' to 'Small'. (OPT-170)
Information: Changed wire load model for 'DW01_cmp2_width7' from '(none)' to 'Small'. (OPT-170)
Information: Changed wire load model for '*GEQ_UNS_OP_7_7_1' from '(none)' to 'Small'. (OPT-170)
Information: Changed wire load model for 'DW01_cmp2_width7' from '(none)' to 'Small'. (OPT-170)
Information: Changed wire load model for '*LEQ_UNS_OP_7_7_1' from '(none)' to 'Small'. (OPT-170)
Information: Changed wire load model for 'DW01_cmp2_width7' from '(none)' to 'Small'. (OPT-170)
Information: Changed wire load model for '*GEQ_UNS_OP_7_7_1' from '(none)' to 'Small'. (OPT-170)
Information: Changed wire load model for 'DW01_cmp2_width7' from '(none)' to 'Small'. (OPT-170)
Information: Changed wire load model for '*LEQ_UNS_OP_7_7_1' from '(none)' to 'Small'. (OPT-170)
Information: Changed wire load model for 'DW01_cmp2_width7' from '(none)' to 'Small'. (OPT-170)
Information: Changed wire load model for '*GEQ_UNS_OP_7_7_1' from '(none)' to 'Small'. (OPT-170)
Information: Changed wire load model for 'DW01_cmp2_width7' from '(none)' to 'Small'. (OPT-170)
Information: Changed wire load model for '*LEQ_UNS_OP_7_7_1' from '(none)' to 'Small'. (OPT-170)
Information: Changed wire load model for 'DW01_cmp6_width32' from '(none)' to 'Small'. (OPT-170)
Information: Changed wire load model for '*NE_UNS_OP_7_32_1' from '(none)' to 'Small'. (OPT-170)
Information: Changed wire load model for 'DW01_cmp6_width32' from '(none)' to 'Small'. (OPT-170)
Information: Changed wire load model for '*NE_UNS_OP_7_32_1' from '(none)' to 'Small'. (OPT-170)
Information: Changed wire load model for 'DW01_cmp6_width32' from '(none)' to 'Small'. (OPT-170)
Information: Changed wire load model for '*NE_UNS_OP_7_32_1' from '(none)' to 'Small'. (OPT-170)
Information: Changed wire load model for 'DW01_cmp2_width7' from '(none)' to 'Small'. (OPT-170)
Information: Changed wire load model for '*GEQ_UNS_OP_7_7_1' from '(none)' to 'Small'. (OPT-170)
Information: Changed wire load model for 'DW01_cmp2_width7' from '(none)' to 'Small'. (OPT-170)
Information: Changed wire load model for '*LEQ_UNS_OP_7_7_1' from '(none)' to 'Small'. (OPT-170)
Information: Changed wire load model for 'DW01_cmp2_width7' from '(none)' to 'Small'. (OPT-170)
Information: Changed wire load model for '*GEQ_UNS_OP_7_7_1' from '(none)' to 'Small'. (OPT-170)
Information: Changed wire load model for 'DW01_cmp2_width7' from '(none)' to 'Small'. (OPT-170)
Information: Changed wire load model for '*LEQ_UNS_OP_7_7_1' from '(none)' to 'Small'. (OPT-170)
Information: Changed wire load model for 'DW01_cmp2_width7' from '(none)' to 'Small'. (OPT-170)
Information: Changed wire load model for '*GEQ_UNS_OP_7_7_1' from '(none)' to 'Small'. (OPT-170)
Information: Changed wire load model for 'DW01_cmp2_width7' from '(none)' to 'Small'. (OPT-170)
Information: Changed wire load model for '*LEQ_UNS_OP_7_7_1' from '(none)' to 'Small'. (OPT-170)
Information: Changed wire load model for 'DW01_cmp2_width7' from '(none)' to 'Small'. (OPT-170)
Information: Changed wire load model for '*GEQ_UNS_OP_7_7_1' from '(none)' to 'Small'. (OPT-170)
Information: Changed wire load model for 'DW01_cmp2_width7' from '(none)' to 'Small'. (OPT-170)
Information: Changed wire load model for '*LEQ_UNS_OP_7_7_1' from '(none)' to 'Small'. (OPT-170)
Information: Changed wire load model for 'DW01_cmp6_width32' from '(none)' to 'Small'. (OPT-170)
Information: Changed wire load model for '*NE_UNS_OP_7_32_1' from '(none)' to 'Small'. (OPT-170)
Information: Changed wire load model for 'DW01_cmp6_width32' from '(none)' to 'Small'. (OPT-170)
Information: Changed wire load model for '*NE_UNS_OP_7_32_1' from '(none)' to 'Small'. (OPT-170)
Information: Changed wire load model for 'DW01_cmp6_width32' from '(none)' to 'Small'. (OPT-170)
Information: Changed wire load model for '*NE_UNS_OP_7_32_1' from '(none)' to 'Small'. (OPT-170)
Information: Changed wire load model for 'DW01_cmp2_width7' from '(none)' to 'Small'. (OPT-170)
Information: Changed wire load model for '*GEQ_UNS_OP_7_7_1' from '(none)' to 'Small'. (OPT-170)
Information: Changed wire load model for 'DW01_cmp2_width7' from '(none)' to 'Small'. (OPT-170)
Information: Changed wire load model for '*LEQ_UNS_OP_7_7_1' from '(none)' to 'Small'. (OPT-170)
Information: Changed wire load model for 'DW01_cmp2_width7' from '(none)' to 'Small'. (OPT-170)
Information: Changed wire load model for '*GEQ_UNS_OP_7_7_1' from '(none)' to 'Small'. (OPT-170)
Information: Changed wire load model for 'DW01_cmp2_width7' from '(none)' to 'Small'. (OPT-170)
Information: Changed wire load model for '*LEQ_UNS_OP_7_7_1' from '(none)' to 'Small'. (OPT-170)
Information: Changed wire load model for 'DW01_cmp2_width7' from '(none)' to 'Small'. (OPT-170)
Information: Changed wire load model for '*GEQ_UNS_OP_7_7_1' from '(none)' to 'Small'. (OPT-170)
Information: Changed wire load model for 'DW01_cmp2_width7' from '(none)' to 'Small'. (OPT-170)
Information: Changed wire load model for '*LEQ_UNS_OP_7_7_1' from '(none)' to 'Small'. (OPT-170)
Information: Changed wire load model for 'DW01_cmp2_width7' from '(none)' to 'Small'. (OPT-170)
Information: Changed wire load model for '*GEQ_UNS_OP_7_7_1' from '(none)' to 'Small'. (OPT-170)
Information: Changed wire load model for 'DW01_cmp2_width7' from '(none)' to 'Small'. (OPT-170)
Information: Changed wire load model for '*LEQ_UNS_OP_7_7_1' from '(none)' to 'Small'. (OPT-170)
Information: Changed wire load model for 'DW01_cmp6_width32' from '(none)' to 'Small'. (OPT-170)
Information: Changed wire load model for '*NE_UNS_OP_7_32_1' from '(none)' to 'Small'. (OPT-170)
Information: Changed wire load model for 'DW01_cmp6_width32' from '(none)' to 'Small'. (OPT-170)
Information: Changed wire load model for '*NE_UNS_OP_7_32_1' from '(none)' to 'Small'. (OPT-170)
Information: Changed wire load model for 'DW01_cmp6_width32' from '(none)' to 'Small'. (OPT-170)
Information: Changed wire load model for '*NE_UNS_OP_7_32_1' from '(none)' to 'Small'. (OPT-170)
Information: Changed wire load model for 'DW01_cmp2_width7' from '(none)' to 'Small'. (OPT-170)
Information: Changed wire load model for '*GEQ_UNS_OP_7_7_1' from '(none)' to 'Small'. (OPT-170)
Information: Changed wire load model for 'DW01_cmp2_width7' from '(none)' to 'Small'. (OPT-170)
Information: Changed wire load model for '*LEQ_UNS_OP_7_7_1' from '(none)' to 'Small'. (OPT-170)
Information: Changed wire load model for 'DW01_cmp2_width7' from '(none)' to 'Small'. (OPT-170)
Information: Changed wire load model for '*GEQ_UNS_OP_7_7_1' from '(none)' to 'Small'. (OPT-170)
Information: Changed wire load model for 'DW01_cmp2_width7' from '(none)' to 'Small'. (OPT-170)
Information: Changed wire load model for '*LEQ_UNS_OP_7_7_1' from '(none)' to 'Small'. (OPT-170)
Information: Changed wire load model for 'DW01_cmp2_width7' from '(none)' to 'Small'. (OPT-170)
Information: Changed wire load model for '*GEQ_UNS_OP_7_7_1' from '(none)' to 'Small'. (OPT-170)
Information: Changed wire load model for 'DW01_cmp2_width7' from '(none)' to 'Small'. (OPT-170)
Information: Changed wire load model for '*LEQ_UNS_OP_7_7_1' from '(none)' to 'Small'. (OPT-170)
Information: Changed wire load model for 'DW01_cmp2_width7' from '(none)' to 'Small'. (OPT-170)
Information: Changed wire load model for '*GEQ_UNS_OP_7_7_1' from '(none)' to 'Small'. (OPT-170)
Information: Changed wire load model for 'DW01_cmp2_width7' from '(none)' to 'Small'. (OPT-170)
Information: Changed wire load model for '*LEQ_UNS_OP_7_7_1' from '(none)' to 'Small'. (OPT-170)
Information: Changed wire load model for 'DW01_cmp6_width8' from '(none)' to 'Small'. (OPT-170)
Information: Changed wire load model for '*NE_UNS_OP_7_8_1' from '(none)' to 'Small'. (OPT-170)
Information: Changed wire load model for 'DW01_cmp6_width8' from '(none)' to 'Small'. (OPT-170)
Information: Changed wire load model for '*NE_UNS_OP_7_8_1' from '(none)' to 'Small'. (OPT-170)
Information: Changed wire load model for 'DW01_cmp6_width8' from '(none)' to 'Small'. (OPT-170)
Information: Changed wire load model for '*NE_UNS_OP_7_8_1' from '(none)' to 'Small'. (OPT-170)
Information: Changed wire load model for 'DW01_cmp2_width7' from '(none)' to 'Small'. (OPT-170)
Information: Changed wire load model for '*GEQ_UNS_OP_7_7_1' from '(none)' to 'Small'. (OPT-170)
Information: Changed wire load model for 'DW01_cmp2_width7' from '(none)' to 'Small'. (OPT-170)
Information: Changed wire load model for '*LEQ_UNS_OP_7_7_1' from '(none)' to 'Small'. (OPT-170)
Information: Changed wire load model for 'DW01_cmp2_width7' from '(none)' to 'Small'. (OPT-170)
Information: Changed wire load model for '*GEQ_UNS_OP_7_7_1' from '(none)' to 'Small'. (OPT-170)
Information: Changed wire load model for 'DW01_cmp2_width7' from '(none)' to 'Small'. (OPT-170)
Information: Changed wire load model for '*LEQ_UNS_OP_7_7_1' from '(none)' to 'Small'. (OPT-170)
Information: Changed wire load model for 'DW01_cmp2_width7' from '(none)' to 'Small'. (OPT-170)
Information: Changed wire load model for '*GEQ_UNS_OP_7_7_1' from '(none)' to 'Small'. (OPT-170)
Information: Changed wire load model for 'DW01_cmp2_width7' from '(none)' to 'Small'. (OPT-170)
Information: Changed wire load model for '*LEQ_UNS_OP_7_7_1' from '(none)' to 'Small'. (OPT-170)
Information: Changed wire load model for 'DW01_cmp2_width7' from '(none)' to 'Small'. (OPT-170)
Information: Changed wire load model for '*GEQ_UNS_OP_7_7_1' from '(none)' to 'Small'. (OPT-170)
Information: Changed wire load model for 'DW01_cmp2_width7' from '(none)' to 'Small'. (OPT-170)
Information: Changed wire load model for '*LEQ_UNS_OP_7_7_1' from '(none)' to 'Small'. (OPT-170)
Information: Changed wire load model for 'DW01_cmp6_width8' from '(none)' to 'Small'. (OPT-170)
Information: Changed wire load model for '*NE_UNS_OP_7_8_1' from '(none)' to 'Small'. (OPT-170)
Information: Changed wire load model for 'DW01_cmp6_width8' from '(none)' to 'Small'. (OPT-170)
Information: Changed wire load model for '*NE_UNS_OP_7_8_1' from '(none)' to 'Small'. (OPT-170)
Information: Changed wire load model for 'DW01_cmp6_width8' from '(none)' to 'Small'. (OPT-170)
Information: Changed wire load model for '*NE_UNS_OP_7_8_1' from '(none)' to 'Small'. (OPT-170)
Information: Changed wire load model for 'DW01_cmp2_width7' from '(none)' to 'Small'. (OPT-170)
Information: Changed wire load model for '*GEQ_UNS_OP_7_7_1' from '(none)' to 'Small'. (OPT-170)
Information: Changed wire load model for 'DW01_cmp2_width7' from '(none)' to 'Small'. (OPT-170)
Information: Changed wire load model for '*LEQ_UNS_OP_7_7_1' from '(none)' to 'Small'. (OPT-170)
Information: Changed wire load model for 'DW01_cmp2_width7' from '(none)' to 'Small'. (OPT-170)
Information: Changed wire load model for '*GEQ_UNS_OP_7_7_1' from '(none)' to 'Small'. (OPT-170)
Information: Changed wire load model for 'DW01_cmp2_width7' from '(none)' to 'Small'. (OPT-170)
Information: Changed wire load model for '*LEQ_UNS_OP_7_7_1' from '(none)' to 'Small'. (OPT-170)
Information: Changed wire load model for 'DW01_cmp2_width7' from '(none)' to 'Small'. (OPT-170)
Information: Changed wire load model for '*GEQ_UNS_OP_7_7_1' from '(none)' to 'Small'. (OPT-170)
Information: Changed wire load model for 'DW01_cmp2_width7' from '(none)' to 'Small'. (OPT-170)
Information: Changed wire load model for '*LEQ_UNS_OP_7_7_1' from '(none)' to 'Small'. (OPT-170)
Information: Changed wire load model for 'DW01_cmp2_width7' from '(none)' to 'Small'. (OPT-170)
Information: Changed wire load model for '*GEQ_UNS_OP_7_7_1' from '(none)' to 'Small'. (OPT-170)
Information: Changed wire load model for 'DW01_cmp2_width7' from '(none)' to 'Small'. (OPT-170)
Information: Changed wire load model for '*LEQ_UNS_OP_7_7_1' from '(none)' to 'Small'. (OPT-170)
Information: Changed wire load model for 'DW01_cmp6_width8' from '(none)' to 'Small'. (OPT-170)
Information: Changed wire load model for '*NE_UNS_OP_7_8_1' from '(none)' to 'Small'. (OPT-170)
Information: Changed wire load model for 'DW01_cmp6_width8' from '(none)' to 'Small'. (OPT-170)
Information: Changed wire load model for '*NE_UNS_OP_7_8_1' from '(none)' to 'Small'. (OPT-170)
Information: Changed wire load model for 'DW01_cmp6_width8' from '(none)' to 'Small'. (OPT-170)
Information: Changed wire load model for '*NE_UNS_OP_7_8_1' from '(none)' to 'Small'. (OPT-170)
Information: Changed wire load model for 'DW01_cmp2_width7' from '(none)' to 'Small'. (OPT-170)
Information: Changed wire load model for '*GEQ_UNS_OP_7_7_1' from '(none)' to 'Small'. (OPT-170)
Information: Changed wire load model for 'DW01_cmp2_width7' from '(none)' to 'Small'. (OPT-170)
Information: Changed wire load model for '*LEQ_UNS_OP_7_7_1' from '(none)' to 'Small'. (OPT-170)
Information: Changed wire load model for 'DW01_cmp2_width7' from '(none)' to 'Small'. (OPT-170)
Information: Changed wire load model for '*GEQ_UNS_OP_7_7_1' from '(none)' to 'Small'. (OPT-170)
Information: Changed wire load model for 'DW01_cmp2_width7' from '(none)' to 'Small'. (OPT-170)
Information: Changed wire load model for '*LEQ_UNS_OP_7_7_1' from '(none)' to 'Small'. (OPT-170)
Information: Changed wire load model for 'DW01_cmp2_width7' from '(none)' to 'Small'. (OPT-170)
Information: Changed wire load model for '*GEQ_UNS_OP_7_7_1' from '(none)' to 'Small'. (OPT-170)
Information: Changed wire load model for 'DW01_cmp2_width7' from '(none)' to 'Small'. (OPT-170)
Information: Changed wire load model for '*LEQ_UNS_OP_7_7_1' from '(none)' to 'Small'. (OPT-170)
Information: Changed wire load model for 'DW01_cmp2_width7' from '(none)' to 'Small'. (OPT-170)
Information: Changed wire load model for '*GEQ_UNS_OP_7_7_1' from '(none)' to 'Small'. (OPT-170)
Information: Changed wire load model for 'DW01_cmp2_width7' from '(none)' to 'Small'. (OPT-170)
Information: Changed wire load model for '*LEQ_UNS_OP_7_7_1' from '(none)' to 'Small'. (OPT-170)
Information: Changed wire load model for 'DW01_cmp6_width8' from '(none)' to 'Small'. (OPT-170)
Information: Changed wire load model for '*NE_UNS_OP_7_8_1' from '(none)' to 'Small'. (OPT-170)
Information: Changed wire load model for 'DW01_cmp6_width8' from '(none)' to 'Small'. (OPT-170)
Information: Changed wire load model for '*NE_UNS_OP_7_8_1' from '(none)' to 'Small'. (OPT-170)
Information: Changed wire load model for 'DW01_cmp6_width8' from '(none)' to 'Small'. (OPT-170)
Information: Changed wire load model for '*NE_UNS_OP_7_8_1' from '(none)' to 'Small'. (OPT-170)
Information: Changed wire load model for 'DW01_cmp2_width7' from '(none)' to 'Small'. (OPT-170)
Information: Changed wire load model for '*GEQ_UNS_OP_7_7_1' from '(none)' to 'Small'. (OPT-170)
Information: Changed wire load model for 'DW01_cmp2_width7' from '(none)' to 'Small'. (OPT-170)
Information: Changed wire load model for '*LEQ_UNS_OP_7_7_1' from '(none)' to 'Small'. (OPT-170)
Information: Changed wire load model for 'DW01_cmp2_width7' from '(none)' to 'Small'. (OPT-170)
Information: Changed wire load model for '*GEQ_UNS_OP_7_7_1' from '(none)' to 'Small'. (OPT-170)
Information: Changed wire load model for 'DW01_cmp2_width7' from '(none)' to 'Small'. (OPT-170)
Information: Changed wire load model for '*LEQ_UNS_OP_7_7_1' from '(none)' to 'Small'. (OPT-170)
Information: Changed wire load model for 'DW01_cmp2_width7' from '(none)' to 'Small'. (OPT-170)
Information: Changed wire load model for '*GEQ_UNS_OP_7_7_1' from '(none)' to 'Small'. (OPT-170)
Information: Changed wire load model for 'DW01_cmp2_width7' from '(none)' to 'Small'. (OPT-170)
Information: Changed wire load model for '*LEQ_UNS_OP_7_7_1' from '(none)' to 'Small'. (OPT-170)
Information: Changed wire load model for 'DW01_cmp2_width7' from '(none)' to 'Small'. (OPT-170)
Information: Changed wire load model for '*GEQ_UNS_OP_7_7_1' from '(none)' to 'Small'. (OPT-170)
Information: Changed wire load model for 'DW01_cmp2_width7' from '(none)' to 'Small'. (OPT-170)
Information: Changed wire load model for '*LEQ_UNS_OP_7_7_1' from '(none)' to 'Small'. (OPT-170)
Information: Changed wire load model for 'DW01_cmp6_width8' from '(none)' to 'Small'. (OPT-170)
Information: Changed wire load model for '*NE_UNS_OP_7_8_1' from '(none)' to 'Small'. (OPT-170)
Information: Changed wire load model for 'DW01_cmp6_width8' from '(none)' to 'Small'. (OPT-170)
Information: Changed wire load model for '*NE_UNS_OP_7_8_1' from '(none)' to 'Small'. (OPT-170)
Information: Changed wire load model for 'DW01_cmp6_width8' from '(none)' to 'Small'. (OPT-170)
Information: Changed wire load model for '*NE_UNS_OP_7_8_1' from '(none)' to 'Small'. (OPT-170)
Information: Changed wire load model for 'DW01_cmp2_width7' from '(none)' to 'Small'. (OPT-170)
Information: Changed wire load model for '*GEQ_UNS_OP_7_7_1' from '(none)' to 'Small'. (OPT-170)
Information: Changed wire load model for 'DW01_cmp2_width7' from '(none)' to 'Small'. (OPT-170)
Information: Changed wire load model for '*LEQ_UNS_OP_7_7_1' from '(none)' to 'Small'. (OPT-170)
Information: Changed wire load model for 'DW01_cmp2_width7' from '(none)' to 'Small'. (OPT-170)
Information: Changed wire load model for '*GEQ_UNS_OP_7_7_1' from '(none)' to 'Small'. (OPT-170)
Information: Changed wire load model for 'DW01_cmp2_width7' from '(none)' to 'Small'. (OPT-170)
Information: Changed wire load model for '*LEQ_UNS_OP_7_7_1' from '(none)' to 'Small'. (OPT-170)
Information: Changed wire load model for 'DW01_cmp2_width7' from '(none)' to 'Small'. (OPT-170)
Information: Changed wire load model for '*GEQ_UNS_OP_7_7_1' from '(none)' to 'Small'. (OPT-170)
Information: Changed wire load model for 'DW01_cmp2_width7' from '(none)' to 'Small'. (OPT-170)
Information: Changed wire load model for '*LEQ_UNS_OP_7_7_1' from '(none)' to 'Small'. (OPT-170)
Information: Changed wire load model for 'DW01_cmp2_width7' from '(none)' to 'Small'. (OPT-170)
Information: Changed wire load model for '*GEQ_UNS_OP_7_7_1' from '(none)' to 'Small'. (OPT-170)
Information: Changed wire load model for 'DW01_cmp2_width7' from '(none)' to 'Small'. (OPT-170)
Information: Changed wire load model for '*LEQ_UNS_OP_7_7_1' from '(none)' to 'Small'. (OPT-170)
Information: Changed wire load model for 'DW01_cmp6_width8' from '(none)' to 'Small'. (OPT-170)
Information: Changed wire load model for '*NE_UNS_OP_7_8_1' from '(none)' to 'Small'. (OPT-170)
Information: Changed wire load model for 'DW01_cmp6_width8' from '(none)' to 'Small'. (OPT-170)
Information: Changed wire load model for '*NE_UNS_OP_7_8_1' from '(none)' to 'Small'. (OPT-170)
Information: Changed wire load model for 'DW01_cmp6_width8' from '(none)' to 'Small'. (OPT-170)
Information: Changed wire load model for '*NE_UNS_OP_7_8_1' from '(none)' to 'Small'. (OPT-170)
Information: Changed wire load model for 'DW01_cmp2_width7' from '(none)' to 'Small'. (OPT-170)
Information: Changed wire load model for '*GEQ_UNS_OP_7_7_1' from '(none)' to 'Small'. (OPT-170)
Information: Changed wire load model for 'DW01_cmp2_width7' from '(none)' to 'Small'. (OPT-170)
Information: Changed wire load model for '*LEQ_UNS_OP_7_7_1' from '(none)' to 'Small'. (OPT-170)
Information: Changed wire load model for 'DW01_cmp2_width7' from '(none)' to 'Small'. (OPT-170)
Information: Changed wire load model for '*GEQ_UNS_OP_7_7_1' from '(none)' to 'Small'. (OPT-170)
Information: Changed wire load model for 'DW01_cmp2_width7' from '(none)' to 'Small'. (OPT-170)
Information: Changed wire load model for '*LEQ_UNS_OP_7_7_1' from '(none)' to 'Small'. (OPT-170)
Information: Changed wire load model for 'DW01_cmp2_width7' from '(none)' to 'Small'. (OPT-170)
Information: Changed wire load model for '*GEQ_UNS_OP_7_7_1' from '(none)' to 'Small'. (OPT-170)
Information: Changed wire load model for 'DW01_cmp2_width7' from '(none)' to 'Small'. (OPT-170)
Information: Changed wire load model for '*LEQ_UNS_OP_7_7_1' from '(none)' to 'Small'. (OPT-170)
Information: Changed wire load model for 'DW01_cmp2_width7' from '(none)' to 'Small'. (OPT-170)
Information: Changed wire load model for '*GEQ_UNS_OP_7_7_1' from '(none)' to 'Small'. (OPT-170)
Information: Changed wire load model for 'DW01_cmp2_width7' from '(none)' to 'Small'. (OPT-170)
Information: Changed wire load model for '*LEQ_UNS_OP_7_7_1' from '(none)' to 'Small'. (OPT-170)
Information: Changed wire load model for 'DW01_cmp6_width8' from '(none)' to 'Small'. (OPT-170)
Information: Changed wire load model for '*NE_UNS_OP_7_8_1' from '(none)' to 'Small'. (OPT-170)
Information: Changed wire load model for 'DW01_cmp6_width8' from '(none)' to 'Small'. (OPT-170)
Information: Changed wire load model for '*NE_UNS_OP_7_8_1' from '(none)' to 'Small'. (OPT-170)
Information: Changed wire load model for 'DW01_cmp6_width8' from '(none)' to 'Small'. (OPT-170)
Information: Changed wire load model for '*NE_UNS_OP_7_8_1' from '(none)' to 'Small'. (OPT-170)
Information: Changed wire load model for 'DW01_cmp2_width7' from '(none)' to 'Small'. (OPT-170)
Information: Changed wire load model for '*GEQ_UNS_OP_7_7_1' from '(none)' to 'Small'. (OPT-170)
Information: Changed wire load model for 'DW01_cmp2_width7' from '(none)' to 'Small'. (OPT-170)
Information: Changed wire load model for '*LEQ_UNS_OP_7_7_1' from '(none)' to 'Small'. (OPT-170)
Information: Changed wire load model for 'DW01_cmp2_width7' from '(none)' to 'Small'. (OPT-170)
Information: Changed wire load model for '*GEQ_UNS_OP_7_7_1' from '(none)' to 'Small'. (OPT-170)
Information: Changed wire load model for 'DW01_cmp2_width7' from '(none)' to 'Small'. (OPT-170)
Information: Changed wire load model for '*LEQ_UNS_OP_7_7_1' from '(none)' to 'Small'. (OPT-170)
Information: Changed wire load model for 'DW01_cmp2_width7' from '(none)' to 'Small'. (OPT-170)
Information: Changed wire load model for '*GEQ_UNS_OP_7_7_1' from '(none)' to 'Small'. (OPT-170)
Information: Changed wire load model for 'DW01_cmp2_width7' from '(none)' to 'Small'. (OPT-170)
Information: Changed wire load model for '*LEQ_UNS_OP_7_7_1' from '(none)' to 'Small'. (OPT-170)
Information: Changed wire load model for 'DW01_cmp2_width7' from '(none)' to 'Small'. (OPT-170)
Information: Changed wire load model for '*GEQ_UNS_OP_7_7_1' from '(none)' to 'Small'. (OPT-170)
Information: Changed wire load model for 'DW01_cmp2_width7' from '(none)' to 'Small'. (OPT-170)
Information: Changed wire load model for '*LEQ_UNS_OP_7_7_1' from '(none)' to 'Small'. (OPT-170)
Information: Changed wire load model for 'DW01_cmp6_width8' from '(none)' to 'Small'. (OPT-170)
Information: Changed wire load model for '*NE_UNS_OP_7_8_1' from '(none)' to 'Small'. (OPT-170)
Information: Changed wire load model for 'DW01_cmp6_width8' from '(none)' to 'Small'. (OPT-170)
Information: Changed wire load model for '*NE_UNS_OP_7_8_1' from '(none)' to 'Small'. (OPT-170)
Information: Changed wire load model for 'DW01_cmp6_width8' from '(none)' to 'Small'. (OPT-170)
Information: Changed wire load model for '*NE_UNS_OP_7_8_1' from '(none)' to 'Small'. (OPT-170)
Information: Changed wire load model for 'DW01_cmp2_width7' from '(none)' to 'Small'. (OPT-170)
Information: Changed wire load model for '*GEQ_UNS_OP_7_7_1' from '(none)' to 'Small'. (OPT-170)
Information: Changed wire load model for 'DW01_cmp2_width7' from '(none)' to 'Small'. (OPT-170)
Information: Changed wire load model for '*LEQ_UNS_OP_7_7_1' from '(none)' to 'Small'. (OPT-170)
Information: Changed wire load model for 'DW01_cmp2_width7' from '(none)' to 'Small'. (OPT-170)
Information: Changed wire load model for '*GEQ_UNS_OP_7_7_1' from '(none)' to 'Small'. (OPT-170)
Information: Changed wire load model for 'DW01_cmp2_width7' from '(none)' to 'Small'. (OPT-170)
Information: Changed wire load model for '*LEQ_UNS_OP_7_7_1' from '(none)' to 'Small'. (OPT-170)
Information: Changed wire load model for 'DW01_cmp2_width7' from '(none)' to 'Small'. (OPT-170)
Information: Changed wire load model for '*GEQ_UNS_OP_7_7_1' from '(none)' to 'Small'. (OPT-170)
Information: Changed wire load model for 'DW01_cmp2_width7' from '(none)' to 'Small'. (OPT-170)
Information: Changed wire load model for '*LEQ_UNS_OP_7_7_1' from '(none)' to 'Small'. (OPT-170)
Information: Changed wire load model for 'DW01_cmp2_width7' from '(none)' to 'Small'. (OPT-170)
Information: Changed wire load model for '*GEQ_UNS_OP_7_7_1' from '(none)' to 'Small'. (OPT-170)
Information: Changed wire load model for 'DW01_cmp2_width7' from '(none)' to 'Small'. (OPT-170)
Information: Changed wire load model for '*LEQ_UNS_OP_7_7_1' from '(none)' to 'Small'. (OPT-170)
Information: Changed wire load model for 'DW01_cmp6_width8' from '(none)' to 'Small'. (OPT-170)
Information: Changed wire load model for '*NE_UNS_OP_7_8_1' from '(none)' to 'Small'. (OPT-170)
Information: Changed wire load model for 'DW01_cmp6_width8' from '(none)' to 'Small'. (OPT-170)
Information: Changed wire load model for '*NE_UNS_OP_7_8_1' from '(none)' to 'Small'. (OPT-170)
Information: Changed wire load model for 'DW01_cmp6_width8' from '(none)' to 'Small'. (OPT-170)
Information: Changed wire load model for '*NE_UNS_OP_7_8_1' from '(none)' to 'Small'. (OPT-170)
Information: Changed wire load model for 'DW01_cmp2_width7' from '(none)' to 'Small'. (OPT-170)
Information: Changed wire load model for '*GEQ_UNS_OP_7_7_1' from '(none)' to 'Small'. (OPT-170)
Information: Changed wire load model for 'DW01_cmp2_width7' from '(none)' to 'Small'. (OPT-170)
Information: Changed wire load model for '*LEQ_UNS_OP_7_7_1' from '(none)' to 'Small'. (OPT-170)
Information: Changed wire load model for 'DW01_cmp2_width7' from '(none)' to 'Small'. (OPT-170)
Information: Changed wire load model for '*GEQ_UNS_OP_7_7_1' from '(none)' to 'Small'. (OPT-170)
Information: Changed wire load model for 'DW01_cmp2_width7' from '(none)' to 'Small'. (OPT-170)
Information: Changed wire load model for '*LEQ_UNS_OP_7_7_1' from '(none)' to 'Small'. (OPT-170)
Information: Changed wire load model for 'DW01_cmp2_width7' from '(none)' to 'Small'. (OPT-170)
Information: Changed wire load model for '*GEQ_UNS_OP_7_7_1' from '(none)' to 'Small'. (OPT-170)
Information: Changed wire load model for 'DW01_cmp2_width7' from '(none)' to 'Small'. (OPT-170)
Information: Changed wire load model for '*LEQ_UNS_OP_7_7_1' from '(none)' to 'Small'. (OPT-170)
Information: Changed wire load model for 'DW01_cmp2_width7' from '(none)' to 'Small'. (OPT-170)
Information: Changed wire load model for '*GEQ_UNS_OP_7_7_1' from '(none)' to 'Small'. (OPT-170)
Information: Changed wire load model for 'DW01_cmp2_width7' from '(none)' to 'Small'. (OPT-170)
Information: Changed wire load model for '*LEQ_UNS_OP_7_7_1' from '(none)' to 'Small'. (OPT-170)
Information: Changed wire load model for 'DW01_cmp6_width8' from '(none)' to 'Small'. (OPT-170)
Information: Changed wire load model for '*NE_UNS_OP_7_8_1' from '(none)' to 'Small'. (OPT-170)
Information: Changed wire load model for 'DW01_cmp6_width8' from '(none)' to 'Small'. (OPT-170)
Information: Changed wire load model for '*NE_UNS_OP_7_8_1' from '(none)' to 'Small'. (OPT-170)
Information: Changed wire load model for 'DW01_cmp6_width8' from '(none)' to 'Small'. (OPT-170)
Information: Changed wire load model for '*NE_UNS_OP_7_8_1' from '(none)' to 'Small'. (OPT-170)
Information: Changed wire load model for 'DW01_cmp2_width7' from '(none)' to 'Small'. (OPT-170)
Information: Changed wire load model for '*GEQ_UNS_OP_7_7_1' from '(none)' to 'Small'. (OPT-170)
Information: Changed wire load model for 'DW01_cmp2_width7' from '(none)' to 'Small'. (OPT-170)
Information: Changed wire load model for '*LEQ_UNS_OP_7_7_1' from '(none)' to 'Small'. (OPT-170)
Information: Changed wire load model for 'DW01_cmp2_width7' from '(none)' to 'Small'. (OPT-170)
Information: Changed wire load model for '*GEQ_UNS_OP_7_7_1' from '(none)' to 'Small'. (OPT-170)
Information: Changed wire load model for 'DW01_cmp2_width7' from '(none)' to 'Small'. (OPT-170)
Information: Changed wire load model for '*LEQ_UNS_OP_7_7_1' from '(none)' to 'Small'. (OPT-170)
Information: Changed wire load model for 'DW01_cmp2_width7' from '(none)' to 'Small'. (OPT-170)
Information: Changed wire load model for '*GEQ_UNS_OP_7_7_1' from '(none)' to 'Small'. (OPT-170)
Information: Changed wire load model for 'DW01_cmp2_width7' from '(none)' to 'Small'. (OPT-170)
Information: Changed wire load model for '*LEQ_UNS_OP_7_7_1' from '(none)' to 'Small'. (OPT-170)
Information: Changed wire load model for 'DW01_cmp2_width7' from '(none)' to 'Small'. (OPT-170)
Information: Changed wire load model for '*GEQ_UNS_OP_7_7_1' from '(none)' to 'Small'. (OPT-170)
Information: Changed wire load model for 'DW01_cmp2_width7' from '(none)' to 'Small'. (OPT-170)
Information: Changed wire load model for '*LEQ_UNS_OP_7_7_1' from '(none)' to 'Small'. (OPT-170)
Information: Changed wire load model for 'DW01_cmp6_width8' from '(none)' to 'Small'. (OPT-170)
Information: Changed wire load model for '*NE_UNS_OP_7_8_1' from '(none)' to 'Small'. (OPT-170)
Information: Changed wire load model for 'DW01_cmp6_width8' from '(none)' to 'Small'. (OPT-170)
Information: Changed wire load model for '*NE_UNS_OP_7_8_1' from '(none)' to 'Small'. (OPT-170)
Information: Changed wire load model for 'DW01_cmp6_width8' from '(none)' to 'Small'. (OPT-170)
Information: Changed wire load model for '*NE_UNS_OP_7_8_1' from '(none)' to 'Small'. (OPT-170)
Information: Changed wire load model for 'DW01_cmp2_width7' from '(none)' to 'Small'. (OPT-170)
Information: Changed wire load model for '*GEQ_UNS_OP_7_7_1' from '(none)' to 'Small'. (OPT-170)
Information: Changed wire load model for 'DW01_cmp2_width7' from '(none)' to 'Small'. (OPT-170)
Information: Changed wire load model for '*LEQ_UNS_OP_7_7_1' from '(none)' to 'Small'. (OPT-170)
Information: Changed wire load model for 'DW01_cmp2_width7' from '(none)' to 'Small'. (OPT-170)
Information: Changed wire load model for '*GEQ_UNS_OP_7_7_1' from '(none)' to 'Small'. (OPT-170)
Information: Changed wire load model for 'DW01_cmp2_width7' from '(none)' to 'Small'. (OPT-170)
Information: Changed wire load model for '*LEQ_UNS_OP_7_7_1' from '(none)' to 'Small'. (OPT-170)
Information: Changed wire load model for 'DW01_cmp2_width7' from '(none)' to 'Small'. (OPT-170)
Information: Changed wire load model for '*GEQ_UNS_OP_7_7_1' from '(none)' to 'Small'. (OPT-170)
Information: Changed wire load model for 'DW01_cmp2_width7' from '(none)' to 'Small'. (OPT-170)
Information: Changed wire load model for '*LEQ_UNS_OP_7_7_1' from '(none)' to 'Small'. (OPT-170)
Information: Changed wire load model for 'DW01_cmp2_width7' from '(none)' to 'Small'. (OPT-170)
Information: Changed wire load model for '*GEQ_UNS_OP_7_7_1' from '(none)' to 'Small'. (OPT-170)
Information: Changed wire load model for 'DW01_cmp2_width7' from '(none)' to 'Small'. (OPT-170)
Information: Changed wire load model for '*LEQ_UNS_OP_7_7_1' from '(none)' to 'Small'. (OPT-170)
Information: Changed wire load model for 'DW01_cmp6_width8' from '(none)' to 'Small'. (OPT-170)
Information: Changed wire load model for '*NE_UNS_OP_7_8_1' from '(none)' to 'Small'. (OPT-170)
Information: Changed wire load model for 'DW01_cmp6_width8' from '(none)' to 'Small'. (OPT-170)
Information: Changed wire load model for '*NE_UNS_OP_7_8_1' from '(none)' to 'Small'. (OPT-170)
Information: Changed wire load model for 'DW01_cmp6_width8' from '(none)' to 'Small'. (OPT-170)
Information: Changed wire load model for '*NE_UNS_OP_7_8_1' from '(none)' to 'Small'. (OPT-170)
Information: Changed wire load model for 'DW01_cmp2_width7' from '(none)' to 'Small'. (OPT-170)
Information: Changed wire load model for '*GEQ_UNS_OP_7_7_1' from '(none)' to 'Small'. (OPT-170)
Information: Changed wire load model for 'DW01_cmp2_width7' from '(none)' to 'Small'. (OPT-170)
Information: Changed wire load model for '*LEQ_UNS_OP_7_7_1' from '(none)' to 'Small'. (OPT-170)
Information: Changed wire load model for 'DW01_cmp2_width7' from '(none)' to 'Small'. (OPT-170)
Information: Changed wire load model for '*GEQ_UNS_OP_7_7_1' from '(none)' to 'Small'. (OPT-170)
Information: Changed wire load model for 'DW01_cmp2_width7' from '(none)' to 'Small'. (OPT-170)
Information: Changed wire load model for '*LEQ_UNS_OP_7_7_1' from '(none)' to 'Small'. (OPT-170)
Information: Changed wire load model for 'DW01_cmp2_width7' from '(none)' to 'Small'. (OPT-170)
Information: Changed wire load model for '*GEQ_UNS_OP_7_7_1' from '(none)' to 'Small'. (OPT-170)
Information: Changed wire load model for 'DW01_cmp2_width7' from '(none)' to 'Small'. (OPT-170)
Information: Changed wire load model for '*LEQ_UNS_OP_7_7_1' from '(none)' to 'Small'. (OPT-170)
Information: Changed wire load model for 'DW01_cmp2_width7' from '(none)' to 'Small'. (OPT-170)
Information: Changed wire load model for '*GEQ_UNS_OP_7_7_1' from '(none)' to 'Small'. (OPT-170)
Information: Changed wire load model for 'DW01_cmp2_width7' from '(none)' to 'Small'. (OPT-170)
Information: Changed wire load model for '*LEQ_UNS_OP_7_7_1' from '(none)' to 'Small'. (OPT-170)
Information: Changed wire load model for 'DW01_cmp6_width8' from '(none)' to 'Small'. (OPT-170)
Information: Changed wire load model for '*NE_UNS_OP_7_8_1' from '(none)' to 'Small'. (OPT-170)
Information: Changed wire load model for 'DW01_cmp6_width8' from '(none)' to 'Small'. (OPT-170)
Information: Changed wire load model for '*NE_UNS_OP_7_8_1' from '(none)' to 'Small'. (OPT-170)
Information: Changed wire load model for 'DW01_cmp6_width8' from '(none)' to 'Small'. (OPT-170)
Information: Changed wire load model for '*NE_UNS_OP_7_8_1' from '(none)' to 'Small'. (OPT-170)
Information: Changed wire load model for 'DW01_cmp2_width7' from '(none)' to 'Small'. (OPT-170)
Information: Changed wire load model for '*GEQ_UNS_OP_7_7_1' from '(none)' to 'Small'. (OPT-170)
Information: Changed wire load model for 'DW01_cmp2_width7' from '(none)' to 'Small'. (OPT-170)
Information: Changed wire load model for '*LEQ_UNS_OP_7_7_1' from '(none)' to 'Small'. (OPT-170)
Information: Changed wire load model for 'DW01_cmp2_width7' from '(none)' to 'Small'. (OPT-170)
Information: Changed wire load model for '*GEQ_UNS_OP_7_7_1' from '(none)' to 'Small'. (OPT-170)
Information: Changed wire load model for 'DW01_cmp2_width7' from '(none)' to 'Small'. (OPT-170)
Information: Changed wire load model for '*LEQ_UNS_OP_7_7_1' from '(none)' to 'Small'. (OPT-170)
Information: Changed wire load model for 'DW01_cmp2_width7' from '(none)' to 'Small'. (OPT-170)
Information: Changed wire load model for '*GEQ_UNS_OP_7_7_1' from '(none)' to 'Small'. (OPT-170)
Information: Changed wire load model for 'DW01_cmp2_width7' from '(none)' to 'Small'. (OPT-170)
Information: Changed wire load model for '*LEQ_UNS_OP_7_7_1' from '(none)' to 'Small'. (OPT-170)
Information: Changed wire load model for 'DW01_cmp2_width7' from '(none)' to 'Small'. (OPT-170)
Information: Changed wire load model for '*GEQ_UNS_OP_7_7_1' from '(none)' to 'Small'. (OPT-170)
Information: Changed wire load model for 'DW01_cmp2_width7' from '(none)' to 'Small'. (OPT-170)
Information: Changed wire load model for '*LEQ_UNS_OP_7_7_1' from '(none)' to 'Small'. (OPT-170)
Information: Changed wire load model for 'DW01_cmp6_width8' from '(none)' to 'Small'. (OPT-170)
Information: Changed wire load model for '*NE_UNS_OP_7_8_1' from '(none)' to 'Small'. (OPT-170)
Information: Changed wire load model for 'DW01_cmp6_width8' from '(none)' to 'Small'. (OPT-170)
Information: Changed wire load model for '*NE_UNS_OP_7_8_1' from '(none)' to 'Small'. (OPT-170)
Information: Changed wire load model for 'DW01_cmp6_width8' from '(none)' to 'Small'. (OPT-170)
Information: Changed wire load model for '*NE_UNS_OP_7_8_1' from '(none)' to 'Small'. (OPT-170)
Information: Changed wire load model for 'DW01_cmp2_width7' from '(none)' to 'Small'. (OPT-170)
Information: Changed wire load model for '*GEQ_UNS_OP_7_7_1' from '(none)' to 'Small'. (OPT-170)
Information: Changed wire load model for 'DW01_cmp2_width7' from '(none)' to 'Small'. (OPT-170)
Information: Changed wire load model for '*LEQ_UNS_OP_7_7_1' from '(none)' to 'Small'. (OPT-170)
Information: Changed wire load model for 'DW01_cmp2_width7' from '(none)' to 'Small'. (OPT-170)
Information: Changed wire load model for '*GEQ_UNS_OP_7_7_1' from '(none)' to 'Small'. (OPT-170)
Information: Changed wire load model for 'DW01_cmp2_width7' from '(none)' to 'Small'. (OPT-170)
Information: Changed wire load model for '*LEQ_UNS_OP_7_7_1' from '(none)' to 'Small'. (OPT-170)
Information: Changed wire load model for 'DW01_cmp2_width7' from '(none)' to 'Small'. (OPT-170)
Information: Changed wire load model for '*GEQ_UNS_OP_7_7_1' from '(none)' to 'Small'. (OPT-170)
Information: Changed wire load model for 'DW01_cmp2_width7' from '(none)' to 'Small'. (OPT-170)
Information: Changed wire load model for '*LEQ_UNS_OP_7_7_1' from '(none)' to 'Small'. (OPT-170)
Information: Changed wire load model for 'DW01_cmp2_width7' from '(none)' to 'Small'. (OPT-170)
Information: Changed wire load model for '*GEQ_UNS_OP_7_7_1' from '(none)' to 'Small'. (OPT-170)
Information: Changed wire load model for 'DW01_cmp2_width7' from '(none)' to 'Small'. (OPT-170)
Information: Changed wire load model for '*LEQ_UNS_OP_7_7_1' from '(none)' to 'Small'. (OPT-170)
Information: Changed wire load model for 'DW01_cmp6_width8' from '(none)' to 'Small'. (OPT-170)
Information: Changed wire load model for '*NE_UNS_OP_7_8_1' from '(none)' to 'Small'. (OPT-170)
Information: Changed wire load model for 'DW01_cmp6_width8' from '(none)' to 'Small'. (OPT-170)
Information: Changed wire load model for '*NE_UNS_OP_7_8_1' from '(none)' to 'Small'. (OPT-170)
Information: Changed wire load model for 'DW01_cmp6_width8' from '(none)' to 'Small'. (OPT-170)
Information: Changed wire load model for '*NE_UNS_OP_7_8_1' from '(none)' to 'Small'. (OPT-170)
Information: Changed wire load model for 'DW01_cmp2_width7' from '(none)' to 'Small'. (OPT-170)
Information: Changed wire load model for '*GEQ_UNS_OP_7_7_1' from '(none)' to 'Small'. (OPT-170)
Information: Changed wire load model for 'DW01_cmp2_width7' from '(none)' to 'Small'. (OPT-170)
Information: Changed wire load model for '*LEQ_UNS_OP_7_7_1' from '(none)' to 'Small'. (OPT-170)
Information: Changed wire load model for 'DW01_cmp2_width7' from '(none)' to 'Small'. (OPT-170)
Information: Changed wire load model for '*GEQ_UNS_OP_7_7_1' from '(none)' to 'Small'. (OPT-170)
Information: Changed wire load model for 'DW01_cmp2_width7' from '(none)' to 'Small'. (OPT-170)
Information: Changed wire load model for '*LEQ_UNS_OP_7_7_1' from '(none)' to 'Small'. (OPT-170)
Information: Changed wire load model for 'DW01_cmp2_width7' from '(none)' to 'Small'. (OPT-170)
Information: Changed wire load model for '*GEQ_UNS_OP_7_7_1' from '(none)' to 'Small'. (OPT-170)
Information: Changed wire load model for 'DW01_cmp2_width7' from '(none)' to 'Small'. (OPT-170)
Information: Changed wire load model for '*LEQ_UNS_OP_7_7_1' from '(none)' to 'Small'. (OPT-170)
Information: Changed wire load model for 'DW01_cmp2_width7' from '(none)' to 'Small'. (OPT-170)
Information: Changed wire load model for '*GEQ_UNS_OP_7_7_1' from '(none)' to 'Small'. (OPT-170)
Information: Changed wire load model for 'DW01_cmp2_width7' from '(none)' to 'Small'. (OPT-170)
Information: Changed wire load model for '*LEQ_UNS_OP_7_7_1' from '(none)' to 'Small'. (OPT-170)
Information: Changed wire load model for 'DW01_cmp6_width8' from '(none)' to 'Small'. (OPT-170)
Information: Changed wire load model for '*NE_UNS_OP_7_8_1' from '(none)' to 'Small'. (OPT-170)
Information: Changed wire load model for 'DW01_cmp6_width8' from '(none)' to 'Small'. (OPT-170)
Information: Changed wire load model for '*NE_UNS_OP_7_8_1' from '(none)' to 'Small'. (OPT-170)
Information: Changed wire load model for 'DW01_cmp6_width8' from '(none)' to 'Small'. (OPT-170)
Information: Changed wire load model for '*NE_UNS_OP_7_8_1' from '(none)' to 'Small'. (OPT-170)
Information: Changed wire load model for 'DW01_cmp2_width7' from '(none)' to 'Small'. (OPT-170)
Information: Changed wire load model for '*GEQ_UNS_OP_7_7_1' from '(none)' to 'Small'. (OPT-170)
Information: Changed wire load model for 'DW01_cmp2_width7' from '(none)' to 'Small'. (OPT-170)
Information: Changed wire load model for '*LEQ_UNS_OP_7_7_1' from '(none)' to 'Small'. (OPT-170)
Information: Changed wire load model for 'DW01_cmp2_width7' from '(none)' to 'Small'. (OPT-170)
Information: Changed wire load model for '*GEQ_UNS_OP_7_7_1' from '(none)' to 'Small'. (OPT-170)
Information: Changed wire load model for 'DW01_cmp2_width7' from '(none)' to 'Small'. (OPT-170)
Information: Changed wire load model for '*LEQ_UNS_OP_7_7_1' from '(none)' to 'Small'. (OPT-170)
Information: Changed wire load model for 'DW01_cmp2_width7' from '(none)' to 'Small'. (OPT-170)
Information: Changed wire load model for '*GEQ_UNS_OP_7_7_1' from '(none)' to 'Small'. (OPT-170)
Information: Changed wire load model for 'DW01_cmp2_width7' from '(none)' to 'Small'. (OPT-170)
Information: Changed wire load model for '*LEQ_UNS_OP_7_7_1' from '(none)' to 'Small'. (OPT-170)
Information: Changed wire load model for 'DW01_cmp2_width7' from '(none)' to 'Small'. (OPT-170)
Information: Changed wire load model for '*GEQ_UNS_OP_7_7_1' from '(none)' to 'Small'. (OPT-170)
Information: Changed wire load model for 'DW01_cmp2_width7' from '(none)' to 'Small'. (OPT-170)
Information: Changed wire load model for '*LEQ_UNS_OP_7_7_1' from '(none)' to 'Small'. (OPT-170)
Information: Changed wire load model for 'DW01_cmp6_width7' from '(none)' to 'Small'. (OPT-170)
Information: Changed wire load model for '*NE_UNS_OP_7_7_1' from '(none)' to 'Small'. (OPT-170)
Information: Changed wire load model for 'DW01_cmp6_width8' from '(none)' to 'Small'. (OPT-170)
Information: Changed wire load model for '*NE_UNS_OP_7_8_1' from '(none)' to 'Small'. (OPT-170)
Information: Changed wire load model for 'DW01_cmp6_width8' from '(none)' to 'Small'. (OPT-170)
Information: Changed wire load model for '*NE_UNS_OP_7_8_1' from '(none)' to 'Small'. (OPT-170)
Information: Changed wire load model for 'DW01_cmp2_width7' from '(none)' to 'Small'. (OPT-170)
Information: Changed wire load model for '*GEQ_UNS_OP_7_7_1' from '(none)' to 'Small'. (OPT-170)
Information: Changed wire load model for 'DW01_cmp2_width7' from '(none)' to 'Small'. (OPT-170)
Information: Changed wire load model for '*LEQ_UNS_OP_7_7_1' from '(none)' to 'Small'. (OPT-170)
Information: Changed wire load model for 'DW01_cmp2_width7' from '(none)' to 'Small'. (OPT-170)
Information: Changed wire load model for '*GEQ_UNS_OP_7_7_1' from '(none)' to 'Small'. (OPT-170)
Information: Changed wire load model for 'DW01_cmp2_width7' from '(none)' to 'Small'. (OPT-170)
Information: Changed wire load model for '*LEQ_UNS_OP_7_7_1' from '(none)' to 'Small'. (OPT-170)
Information: Changed wire load model for 'DW01_cmp2_width7' from '(none)' to 'Small'. (OPT-170)
Information: Changed wire load model for '*GEQ_UNS_OP_7_7_1' from '(none)' to 'Small'. (OPT-170)
Information: Changed wire load model for 'DW01_cmp2_width7' from '(none)' to 'Small'. (OPT-170)
Information: Changed wire load model for '*LEQ_UNS_OP_7_7_1' from '(none)' to 'Small'. (OPT-170)
Information: Changed wire load model for 'DW01_cmp2_width7' from '(none)' to 'Small'. (OPT-170)
Information: Changed wire load model for '*GEQ_UNS_OP_7_7_1' from '(none)' to 'Small'. (OPT-170)
Information: Changed wire load model for 'DW01_cmp2_width7' from '(none)' to 'Small'. (OPT-170)
Information: Changed wire load model for '*LEQ_UNS_OP_7_7_1' from '(none)' to 'Small'. (OPT-170)
Information: Changed wire load model for 'DW01_cmp6_width7' from '(none)' to 'Small'. (OPT-170)
Information: Changed wire load model for '*NE_UNS_OP_7_7_1' from '(none)' to 'Small'. (OPT-170)
Information: Changed wire load model for 'DW01_cmp6_width8' from '(none)' to 'Small'. (OPT-170)
Information: Changed wire load model for '*NE_UNS_OP_7_8_1' from '(none)' to 'Small'. (OPT-170)
Information: Changed wire load model for 'DW01_cmp6_width8' from '(none)' to 'Small'. (OPT-170)
Information: Changed wire load model for '*NE_UNS_OP_7_8_1' from '(none)' to 'Small'. (OPT-170)
Information: Changed wire load model for 'DW01_cmp2_width7' from '(none)' to 'Small'. (OPT-170)
Information: Changed wire load model for '*GEQ_UNS_OP_7_7_1' from '(none)' to 'Small'. (OPT-170)
Information: Changed wire load model for 'DW01_cmp2_width7' from '(none)' to 'Small'. (OPT-170)
Information: Changed wire load model for '*LEQ_UNS_OP_7_7_1' from '(none)' to 'Small'. (OPT-170)
Information: Changed wire load model for 'DW01_cmp2_width7' from '(none)' to 'Small'. (OPT-170)
Information: Changed wire load model for '*GEQ_UNS_OP_7_7_1' from '(none)' to 'Small'. (OPT-170)
Information: Changed wire load model for 'DW01_cmp2_width7' from '(none)' to 'Small'. (OPT-170)
Information: Changed wire load model for '*LEQ_UNS_OP_7_7_1' from '(none)' to 'Small'. (OPT-170)
Information: Changed wire load model for 'DW01_cmp2_width7' from '(none)' to 'Small'. (OPT-170)
Information: Changed wire load model for '*GEQ_UNS_OP_7_7_1' from '(none)' to 'Small'. (OPT-170)
Information: Changed wire load model for 'DW01_cmp2_width7' from '(none)' to 'Small'. (OPT-170)
Information: Changed wire load model for '*LEQ_UNS_OP_7_7_1' from '(none)' to 'Small'. (OPT-170)
Information: Changed wire load model for 'DW01_cmp2_width7' from '(none)' to 'Small'. (OPT-170)
Information: Changed wire load model for '*GEQ_UNS_OP_7_7_1' from '(none)' to 'Small'. (OPT-170)
Information: Changed wire load model for 'DW01_cmp2_width7' from '(none)' to 'Small'. (OPT-170)
Information: Changed wire load model for '*LEQ_UNS_OP_7_7_1' from '(none)' to 'Small'. (OPT-170)
Information: Changed wire load model for 'DW01_cmp6_width7' from '(none)' to 'Small'. (OPT-170)
Information: Changed wire load model for '*NE_UNS_OP_7_7_1' from '(none)' to 'Small'. (OPT-170)
Information: Changed wire load model for 'DW01_cmp6_width8' from '(none)' to 'Small'. (OPT-170)
Information: Changed wire load model for '*NE_UNS_OP_7_8_1' from '(none)' to 'Small'. (OPT-170)
Information: Changed wire load model for 'DW01_cmp6_width8' from '(none)' to 'Small'. (OPT-170)
Information: Changed wire load model for '*NE_UNS_OP_7_8_1' from '(none)' to 'Small'. (OPT-170)
Information: Changed wire load model for 'DW01_cmp2_width7' from '(none)' to 'Small'. (OPT-170)
Information: Changed wire load model for '*GEQ_UNS_OP_7_7_1' from '(none)' to 'Small'. (OPT-170)
Information: Changed wire load model for 'DW01_cmp2_width7' from '(none)' to 'Small'. (OPT-170)
Information: Changed wire load model for '*LEQ_UNS_OP_7_7_1' from '(none)' to 'Small'. (OPT-170)
Information: Changed wire load model for 'DW01_cmp2_width7' from '(none)' to 'Small'. (OPT-170)
Information: Changed wire load model for '*GEQ_UNS_OP_7_7_1' from '(none)' to 'Small'. (OPT-170)
Information: Changed wire load model for 'DW01_cmp2_width7' from '(none)' to 'Small'. (OPT-170)
Information: Changed wire load model for '*LEQ_UNS_OP_7_7_1' from '(none)' to 'Small'. (OPT-170)
Information: Changed wire load model for 'DW01_cmp2_width7' from '(none)' to 'Small'. (OPT-170)
Information: Changed wire load model for '*GEQ_UNS_OP_7_7_1' from '(none)' to 'Small'. (OPT-170)
Information: Changed wire load model for 'DW01_cmp2_width7' from '(none)' to 'Small'. (OPT-170)
Information: Changed wire load model for '*LEQ_UNS_OP_7_7_1' from '(none)' to 'Small'. (OPT-170)
Information: Changed wire load model for 'DW01_cmp2_width7' from '(none)' to 'Small'. (OPT-170)
Information: Changed wire load model for '*GEQ_UNS_OP_7_7_1' from '(none)' to 'Small'. (OPT-170)
Information: Changed wire load model for 'DW01_cmp2_width7' from '(none)' to 'Small'. (OPT-170)
Information: Changed wire load model for '*LEQ_UNS_OP_7_7_1' from '(none)' to 'Small'. (OPT-170)
Information: Changed wire load model for 'DW01_cmp6_width7' from '(none)' to 'Small'. (OPT-170)
Information: Changed wire load model for '*NE_UNS_OP_7_7_1' from '(none)' to 'Small'. (OPT-170)
Information: Changed wire load model for 'DW01_cmp6_width8' from '(none)' to 'Small'. (OPT-170)
Information: Changed wire load model for '*NE_UNS_OP_7_8_1' from '(none)' to 'Small'. (OPT-170)
Information: Changed wire load model for 'DW01_cmp6_width8' from '(none)' to 'Small'. (OPT-170)
Information: Changed wire load model for '*NE_UNS_OP_7_8_1' from '(none)' to 'Small'. (OPT-170)
Information: Changed wire load model for 'DW01_cmp2_width7' from '(none)' to 'Small'. (OPT-170)
Information: Changed wire load model for '*GEQ_UNS_OP_7_7_1' from '(none)' to 'Small'. (OPT-170)
Information: Changed wire load model for 'DW01_cmp2_width7' from '(none)' to 'Small'. (OPT-170)
Information: Changed wire load model for '*LEQ_UNS_OP_7_7_1' from '(none)' to 'Small'. (OPT-170)
Information: Changed wire load model for 'DW01_cmp2_width7' from '(none)' to 'Small'. (OPT-170)
Information: Changed wire load model for '*GEQ_UNS_OP_7_7_1' from '(none)' to 'Small'. (OPT-170)
Information: Changed wire load model for 'DW01_cmp2_width7' from '(none)' to 'Small'. (OPT-170)
Information: Changed wire load model for '*LEQ_UNS_OP_7_7_1' from '(none)' to 'Small'. (OPT-170)
Information: Changed wire load model for 'DW01_cmp2_width7' from '(none)' to 'Small'. (OPT-170)
Information: Changed wire load model for '*GEQ_UNS_OP_7_7_1' from '(none)' to 'Small'. (OPT-170)
Information: Changed wire load model for 'DW01_cmp2_width7' from '(none)' to 'Small'. (OPT-170)
Information: Changed wire load model for '*LEQ_UNS_OP_7_7_1' from '(none)' to 'Small'. (OPT-170)
Information: Changed wire load model for 'DW01_cmp2_width7' from '(none)' to 'Small'. (OPT-170)
Information: Changed wire load model for '*GEQ_UNS_OP_7_7_1' from '(none)' to 'Small'. (OPT-170)
Information: Changed wire load model for 'DW01_cmp2_width7' from '(none)' to 'Small'. (OPT-170)
Information: Changed wire load model for '*LEQ_UNS_OP_7_7_1' from '(none)' to 'Small'. (OPT-170)
Information: Changed wire load model for 'DW01_cmp6_width7' from '(none)' to 'Small'. (OPT-170)
Information: Changed wire load model for '*NE_UNS_OP_7_7_1' from '(none)' to 'Small'. (OPT-170)
Information: Changed wire load model for 'DW01_cmp6_width8' from '(none)' to 'Small'. (OPT-170)
Information: Changed wire load model for '*NE_UNS_OP_7_8_1' from '(none)' to 'Small'. (OPT-170)
Information: Changed wire load model for 'DW01_cmp6_width8' from '(none)' to 'Small'. (OPT-170)
Information: Changed wire load model for '*NE_UNS_OP_7_8_1' from '(none)' to 'Small'. (OPT-170)
Information: Changed wire load model for 'DW01_cmp2_width7' from '(none)' to 'Small'. (OPT-170)
Information: Changed wire load model for '*GEQ_UNS_OP_7_7_1' from '(none)' to 'Small'. (OPT-170)
Information: Changed wire load model for 'DW01_cmp2_width7' from '(none)' to 'Small'. (OPT-170)
Information: Changed wire load model for '*LEQ_UNS_OP_7_7_1' from '(none)' to 'Small'. (OPT-170)
Information: Changed wire load model for 'DW01_cmp2_width7' from '(none)' to 'Small'. (OPT-170)
Information: Changed wire load model for '*GEQ_UNS_OP_7_7_1' from '(none)' to 'Small'. (OPT-170)
Information: Changed wire load model for 'DW01_cmp2_width7' from '(none)' to 'Small'. (OPT-170)
Information: Changed wire load model for '*LEQ_UNS_OP_7_7_1' from '(none)' to 'Small'. (OPT-170)
Information: Changed wire load model for 'DW01_cmp2_width7' from '(none)' to 'Small'. (OPT-170)
Information: Changed wire load model for '*GEQ_UNS_OP_7_7_1' from '(none)' to 'Small'. (OPT-170)
Information: Changed wire load model for 'DW01_cmp2_width7' from '(none)' to 'Small'. (OPT-170)
Information: Changed wire load model for '*LEQ_UNS_OP_7_7_1' from '(none)' to 'Small'. (OPT-170)
Information: Changed wire load model for 'DW01_cmp2_width7' from '(none)' to 'Small'. (OPT-170)
Information: Changed wire load model for '*GEQ_UNS_OP_7_7_1' from '(none)' to 'Small'. (OPT-170)
Information: Changed wire load model for 'DW01_cmp2_width7' from '(none)' to 'Small'. (OPT-170)
Information: Changed wire load model for '*LEQ_UNS_OP_7_7_1' from '(none)' to 'Small'. (OPT-170)
Information: Changed wire load model for 'DW01_cmp6_width7' from '(none)' to 'Small'. (OPT-170)
Information: Changed wire load model for '*NE_UNS_OP_7_7_1' from '(none)' to 'Small'. (OPT-170)
Information: Changed wire load model for 'DW01_cmp6_width8' from '(none)' to 'Small'. (OPT-170)
Information: Changed wire load model for '*NE_UNS_OP_7_8_1' from '(none)' to 'Small'. (OPT-170)
Information: Changed wire load model for 'DW01_cmp6_width8' from '(none)' to 'Small'. (OPT-170)
Information: Changed wire load model for '*NE_UNS_OP_7_8_1' from '(none)' to 'Small'. (OPT-170)
Information: Changed wire load model for 'DW01_cmp2_width7' from '(none)' to 'Small'. (OPT-170)
Information: Changed wire load model for '*GEQ_UNS_OP_7_7_1' from '(none)' to 'Small'. (OPT-170)
Information: Changed wire load model for 'DW01_cmp2_width7' from '(none)' to 'Small'. (OPT-170)
Information: Changed wire load model for '*LEQ_UNS_OP_7_7_1' from '(none)' to 'Small'. (OPT-170)
Information: Changed wire load model for 'DW01_cmp2_width7' from '(none)' to 'Small'. (OPT-170)
Information: Changed wire load model for '*GEQ_UNS_OP_7_7_1' from '(none)' to 'Small'. (OPT-170)
Information: Changed wire load model for 'DW01_cmp2_width7' from '(none)' to 'Small'. (OPT-170)
Information: Changed wire load model for '*LEQ_UNS_OP_7_7_1' from '(none)' to 'Small'. (OPT-170)
Information: Changed wire load model for 'DW01_cmp2_width7' from '(none)' to 'Small'. (OPT-170)
Information: Changed wire load model for '*GEQ_UNS_OP_7_7_1' from '(none)' to 'Small'. (OPT-170)
Information: Changed wire load model for 'DW01_cmp2_width7' from '(none)' to 'Small'. (OPT-170)
Information: Changed wire load model for '*LEQ_UNS_OP_7_7_1' from '(none)' to 'Small'. (OPT-170)
Information: Changed wire load model for 'DW01_cmp2_width7' from '(none)' to 'Small'. (OPT-170)
Information: Changed wire load model for '*GEQ_UNS_OP_7_7_1' from '(none)' to 'Small'. (OPT-170)
Information: Changed wire load model for 'DW01_cmp2_width7' from '(none)' to 'Small'. (OPT-170)
Information: Changed wire load model for '*LEQ_UNS_OP_7_7_1' from '(none)' to 'Small'. (OPT-170)
Information: Changed wire load model for 'DW01_cmp6_width7' from '(none)' to 'Small'. (OPT-170)
Information: Changed wire load model for '*NE_UNS_OP_7_7_1' from '(none)' to 'Small'. (OPT-170)
Information: Changed wire load model for 'DW01_cmp6_width8' from '(none)' to 'Small'. (OPT-170)
Information: Changed wire load model for '*NE_UNS_OP_7_8_1' from '(none)' to 'Small'. (OPT-170)
Information: Changed wire load model for 'DW01_cmp6_width8' from '(none)' to 'Small'. (OPT-170)
Information: Changed wire load model for '*NE_UNS_OP_7_8_1' from '(none)' to 'Small'. (OPT-170)
Information: Changed wire load model for 'DW01_cmp2_width7' from '(none)' to 'Small'. (OPT-170)
Information: Changed wire load model for '*GEQ_UNS_OP_7_7_1' from '(none)' to 'Small'. (OPT-170)
Information: Changed wire load model for 'DW01_cmp2_width7' from '(none)' to 'Small'. (OPT-170)
Information: Changed wire load model for '*LEQ_UNS_OP_7_7_1' from '(none)' to 'Small'. (OPT-170)
Information: Changed wire load model for 'DW01_cmp2_width7' from '(none)' to 'Small'. (OPT-170)
Information: Changed wire load model for '*GEQ_UNS_OP_7_7_1' from '(none)' to 'Small'. (OPT-170)
Information: Changed wire load model for 'DW01_cmp2_width7' from '(none)' to 'Small'. (OPT-170)
Information: Changed wire load model for '*LEQ_UNS_OP_7_7_1' from '(none)' to 'Small'. (OPT-170)
Information: Changed wire load model for 'DW01_cmp2_width7' from '(none)' to 'Small'. (OPT-170)
Information: Changed wire load model for '*GEQ_UNS_OP_7_7_1' from '(none)' to 'Small'. (OPT-170)
Information: Changed wire load model for 'DW01_cmp2_width7' from '(none)' to 'Small'. (OPT-170)
Information: Changed wire load model for '*LEQ_UNS_OP_7_7_1' from '(none)' to 'Small'. (OPT-170)
Information: Changed wire load model for 'DW01_cmp2_width7' from '(none)' to 'Small'. (OPT-170)
Information: Changed wire load model for '*GEQ_UNS_OP_7_7_1' from '(none)' to 'Small'. (OPT-170)
Information: Changed wire load model for 'DW01_cmp2_width7' from '(none)' to 'Small'. (OPT-170)
Information: Changed wire load model for '*LEQ_UNS_OP_7_7_1' from '(none)' to 'Small'. (OPT-170)
Information: Changed wire load model for 'DW01_cmp6_width7' from '(none)' to 'Small'. (OPT-170)
Information: Changed wire load model for '*NE_UNS_OP_7_7_1' from '(none)' to 'Small'. (OPT-170)
Information: Changed wire load model for 'DW01_cmp6_width8' from '(none)' to 'Small'. (OPT-170)
Information: Changed wire load model for '*NE_UNS_OP_7_8_1' from '(none)' to 'Small'. (OPT-170)
Information: Changed wire load model for 'DW01_cmp6_width8' from '(none)' to 'Small'. (OPT-170)
Information: Changed wire load model for '*NE_UNS_OP_7_8_1' from '(none)' to 'Small'. (OPT-170)
Information: Changed wire load model for 'DW01_cmp2_width7' from '(none)' to 'Small'. (OPT-170)
Information: Changed wire load model for '*GEQ_UNS_OP_7_7_1' from '(none)' to 'Small'. (OPT-170)
Information: Changed wire load model for 'DW01_cmp2_width7' from '(none)' to 'Small'. (OPT-170)
Information: Changed wire load model for '*LEQ_UNS_OP_7_7_1' from '(none)' to 'Small'. (OPT-170)
Information: Changed wire load model for 'DW01_cmp2_width7' from '(none)' to 'Small'. (OPT-170)
Information: Changed wire load model for '*GEQ_UNS_OP_7_7_1' from '(none)' to 'Small'. (OPT-170)
Information: Changed wire load model for 'DW01_cmp2_width7' from '(none)' to 'Small'. (OPT-170)
Information: Changed wire load model for '*LEQ_UNS_OP_7_7_1' from '(none)' to 'Small'. (OPT-170)
Information: Changed wire load model for 'DW01_cmp2_width7' from '(none)' to 'Small'. (OPT-170)
Information: Changed wire load model for '*GEQ_UNS_OP_7_7_1' from '(none)' to 'Small'. (OPT-170)
Information: Changed wire load model for 'DW01_cmp2_width7' from '(none)' to 'Small'. (OPT-170)
Information: Changed wire load model for '*LEQ_UNS_OP_7_7_1' from '(none)' to 'Small'. (OPT-170)
Information: Changed wire load model for 'DW01_cmp2_width7' from '(none)' to 'Small'. (OPT-170)
Information: Changed wire load model for '*GEQ_UNS_OP_7_7_1' from '(none)' to 'Small'. (OPT-170)
Information: Changed wire load model for 'DW01_cmp2_width7' from '(none)' to 'Small'. (OPT-170)
Information: Changed wire load model for '*LEQ_UNS_OP_7_7_1' from '(none)' to 'Small'. (OPT-170)
Information: Changed wire load model for 'DW01_cmp6_width7' from '(none)' to 'Small'. (OPT-170)
Information: Changed wire load model for '*NE_UNS_OP_7_7_1' from '(none)' to 'Small'. (OPT-170)
Information: Changed wire load model for 'DW01_cmp6_width8' from '(none)' to 'Small'. (OPT-170)
Information: Changed wire load model for '*NE_UNS_OP_7_8_1' from '(none)' to 'Small'. (OPT-170)
Information: Changed wire load model for 'DW01_cmp6_width8' from '(none)' to 'Small'. (OPT-170)
Information: Changed wire load model for '*NE_UNS_OP_7_8_1' from '(none)' to 'Small'. (OPT-170)
Information: Changed wire load model for 'DW01_cmp2_width7' from '(none)' to 'Small'. (OPT-170)
Information: Changed wire load model for '*GEQ_UNS_OP_7_7_1' from '(none)' to 'Small'. (OPT-170)
Information: Changed wire load model for 'DW01_cmp2_width7' from '(none)' to 'Small'. (OPT-170)
Information: Changed wire load model for '*LEQ_UNS_OP_7_7_1' from '(none)' to 'Small'. (OPT-170)
Information: Changed wire load model for 'DW01_cmp2_width7' from '(none)' to 'Small'. (OPT-170)
Information: Changed wire load model for '*GEQ_UNS_OP_7_7_1' from '(none)' to 'Small'. (OPT-170)
Information: Changed wire load model for 'DW01_cmp2_width7' from '(none)' to 'Small'. (OPT-170)
Information: Changed wire load model for '*LEQ_UNS_OP_7_7_1' from '(none)' to 'Small'. (OPT-170)
Information: Changed wire load model for 'DW01_cmp2_width7' from '(none)' to 'Small'. (OPT-170)
Information: Changed wire load model for '*GEQ_UNS_OP_7_7_1' from '(none)' to 'Small'. (OPT-170)
Information: Changed wire load model for 'DW01_cmp2_width7' from '(none)' to 'Small'. (OPT-170)
Information: Changed wire load model for '*LEQ_UNS_OP_7_7_1' from '(none)' to 'Small'. (OPT-170)
Information: Changed wire load model for 'DW01_cmp2_width7' from '(none)' to 'Small'. (OPT-170)
Information: Changed wire load model for '*GEQ_UNS_OP_7_7_1' from '(none)' to 'Small'. (OPT-170)
Information: Changed wire load model for 'DW01_cmp2_width7' from '(none)' to 'Small'. (OPT-170)
Information: Changed wire load model for '*LEQ_UNS_OP_7_7_1' from '(none)' to 'Small'. (OPT-170)
Information: Changed wire load model for 'DW01_cmp6_width7' from '(none)' to 'Small'. (OPT-170)
Information: Changed wire load model for '*NE_UNS_OP_7_7_1' from '(none)' to 'Small'. (OPT-170)
Information: Changed wire load model for 'DW01_cmp6_width8' from '(none)' to 'Small'. (OPT-170)
Information: Changed wire load model for '*NE_UNS_OP_7_8_1' from '(none)' to 'Small'. (OPT-170)
Information: Changed wire load model for 'DW01_cmp6_width8' from '(none)' to 'Small'. (OPT-170)
Information: Changed wire load model for '*NE_UNS_OP_7_8_1' from '(none)' to 'Small'. (OPT-170)
Information: Changed wire load model for 'DW01_cmp2_width7' from '(none)' to 'Small'. (OPT-170)
Information: Changed wire load model for '*GEQ_UNS_OP_7_7_1' from '(none)' to 'Small'. (OPT-170)
Information: Changed wire load model for 'DW01_cmp2_width7' from '(none)' to 'Small'. (OPT-170)
Information: Changed wire load model for '*LEQ_UNS_OP_7_7_1' from '(none)' to 'Small'. (OPT-170)
Information: Changed wire load model for 'DW01_cmp2_width7' from '(none)' to 'Small'. (OPT-170)
Information: Changed wire load model for '*GEQ_UNS_OP_7_7_1' from '(none)' to 'Small'. (OPT-170)
Information: Changed wire load model for 'DW01_cmp2_width7' from '(none)' to 'Small'. (OPT-170)
Information: Changed wire load model for '*LEQ_UNS_OP_7_7_1' from '(none)' to 'Small'. (OPT-170)
Information: Changed wire load model for 'DW01_cmp2_width7' from '(none)' to 'Small'. (OPT-170)
Information: Changed wire load model for '*GEQ_UNS_OP_7_7_1' from '(none)' to 'Small'. (OPT-170)
Information: Changed wire load model for 'DW01_cmp2_width7' from '(none)' to 'Small'. (OPT-170)
Information: Changed wire load model for '*LEQ_UNS_OP_7_7_1' from '(none)' to 'Small'. (OPT-170)
Information: Changed wire load model for 'DW01_cmp2_width7' from '(none)' to 'Small'. (OPT-170)
Information: Changed wire load model for '*GEQ_UNS_OP_7_7_1' from '(none)' to 'Small'. (OPT-170)
Information: Changed wire load model for 'DW01_cmp2_width7' from '(none)' to 'Small'. (OPT-170)
Information: Changed wire load model for '*LEQ_UNS_OP_7_7_1' from '(none)' to 'Small'. (OPT-170)
Information: Changed wire load model for 'DW01_cmp6_width7' from '(none)' to 'Small'. (OPT-170)
Information: Changed wire load model for '*NE_UNS_OP_7_7_1' from '(none)' to 'Small'. (OPT-170)
Information: Changed wire load model for 'DW01_cmp6_width8' from '(none)' to 'Small'. (OPT-170)
Information: Changed wire load model for '*NE_UNS_OP_7_8_1' from '(none)' to 'Small'. (OPT-170)
Information: Changed wire load model for 'DW01_cmp6_width8' from '(none)' to 'Small'. (OPT-170)
Information: Changed wire load model for '*NE_UNS_OP_7_8_1' from '(none)' to 'Small'. (OPT-170)
Information: Changed wire load model for 'DW01_cmp2_width7' from '(none)' to 'Small'. (OPT-170)
Information: Changed wire load model for '*GEQ_UNS_OP_7_7_1' from '(none)' to 'Small'. (OPT-170)
Information: Changed wire load model for 'DW01_cmp2_width7' from '(none)' to 'Small'. (OPT-170)
Information: Changed wire load model for '*LEQ_UNS_OP_7_7_1' from '(none)' to 'Small'. (OPT-170)
Information: Changed wire load model for 'DW01_cmp2_width7' from '(none)' to 'Small'. (OPT-170)
Information: Changed wire load model for '*GEQ_UNS_OP_7_7_1' from '(none)' to 'Small'. (OPT-170)
Information: Changed wire load model for 'DW01_cmp2_width7' from '(none)' to 'Small'. (OPT-170)
Information: Changed wire load model for '*LEQ_UNS_OP_7_7_1' from '(none)' to 'Small'. (OPT-170)
Information: Changed wire load model for 'DW01_cmp2_width7' from '(none)' to 'Small'. (OPT-170)
Information: Changed wire load model for '*GEQ_UNS_OP_7_7_1' from '(none)' to 'Small'. (OPT-170)
Information: Changed wire load model for 'DW01_cmp2_width7' from '(none)' to 'Small'. (OPT-170)
Information: Changed wire load model for '*LEQ_UNS_OP_7_7_1' from '(none)' to 'Small'. (OPT-170)
Information: Changed wire load model for 'DW01_cmp2_width7' from '(none)' to 'Small'. (OPT-170)
Information: Changed wire load model for '*GEQ_UNS_OP_7_7_1' from '(none)' to 'Small'. (OPT-170)
Information: Changed wire load model for 'DW01_cmp2_width7' from '(none)' to 'Small'. (OPT-170)
Information: Changed wire load model for '*LEQ_UNS_OP_7_7_1' from '(none)' to 'Small'. (OPT-170)
Information: Changed wire load model for 'DW01_cmp6_width7' from '(none)' to 'Small'. (OPT-170)
Information: Changed wire load model for '*NE_UNS_OP_7_7_1' from '(none)' to 'Small'. (OPT-170)
Information: Changed wire load model for 'DW01_cmp6_width8' from '(none)' to 'Small'. (OPT-170)
Information: Changed wire load model for '*NE_UNS_OP_7_8_1' from '(none)' to 'Small'. (OPT-170)
Information: Changed wire load model for 'DW01_cmp6_width8' from '(none)' to 'Small'. (OPT-170)
Information: Changed wire load model for '*NE_UNS_OP_7_8_1' from '(none)' to 'Small'. (OPT-170)
Information: Changed wire load model for 'DW01_cmp2_width7' from '(none)' to 'Small'. (OPT-170)
Information: Changed wire load model for '*GEQ_UNS_OP_7_7_1' from '(none)' to 'Small'. (OPT-170)
Information: Changed wire load model for 'DW01_cmp2_width7' from '(none)' to 'Small'. (OPT-170)
Information: Changed wire load model for '*LEQ_UNS_OP_7_7_1' from '(none)' to 'Small'. (OPT-170)
Information: Changed wire load model for 'DW01_cmp2_width7' from '(none)' to 'Small'. (OPT-170)
Information: Changed wire load model for '*GEQ_UNS_OP_7_7_1' from '(none)' to 'Small'. (OPT-170)
Information: Changed wire load model for 'DW01_cmp2_width7' from '(none)' to 'Small'. (OPT-170)
Information: Changed wire load model for '*LEQ_UNS_OP_7_7_1' from '(none)' to 'Small'. (OPT-170)
Information: Changed wire load model for 'DW01_cmp2_width7' from '(none)' to 'Small'. (OPT-170)
Information: Changed wire load model for '*GEQ_UNS_OP_7_7_1' from '(none)' to 'Small'. (OPT-170)
Information: Changed wire load model for 'DW01_cmp2_width7' from '(none)' to 'Small'. (OPT-170)
Information: Changed wire load model for '*LEQ_UNS_OP_7_7_1' from '(none)' to 'Small'. (OPT-170)
Information: Changed wire load model for 'DW01_cmp2_width7' from '(none)' to 'Small'. (OPT-170)
Information: Changed wire load model for '*GEQ_UNS_OP_7_7_1' from '(none)' to 'Small'. (OPT-170)
Information: Changed wire load model for 'DW01_cmp2_width7' from '(none)' to 'Small'. (OPT-170)
Information: Changed wire load model for '*LEQ_UNS_OP_7_7_1' from '(none)' to 'Small'. (OPT-170)
Information: Changed wire load model for 'DW01_cmp6_width7' from '(none)' to 'Small'. (OPT-170)
Information: Changed wire load model for '*NE_UNS_OP_7_7_1' from '(none)' to 'Small'. (OPT-170)
Information: Changed wire load model for 'DW01_cmp6_width8' from '(none)' to 'Small'. (OPT-170)
Information: Changed wire load model for '*NE_UNS_OP_7_8_1' from '(none)' to 'Small'. (OPT-170)
Information: Changed wire load model for 'DW01_cmp6_width8' from '(none)' to 'Small'. (OPT-170)
Information: Changed wire load model for '*NE_UNS_OP_7_8_1' from '(none)' to 'Small'. (OPT-170)
Information: Changed wire load model for 'DW01_cmp2_width7' from '(none)' to 'Small'. (OPT-170)
Information: Changed wire load model for '*GEQ_UNS_OP_7_7_1' from '(none)' to 'Small'. (OPT-170)
Information: Changed wire load model for 'DW01_cmp2_width7' from '(none)' to 'Small'. (OPT-170)
Information: Changed wire load model for '*LEQ_UNS_OP_7_7_1' from '(none)' to 'Small'. (OPT-170)
Information: Changed wire load model for 'DW01_cmp2_width7' from '(none)' to 'Small'. (OPT-170)
Information: Changed wire load model for '*GEQ_UNS_OP_7_7_1' from '(none)' to 'Small'. (OPT-170)
Information: Changed wire load model for 'DW01_cmp2_width7' from '(none)' to 'Small'. (OPT-170)
Information: Changed wire load model for '*LEQ_UNS_OP_7_7_1' from '(none)' to 'Small'. (OPT-170)
Information: Changed wire load model for 'DW01_cmp2_width7' from '(none)' to 'Small'. (OPT-170)
Information: Changed wire load model for '*GEQ_UNS_OP_7_7_1' from '(none)' to 'Small'. (OPT-170)
Information: Changed wire load model for 'DW01_cmp2_width7' from '(none)' to 'Small'. (OPT-170)
Information: Changed wire load model for '*LEQ_UNS_OP_7_7_1' from '(none)' to 'Small'. (OPT-170)
Information: Changed wire load model for 'DW01_cmp2_width7' from '(none)' to 'Small'. (OPT-170)
Information: Changed wire load model for '*GEQ_UNS_OP_7_7_1' from '(none)' to 'Small'. (OPT-170)
Information: Changed wire load model for 'DW01_cmp2_width7' from '(none)' to 'Small'. (OPT-170)
Information: Changed wire load model for '*LEQ_UNS_OP_7_7_1' from '(none)' to 'Small'. (OPT-170)
Information: Changed wire load model for 'DW01_cmp6_width7' from '(none)' to 'Small'. (OPT-170)
Information: Changed wire load model for '*NE_UNS_OP_7_7_1' from '(none)' to 'Small'. (OPT-170)
Information: Changed wire load model for 'DW01_cmp6_width8' from '(none)' to 'Small'. (OPT-170)
Information: Changed wire load model for '*NE_UNS_OP_7_8_1' from '(none)' to 'Small'. (OPT-170)
Information: Changed wire load model for 'DW01_cmp6_width8' from '(none)' to 'Small'. (OPT-170)
Information: Changed wire load model for '*NE_UNS_OP_7_8_1' from '(none)' to 'Small'. (OPT-170)
Information: Changed wire load model for 'DW01_cmp2_width7' from '(none)' to 'Small'. (OPT-170)
Information: Changed wire load model for '*GEQ_UNS_OP_7_7_1' from '(none)' to 'Small'. (OPT-170)
Information: Changed wire load model for 'DW01_cmp2_width7' from '(none)' to 'Small'. (OPT-170)
Information: Changed wire load model for '*LEQ_UNS_OP_7_7_1' from '(none)' to 'Small'. (OPT-170)
Information: Changed wire load model for 'DW01_cmp2_width7' from '(none)' to 'Small'. (OPT-170)
Information: Changed wire load model for '*GEQ_UNS_OP_7_7_1' from '(none)' to 'Small'. (OPT-170)
Information: Changed wire load model for 'DW01_cmp2_width7' from '(none)' to 'Small'. (OPT-170)
Information: Changed wire load model for '*LEQ_UNS_OP_7_7_1' from '(none)' to 'Small'. (OPT-170)
Information: Changed wire load model for 'DW01_cmp2_width7' from '(none)' to 'Small'. (OPT-170)
Information: Changed wire load model for '*GEQ_UNS_OP_7_7_1' from '(none)' to 'Small'. (OPT-170)
Information: Changed wire load model for 'DW01_cmp2_width7' from '(none)' to 'Small'. (OPT-170)
Information: Changed wire load model for '*LEQ_UNS_OP_7_7_1' from '(none)' to 'Small'. (OPT-170)
Information: Changed wire load model for 'DW01_cmp2_width7' from '(none)' to 'Small'. (OPT-170)
Information: Changed wire load model for '*GEQ_UNS_OP_7_7_1' from '(none)' to 'Small'. (OPT-170)
Information: Changed wire load model for 'DW01_cmp2_width7' from '(none)' to 'Small'. (OPT-170)
Information: Changed wire load model for '*LEQ_UNS_OP_7_7_1' from '(none)' to 'Small'. (OPT-170)
Information: Changed wire load model for 'DW01_cmp6_width7' from '(none)' to 'Small'. (OPT-170)
Information: Changed wire load model for '*NE_UNS_OP_7_7_1' from '(none)' to 'Small'. (OPT-170)
Information: Changed wire load model for 'DW01_cmp6_width8' from '(none)' to 'Small'. (OPT-170)
Information: Changed wire load model for '*NE_UNS_OP_7_8_1' from '(none)' to 'Small'. (OPT-170)
Information: Changed wire load model for 'DW01_cmp6_width8' from '(none)' to 'Small'. (OPT-170)
Information: Changed wire load model for '*NE_UNS_OP_7_8_1' from '(none)' to 'Small'. (OPT-170)
Information: Changed wire load model for 'DW01_cmp2_width7' from '(none)' to 'Small'. (OPT-170)
Information: Changed wire load model for '*GEQ_UNS_OP_7_7_1' from '(none)' to 'Small'. (OPT-170)
Information: Changed wire load model for 'DW01_cmp2_width7' from '(none)' to 'Small'. (OPT-170)
Information: Changed wire load model for '*LEQ_UNS_OP_7_7_1' from '(none)' to 'Small'. (OPT-170)
Information: Changed wire load model for 'DW01_cmp2_width7' from '(none)' to 'Small'. (OPT-170)
Information: Changed wire load model for '*GEQ_UNS_OP_7_7_1' from '(none)' to 'Small'. (OPT-170)
Information: Changed wire load model for 'DW01_cmp2_width7' from '(none)' to 'Small'. (OPT-170)
Information: Changed wire load model for '*LEQ_UNS_OP_7_7_1' from '(none)' to 'Small'. (OPT-170)
Information: Changed wire load model for 'DW01_cmp2_width7' from '(none)' to 'Small'. (OPT-170)
Information: Changed wire load model for '*GEQ_UNS_OP_7_7_1' from '(none)' to 'Small'. (OPT-170)
Information: Changed wire load model for 'DW01_cmp2_width7' from '(none)' to 'Small'. (OPT-170)
Information: Changed wire load model for '*LEQ_UNS_OP_7_7_1' from '(none)' to 'Small'. (OPT-170)
Information: Changed wire load model for 'DW01_cmp2_width7' from '(none)' to 'Small'. (OPT-170)
Information: Changed wire load model for '*GEQ_UNS_OP_7_7_1' from '(none)' to 'Small'. (OPT-170)
Information: Changed wire load model for 'DW01_cmp2_width7' from '(none)' to 'Small'. (OPT-170)
Information: Changed wire load model for '*LEQ_UNS_OP_7_7_1' from '(none)' to 'Small'. (OPT-170)
Information: Changed wire load model for 'DW01_cmp6_width7' from '(none)' to 'Small'. (OPT-170)
Information: Changed wire load model for '*NE_UNS_OP_7_7_1' from '(none)' to 'Small'. (OPT-170)
Information: Changed wire load model for 'DW01_cmp6_width8' from '(none)' to 'Small'. (OPT-170)
Information: Changed wire load model for '*NE_UNS_OP_7_8_1' from '(none)' to 'Small'. (OPT-170)
Information: Changed wire load model for 'DW01_cmp6_width8' from '(none)' to 'Small'. (OPT-170)
Information: Changed wire load model for '*NE_UNS_OP_7_8_1' from '(none)' to 'Small'. (OPT-170)
Information: Changed wire load model for 'DW01_cmp2_width7' from '(none)' to 'Small'. (OPT-170)
Information: Changed wire load model for '*GEQ_UNS_OP_7_7_1' from '(none)' to 'Small'. (OPT-170)
Information: Changed wire load model for 'DW01_cmp2_width7' from '(none)' to 'Small'. (OPT-170)
Information: Changed wire load model for '*LEQ_UNS_OP_7_7_1' from '(none)' to 'Small'. (OPT-170)
Information: Changed wire load model for 'DW01_cmp2_width7' from '(none)' to 'Small'. (OPT-170)
Information: Changed wire load model for '*GEQ_UNS_OP_7_7_1' from '(none)' to 'Small'. (OPT-170)
Information: Changed wire load model for 'DW01_cmp2_width7' from '(none)' to 'Small'. (OPT-170)
Information: Changed wire load model for '*LEQ_UNS_OP_7_7_1' from '(none)' to 'Small'. (OPT-170)
Information: Changed wire load model for 'DW01_cmp2_width7' from '(none)' to 'Small'. (OPT-170)
Information: Changed wire load model for '*GEQ_UNS_OP_7_7_1' from '(none)' to 'Small'. (OPT-170)
Information: Changed wire load model for 'DW01_cmp2_width7' from '(none)' to 'Small'. (OPT-170)
Information: Changed wire load model for '*LEQ_UNS_OP_7_7_1' from '(none)' to 'Small'. (OPT-170)
Information: Changed wire load model for 'DW01_cmp2_width7' from '(none)' to 'Small'. (OPT-170)
Information: Changed wire load model for '*GEQ_UNS_OP_7_7_1' from '(none)' to 'Small'. (OPT-170)
Information: Changed wire load model for 'DW01_cmp2_width7' from '(none)' to 'Small'. (OPT-170)
Information: Changed wire load model for '*LEQ_UNS_OP_7_7_1' from '(none)' to 'Small'. (OPT-170)
Information: Changed wire load model for 'DW01_cmp2_width7' from '(none)' to 'Small'. (OPT-170)
Information: Changed wire load model for '*GEQ_UNS_OP_7_7_1' from '(none)' to 'Small'. (OPT-170)
Information: Changed wire load model for 'DW01_cmp2_width7' from '(none)' to 'Small'. (OPT-170)
Information: Changed wire load model for '*LEQ_UNS_OP_7_7_1' from '(none)' to 'Small'. (OPT-170)
Information: Changed wire load model for 'DW01_cmp2_width7' from '(none)' to 'Small'. (OPT-170)
Information: Changed wire load model for '*GEQ_UNS_OP_7_7_1' from '(none)' to 'Small'. (OPT-170)
Information: Changed wire load model for 'DW01_cmp2_width7' from '(none)' to 'Small'. (OPT-170)
Information: Changed wire load model for '*LEQ_UNS_OP_7_7_1' from '(none)' to 'Small'. (OPT-170)
Information: Changed wire load model for 'DW01_cmp2_width7' from '(none)' to 'Small'. (OPT-170)
Information: Changed wire load model for '*GEQ_UNS_OP_7_7_1' from '(none)' to 'Small'. (OPT-170)
Information: Changed wire load model for 'DW01_cmp2_width7' from '(none)' to 'Small'. (OPT-170)
Information: Changed wire load model for '*LEQ_UNS_OP_7_7_1' from '(none)' to 'Small'. (OPT-170)
Information: Changed wire load model for 'DW01_cmp2_width7' from '(none)' to 'Small'. (OPT-170)
Information: Changed wire load model for '*GEQ_UNS_OP_7_7_1' from '(none)' to 'Small'. (OPT-170)
Information: Changed wire load model for 'DW01_cmp2_width7' from '(none)' to 'Small'. (OPT-170)
Information: Changed wire load model for '*LEQ_UNS_OP_7_7_1' from '(none)' to 'Small'. (OPT-170)
Information: Changed wire load model for 'DW01_cmp2_width7' from '(none)' to 'Small'. (OPT-170)
Information: Changed wire load model for '*GEQ_UNS_OP_7_7_1' from '(none)' to 'Small'. (OPT-170)
Information: Changed wire load model for 'DW01_cmp2_width7' from '(none)' to 'Small'. (OPT-170)
Information: Changed wire load model for '*LEQ_UNS_OP_7_7_1' from '(none)' to 'Small'. (OPT-170)
Information: Changed wire load model for 'DW01_cmp2_width7' from '(none)' to 'Small'. (OPT-170)
Information: Changed wire load model for '*GEQ_UNS_OP_7_7_1' from '(none)' to 'Small'. (OPT-170)
Information: Changed wire load model for 'DW01_cmp2_width7' from '(none)' to 'Small'. (OPT-170)
Information: Changed wire load model for '*LEQ_UNS_OP_7_7_1' from '(none)' to 'Small'. (OPT-170)
Information: Changed wire load model for 'DW01_cmp2_width7' from '(none)' to 'Small'. (OPT-170)
Information: Changed wire load model for '*GEQ_UNS_OP_7_7_1' from '(none)' to 'Small'. (OPT-170)
Information: Changed wire load model for 'DW01_cmp2_width7' from '(none)' to 'Small'. (OPT-170)
Information: Changed wire load model for '*LEQ_UNS_OP_7_7_1' from '(none)' to 'Small'. (OPT-170)
Information: Changed wire load model for 'DW01_cmp2_width7' from '(none)' to 'Small'. (OPT-170)
Information: Changed wire load model for '*GEQ_UNS_OP_7_7_1' from '(none)' to 'Small'. (OPT-170)
Information: Changed wire load model for 'DW01_cmp2_width7' from '(none)' to 'Small'. (OPT-170)
Information: Changed wire load model for '*LEQ_UNS_OP_7_7_1' from '(none)' to 'Small'. (OPT-170)
Information: Changed wire load model for 'DW01_cmp2_width7' from '(none)' to 'Small'. (OPT-170)
Information: Changed wire load model for '*GEQ_UNS_OP_7_7_1' from '(none)' to 'Small'. (OPT-170)
Information: Changed wire load model for 'DW01_cmp2_width7' from '(none)' to 'Small'. (OPT-170)
Information: Changed wire load model for '*LEQ_UNS_OP_7_7_1' from '(none)' to 'Small'. (OPT-170)
Information: Changed wire load model for 'DW01_cmp2_width7' from '(none)' to 'Small'. (OPT-170)
Information: Changed wire load model for '*GEQ_UNS_OP_7_7_1' from '(none)' to 'Small'. (OPT-170)
Information: Changed wire load model for 'DW01_cmp2_width7' from '(none)' to 'Small'. (OPT-170)
Information: Changed wire load model for '*LEQ_UNS_OP_7_7_1' from '(none)' to 'Small'. (OPT-170)
Information: Changed wire load model for 'DW01_cmp2_width7' from '(none)' to 'Small'. (OPT-170)
Information: Changed wire load model for '*GEQ_UNS_OP_7_7_1' from '(none)' to 'Small'. (OPT-170)
Information: Changed wire load model for 'DW01_cmp2_width7' from '(none)' to 'Small'. (OPT-170)
Information: Changed wire load model for '*LEQ_UNS_OP_7_7_1' from '(none)' to 'Small'. (OPT-170)
Information: Changed wire load model for 'DW01_cmp2_width7' from '(none)' to 'Small'. (OPT-170)
Information: Changed wire load model for '*GEQ_UNS_OP_7_7_1' from '(none)' to 'Small'. (OPT-170)
Information: Changed wire load model for 'DW01_cmp2_width7' from '(none)' to 'Small'. (OPT-170)
Information: Changed wire load model for '*LEQ_UNS_OP_7_7_1' from '(none)' to 'Small'. (OPT-170)
Information: Changed wire load model for 'DW01_cmp2_width7' from '(none)' to 'Small'. (OPT-170)
Information: Changed wire load model for '*GEQ_UNS_OP_7_7_1' from '(none)' to 'Small'. (OPT-170)
Information: Changed wire load model for 'DW01_cmp2_width7' from '(none)' to 'Small'. (OPT-170)
Information: Changed wire load model for '*LEQ_UNS_OP_7_7_1' from '(none)' to 'Small'. (OPT-170)
Information: Changed wire load model for 'DW01_cmp2_width7' from '(none)' to 'Small'. (OPT-170)
Information: Changed wire load model for '*GEQ_UNS_OP_7_7_1' from '(none)' to 'Small'. (OPT-170)
Information: Changed wire load model for 'DW01_cmp2_width7' from '(none)' to 'Small'. (OPT-170)
Information: Changed wire load model for '*LEQ_UNS_OP_7_7_1' from '(none)' to 'Small'. (OPT-170)
Information: Changed wire load model for 'DW01_cmp2_width7' from '(none)' to 'Small'. (OPT-170)
Information: Changed wire load model for '*GEQ_UNS_OP_7_7_1' from '(none)' to 'Small'. (OPT-170)
Information: Changed wire load model for 'DW01_cmp2_width7' from '(none)' to 'Small'. (OPT-170)
Information: Changed wire load model for '*LEQ_UNS_OP_7_7_1' from '(none)' to 'Small'. (OPT-170)
Information: Changed wire load model for 'DW01_cmp2_width7' from '(none)' to 'Small'. (OPT-170)
Information: Changed wire load model for '*GEQ_UNS_OP_7_7_1' from '(none)' to 'Small'. (OPT-170)
Information: Changed wire load model for 'DW01_cmp2_width7' from '(none)' to 'Small'. (OPT-170)
Information: Changed wire load model for '*LEQ_UNS_OP_7_7_1' from '(none)' to 'Small'. (OPT-170)
Information: Changed wire load model for 'DW01_cmp2_width7' from '(none)' to 'Small'. (OPT-170)
Information: Changed wire load model for '*GEQ_UNS_OP_7_7_1' from '(none)' to 'Small'. (OPT-170)
Information: Changed wire load model for 'DW01_cmp2_width7' from '(none)' to 'Small'. (OPT-170)
Information: Changed wire load model for '*LEQ_UNS_OP_7_7_1' from '(none)' to 'Small'. (OPT-170)
Information: Changed wire load model for 'DW01_cmp2_width7' from '(none)' to 'Small'. (OPT-170)
Information: Changed wire load model for '*GEQ_UNS_OP_7_7_1' from '(none)' to 'Small'. (OPT-170)
Information: Changed wire load model for 'DW01_cmp2_width7' from '(none)' to 'Small'. (OPT-170)
Information: Changed wire load model for '*LEQ_UNS_OP_7_7_1' from '(none)' to 'Small'. (OPT-170)
Information: Changed wire load model for 'DW01_cmp2_width7' from '(none)' to 'Small'. (OPT-170)
Information: Changed wire load model for '*GEQ_UNS_OP_7_7_1' from '(none)' to 'Small'. (OPT-170)
Information: Changed wire load model for 'DW01_cmp2_width7' from '(none)' to 'Small'. (OPT-170)
Information: Changed wire load model for '*LEQ_UNS_OP_7_7_1' from '(none)' to 'Small'. (OPT-170)
Information: Changed wire load model for 'DW01_cmp2_width7' from '(none)' to 'Small'. (OPT-170)
Information: Changed wire load model for '*GEQ_UNS_OP_7_7_1' from '(none)' to 'Small'. (OPT-170)
Information: Changed wire load model for 'DW01_cmp2_width7' from '(none)' to 'Small'. (OPT-170)
Information: Changed wire load model for '*LEQ_UNS_OP_7_7_1' from '(none)' to 'Small'. (OPT-170)
Information: Changed wire load model for 'DW01_cmp2_width7' from '(none)' to 'Small'. (OPT-170)
Information: Changed wire load model for '*GEQ_UNS_OP_7_7_1' from '(none)' to 'Small'. (OPT-170)
Information: Changed wire load model for 'DW01_cmp2_width7' from '(none)' to 'Small'. (OPT-170)
Information: Changed wire load model for '*LEQ_UNS_OP_7_7_1' from '(none)' to 'Small'. (OPT-170)
Information: Changed wire load model for 'DW01_cmp2_width7' from '(none)' to 'Small'. (OPT-170)
Information: Changed wire load model for '*GEQ_UNS_OP_7_7_1' from '(none)' to 'Small'. (OPT-170)
Information: Changed wire load model for 'DW01_cmp2_width7' from '(none)' to 'Small'. (OPT-170)
Information: Changed wire load model for '*LEQ_UNS_OP_7_7_1' from '(none)' to 'Small'. (OPT-170)
Information: Changed wire load model for 'DW01_cmp2_width7' from '(none)' to 'Small'. (OPT-170)
Information: Changed wire load model for '*GEQ_UNS_OP_7_7_1' from '(none)' to 'Small'. (OPT-170)
Information: Changed wire load model for 'DW01_cmp2_width7' from '(none)' to 'Small'. (OPT-170)
Information: Changed wire load model for '*LEQ_UNS_OP_7_7_1' from '(none)' to 'Small'. (OPT-170)
Information: Changed wire load model for 'DW01_cmp2_width7' from '(none)' to 'Small'. (OPT-170)
Information: Changed wire load model for '*GEQ_UNS_OP_7_7_1' from '(none)' to 'Small'. (OPT-170)
Information: Changed wire load model for 'DW01_cmp2_width7' from '(none)' to 'Small'. (OPT-170)
Information: Changed wire load model for '*LEQ_UNS_OP_7_7_1' from '(none)' to 'Small'. (OPT-170)
Information: Changed wire load model for 'DW01_cmp2_width7' from '(none)' to 'Small'. (OPT-170)
Information: Changed wire load model for '*GEQ_UNS_OP_7_7_1' from '(none)' to 'Small'. (OPT-170)
Information: Changed wire load model for 'DW01_cmp2_width7' from '(none)' to 'Small'. (OPT-170)
Information: Changed wire load model for '*LEQ_UNS_OP_7_7_1' from '(none)' to 'Small'. (OPT-170)
Information: Changed wire load model for 'DW01_cmp2_width7' from '(none)' to 'Small'. (OPT-170)
Information: Changed wire load model for '*GEQ_UNS_OP_7_7_1' from '(none)' to 'Small'. (OPT-170)
Information: Changed wire load model for 'DW01_cmp2_width7' from '(none)' to 'Small'. (OPT-170)
Information: Changed wire load model for '*LEQ_UNS_OP_7_7_1' from '(none)' to 'Small'. (OPT-170)
Information: Changed wire load model for 'DW01_cmp2_width7' from '(none)' to 'Small'. (OPT-170)
Information: Changed wire load model for '*GEQ_UNS_OP_7_7_1' from '(none)' to 'Small'. (OPT-170)
Information: Changed wire load model for 'DW01_cmp2_width7' from '(none)' to 'Small'. (OPT-170)
Information: Changed wire load model for '*LEQ_UNS_OP_7_7_1' from '(none)' to 'Small'. (OPT-170)
Information: Changed wire load model for 'DW01_cmp2_width7' from '(none)' to 'Small'. (OPT-170)
Information: Changed wire load model for '*GEQ_UNS_OP_7_7_1' from '(none)' to 'Small'. (OPT-170)
Information: Changed wire load model for 'DW01_cmp2_width7' from '(none)' to 'Small'. (OPT-170)
Information: Changed wire load model for '*LEQ_UNS_OP_7_7_1' from '(none)' to 'Small'. (OPT-170)
Information: Changed wire load model for 'DW01_cmp2_width7' from '(none)' to 'Small'. (OPT-170)
Information: Changed wire load model for '*GEQ_UNS_OP_7_7_1' from '(none)' to 'Small'. (OPT-170)
Information: Changed wire load model for 'DW01_cmp2_width7' from '(none)' to 'Small'. (OPT-170)
Information: Changed wire load model for '*LEQ_UNS_OP_7_7_1' from '(none)' to 'Small'. (OPT-170)
Information: Changed wire load model for 'DW01_cmp2_width7' from '(none)' to 'Small'. (OPT-170)
Information: Changed wire load model for '*GEQ_UNS_OP_7_7_1' from '(none)' to 'Small'. (OPT-170)
Information: Changed wire load model for 'DW01_cmp2_width7' from '(none)' to 'Small'. (OPT-170)
Information: Changed wire load model for '*LEQ_UNS_OP_7_7_1' from '(none)' to 'Small'. (OPT-170)
Information: Changed wire load model for 'DW01_cmp2_width7' from '(none)' to 'Small'. (OPT-170)
Information: Changed wire load model for '*GEQ_UNS_OP_7_7_1' from '(none)' to 'Small'. (OPT-170)
Information: Changed wire load model for 'DW01_cmp2_width7' from '(none)' to 'Small'. (OPT-170)
Information: Changed wire load model for '*LEQ_UNS_OP_7_7_1' from '(none)' to 'Small'. (OPT-170)
Information: Changed wire load model for 'DW01_cmp2_width7' from '(none)' to 'Small'. (OPT-170)
Information: Changed wire load model for '*GEQ_UNS_OP_7_7_1' from '(none)' to 'Small'. (OPT-170)
Information: Changed wire load model for 'DW01_cmp2_width7' from '(none)' to 'Small'. (OPT-170)
Information: Changed wire load model for '*LEQ_UNS_OP_7_7_1' from '(none)' to 'Small'. (OPT-170)
Information: Changed wire load model for 'DW01_cmp6_width7' from '(none)' to 'Small'. (OPT-170)
Information: Changed wire load model for '*NE_UNS_OP_7_7_1' from '(none)' to 'Small'. (OPT-170)
Information: Changed wire load model for 'DW01_cmp6_width7' from '(none)' to 'Small'. (OPT-170)
Information: Changed wire load model for '*NE_UNS_OP_7_7_1' from '(none)' to 'Small'. (OPT-170)
Information: Changed wire load model for 'DW01_cmp6_width7' from '(none)' to 'Small'. (OPT-170)
Information: Changed wire load model for '*NE_UNS_OP_7_7_1' from '(none)' to 'Small'. (OPT-170)
Information: Changed wire load model for 'DW01_cmp6_width7' from '(none)' to 'Small'. (OPT-170)
Information: Changed wire load model for '*NE_UNS_OP_7_7_1' from '(none)' to 'Small'. (OPT-170)
Information: Changed wire load model for 'DW01_cmp2_width7' from '(none)' to 'Small'. (OPT-170)
Information: Changed wire load model for '*GEQ_UNS_OP_7_7_1' from '(none)' to 'Small'. (OPT-170)
Information: Changed wire load model for 'DW01_cmp2_width7' from '(none)' to 'Small'. (OPT-170)
Information: Changed wire load model for '*LEQ_UNS_OP_7_7_1' from '(none)' to 'Small'. (OPT-170)
Information: Changed wire load model for 'DW01_cmp2_width7' from '(none)' to 'Small'. (OPT-170)
Information: Changed wire load model for '*GEQ_UNS_OP_7_7_1' from '(none)' to 'Small'. (OPT-170)
Information: Changed wire load model for 'DW01_cmp2_width7' from '(none)' to 'Small'. (OPT-170)
Information: Changed wire load model for '*LEQ_UNS_OP_7_7_1' from '(none)' to 'Small'. (OPT-170)
Information: Changed wire load model for 'DW01_cmp2_width7' from '(none)' to 'Small'. (OPT-170)
Information: Changed wire load model for '*GEQ_UNS_OP_7_7_1' from '(none)' to 'Small'. (OPT-170)
Information: Changed wire load model for 'DW01_cmp2_width7' from '(none)' to 'Small'. (OPT-170)
Information: Changed wire load model for '*LEQ_UNS_OP_7_7_1' from '(none)' to 'Small'. (OPT-170)
Information: Changed wire load model for 'DW01_cmp2_width7' from '(none)' to 'Small'. (OPT-170)
Information: Changed wire load model for '*GEQ_UNS_OP_7_7_1' from '(none)' to 'Small'. (OPT-170)
Information: Changed wire load model for 'DW01_cmp2_width7' from '(none)' to 'Small'. (OPT-170)
Information: Changed wire load model for '*LEQ_UNS_OP_7_7_1' from '(none)' to 'Small'. (OPT-170)
Information: Changed wire load model for 'DW01_cmp6_width7' from '(none)' to 'Small'. (OPT-170)
Information: Changed wire load model for '*NE_UNS_OP_7_7_1' from '(none)' to 'Small'. (OPT-170)
Information: Changed wire load model for 'DW01_cmp6_width7' from '(none)' to 'Small'. (OPT-170)
Information: Changed wire load model for '*NE_UNS_OP_7_7_1' from '(none)' to 'Small'. (OPT-170)
Information: Changed wire load model for 'DW01_cmp6_width7' from '(none)' to 'Small'. (OPT-170)
Information: Changed wire load model for '*NE_UNS_OP_7_7_1' from '(none)' to 'Small'. (OPT-170)
Information: Changed wire load model for 'DW01_cmp6_width7' from '(none)' to 'Small'. (OPT-170)
Information: Changed wire load model for '*NE_UNS_OP_7_7_1' from '(none)' to 'Small'. (OPT-170)
Information: Changed wire load model for 'DW01_cmp2_width7' from '(none)' to 'Small'. (OPT-170)
Information: Changed wire load model for '*GEQ_UNS_OP_7_7_1' from '(none)' to 'Small'. (OPT-170)
Information: Changed wire load model for 'DW01_cmp2_width7' from '(none)' to 'Small'. (OPT-170)
Information: Changed wire load model for '*LEQ_UNS_OP_7_7_1' from '(none)' to 'Small'. (OPT-170)
Information: Changed wire load model for 'DW01_cmp2_width7' from '(none)' to 'Small'. (OPT-170)
Information: Changed wire load model for '*GEQ_UNS_OP_7_7_1' from '(none)' to 'Small'. (OPT-170)
Information: Changed wire load model for 'DW01_cmp2_width7' from '(none)' to 'Small'. (OPT-170)
Information: Changed wire load model for '*LEQ_UNS_OP_7_7_1' from '(none)' to 'Small'. (OPT-170)
Information: Changed wire load model for 'DW01_cmp2_width7' from '(none)' to 'Small'. (OPT-170)
Information: Changed wire load model for '*GEQ_UNS_OP_7_7_1' from '(none)' to 'Small'. (OPT-170)
Information: Changed wire load model for 'DW01_cmp2_width7' from '(none)' to 'Small'. (OPT-170)
Information: Changed wire load model for '*LEQ_UNS_OP_7_7_1' from '(none)' to 'Small'. (OPT-170)
Information: Changed wire load model for 'DW01_cmp2_width7' from '(none)' to 'Small'. (OPT-170)
Information: Changed wire load model for '*GEQ_UNS_OP_7_7_1' from '(none)' to 'Small'. (OPT-170)
Information: Changed wire load model for 'DW01_cmp2_width7' from '(none)' to 'Small'. (OPT-170)
Information: Changed wire load model for '*LEQ_UNS_OP_7_7_1' from '(none)' to 'Small'. (OPT-170)
Information: Changed wire load model for 'DW01_cmp6_width7' from '(none)' to 'Small'. (OPT-170)
Information: Changed wire load model for '*NE_UNS_OP_7_7_1' from '(none)' to 'Small'. (OPT-170)
Information: Changed wire load model for 'DW01_cmp6_width7' from '(none)' to 'Small'. (OPT-170)
Information: Changed wire load model for '*NE_UNS_OP_7_7_1' from '(none)' to 'Small'. (OPT-170)
Information: Changed wire load model for 'DW01_cmp6_width7' from '(none)' to 'Small'. (OPT-170)
Information: Changed wire load model for '*NE_UNS_OP_7_7_1' from '(none)' to 'Small'. (OPT-170)
Information: Changed wire load model for 'DW01_cmp6_width7' from '(none)' to 'Small'. (OPT-170)
Information: Changed wire load model for '*NE_UNS_OP_7_7_1' from '(none)' to 'Small'. (OPT-170)
Information: Changed wire load model for 'DW01_cmp2_width7' from '(none)' to 'Small'. (OPT-170)
Information: Changed wire load model for '*GEQ_UNS_OP_7_7_1' from '(none)' to 'Small'. (OPT-170)
Information: Changed wire load model for 'DW01_cmp2_width7' from '(none)' to 'Small'. (OPT-170)
Information: Changed wire load model for '*LEQ_UNS_OP_7_7_1' from '(none)' to 'Small'. (OPT-170)
Information: Changed wire load model for 'DW01_cmp2_width7' from '(none)' to 'Small'. (OPT-170)
Information: Changed wire load model for '*GEQ_UNS_OP_7_7_1' from '(none)' to 'Small'. (OPT-170)
Information: Changed wire load model for 'DW01_cmp2_width7' from '(none)' to 'Small'. (OPT-170)
Information: Changed wire load model for '*LEQ_UNS_OP_7_7_1' from '(none)' to 'Small'. (OPT-170)
Information: Changed wire load model for 'DW01_cmp2_width7' from '(none)' to 'Small'. (OPT-170)
Information: Changed wire load model for '*GEQ_UNS_OP_7_7_1' from '(none)' to 'Small'. (OPT-170)
Information: Changed wire load model for 'DW01_cmp2_width7' from '(none)' to 'Small'. (OPT-170)
Information: Changed wire load model for '*LEQ_UNS_OP_7_7_1' from '(none)' to 'Small'. (OPT-170)
Information: Changed wire load model for 'DW01_cmp2_width7' from '(none)' to 'Small'. (OPT-170)
Information: Changed wire load model for '*GEQ_UNS_OP_7_7_1' from '(none)' to 'Small'. (OPT-170)
Information: Changed wire load model for 'DW01_cmp2_width7' from '(none)' to 'Small'. (OPT-170)
Information: Changed wire load model for '*LEQ_UNS_OP_7_7_1' from '(none)' to 'Small'. (OPT-170)
Information: Changed wire load model for 'DW01_cmp6_width7' from '(none)' to 'Small'. (OPT-170)
Information: Changed wire load model for '*NE_UNS_OP_7_7_1' from '(none)' to 'Small'. (OPT-170)
Information: Changed wire load model for 'DW01_cmp6_width7' from '(none)' to 'Small'. (OPT-170)
Information: Changed wire load model for '*NE_UNS_OP_7_7_1' from '(none)' to 'Small'. (OPT-170)
Information: Changed wire load model for 'DW01_cmp6_width7' from '(none)' to 'Small'. (OPT-170)
Information: Changed wire load model for '*NE_UNS_OP_7_7_1' from '(none)' to 'Small'. (OPT-170)
Information: Changed wire load model for 'DW01_cmp6_width7' from '(none)' to 'Small'. (OPT-170)
Information: Changed wire load model for '*NE_UNS_OP_7_7_1' from '(none)' to 'Small'. (OPT-170)
Information: Changed wire load model for 'DW01_cmp2_width7' from '(none)' to 'Small'. (OPT-170)
Information: Changed wire load model for '*GEQ_UNS_OP_7_7_1' from '(none)' to 'Small'. (OPT-170)
Information: Changed wire load model for 'DW01_cmp2_width7' from '(none)' to 'Small'. (OPT-170)
Information: Changed wire load model for '*LEQ_UNS_OP_7_7_1' from '(none)' to 'Small'. (OPT-170)
Information: Changed wire load model for 'DW01_cmp2_width7' from '(none)' to 'Small'. (OPT-170)
Information: Changed wire load model for '*GEQ_UNS_OP_7_7_1' from '(none)' to 'Small'. (OPT-170)
Information: Changed wire load model for 'DW01_cmp2_width7' from '(none)' to 'Small'. (OPT-170)
Information: Changed wire load model for '*LEQ_UNS_OP_7_7_1' from '(none)' to 'Small'. (OPT-170)
Information: Changed wire load model for 'DW01_cmp2_width7' from '(none)' to 'Small'. (OPT-170)
Information: Changed wire load model for '*GEQ_UNS_OP_7_7_1' from '(none)' to 'Small'. (OPT-170)
Information: Changed wire load model for 'DW01_cmp2_width7' from '(none)' to 'Small'. (OPT-170)
Information: Changed wire load model for '*LEQ_UNS_OP_7_7_1' from '(none)' to 'Small'. (OPT-170)
Information: Changed wire load model for 'DW01_cmp2_width7' from '(none)' to 'Small'. (OPT-170)
Information: Changed wire load model for '*GEQ_UNS_OP_7_7_1' from '(none)' to 'Small'. (OPT-170)
Information: Changed wire load model for 'DW01_cmp2_width7' from '(none)' to 'Small'. (OPT-170)
Information: Changed wire load model for '*LEQ_UNS_OP_7_7_1' from '(none)' to 'Small'. (OPT-170)
Information: Changed wire load model for 'DW01_cmp6_width7' from '(none)' to 'Small'. (OPT-170)
Information: Changed wire load model for '*NE_UNS_OP_7_7_1' from '(none)' to 'Small'. (OPT-170)
Information: Changed wire load model for 'DW01_cmp6_width7' from '(none)' to 'Small'. (OPT-170)
Information: Changed wire load model for '*NE_UNS_OP_7_7_1' from '(none)' to 'Small'. (OPT-170)
Information: Changed wire load model for 'DW01_cmp6_width7' from '(none)' to 'Small'. (OPT-170)
Information: Changed wire load model for '*NE_UNS_OP_7_7_1' from '(none)' to 'Small'. (OPT-170)
Information: Changed wire load model for 'DW01_cmp6_width7' from '(none)' to 'Small'. (OPT-170)
Information: Changed wire load model for '*NE_UNS_OP_7_7_1' from '(none)' to 'Small'. (OPT-170)
Information: Changed wire load model for 'DW01_cmp2_width7' from '(none)' to 'Small'. (OPT-170)
Information: Changed wire load model for '*GEQ_UNS_OP_7_7_1' from '(none)' to 'Small'. (OPT-170)
Information: Changed wire load model for 'DW01_cmp2_width7' from '(none)' to 'Small'. (OPT-170)
Information: Changed wire load model for '*LEQ_UNS_OP_7_7_1' from '(none)' to 'Small'. (OPT-170)
Information: Changed wire load model for 'DW01_cmp2_width7' from '(none)' to 'Small'. (OPT-170)
Information: Changed wire load model for '*GEQ_UNS_OP_7_7_1' from '(none)' to 'Small'. (OPT-170)
Information: Changed wire load model for 'DW01_cmp2_width7' from '(none)' to 'Small'. (OPT-170)
Information: Changed wire load model for '*LEQ_UNS_OP_7_7_1' from '(none)' to 'Small'. (OPT-170)
Information: Changed wire load model for 'DW01_cmp2_width7' from '(none)' to 'Small'. (OPT-170)
Information: Changed wire load model for '*GEQ_UNS_OP_7_7_1' from '(none)' to 'Small'. (OPT-170)
Information: Changed wire load model for 'DW01_cmp2_width7' from '(none)' to 'Small'. (OPT-170)
Information: Changed wire load model for '*LEQ_UNS_OP_7_7_1' from '(none)' to 'Small'. (OPT-170)
Information: Changed wire load model for 'DW01_cmp2_width7' from '(none)' to 'Small'. (OPT-170)
Information: Changed wire load model for '*GEQ_UNS_OP_7_7_1' from '(none)' to 'Small'. (OPT-170)
Information: Changed wire load model for 'DW01_cmp2_width7' from '(none)' to 'Small'. (OPT-170)
Information: Changed wire load model for '*LEQ_UNS_OP_7_7_1' from '(none)' to 'Small'. (OPT-170)
Information: Changed wire load model for 'DW01_cmp6_width7' from '(none)' to 'Small'. (OPT-170)
Information: Changed wire load model for '*NE_UNS_OP_7_7_1' from '(none)' to 'Small'. (OPT-170)
Information: Changed wire load model for 'DW01_cmp6_width7' from '(none)' to 'Small'. (OPT-170)
Information: Changed wire load model for '*NE_UNS_OP_7_7_1' from '(none)' to 'Small'. (OPT-170)
Information: Changed wire load model for 'DW01_cmp6_width7' from '(none)' to 'Small'. (OPT-170)
Information: Changed wire load model for '*NE_UNS_OP_7_7_1' from '(none)' to 'Small'. (OPT-170)
Information: Changed wire load model for 'DW01_cmp6_width7' from '(none)' to 'Small'. (OPT-170)
Information: Changed wire load model for '*NE_UNS_OP_7_7_1' from '(none)' to 'Small'. (OPT-170)
Information: Changed wire load model for 'DW01_cmp2_width7' from '(none)' to 'Small'. (OPT-170)
Information: Changed wire load model for '*GEQ_UNS_OP_7_7_1' from '(none)' to 'Small'. (OPT-170)
Information: Changed wire load model for 'DW01_cmp2_width7' from '(none)' to 'Small'. (OPT-170)
Information: Changed wire load model for '*LEQ_UNS_OP_7_7_1' from '(none)' to 'Small'. (OPT-170)
Information: Changed wire load model for 'DW01_cmp2_width7' from '(none)' to 'Small'. (OPT-170)
Information: Changed wire load model for '*GEQ_UNS_OP_7_7_1' from '(none)' to 'Small'. (OPT-170)
Information: Changed wire load model for 'DW01_cmp2_width7' from '(none)' to 'Small'. (OPT-170)
Information: Changed wire load model for '*LEQ_UNS_OP_7_7_1' from '(none)' to 'Small'. (OPT-170)
Information: Changed wire load model for 'DW01_cmp2_width7' from '(none)' to 'Small'. (OPT-170)
Information: Changed wire load model for '*GEQ_UNS_OP_7_7_1' from '(none)' to 'Small'. (OPT-170)
Information: Changed wire load model for 'DW01_cmp2_width7' from '(none)' to 'Small'. (OPT-170)
Information: Changed wire load model for '*LEQ_UNS_OP_7_7_1' from '(none)' to 'Small'. (OPT-170)
Information: Changed wire load model for 'DW01_cmp2_width7' from '(none)' to 'Small'. (OPT-170)
Information: Changed wire load model for '*GEQ_UNS_OP_7_7_1' from '(none)' to 'Small'. (OPT-170)
Information: Changed wire load model for 'DW01_cmp2_width7' from '(none)' to 'Small'. (OPT-170)
Information: Changed wire load model for '*LEQ_UNS_OP_7_7_1' from '(none)' to 'Small'. (OPT-170)
Information: Changed wire load model for 'DW01_cmp6_width7' from '(none)' to 'Small'. (OPT-170)
Information: Changed wire load model for '*NE_UNS_OP_7_7_1' from '(none)' to 'Small'. (OPT-170)
Information: Changed wire load model for 'DW01_cmp6_width7' from '(none)' to 'Small'. (OPT-170)
Information: Changed wire load model for '*NE_UNS_OP_7_7_1' from '(none)' to 'Small'. (OPT-170)
Information: Changed wire load model for 'DW01_cmp6_width7' from '(none)' to 'Small'. (OPT-170)
Information: Changed wire load model for '*NE_UNS_OP_7_7_1' from '(none)' to 'Small'. (OPT-170)
Information: Changed wire load model for 'DW01_cmp6_width7' from '(none)' to 'Small'. (OPT-170)
Information: Changed wire load model for '*NE_UNS_OP_7_7_1' from '(none)' to 'Small'. (OPT-170)
Information: Changed wire load model for 'DW01_cmp2_width7' from '(none)' to 'Small'. (OPT-170)
Information: Changed wire load model for '*GEQ_UNS_OP_7_7_1' from '(none)' to 'Small'. (OPT-170)
Information: Changed wire load model for 'DW01_cmp2_width7' from '(none)' to 'Small'. (OPT-170)
Information: Changed wire load model for '*LEQ_UNS_OP_7_7_1' from '(none)' to 'Small'. (OPT-170)
Information: Changed wire load model for 'DW01_cmp2_width7' from '(none)' to 'Small'. (OPT-170)
Information: Changed wire load model for '*GEQ_UNS_OP_7_7_1' from '(none)' to 'Small'. (OPT-170)
Information: Changed wire load model for 'DW01_cmp2_width7' from '(none)' to 'Small'. (OPT-170)
Information: Changed wire load model for '*LEQ_UNS_OP_7_7_1' from '(none)' to 'Small'. (OPT-170)
Information: Changed wire load model for 'DW01_cmp2_width7' from '(none)' to 'Small'. (OPT-170)
Information: Changed wire load model for '*GEQ_UNS_OP_7_7_1' from '(none)' to 'Small'. (OPT-170)
Information: Changed wire load model for 'DW01_cmp2_width7' from '(none)' to 'Small'. (OPT-170)
Information: Changed wire load model for '*LEQ_UNS_OP_7_7_1' from '(none)' to 'Small'. (OPT-170)
Information: Changed wire load model for 'DW01_cmp2_width7' from '(none)' to 'Small'. (OPT-170)
Information: Changed wire load model for '*GEQ_UNS_OP_7_7_1' from '(none)' to 'Small'. (OPT-170)
Information: Changed wire load model for 'DW01_cmp2_width7' from '(none)' to 'Small'. (OPT-170)
Information: Changed wire load model for '*LEQ_UNS_OP_7_7_1' from '(none)' to 'Small'. (OPT-170)
Information: Changed wire load model for 'DW01_cmp6_width7' from '(none)' to 'Small'. (OPT-170)
Information: Changed wire load model for '*NE_UNS_OP_7_7_1' from '(none)' to 'Small'. (OPT-170)
Information: Changed wire load model for 'DW01_cmp6_width7' from '(none)' to 'Small'. (OPT-170)
Information: Changed wire load model for '*NE_UNS_OP_7_7_1' from '(none)' to 'Small'. (OPT-170)
Information: Changed wire load model for 'DW01_cmp6_width7' from '(none)' to 'Small'. (OPT-170)
Information: Changed wire load model for '*NE_UNS_OP_7_7_1' from '(none)' to 'Small'. (OPT-170)
Information: Changed wire load model for 'DW01_cmp6_width7' from '(none)' to 'Small'. (OPT-170)
Information: Changed wire load model for '*NE_UNS_OP_7_7_1' from '(none)' to 'Small'. (OPT-170)
Information: Changed wire load model for 'DW01_cmp2_width7' from '(none)' to 'Small'. (OPT-170)
Information: Changed wire load model for '*GEQ_UNS_OP_7_7_1' from '(none)' to 'Small'. (OPT-170)
Information: Changed wire load model for 'DW01_cmp2_width7' from '(none)' to 'Small'. (OPT-170)
Information: Changed wire load model for '*LEQ_UNS_OP_7_7_1' from '(none)' to 'Small'. (OPT-170)
Information: Changed wire load model for 'DW01_cmp2_width7' from '(none)' to 'Small'. (OPT-170)
Information: Changed wire load model for '*GEQ_UNS_OP_7_7_1' from '(none)' to 'Small'. (OPT-170)
Information: Changed wire load model for 'DW01_cmp2_width7' from '(none)' to 'Small'. (OPT-170)
Information: Changed wire load model for '*LEQ_UNS_OP_7_7_1' from '(none)' to 'Small'. (OPT-170)
Information: Changed wire load model for 'DW01_cmp2_width7' from '(none)' to 'Small'. (OPT-170)
Information: Changed wire load model for '*GEQ_UNS_OP_7_7_1' from '(none)' to 'Small'. (OPT-170)
Information: Changed wire load model for 'DW01_cmp2_width7' from '(none)' to 'Small'. (OPT-170)
Information: Changed wire load model for '*LEQ_UNS_OP_7_7_1' from '(none)' to 'Small'. (OPT-170)
Information: Changed wire load model for 'DW01_cmp2_width7' from '(none)' to 'Small'. (OPT-170)
Information: Changed wire load model for '*GEQ_UNS_OP_7_7_1' from '(none)' to 'Small'. (OPT-170)
Information: Changed wire load model for 'DW01_cmp2_width7' from '(none)' to 'Small'. (OPT-170)
Information: Changed wire load model for '*LEQ_UNS_OP_7_7_1' from '(none)' to 'Small'. (OPT-170)
Information: Changed wire load model for 'DW01_cmp6_width7' from '(none)' to 'Small'. (OPT-170)
Information: Changed wire load model for '*NE_UNS_OP_7_7_1' from '(none)' to 'Small'. (OPT-170)
Information: Changed wire load model for 'DW01_cmp6_width7' from '(none)' to 'Small'. (OPT-170)
Information: Changed wire load model for '*NE_UNS_OP_7_7_1' from '(none)' to 'Small'. (OPT-170)
Information: Changed wire load model for 'DW01_cmp6_width7' from '(none)' to 'Small'. (OPT-170)
Information: Changed wire load model for '*NE_UNS_OP_7_7_1' from '(none)' to 'Small'. (OPT-170)
Information: Changed wire load model for 'DW01_cmp6_width7' from '(none)' to 'Small'. (OPT-170)
Information: Changed wire load model for '*NE_UNS_OP_7_7_1' from '(none)' to 'Small'. (OPT-170)
Information: Changed wire load model for 'DW01_cmp2_width7' from '(none)' to 'Small'. (OPT-170)
Information: Changed wire load model for '*GEQ_UNS_OP_7_7_1' from '(none)' to 'Small'. (OPT-170)
Information: Changed wire load model for 'DW01_cmp2_width7' from '(none)' to 'Small'. (OPT-170)
Information: Changed wire load model for '*LEQ_UNS_OP_7_7_1' from '(none)' to 'Small'. (OPT-170)
Information: Changed wire load model for 'DW01_cmp2_width7' from '(none)' to 'Small'. (OPT-170)
Information: Changed wire load model for '*GEQ_UNS_OP_7_7_1' from '(none)' to 'Small'. (OPT-170)
Information: Changed wire load model for 'DW01_cmp2_width7' from '(none)' to 'Small'. (OPT-170)
Information: Changed wire load model for '*LEQ_UNS_OP_7_7_1' from '(none)' to 'Small'. (OPT-170)
Information: Changed wire load model for 'DW01_cmp2_width7' from '(none)' to 'Small'. (OPT-170)
Information: Changed wire load model for '*GEQ_UNS_OP_7_7_1' from '(none)' to 'Small'. (OPT-170)
Information: Changed wire load model for 'DW01_cmp2_width7' from '(none)' to 'Small'. (OPT-170)
Information: Changed wire load model for '*LEQ_UNS_OP_7_7_1' from '(none)' to 'Small'. (OPT-170)
Information: Changed wire load model for 'DW01_cmp2_width7' from '(none)' to 'Small'. (OPT-170)
Information: Changed wire load model for '*GEQ_UNS_OP_7_7_1' from '(none)' to 'Small'. (OPT-170)
Information: Changed wire load model for 'DW01_cmp2_width7' from '(none)' to 'Small'. (OPT-170)
Information: Changed wire load model for '*LEQ_UNS_OP_7_7_1' from '(none)' to 'Small'. (OPT-170)
Information: Changed wire load model for 'DW01_cmp6_width7' from '(none)' to 'Small'. (OPT-170)
Information: Changed wire load model for '*NE_UNS_OP_7_7_1' from '(none)' to 'Small'. (OPT-170)
Information: Changed wire load model for 'DW01_cmp6_width7' from '(none)' to 'Small'. (OPT-170)
Information: Changed wire load model for '*NE_UNS_OP_7_7_1' from '(none)' to 'Small'. (OPT-170)
Information: Changed wire load model for 'DW01_cmp6_width7' from '(none)' to 'Small'. (OPT-170)
Information: Changed wire load model for '*NE_UNS_OP_7_7_1' from '(none)' to 'Small'. (OPT-170)
Information: Changed wire load model for 'DW01_cmp6_width7' from '(none)' to 'Small'. (OPT-170)
Information: Changed wire load model for '*NE_UNS_OP_7_7_1' from '(none)' to 'Small'. (OPT-170)
Information: Changed wire load model for 'DW01_cmp2_width7' from '(none)' to 'Small'. (OPT-170)
Information: Changed wire load model for '*GEQ_UNS_OP_7_7_1' from '(none)' to 'Small'. (OPT-170)
Information: Changed wire load model for 'DW01_cmp2_width7' from '(none)' to 'Small'. (OPT-170)
Information: Changed wire load model for '*LEQ_UNS_OP_7_7_1' from '(none)' to 'Small'. (OPT-170)
Information: Changed wire load model for 'DW01_cmp2_width7' from '(none)' to 'Small'. (OPT-170)
Information: Changed wire load model for '*GEQ_UNS_OP_7_7_1' from '(none)' to 'Small'. (OPT-170)
Information: Changed wire load model for 'DW01_cmp2_width7' from '(none)' to 'Small'. (OPT-170)
Information: Changed wire load model for '*LEQ_UNS_OP_7_7_1' from '(none)' to 'Small'. (OPT-170)
Information: Changed wire load model for 'DW01_cmp2_width7' from '(none)' to 'Small'. (OPT-170)
Information: Changed wire load model for '*GEQ_UNS_OP_7_7_1' from '(none)' to 'Small'. (OPT-170)
Information: Changed wire load model for 'DW01_cmp2_width7' from '(none)' to 'Small'. (OPT-170)
Information: Changed wire load model for '*LEQ_UNS_OP_7_7_1' from '(none)' to 'Small'. (OPT-170)
Information: Changed wire load model for 'DW01_cmp2_width7' from '(none)' to 'Small'. (OPT-170)
Information: Changed wire load model for '*GEQ_UNS_OP_7_7_1' from '(none)' to 'Small'. (OPT-170)
Information: Changed wire load model for 'DW01_cmp2_width7' from '(none)' to 'Small'. (OPT-170)
Information: Changed wire load model for '*LEQ_UNS_OP_7_7_1' from '(none)' to 'Small'. (OPT-170)
Information: Changed wire load model for 'DW01_cmp6_width7' from '(none)' to 'Small'. (OPT-170)
Information: Changed wire load model for '*NE_UNS_OP_7_7_1' from '(none)' to 'Small'. (OPT-170)
Information: Changed wire load model for 'DW01_cmp6_width7' from '(none)' to 'Small'. (OPT-170)
Information: Changed wire load model for '*NE_UNS_OP_7_7_1' from '(none)' to 'Small'. (OPT-170)
Information: Changed wire load model for 'DW01_cmp6_width7' from '(none)' to 'Small'. (OPT-170)
Information: Changed wire load model for '*NE_UNS_OP_7_7_1' from '(none)' to 'Small'. (OPT-170)
Information: Changed wire load model for 'DW01_cmp6_width7' from '(none)' to 'Small'. (OPT-170)
Information: Changed wire load model for '*NE_UNS_OP_7_7_1' from '(none)' to 'Small'. (OPT-170)
Information: Changed wire load model for 'DW01_cmp2_width7' from '(none)' to 'Small'. (OPT-170)
Information: Changed wire load model for '*GEQ_UNS_OP_7_7_1' from '(none)' to 'Small'. (OPT-170)
Information: Changed wire load model for 'DW01_cmp2_width7' from '(none)' to 'Small'. (OPT-170)
Information: Changed wire load model for '*LEQ_UNS_OP_7_7_1' from '(none)' to 'Small'. (OPT-170)
Information: Changed wire load model for 'DW01_cmp2_width7' from '(none)' to 'Small'. (OPT-170)
Information: Changed wire load model for '*GEQ_UNS_OP_7_7_1' from '(none)' to 'Small'. (OPT-170)
Information: Changed wire load model for 'DW01_cmp2_width7' from '(none)' to 'Small'. (OPT-170)
Information: Changed wire load model for '*LEQ_UNS_OP_7_7_1' from '(none)' to 'Small'. (OPT-170)
Information: Changed wire load model for 'DW01_cmp2_width7' from '(none)' to 'Small'. (OPT-170)
Information: Changed wire load model for '*GEQ_UNS_OP_7_7_1' from '(none)' to 'Small'. (OPT-170)
Information: Changed wire load model for 'DW01_cmp2_width7' from '(none)' to 'Small'. (OPT-170)
Information: Changed wire load model for '*LEQ_UNS_OP_7_7_1' from '(none)' to 'Small'. (OPT-170)
Information: Changed wire load model for 'DW01_cmp2_width7' from '(none)' to 'Small'. (OPT-170)
Information: Changed wire load model for '*GEQ_UNS_OP_7_7_1' from '(none)' to 'Small'. (OPT-170)
Information: Changed wire load model for 'DW01_cmp2_width7' from '(none)' to 'Small'. (OPT-170)
Information: Changed wire load model for '*LEQ_UNS_OP_7_7_1' from '(none)' to 'Small'. (OPT-170)
Information: Changed wire load model for 'DW01_cmp6_width7' from '(none)' to 'Small'. (OPT-170)
Information: Changed wire load model for '*NE_UNS_OP_7_7_1' from '(none)' to 'Small'. (OPT-170)
Information: Changed wire load model for 'DW01_cmp6_width7' from '(none)' to 'Small'. (OPT-170)
Information: Changed wire load model for '*NE_UNS_OP_7_7_1' from '(none)' to 'Small'. (OPT-170)
Information: Changed wire load model for 'DW01_cmp6_width7' from '(none)' to 'Small'. (OPT-170)
Information: Changed wire load model for '*NE_UNS_OP_7_7_1' from '(none)' to 'Small'. (OPT-170)
Information: Changed wire load model for 'DW01_cmp6_width7' from '(none)' to 'Small'. (OPT-170)
Information: Changed wire load model for '*NE_UNS_OP_7_7_1' from '(none)' to 'Small'. (OPT-170)
Information: Changed wire load model for 'DW01_cmp2_width7' from '(none)' to 'Small'. (OPT-170)
Information: Changed wire load model for '*GEQ_UNS_OP_7_7_1' from '(none)' to 'Small'. (OPT-170)
Information: Changed wire load model for 'DW01_cmp2_width7' from '(none)' to 'Small'. (OPT-170)
Information: Changed wire load model for '*LEQ_UNS_OP_7_7_1' from '(none)' to 'Small'. (OPT-170)
Information: Changed wire load model for 'DW01_cmp2_width7' from '(none)' to 'Small'. (OPT-170)
Information: Changed wire load model for '*GEQ_UNS_OP_7_7_1' from '(none)' to 'Small'. (OPT-170)
Information: Changed wire load model for 'DW01_cmp2_width7' from '(none)' to 'Small'. (OPT-170)
Information: Changed wire load model for '*LEQ_UNS_OP_7_7_1' from '(none)' to 'Small'. (OPT-170)
Information: Changed wire load model for 'DW01_cmp2_width7' from '(none)' to 'Small'. (OPT-170)
Information: Changed wire load model for '*GEQ_UNS_OP_7_7_1' from '(none)' to 'Small'. (OPT-170)
Information: Changed wire load model for 'DW01_cmp2_width7' from '(none)' to 'Small'. (OPT-170)
Information: Changed wire load model for '*LEQ_UNS_OP_7_7_1' from '(none)' to 'Small'. (OPT-170)
Information: Changed wire load model for 'DW01_cmp2_width7' from '(none)' to 'Small'. (OPT-170)
Information: Changed wire load model for '*GEQ_UNS_OP_7_7_1' from '(none)' to 'Small'. (OPT-170)
Information: Changed wire load model for 'DW01_cmp2_width7' from '(none)' to 'Small'. (OPT-170)
Information: Changed wire load model for '*LEQ_UNS_OP_7_7_1' from '(none)' to 'Small'. (OPT-170)
Information: Changed wire load model for 'DW01_cmp6_width7' from '(none)' to 'Small'. (OPT-170)
Information: Changed wire load model for '*NE_UNS_OP_7_7_1' from '(none)' to 'Small'. (OPT-170)
Information: Changed wire load model for 'DW01_cmp6_width7' from '(none)' to 'Small'. (OPT-170)
Information: Changed wire load model for '*NE_UNS_OP_7_7_1' from '(none)' to 'Small'. (OPT-170)
Information: Changed wire load model for 'DW01_cmp6_width7' from '(none)' to 'Small'. (OPT-170)
Information: Changed wire load model for '*NE_UNS_OP_7_7_1' from '(none)' to 'Small'. (OPT-170)
Information: Changed wire load model for 'DW01_cmp6_width7' from '(none)' to 'Small'. (OPT-170)
Information: Changed wire load model for '*NE_UNS_OP_7_7_1' from '(none)' to 'Small'. (OPT-170)
Information: Changed wire load model for 'DW01_cmp2_width7' from '(none)' to 'Small'. (OPT-170)
Information: Changed wire load model for '*GEQ_UNS_OP_7_7_1' from '(none)' to 'Small'. (OPT-170)
Information: Changed wire load model for 'DW01_cmp2_width7' from '(none)' to 'Small'. (OPT-170)
Information: Changed wire load model for '*LEQ_UNS_OP_7_7_1' from '(none)' to 'Small'. (OPT-170)
Information: Changed wire load model for 'DW01_cmp2_width7' from '(none)' to 'Small'. (OPT-170)
Information: Changed wire load model for '*GEQ_UNS_OP_7_7_1' from '(none)' to 'Small'. (OPT-170)
Information: Changed wire load model for 'DW01_cmp2_width7' from '(none)' to 'Small'. (OPT-170)
Information: Changed wire load model for '*LEQ_UNS_OP_7_7_1' from '(none)' to 'Small'. (OPT-170)
Information: Changed wire load model for 'DW01_cmp2_width7' from '(none)' to 'Small'. (OPT-170)
Information: Changed wire load model for '*GEQ_UNS_OP_7_7_1' from '(none)' to 'Small'. (OPT-170)
Information: Changed wire load model for 'DW01_cmp2_width7' from '(none)' to 'Small'. (OPT-170)
Information: Changed wire load model for '*LEQ_UNS_OP_7_7_1' from '(none)' to 'Small'. (OPT-170)
Information: Changed wire load model for 'DW01_cmp2_width7' from '(none)' to 'Small'. (OPT-170)
Information: Changed wire load model for '*GEQ_UNS_OP_7_7_1' from '(none)' to 'Small'. (OPT-170)
Information: Changed wire load model for 'DW01_cmp2_width7' from '(none)' to 'Small'. (OPT-170)
Information: Changed wire load model for '*LEQ_UNS_OP_7_7_1' from '(none)' to 'Small'. (OPT-170)
Information: Changed wire load model for 'DW01_cmp6_width7' from '(none)' to 'Small'. (OPT-170)
Information: Changed wire load model for '*NE_UNS_OP_7_7_1' from '(none)' to 'Small'. (OPT-170)
Information: Changed wire load model for 'DW01_cmp6_width7' from '(none)' to 'Small'. (OPT-170)
Information: Changed wire load model for '*NE_UNS_OP_7_7_1' from '(none)' to 'Small'. (OPT-170)
Information: Changed wire load model for 'DW01_cmp6_width7' from '(none)' to 'Small'. (OPT-170)
Information: Changed wire load model for '*NE_UNS_OP_7_7_1' from '(none)' to 'Small'. (OPT-170)
Information: Changed wire load model for 'DW01_cmp6_width7' from '(none)' to 'Small'. (OPT-170)
Information: Changed wire load model for '*NE_UNS_OP_7_7_1' from '(none)' to 'Small'. (OPT-170)
Information: Changed wire load model for 'DW01_cmp2_width7' from '(none)' to 'Small'. (OPT-170)
Information: Changed wire load model for '*GEQ_UNS_OP_7_7_1' from '(none)' to 'Small'. (OPT-170)
Information: Changed wire load model for 'DW01_cmp2_width7' from '(none)' to 'Small'. (OPT-170)
Information: Changed wire load model for '*LEQ_UNS_OP_7_7_1' from '(none)' to 'Small'. (OPT-170)
Information: Changed wire load model for 'DW01_cmp2_width7' from '(none)' to 'Small'. (OPT-170)
Information: Changed wire load model for '*GEQ_UNS_OP_7_7_1' from '(none)' to 'Small'. (OPT-170)
Information: Changed wire load model for 'DW01_cmp2_width7' from '(none)' to 'Small'. (OPT-170)
Information: Changed wire load model for '*LEQ_UNS_OP_7_7_1' from '(none)' to 'Small'. (OPT-170)
Information: Changed wire load model for 'DW01_cmp2_width7' from '(none)' to 'Small'. (OPT-170)
Information: Changed wire load model for '*GEQ_UNS_OP_7_7_1' from '(none)' to 'Small'. (OPT-170)
Information: Changed wire load model for 'DW01_cmp2_width7' from '(none)' to 'Small'. (OPT-170)
Information: Changed wire load model for '*LEQ_UNS_OP_7_7_1' from '(none)' to 'Small'. (OPT-170)
Information: Changed wire load model for 'DW01_cmp2_width7' from '(none)' to 'Small'. (OPT-170)
Information: Changed wire load model for '*GEQ_UNS_OP_7_7_1' from '(none)' to 'Small'. (OPT-170)
Information: Changed wire load model for 'DW01_cmp2_width7' from '(none)' to 'Small'. (OPT-170)
Information: Changed wire load model for '*LEQ_UNS_OP_7_7_1' from '(none)' to 'Small'. (OPT-170)
Information: Changed wire load model for 'DW01_cmp6_width7' from '(none)' to 'Small'. (OPT-170)
Information: Changed wire load model for '*NE_UNS_OP_7_7_1' from '(none)' to 'Small'. (OPT-170)
Information: Changed wire load model for 'DW01_cmp6_width7' from '(none)' to 'Small'. (OPT-170)
Information: Changed wire load model for '*NE_UNS_OP_7_7_1' from '(none)' to 'Small'. (OPT-170)
Information: Changed wire load model for 'DW01_cmp6_width7' from '(none)' to 'Small'. (OPT-170)
Information: Changed wire load model for '*NE_UNS_OP_7_7_1' from '(none)' to 'Small'. (OPT-170)
Information: Changed wire load model for 'DW01_cmp6_width7' from '(none)' to 'Small'. (OPT-170)
Information: Changed wire load model for '*NE_UNS_OP_7_7_1' from '(none)' to 'Small'. (OPT-170)
Information: Changed wire load model for 'DW01_cmp2_width7' from '(none)' to 'Small'. (OPT-170)
Information: Changed wire load model for '*GEQ_UNS_OP_7_7_1' from '(none)' to 'Small'. (OPT-170)
Information: Changed wire load model for 'DW01_cmp2_width7' from '(none)' to 'Small'. (OPT-170)
Information: Changed wire load model for '*LEQ_UNS_OP_7_7_1' from '(none)' to 'Small'. (OPT-170)
Information: Changed wire load model for 'DW01_cmp2_width7' from '(none)' to 'Small'. (OPT-170)
Information: Changed wire load model for '*GEQ_UNS_OP_7_7_1' from '(none)' to 'Small'. (OPT-170)
Information: Changed wire load model for 'DW01_cmp2_width7' from '(none)' to 'Small'. (OPT-170)
Information: Changed wire load model for '*LEQ_UNS_OP_7_7_1' from '(none)' to 'Small'. (OPT-170)
Information: Changed wire load model for 'DW01_cmp2_width7' from '(none)' to 'Small'. (OPT-170)
Information: Changed wire load model for '*GEQ_UNS_OP_7_7_1' from '(none)' to 'Small'. (OPT-170)
Information: Changed wire load model for 'DW01_cmp2_width7' from '(none)' to 'Small'. (OPT-170)
Information: Changed wire load model for '*LEQ_UNS_OP_7_7_1' from '(none)' to 'Small'. (OPT-170)
Information: Changed wire load model for 'DW01_cmp2_width7' from '(none)' to 'Small'. (OPT-170)
Information: Changed wire load model for '*GEQ_UNS_OP_7_7_1' from '(none)' to 'Small'. (OPT-170)
Information: Changed wire load model for 'DW01_cmp2_width7' from '(none)' to 'Small'. (OPT-170)
Information: Changed wire load model for '*LEQ_UNS_OP_7_7_1' from '(none)' to 'Small'. (OPT-170)
Information: Changed wire load model for 'DW01_cmp6_width7' from '(none)' to 'Small'. (OPT-170)
Information: Changed wire load model for '*NE_UNS_OP_7_7_1' from '(none)' to 'Small'. (OPT-170)
Information: Changed wire load model for 'DW01_cmp6_width7' from '(none)' to 'Small'. (OPT-170)
Information: Changed wire load model for '*NE_UNS_OP_7_7_1' from '(none)' to 'Small'. (OPT-170)
Information: Changed wire load model for 'DW01_cmp6_width7' from '(none)' to 'Small'. (OPT-170)
Information: Changed wire load model for '*NE_UNS_OP_7_7_1' from '(none)' to 'Small'. (OPT-170)
Information: Changed wire load model for 'DW01_cmp6_width7' from '(none)' to 'Small'. (OPT-170)
Information: Changed wire load model for '*NE_UNS_OP_7_7_1' from '(none)' to 'Small'. (OPT-170)
Information: Changed wire load model for 'DW01_cmp2_width7' from '(none)' to 'Small'. (OPT-170)
Information: Changed wire load model for '*GEQ_UNS_OP_7_7_1' from '(none)' to 'Small'. (OPT-170)
Information: Changed wire load model for 'DW01_cmp2_width7' from '(none)' to 'Small'. (OPT-170)
Information: Changed wire load model for '*LEQ_UNS_OP_7_7_1' from '(none)' to 'Small'. (OPT-170)
Information: Changed wire load model for 'DW01_cmp2_width7' from '(none)' to 'Small'. (OPT-170)
Information: Changed wire load model for '*GEQ_UNS_OP_7_7_1' from '(none)' to 'Small'. (OPT-170)
Information: Changed wire load model for 'DW01_cmp2_width7' from '(none)' to 'Small'. (OPT-170)
Information: Changed wire load model for '*LEQ_UNS_OP_7_7_1' from '(none)' to 'Small'. (OPT-170)
Information: Changed wire load model for 'DW01_cmp2_width7' from '(none)' to 'Small'. (OPT-170)
Information: Changed wire load model for '*GEQ_UNS_OP_7_7_1' from '(none)' to 'Small'. (OPT-170)
Information: Changed wire load model for 'DW01_cmp2_width7' from '(none)' to 'Small'. (OPT-170)
Information: Changed wire load model for '*LEQ_UNS_OP_7_7_1' from '(none)' to 'Small'. (OPT-170)
Information: Changed wire load model for 'DW01_cmp2_width7' from '(none)' to 'Small'. (OPT-170)
Information: Changed wire load model for '*GEQ_UNS_OP_7_7_1' from '(none)' to 'Small'. (OPT-170)
Information: Changed wire load model for 'DW01_cmp2_width7' from '(none)' to 'Small'. (OPT-170)
Information: Changed wire load model for '*LEQ_UNS_OP_7_7_1' from '(none)' to 'Small'. (OPT-170)
Information: Changed wire load model for 'DW01_cmp6_width7' from '(none)' to 'Small'. (OPT-170)
Information: Changed wire load model for '*NE_UNS_OP_7_7_1' from '(none)' to 'Small'. (OPT-170)
Information: Changed wire load model for 'DW01_cmp6_width7' from '(none)' to 'Small'. (OPT-170)
Information: Changed wire load model for '*NE_UNS_OP_7_7_1' from '(none)' to 'Small'. (OPT-170)
Information: Changed wire load model for 'DW01_cmp6_width7' from '(none)' to 'Small'. (OPT-170)
Information: Changed wire load model for '*NE_UNS_OP_7_7_1' from '(none)' to 'Small'. (OPT-170)
Information: Changed wire load model for 'DW01_cmp6_width7' from '(none)' to 'Small'. (OPT-170)
Information: Changed wire load model for '*NE_UNS_OP_7_7_1' from '(none)' to 'Small'. (OPT-170)
Information: Changed wire load model for 'DW01_cmp2_width7' from '(none)' to 'Small'. (OPT-170)
Information: Changed wire load model for '*GEQ_UNS_OP_7_7_1' from '(none)' to 'Small'. (OPT-170)
Information: Changed wire load model for 'DW01_cmp2_width7' from '(none)' to 'Small'. (OPT-170)
Information: Changed wire load model for '*LEQ_UNS_OP_7_7_1' from '(none)' to 'Small'. (OPT-170)
Information: Changed wire load model for 'DW01_cmp2_width7' from '(none)' to 'Small'. (OPT-170)
Information: Changed wire load model for '*GEQ_UNS_OP_7_7_1' from '(none)' to 'Small'. (OPT-170)
Information: Changed wire load model for 'DW01_cmp2_width7' from '(none)' to 'Small'. (OPT-170)
Information: Changed wire load model for '*LEQ_UNS_OP_7_7_1' from '(none)' to 'Small'. (OPT-170)
Information: Changed wire load model for 'DW01_cmp2_width7' from '(none)' to 'Small'. (OPT-170)
Information: Changed wire load model for '*GEQ_UNS_OP_7_7_1' from '(none)' to 'Small'. (OPT-170)
Information: Changed wire load model for 'DW01_cmp2_width7' from '(none)' to 'Small'. (OPT-170)
Information: Changed wire load model for '*LEQ_UNS_OP_7_7_1' from '(none)' to 'Small'. (OPT-170)
Information: Changed wire load model for 'DW01_cmp2_width7' from '(none)' to 'Small'. (OPT-170)
Information: Changed wire load model for '*GEQ_UNS_OP_7_7_1' from '(none)' to 'Small'. (OPT-170)
Information: Changed wire load model for 'DW01_cmp2_width7' from '(none)' to 'Small'. (OPT-170)
Information: Changed wire load model for '*LEQ_UNS_OP_7_7_1' from '(none)' to 'Small'. (OPT-170)
Information: Changed wire load model for 'DW01_cmp6_width7' from '(none)' to 'Small'. (OPT-170)
Information: Changed wire load model for '*NE_UNS_OP_7_7_1' from '(none)' to 'Small'. (OPT-170)
Information: Changed wire load model for 'DW01_cmp6_width7' from '(none)' to 'Small'. (OPT-170)
Information: Changed wire load model for '*NE_UNS_OP_7_7_1' from '(none)' to 'Small'. (OPT-170)
Information: Changed wire load model for 'DW01_cmp6_width7' from '(none)' to 'Small'. (OPT-170)
Information: Changed wire load model for '*NE_UNS_OP_7_7_1' from '(none)' to 'Small'. (OPT-170)
Information: Changed wire load model for 'DW01_cmp6_width7' from '(none)' to 'Small'. (OPT-170)
Information: Changed wire load model for '*NE_UNS_OP_7_7_1' from '(none)' to 'Small'. (OPT-170)
Information: Changed wire load model for 'DW01_cmp2_width7' from '(none)' to 'Small'. (OPT-170)
Information: Changed wire load model for '*GEQ_UNS_OP_7_7_1' from '(none)' to 'Small'. (OPT-170)
Information: Changed wire load model for 'DW01_cmp2_width7' from '(none)' to 'Small'. (OPT-170)
Information: Changed wire load model for '*LEQ_UNS_OP_7_7_1' from '(none)' to 'Small'. (OPT-170)
Information: Changed wire load model for 'DW01_cmp2_width7' from '(none)' to 'Small'. (OPT-170)
Information: Changed wire load model for '*GEQ_UNS_OP_7_7_1' from '(none)' to 'Small'. (OPT-170)
Information: Changed wire load model for 'DW01_cmp2_width7' from '(none)' to 'Small'. (OPT-170)
Information: Changed wire load model for '*LEQ_UNS_OP_7_7_1' from '(none)' to 'Small'. (OPT-170)
Information: Changed wire load model for 'DW01_cmp2_width7' from '(none)' to 'Small'. (OPT-170)
Information: Changed wire load model for '*GEQ_UNS_OP_7_7_1' from '(none)' to 'Small'. (OPT-170)
Information: Changed wire load model for 'DW01_cmp2_width7' from '(none)' to 'Small'. (OPT-170)
Information: Changed wire load model for '*LEQ_UNS_OP_7_7_1' from '(none)' to 'Small'. (OPT-170)
Information: Changed wire load model for 'DW01_cmp2_width7' from '(none)' to 'Small'. (OPT-170)
Information: Changed wire load model for '*GEQ_UNS_OP_7_7_1' from '(none)' to 'Small'. (OPT-170)
Information: Changed wire load model for 'DW01_cmp2_width7' from '(none)' to 'Small'. (OPT-170)
Information: Changed wire load model for '*LEQ_UNS_OP_7_7_1' from '(none)' to 'Small'. (OPT-170)
Information: Changed wire load model for 'DW01_cmp6_width7' from '(none)' to 'Small'. (OPT-170)
Information: Changed wire load model for '*NE_UNS_OP_7_7_1' from '(none)' to 'Small'. (OPT-170)
Information: Changed wire load model for 'DW01_cmp6_width7' from '(none)' to 'Small'. (OPT-170)
Information: Changed wire load model for '*NE_UNS_OP_7_7_1' from '(none)' to 'Small'. (OPT-170)
Information: Changed wire load model for 'DW01_cmp6_width7' from '(none)' to 'Small'. (OPT-170)
Information: Changed wire load model for '*NE_UNS_OP_7_7_1' from '(none)' to 'Small'. (OPT-170)
Information: Changed wire load model for 'DW01_cmp6_width7' from '(none)' to 'Small'. (OPT-170)
Information: Changed wire load model for '*NE_UNS_OP_7_7_1' from '(none)' to 'Small'. (OPT-170)
Information: Changed wire load model for 'DW01_cmp2_width7' from '(none)' to 'Small'. (OPT-170)
Information: Changed wire load model for '*GEQ_UNS_OP_7_7_1' from '(none)' to 'Small'. (OPT-170)
Information: Changed wire load model for 'DW01_cmp2_width7' from '(none)' to 'Small'. (OPT-170)
Information: Changed wire load model for '*LEQ_UNS_OP_7_7_1' from '(none)' to 'Small'. (OPT-170)
Information: Changed wire load model for 'DW01_cmp2_width7' from '(none)' to 'Small'. (OPT-170)
Information: Changed wire load model for '*GEQ_UNS_OP_7_7_1' from '(none)' to 'Small'. (OPT-170)
Information: Changed wire load model for 'DW01_cmp2_width7' from '(none)' to 'Small'. (OPT-170)
Information: Changed wire load model for '*LEQ_UNS_OP_7_7_1' from '(none)' to 'Small'. (OPT-170)
Information: Changed wire load model for 'DW01_cmp2_width7' from '(none)' to 'Small'. (OPT-170)
Information: Changed wire load model for '*GEQ_UNS_OP_7_7_1' from '(none)' to 'Small'. (OPT-170)
Information: Changed wire load model for 'DW01_cmp2_width7' from '(none)' to 'Small'. (OPT-170)
Information: Changed wire load model for '*LEQ_UNS_OP_7_7_1' from '(none)' to 'Small'. (OPT-170)
Information: Changed wire load model for 'DW01_cmp2_width7' from '(none)' to 'Small'. (OPT-170)
Information: Changed wire load model for '*GEQ_UNS_OP_7_7_1' from '(none)' to 'Small'. (OPT-170)
Information: Changed wire load model for 'DW01_cmp2_width7' from '(none)' to 'Small'. (OPT-170)
Information: Changed wire load model for '*LEQ_UNS_OP_7_7_1' from '(none)' to 'Small'. (OPT-170)
Information: Changed wire load model for 'DW01_cmp6_width7' from '(none)' to 'Small'. (OPT-170)
Information: Changed wire load model for '*NE_UNS_OP_7_7_1' from '(none)' to 'Small'. (OPT-170)
Information: Changed wire load model for 'DW01_cmp6_width7' from '(none)' to 'Small'. (OPT-170)
Information: Changed wire load model for '*NE_UNS_OP_7_7_1' from '(none)' to 'Small'. (OPT-170)
Information: Changed wire load model for 'DW01_cmp6_width7' from '(none)' to 'Small'. (OPT-170)
Information: Changed wire load model for '*NE_UNS_OP_7_7_1' from '(none)' to 'Small'. (OPT-170)
Information: Changed wire load model for 'DW01_cmp6_width7' from '(none)' to 'Small'. (OPT-170)
Information: Changed wire load model for '*NE_UNS_OP_7_7_1' from '(none)' to 'Small'. (OPT-170)
Information: Changed wire load model for 'DW01_cmp2_width7' from '(none)' to 'Small'. (OPT-170)
Information: Changed wire load model for '*GEQ_UNS_OP_7_7_1' from '(none)' to 'Small'. (OPT-170)
Information: Changed wire load model for 'DW01_cmp2_width7' from '(none)' to 'Small'. (OPT-170)
Information: Changed wire load model for '*LEQ_UNS_OP_7_7_1' from '(none)' to 'Small'. (OPT-170)
Information: Changed wire load model for 'DW01_cmp2_width7' from '(none)' to 'Small'. (OPT-170)
Information: Changed wire load model for '*GEQ_UNS_OP_7_7_1' from '(none)' to 'Small'. (OPT-170)
Information: Changed wire load model for 'DW01_cmp2_width7' from '(none)' to 'Small'. (OPT-170)
Information: Changed wire load model for '*LEQ_UNS_OP_7_7_1' from '(none)' to 'Small'. (OPT-170)
Information: Changed wire load model for 'DW01_cmp2_width7' from '(none)' to 'Small'. (OPT-170)
Information: Changed wire load model for '*GEQ_UNS_OP_7_7_1' from '(none)' to 'Small'. (OPT-170)
Information: Changed wire load model for 'DW01_cmp2_width7' from '(none)' to 'Small'. (OPT-170)
Information: Changed wire load model for '*LEQ_UNS_OP_7_7_1' from '(none)' to 'Small'. (OPT-170)
Information: Changed wire load model for 'DW01_cmp2_width7' from '(none)' to 'Small'. (OPT-170)
Information: Changed wire load model for '*GEQ_UNS_OP_7_7_1' from '(none)' to 'Small'. (OPT-170)
Information: Changed wire load model for 'DW01_cmp2_width7' from '(none)' to 'Small'. (OPT-170)
Information: Changed wire load model for '*LEQ_UNS_OP_7_7_1' from '(none)' to 'Small'. (OPT-170)
Information: Changed wire load model for 'DW01_cmp6_width7' from '(none)' to 'Small'. (OPT-170)
Information: Changed wire load model for '*NE_UNS_OP_7_7_1' from '(none)' to 'Small'. (OPT-170)
Information: Changed wire load model for 'DW01_cmp6_width7' from '(none)' to 'Small'. (OPT-170)
Information: Changed wire load model for '*NE_UNS_OP_7_7_1' from '(none)' to 'Small'. (OPT-170)
Information: Changed wire load model for 'DW01_cmp6_width7' from '(none)' to 'Small'. (OPT-170)
Information: Changed wire load model for '*NE_UNS_OP_7_7_1' from '(none)' to 'Small'. (OPT-170)
Information: Changed wire load model for 'DW01_cmp6_width7' from '(none)' to 'Small'. (OPT-170)
Information: Changed wire load model for '*NE_UNS_OP_7_7_1' from '(none)' to 'Small'. (OPT-170)
Information: Changed wire load model for 'DW01_cmp2_width7' from '(none)' to 'Small'. (OPT-170)
Information: Changed wire load model for '*GEQ_UNS_OP_7_7_1' from '(none)' to 'Small'. (OPT-170)
Information: Changed wire load model for 'DW01_cmp2_width7' from '(none)' to 'Small'. (OPT-170)
Information: Changed wire load model for '*LEQ_UNS_OP_7_7_1' from '(none)' to 'Small'. (OPT-170)
Information: Changed wire load model for 'DW01_cmp2_width7' from '(none)' to 'Small'. (OPT-170)
Information: Changed wire load model for '*GEQ_UNS_OP_7_7_1' from '(none)' to 'Small'. (OPT-170)
Information: Changed wire load model for 'DW01_cmp2_width7' from '(none)' to 'Small'. (OPT-170)
Information: Changed wire load model for '*LEQ_UNS_OP_7_7_1' from '(none)' to 'Small'. (OPT-170)
Information: Changed wire load model for 'DW01_cmp2_width7' from '(none)' to 'Small'. (OPT-170)
Information: Changed wire load model for '*GEQ_UNS_OP_7_7_1' from '(none)' to 'Small'. (OPT-170)
Information: Changed wire load model for 'DW01_cmp2_width7' from '(none)' to 'Small'. (OPT-170)
Information: Changed wire load model for '*LEQ_UNS_OP_7_7_1' from '(none)' to 'Small'. (OPT-170)
Information: Changed wire load model for 'DW01_cmp2_width7' from '(none)' to 'Small'. (OPT-170)
Information: Changed wire load model for '*GEQ_UNS_OP_7_7_1' from '(none)' to 'Small'. (OPT-170)
Information: Changed wire load model for 'DW01_cmp2_width7' from '(none)' to 'Small'. (OPT-170)
Information: Changed wire load model for '*LEQ_UNS_OP_7_7_1' from '(none)' to 'Small'. (OPT-170)
Information: Changed wire load model for 'DW01_cmp6_width7' from '(none)' to 'Small'. (OPT-170)
Information: Changed wire load model for '*NE_UNS_OP_7_7_1' from '(none)' to 'Small'. (OPT-170)
Information: Changed wire load model for 'DW01_cmp6_width7' from '(none)' to 'Small'. (OPT-170)
Information: Changed wire load model for '*NE_UNS_OP_7_7_1' from '(none)' to 'Small'. (OPT-170)
Information: Changed wire load model for 'DW01_cmp6_width7' from '(none)' to 'Small'. (OPT-170)
Information: Changed wire load model for '*NE_UNS_OP_7_7_1' from '(none)' to 'Small'. (OPT-170)
Information: Changed wire load model for 'DW01_cmp6_width7' from '(none)' to 'Small'. (OPT-170)
Information: Changed wire load model for '*NE_UNS_OP_7_7_1' from '(none)' to 'Small'. (OPT-170)
Information: Changed wire load model for 'DW01_cmp2_width7' from '(none)' to 'Small'. (OPT-170)
Information: Changed wire load model for '*GEQ_UNS_OP_7_7_1' from '(none)' to 'Small'. (OPT-170)
Information: Changed wire load model for 'DW01_cmp2_width7' from '(none)' to 'Small'. (OPT-170)
Information: Changed wire load model for '*LEQ_UNS_OP_7_7_1' from '(none)' to 'Small'. (OPT-170)
Information: Changed wire load model for 'DW01_cmp2_width7' from '(none)' to 'Small'. (OPT-170)
Information: Changed wire load model for '*GEQ_UNS_OP_7_7_1' from '(none)' to 'Small'. (OPT-170)
Information: Changed wire load model for 'DW01_cmp2_width7' from '(none)' to 'Small'. (OPT-170)
Information: Changed wire load model for '*LEQ_UNS_OP_7_7_1' from '(none)' to 'Small'. (OPT-170)
Information: Changed wire load model for 'DW01_cmp2_width7' from '(none)' to 'Small'. (OPT-170)
Information: Changed wire load model for '*GEQ_UNS_OP_7_7_1' from '(none)' to 'Small'. (OPT-170)
Information: Changed wire load model for 'DW01_cmp2_width7' from '(none)' to 'Small'. (OPT-170)
Information: Changed wire load model for '*LEQ_UNS_OP_7_7_1' from '(none)' to 'Small'. (OPT-170)
Information: Changed wire load model for 'DW01_cmp2_width7' from '(none)' to 'Small'. (OPT-170)
Information: Changed wire load model for '*GEQ_UNS_OP_7_7_1' from '(none)' to 'Small'. (OPT-170)
Information: Changed wire load model for 'DW01_cmp2_width7' from '(none)' to 'Small'. (OPT-170)
Information: Changed wire load model for '*LEQ_UNS_OP_7_7_1' from '(none)' to 'Small'. (OPT-170)
Information: Changed wire load model for 'DW01_cmp6_width7' from '(none)' to 'Small'. (OPT-170)
Information: Changed wire load model for '*NE_UNS_OP_7_7_1' from '(none)' to 'Small'. (OPT-170)
Information: Changed wire load model for 'DW01_cmp6_width7' from '(none)' to 'Small'. (OPT-170)
Information: Changed wire load model for '*NE_UNS_OP_7_7_1' from '(none)' to 'Small'. (OPT-170)
Information: Changed wire load model for 'DW01_cmp6_width7' from '(none)' to 'Small'. (OPT-170)
Information: Changed wire load model for '*NE_UNS_OP_7_7_1' from '(none)' to 'Small'. (OPT-170)
Information: Changed wire load model for 'DW01_cmp6_width7' from '(none)' to 'Small'. (OPT-170)
Information: Changed wire load model for '*NE_UNS_OP_7_7_1' from '(none)' to 'Small'. (OPT-170)
Information: Changed wire load model for 'DW01_cmp2_width7' from '(none)' to 'Small'. (OPT-170)
Information: Changed wire load model for '*GEQ_UNS_OP_7_7_1' from '(none)' to 'Small'. (OPT-170)
Information: Changed wire load model for 'DW01_cmp2_width7' from '(none)' to 'Small'. (OPT-170)
Information: Changed wire load model for '*LEQ_UNS_OP_7_7_1' from '(none)' to 'Small'. (OPT-170)
Information: Changed wire load model for 'DW01_cmp2_width7' from '(none)' to 'Small'. (OPT-170)
Information: Changed wire load model for '*GEQ_UNS_OP_7_7_1' from '(none)' to 'Small'. (OPT-170)
Information: Changed wire load model for 'DW01_cmp2_width7' from '(none)' to 'Small'. (OPT-170)
Information: Changed wire load model for '*LEQ_UNS_OP_7_7_1' from '(none)' to 'Small'. (OPT-170)
Information: Changed wire load model for 'DW01_cmp2_width7' from '(none)' to 'Small'. (OPT-170)
Information: Changed wire load model for '*GEQ_UNS_OP_7_7_1' from '(none)' to 'Small'. (OPT-170)
Information: Changed wire load model for 'DW01_cmp2_width7' from '(none)' to 'Small'. (OPT-170)
Information: Changed wire load model for '*LEQ_UNS_OP_7_7_1' from '(none)' to 'Small'. (OPT-170)
Information: Changed wire load model for 'DW01_cmp2_width7' from '(none)' to 'Small'. (OPT-170)
Information: Changed wire load model for '*GEQ_UNS_OP_7_7_1' from '(none)' to 'Small'. (OPT-170)
Information: Changed wire load model for 'DW01_cmp2_width7' from '(none)' to 'Small'. (OPT-170)
Information: Changed wire load model for '*LEQ_UNS_OP_7_7_1' from '(none)' to 'Small'. (OPT-170)
Information: Changed wire load model for 'DW01_cmp6_width7' from '(none)' to 'Small'. (OPT-170)
Information: Changed wire load model for '*NE_UNS_OP_7_7_1' from '(none)' to 'Small'. (OPT-170)
Information: Changed wire load model for 'DW01_cmp6_width7' from '(none)' to 'Small'. (OPT-170)
Information: Changed wire load model for '*NE_UNS_OP_7_7_1' from '(none)' to 'Small'. (OPT-170)
Information: Changed wire load model for 'DW01_cmp6_width7' from '(none)' to 'Small'. (OPT-170)
Information: Changed wire load model for '*NE_UNS_OP_7_7_1' from '(none)' to 'Small'. (OPT-170)
Information: Changed wire load model for 'DW01_cmp6_width7' from '(none)' to 'Small'. (OPT-170)
Information: Changed wire load model for '*NE_UNS_OP_7_7_1' from '(none)' to 'Small'. (OPT-170)
Information: Changed wire load model for 'DW01_cmp2_width7' from '(none)' to 'Small'. (OPT-170)
Information: Changed wire load model for '*GEQ_UNS_OP_7_7_1' from '(none)' to 'Small'. (OPT-170)
Information: Changed wire load model for 'DW01_cmp2_width7' from '(none)' to 'Small'. (OPT-170)
Information: Changed wire load model for '*LEQ_UNS_OP_7_7_1' from '(none)' to 'Small'. (OPT-170)
Information: Changed wire load model for 'DW01_cmp2_width7' from '(none)' to 'Small'. (OPT-170)
Information: Changed wire load model for '*GEQ_UNS_OP_7_7_1' from '(none)' to 'Small'. (OPT-170)
Information: Changed wire load model for 'DW01_cmp2_width7' from '(none)' to 'Small'. (OPT-170)
Information: Changed wire load model for '*LEQ_UNS_OP_7_7_1' from '(none)' to 'Small'. (OPT-170)
Information: Changed wire load model for 'DW01_cmp2_width7' from '(none)' to 'Small'. (OPT-170)
Information: Changed wire load model for '*GEQ_UNS_OP_7_7_1' from '(none)' to 'Small'. (OPT-170)
Information: Changed wire load model for 'DW01_cmp2_width7' from '(none)' to 'Small'. (OPT-170)
Information: Changed wire load model for '*LEQ_UNS_OP_7_7_1' from '(none)' to 'Small'. (OPT-170)
Information: Changed wire load model for 'DW01_cmp2_width7' from '(none)' to 'Small'. (OPT-170)
Information: Changed wire load model for '*GEQ_UNS_OP_7_7_1' from '(none)' to 'Small'. (OPT-170)
Information: Changed wire load model for 'DW01_cmp2_width7' from '(none)' to 'Small'. (OPT-170)
Information: Changed wire load model for '*LEQ_UNS_OP_7_7_1' from '(none)' to 'Small'. (OPT-170)
Information: Changed wire load model for 'DW01_cmp6_width7' from '(none)' to 'Small'. (OPT-170)
Information: Changed wire load model for '*NE_UNS_OP_7_7_1' from '(none)' to 'Small'. (OPT-170)
Information: Changed wire load model for 'DW01_cmp6_width7' from '(none)' to 'Small'. (OPT-170)
Information: Changed wire load model for '*NE_UNS_OP_7_7_1' from '(none)' to 'Small'. (OPT-170)
Information: Changed wire load model for 'DW01_cmp6_width7' from '(none)' to 'Small'. (OPT-170)
Information: Changed wire load model for '*NE_UNS_OP_7_7_1' from '(none)' to 'Small'. (OPT-170)
Information: Changed wire load model for 'DW01_cmp6_width7' from '(none)' to 'Small'. (OPT-170)
Information: Changed wire load model for '*NE_UNS_OP_7_7_1' from '(none)' to 'Small'. (OPT-170)
Information: Changed wire load model for 'DW01_cmp2_width7' from '(none)' to 'Small'. (OPT-170)
Information: Changed wire load model for '*GEQ_UNS_OP_7_7_1' from '(none)' to 'Small'. (OPT-170)
Information: Changed wire load model for 'DW01_cmp2_width7' from '(none)' to 'Small'. (OPT-170)
Information: Changed wire load model for '*LEQ_UNS_OP_7_7_1' from '(none)' to 'Small'. (OPT-170)
Information: Changed wire load model for 'DW01_cmp2_width7' from '(none)' to 'Small'. (OPT-170)
Information: Changed wire load model for '*GEQ_UNS_OP_7_7_1' from '(none)' to 'Small'. (OPT-170)
Information: Changed wire load model for 'DW01_cmp2_width7' from '(none)' to 'Small'. (OPT-170)
Information: Changed wire load model for '*LEQ_UNS_OP_7_7_1' from '(none)' to 'Small'. (OPT-170)
Information: Changed wire load model for 'DW01_cmp2_width7' from '(none)' to 'Small'. (OPT-170)
Information: Changed wire load model for '*GEQ_UNS_OP_7_7_1' from '(none)' to 'Small'. (OPT-170)
Information: Changed wire load model for 'DW01_cmp2_width7' from '(none)' to 'Small'. (OPT-170)
Information: Changed wire load model for '*LEQ_UNS_OP_7_7_1' from '(none)' to 'Small'. (OPT-170)
Information: Changed wire load model for 'DW01_cmp2_width7' from '(none)' to 'Small'. (OPT-170)
Information: Changed wire load model for '*GEQ_UNS_OP_7_7_1' from '(none)' to 'Small'. (OPT-170)
Information: Changed wire load model for 'DW01_cmp2_width7' from '(none)' to 'Small'. (OPT-170)
Information: Changed wire load model for '*LEQ_UNS_OP_7_7_1' from '(none)' to 'Small'. (OPT-170)
Information: Changed wire load model for 'DW01_cmp6_width7' from '(none)' to 'Small'. (OPT-170)
Information: Changed wire load model for '*NE_UNS_OP_7_7_1' from '(none)' to 'Small'. (OPT-170)
Information: Changed wire load model for 'DW01_cmp6_width7' from '(none)' to 'Small'. (OPT-170)
Information: Changed wire load model for '*NE_UNS_OP_7_7_1' from '(none)' to 'Small'. (OPT-170)
Information: Changed wire load model for 'DW01_cmp6_width7' from '(none)' to 'Small'. (OPT-170)
Information: Changed wire load model for '*NE_UNS_OP_7_7_1' from '(none)' to 'Small'. (OPT-170)
Information: Changed wire load model for 'DW01_cmp6_width7' from '(none)' to 'Small'. (OPT-170)
Information: Changed wire load model for '*NE_UNS_OP_7_7_1' from '(none)' to 'Small'. (OPT-170)
Information: Changed wire load model for 'DW01_cmp2_width7' from '(none)' to 'Small'. (OPT-170)
Information: Changed wire load model for '*GEQ_UNS_OP_7_7_1' from '(none)' to 'Small'. (OPT-170)
Information: Changed wire load model for 'DW01_cmp2_width7' from '(none)' to 'Small'. (OPT-170)
Information: Changed wire load model for '*LEQ_UNS_OP_7_7_1' from '(none)' to 'Small'. (OPT-170)
Information: Changed wire load model for 'DW01_cmp2_width7' from '(none)' to 'Small'. (OPT-170)
Information: Changed wire load model for '*GEQ_UNS_OP_7_7_1' from '(none)' to 'Small'. (OPT-170)
Information: Changed wire load model for 'DW01_cmp2_width7' from '(none)' to 'Small'. (OPT-170)
Information: Changed wire load model for '*LEQ_UNS_OP_7_7_1' from '(none)' to 'Small'. (OPT-170)
Information: Changed wire load model for 'DW01_cmp2_width7' from '(none)' to 'Small'. (OPT-170)
Information: Changed wire load model for '*GEQ_UNS_OP_7_7_1' from '(none)' to 'Small'. (OPT-170)
Information: Changed wire load model for 'DW01_cmp2_width7' from '(none)' to 'Small'. (OPT-170)
Information: Changed wire load model for '*LEQ_UNS_OP_7_7_1' from '(none)' to 'Small'. (OPT-170)
Information: Changed wire load model for 'DW01_cmp2_width7' from '(none)' to 'Small'. (OPT-170)
Information: Changed wire load model for '*GEQ_UNS_OP_7_7_1' from '(none)' to 'Small'. (OPT-170)
Information: Changed wire load model for 'DW01_cmp2_width7' from '(none)' to 'Small'. (OPT-170)
Information: Changed wire load model for '*LEQ_UNS_OP_7_7_1' from '(none)' to 'Small'. (OPT-170)
Information: Changed wire load model for 'DW01_cmp6_width7' from '(none)' to 'Small'. (OPT-170)
Information: Changed wire load model for '*NE_UNS_OP_7_7_1' from '(none)' to 'Small'. (OPT-170)
Information: Changed wire load model for 'DW01_cmp6_width7' from '(none)' to 'Small'. (OPT-170)
Information: Changed wire load model for '*NE_UNS_OP_7_7_1' from '(none)' to 'Small'. (OPT-170)
Information: Changed wire load model for 'DW01_cmp6_width7' from '(none)' to 'Small'. (OPT-170)
Information: Changed wire load model for '*NE_UNS_OP_7_7_1' from '(none)' to 'Small'. (OPT-170)
Information: Changed wire load model for 'DW01_cmp6_width7' from '(none)' to 'Small'. (OPT-170)
Information: Changed wire load model for '*NE_UNS_OP_7_7_1' from '(none)' to 'Small'. (OPT-170)
Information: Changed wire load model for 'DW01_cmp2_width7' from '(none)' to 'Small'. (OPT-170)
Information: Changed wire load model for '*GEQ_UNS_OP_7_7_1' from '(none)' to 'Small'. (OPT-170)
Information: Changed wire load model for 'DW01_cmp2_width7' from '(none)' to 'Small'. (OPT-170)
Information: Changed wire load model for '*LEQ_UNS_OP_7_7_1' from '(none)' to 'Small'. (OPT-170)
Information: Changed wire load model for 'DW01_cmp2_width7' from '(none)' to 'Small'. (OPT-170)
Information: Changed wire load model for '*GEQ_UNS_OP_7_7_1' from '(none)' to 'Small'. (OPT-170)
Information: Changed wire load model for 'DW01_cmp2_width7' from '(none)' to 'Small'. (OPT-170)
Information: Changed wire load model for '*LEQ_UNS_OP_7_7_1' from '(none)' to 'Small'. (OPT-170)
Information: Changed wire load model for 'DW01_cmp2_width7' from '(none)' to 'Small'. (OPT-170)
Information: Changed wire load model for '*GEQ_UNS_OP_7_7_1' from '(none)' to 'Small'. (OPT-170)
Information: Changed wire load model for 'DW01_cmp2_width7' from '(none)' to 'Small'. (OPT-170)
Information: Changed wire load model for '*LEQ_UNS_OP_7_7_1' from '(none)' to 'Small'. (OPT-170)
Information: Changed wire load model for 'DW01_cmp2_width7' from '(none)' to 'Small'. (OPT-170)
Information: Changed wire load model for '*GEQ_UNS_OP_7_7_1' from '(none)' to 'Small'. (OPT-170)
Information: Changed wire load model for 'DW01_cmp2_width7' from '(none)' to 'Small'. (OPT-170)
Information: Changed wire load model for '*LEQ_UNS_OP_7_7_1' from '(none)' to 'Small'. (OPT-170)
Information: Changed wire load model for 'DW01_cmp6_width7' from '(none)' to 'Small'. (OPT-170)
Information: Changed wire load model for '*NE_UNS_OP_7_7_1' from '(none)' to 'Small'. (OPT-170)
Information: Changed wire load model for 'DW01_cmp6_width7' from '(none)' to 'Small'. (OPT-170)
Information: Changed wire load model for '*NE_UNS_OP_7_7_1' from '(none)' to 'Small'. (OPT-170)
Information: Changed wire load model for 'DW01_cmp6_width7' from '(none)' to 'Small'. (OPT-170)
Information: Changed wire load model for '*NE_UNS_OP_7_7_1' from '(none)' to 'Small'. (OPT-170)
Information: Changed wire load model for 'DW01_cmp6_width7' from '(none)' to 'Small'. (OPT-170)
Information: Changed wire load model for '*NE_UNS_OP_7_7_1' from '(none)' to 'Small'. (OPT-170)
Information: Changed wire load model for 'DW01_cmp2_width7' from '(none)' to 'Small'. (OPT-170)
Information: Changed wire load model for '*GEQ_UNS_OP_7_7_1' from '(none)' to 'Small'. (OPT-170)
Information: Changed wire load model for 'DW01_cmp2_width7' from '(none)' to 'Small'. (OPT-170)
Information: Changed wire load model for '*LEQ_UNS_OP_7_7_1' from '(none)' to 'Small'. (OPT-170)
Information: Changed wire load model for 'DW01_cmp2_width7' from '(none)' to 'Small'. (OPT-170)
Information: Changed wire load model for '*GEQ_UNS_OP_7_7_1' from '(none)' to 'Small'. (OPT-170)
Information: Changed wire load model for 'DW01_cmp2_width7' from '(none)' to 'Small'. (OPT-170)
Information: Changed wire load model for '*LEQ_UNS_OP_7_7_1' from '(none)' to 'Small'. (OPT-170)
Information: Changed wire load model for 'DW01_cmp2_width7' from '(none)' to 'Small'. (OPT-170)
Information: Changed wire load model for '*GEQ_UNS_OP_7_7_1' from '(none)' to 'Small'. (OPT-170)
Information: Changed wire load model for 'DW01_cmp2_width7' from '(none)' to 'Small'. (OPT-170)
Information: Changed wire load model for '*LEQ_UNS_OP_7_7_1' from '(none)' to 'Small'. (OPT-170)
Information: Changed wire load model for 'DW01_cmp2_width7' from '(none)' to 'Small'. (OPT-170)
Information: Changed wire load model for '*GEQ_UNS_OP_7_7_1' from '(none)' to 'Small'. (OPT-170)
Information: Changed wire load model for 'DW01_cmp2_width7' from '(none)' to 'Small'. (OPT-170)
Information: Changed wire load model for '*LEQ_UNS_OP_7_7_1' from '(none)' to 'Small'. (OPT-170)
Information: Changed wire load model for 'DW01_cmp6_width7' from '(none)' to 'Small'. (OPT-170)
Information: Changed wire load model for '*NE_UNS_OP_7_7_1' from '(none)' to 'Small'. (OPT-170)
Information: Changed wire load model for 'DW01_cmp6_width7' from '(none)' to 'Small'. (OPT-170)
Information: Changed wire load model for '*NE_UNS_OP_7_7_1' from '(none)' to 'Small'. (OPT-170)
Information: Changed wire load model for 'DW01_cmp6_width7' from '(none)' to 'Small'. (OPT-170)
Information: Changed wire load model for '*NE_UNS_OP_7_7_1' from '(none)' to 'Small'. (OPT-170)
Information: Changed wire load model for 'DW01_cmp6_width7' from '(none)' to 'Small'. (OPT-170)
Information: Changed wire load model for '*NE_UNS_OP_7_7_1' from '(none)' to 'Small'. (OPT-170)
Information: Changed wire load model for 'DW01_cmp2_width7' from '(none)' to 'Small'. (OPT-170)
Information: Changed wire load model for '*GEQ_UNS_OP_7_7_1' from '(none)' to 'Small'. (OPT-170)
Information: Changed wire load model for 'DW01_cmp2_width7' from '(none)' to 'Small'. (OPT-170)
Information: Changed wire load model for '*LEQ_UNS_OP_7_7_1' from '(none)' to 'Small'. (OPT-170)
Information: Changed wire load model for 'DW01_cmp2_width7' from '(none)' to 'Small'. (OPT-170)
Information: Changed wire load model for '*GEQ_UNS_OP_7_7_1' from '(none)' to 'Small'. (OPT-170)
Information: Changed wire load model for 'DW01_cmp2_width7' from '(none)' to 'Small'. (OPT-170)
Information: Changed wire load model for '*LEQ_UNS_OP_7_7_1' from '(none)' to 'Small'. (OPT-170)
Information: Changed wire load model for 'DW01_cmp2_width7' from '(none)' to 'Small'. (OPT-170)
Information: Changed wire load model for '*GEQ_UNS_OP_7_7_1' from '(none)' to 'Small'. (OPT-170)
Information: Changed wire load model for 'DW01_cmp2_width7' from '(none)' to 'Small'. (OPT-170)
Information: Changed wire load model for '*LEQ_UNS_OP_7_7_1' from '(none)' to 'Small'. (OPT-170)
Information: Changed wire load model for 'DW01_cmp2_width7' from '(none)' to 'Small'. (OPT-170)
Information: Changed wire load model for '*GEQ_UNS_OP_7_7_1' from '(none)' to 'Small'. (OPT-170)
Information: Changed wire load model for 'DW01_cmp2_width7' from '(none)' to 'Small'. (OPT-170)
Information: Changed wire load model for '*LEQ_UNS_OP_7_7_1' from '(none)' to 'Small'. (OPT-170)
Information: Changed wire load model for 'DW01_cmp6_width7' from '(none)' to 'Small'. (OPT-170)
Information: Changed wire load model for '*NE_UNS_OP_7_7_1' from '(none)' to 'Small'. (OPT-170)
Information: Changed wire load model for 'DW01_cmp6_width7' from '(none)' to 'Small'. (OPT-170)
Information: Changed wire load model for '*NE_UNS_OP_7_7_1' from '(none)' to 'Small'. (OPT-170)
Information: Changed wire load model for 'DW01_cmp6_width7' from '(none)' to 'Small'. (OPT-170)
Information: Changed wire load model for '*NE_UNS_OP_7_7_1' from '(none)' to 'Small'. (OPT-170)
Information: Changed wire load model for 'DW01_cmp6_width7' from '(none)' to 'Small'. (OPT-170)
Information: Changed wire load model for '*NE_UNS_OP_7_7_1' from '(none)' to 'Small'. (OPT-170)
Information: Changed wire load model for 'DW01_cmp2_width7' from '(none)' to 'Small'. (OPT-170)
Information: Changed wire load model for '*GEQ_UNS_OP_7_7_1' from '(none)' to 'Small'. (OPT-170)
Information: Changed wire load model for 'DW01_cmp2_width7' from '(none)' to 'Small'. (OPT-170)
Information: Changed wire load model for '*LEQ_UNS_OP_7_7_1' from '(none)' to 'Small'. (OPT-170)
Information: Changed wire load model for 'DW01_cmp2_width7' from '(none)' to 'Small'. (OPT-170)
Information: Changed wire load model for '*GEQ_UNS_OP_7_7_1' from '(none)' to 'Small'. (OPT-170)
Information: Changed wire load model for 'DW01_cmp2_width7' from '(none)' to 'Small'. (OPT-170)
Information: Changed wire load model for '*LEQ_UNS_OP_7_7_1' from '(none)' to 'Small'. (OPT-170)
Information: Changed wire load model for 'DW01_cmp2_width7' from '(none)' to 'Small'. (OPT-170)
Information: Changed wire load model for '*GEQ_UNS_OP_7_7_1' from '(none)' to 'Small'. (OPT-170)
Information: Changed wire load model for 'DW01_cmp2_width7' from '(none)' to 'Small'. (OPT-170)
Information: Changed wire load model for '*LEQ_UNS_OP_7_7_1' from '(none)' to 'Small'. (OPT-170)
Information: Changed wire load model for 'DW01_cmp2_width7' from '(none)' to 'Small'. (OPT-170)
Information: Changed wire load model for '*GEQ_UNS_OP_7_7_1' from '(none)' to 'Small'. (OPT-170)
Information: Changed wire load model for 'DW01_cmp2_width7' from '(none)' to 'Small'. (OPT-170)
Information: Changed wire load model for '*LEQ_UNS_OP_7_7_1' from '(none)' to 'Small'. (OPT-170)
Information: Changed wire load model for 'DW01_cmp6_width7' from '(none)' to 'Small'. (OPT-170)
Information: Changed wire load model for '*NE_UNS_OP_7_7_1' from '(none)' to 'Small'. (OPT-170)
Information: Changed wire load model for 'DW01_cmp6_width7' from '(none)' to 'Small'. (OPT-170)
Information: Changed wire load model for '*NE_UNS_OP_7_7_1' from '(none)' to 'Small'. (OPT-170)
Information: Changed wire load model for 'DW01_cmp6_width7' from '(none)' to 'Small'. (OPT-170)
Information: Changed wire load model for '*NE_UNS_OP_7_7_1' from '(none)' to 'Small'. (OPT-170)
Information: Changed wire load model for 'DW01_cmp6_width7' from '(none)' to 'Small'. (OPT-170)
Information: Changed wire load model for '*NE_UNS_OP_7_7_1' from '(none)' to 'Small'. (OPT-170)
Information: Changed wire load model for 'DW01_cmp2_width7' from '(none)' to 'Small'. (OPT-170)
Information: Changed wire load model for '*GEQ_UNS_OP_7_7_1' from '(none)' to 'Small'. (OPT-170)
Information: Changed wire load model for 'DW01_cmp2_width7' from '(none)' to 'Small'. (OPT-170)
Information: Changed wire load model for '*LEQ_UNS_OP_7_7_1' from '(none)' to 'Small'. (OPT-170)
Information: Changed wire load model for 'DW01_cmp2_width7' from '(none)' to 'Small'. (OPT-170)
Information: Changed wire load model for '*GEQ_UNS_OP_7_7_1' from '(none)' to 'Small'. (OPT-170)
Information: Changed wire load model for 'DW01_cmp2_width7' from '(none)' to 'Small'. (OPT-170)
Information: Changed wire load model for '*LEQ_UNS_OP_7_7_1' from '(none)' to 'Small'. (OPT-170)
Information: Changed wire load model for 'DW01_cmp2_width7' from '(none)' to 'Small'. (OPT-170)
Information: Changed wire load model for '*GEQ_UNS_OP_7_7_1' from '(none)' to 'Small'. (OPT-170)
Information: Changed wire load model for 'DW01_cmp2_width7' from '(none)' to 'Small'. (OPT-170)
Information: Changed wire load model for '*LEQ_UNS_OP_7_7_1' from '(none)' to 'Small'. (OPT-170)
Information: Changed wire load model for 'DW01_cmp2_width7' from '(none)' to 'Small'. (OPT-170)
Information: Changed wire load model for '*GEQ_UNS_OP_7_7_1' from '(none)' to 'Small'. (OPT-170)
Information: Changed wire load model for 'DW01_cmp2_width7' from '(none)' to 'Small'. (OPT-170)
Information: Changed wire load model for '*LEQ_UNS_OP_7_7_1' from '(none)' to 'Small'. (OPT-170)
Information: Changed wire load model for 'DW01_cmp6_width7' from '(none)' to 'Small'. (OPT-170)
Information: Changed wire load model for '*NE_UNS_OP_7_7_1' from '(none)' to 'Small'. (OPT-170)
Information: Changed wire load model for 'DW01_cmp6_width7' from '(none)' to 'Small'. (OPT-170)
Information: Changed wire load model for '*NE_UNS_OP_7_7_1' from '(none)' to 'Small'. (OPT-170)
Information: Changed wire load model for 'DW01_cmp6_width7' from '(none)' to 'Small'. (OPT-170)
Information: Changed wire load model for '*NE_UNS_OP_7_7_1' from '(none)' to 'Small'. (OPT-170)
Information: Changed wire load model for 'DW01_cmp6_width7' from '(none)' to 'Small'. (OPT-170)
Information: Changed wire load model for '*NE_UNS_OP_7_7_1' from '(none)' to 'Small'. (OPT-170)
Information: Changed wire load model for 'DW01_cmp2_width7' from '(none)' to 'Small'. (OPT-170)
Information: Changed wire load model for '*GEQ_UNS_OP_7_7_1' from '(none)' to 'Small'. (OPT-170)
Information: Changed wire load model for 'DW01_cmp2_width7' from '(none)' to 'Small'. (OPT-170)
Information: Changed wire load model for '*LEQ_UNS_OP_7_7_1' from '(none)' to 'Small'. (OPT-170)
Information: Changed wire load model for 'DW01_cmp2_width7' from '(none)' to 'Small'. (OPT-170)
Information: Changed wire load model for '*GEQ_UNS_OP_7_7_1' from '(none)' to 'Small'. (OPT-170)
Information: Changed wire load model for 'DW01_cmp2_width7' from '(none)' to 'Small'. (OPT-170)
Information: Changed wire load model for '*LEQ_UNS_OP_7_7_1' from '(none)' to 'Small'. (OPT-170)
Information: Changed wire load model for 'DW01_cmp2_width7' from '(none)' to 'Small'. (OPT-170)
Information: Changed wire load model for '*GEQ_UNS_OP_7_7_1' from '(none)' to 'Small'. (OPT-170)
Information: Changed wire load model for 'DW01_cmp2_width7' from '(none)' to 'Small'. (OPT-170)
Information: Changed wire load model for '*LEQ_UNS_OP_7_7_1' from '(none)' to 'Small'. (OPT-170)
Information: Changed wire load model for 'DW01_cmp2_width7' from '(none)' to 'Small'. (OPT-170)
Information: Changed wire load model for '*GEQ_UNS_OP_7_7_1' from '(none)' to 'Small'. (OPT-170)
Information: Changed wire load model for 'DW01_cmp2_width7' from '(none)' to 'Small'. (OPT-170)
Information: Changed wire load model for '*LEQ_UNS_OP_7_7_1' from '(none)' to 'Small'. (OPT-170)
Information: Changed wire load model for 'DW01_cmp6_width7' from '(none)' to 'Small'. (OPT-170)
Information: Changed wire load model for '*NE_UNS_OP_7_7_1' from '(none)' to 'Small'. (OPT-170)
Information: Changed wire load model for 'DW01_cmp6_width7' from '(none)' to 'Small'. (OPT-170)
Information: Changed wire load model for '*NE_UNS_OP_7_7_1' from '(none)' to 'Small'. (OPT-170)
Information: Changed wire load model for 'DW01_cmp6_width7' from '(none)' to 'Small'. (OPT-170)
Information: Changed wire load model for '*NE_UNS_OP_7_7_1' from '(none)' to 'Small'. (OPT-170)
Information: Changed wire load model for 'DW01_cmp6_width7' from '(none)' to 'Small'. (OPT-170)
Information: Changed wire load model for '*NE_UNS_OP_7_7_1' from '(none)' to 'Small'. (OPT-170)
Information: Changed wire load model for 'DW01_cmp2_width7' from '(none)' to 'Small'. (OPT-170)
Information: Changed wire load model for '*GEQ_UNS_OP_7_7_1' from '(none)' to 'Small'. (OPT-170)
Information: Changed wire load model for 'DW01_cmp2_width7' from '(none)' to 'Small'. (OPT-170)
Information: Changed wire load model for '*LEQ_UNS_OP_7_7_1' from '(none)' to 'Small'. (OPT-170)
Information: Changed wire load model for 'DW01_cmp2_width7' from '(none)' to 'Small'. (OPT-170)
Information: Changed wire load model for '*GEQ_UNS_OP_7_7_1' from '(none)' to 'Small'. (OPT-170)
Information: Changed wire load model for 'DW01_cmp2_width7' from '(none)' to 'Small'. (OPT-170)
Information: Changed wire load model for '*LEQ_UNS_OP_7_7_1' from '(none)' to 'Small'. (OPT-170)
Information: Changed wire load model for 'DW01_cmp2_width7' from '(none)' to 'Small'. (OPT-170)
Information: Changed wire load model for '*GEQ_UNS_OP_7_7_1' from '(none)' to 'Small'. (OPT-170)
Information: Changed wire load model for 'DW01_cmp2_width7' from '(none)' to 'Small'. (OPT-170)
Information: Changed wire load model for '*LEQ_UNS_OP_7_7_1' from '(none)' to 'Small'. (OPT-170)
Information: Changed wire load model for 'DW01_cmp2_width7' from '(none)' to 'Small'. (OPT-170)
Information: Changed wire load model for '*GEQ_UNS_OP_7_7_1' from '(none)' to 'Small'. (OPT-170)
Information: Changed wire load model for 'DW01_cmp2_width7' from '(none)' to 'Small'. (OPT-170)
Information: Changed wire load model for '*LEQ_UNS_OP_7_7_1' from '(none)' to 'Small'. (OPT-170)
Information: Changed wire load model for 'DW01_cmp6_width7' from '(none)' to 'Small'. (OPT-170)
Information: Changed wire load model for '*NE_UNS_OP_7_7_1' from '(none)' to 'Small'. (OPT-170)
Information: Changed wire load model for 'DW01_cmp6_width7' from '(none)' to 'Small'. (OPT-170)
Information: Changed wire load model for '*NE_UNS_OP_7_7_1' from '(none)' to 'Small'. (OPT-170)
Information: Changed wire load model for 'DW01_cmp6_width7' from '(none)' to 'Small'. (OPT-170)
Information: Changed wire load model for '*NE_UNS_OP_7_7_1' from '(none)' to 'Small'. (OPT-170)
Information: Changed wire load model for 'DW01_cmp6_width7' from '(none)' to 'Small'. (OPT-170)
Information: Changed wire load model for '*NE_UNS_OP_7_7_1' from '(none)' to 'Small'. (OPT-170)
Information: Changed wire load model for 'DW01_cmp2_width7' from '(none)' to 'Small'. (OPT-170)
Information: Changed wire load model for '*GEQ_UNS_OP_7_7_1' from '(none)' to 'Small'. (OPT-170)
Information: Changed wire load model for 'DW01_cmp2_width7' from '(none)' to 'Small'. (OPT-170)
Information: Changed wire load model for '*LEQ_UNS_OP_7_7_1' from '(none)' to 'Small'. (OPT-170)
Information: Changed wire load model for 'DW01_cmp2_width7' from '(none)' to 'Small'. (OPT-170)
Information: Changed wire load model for '*GEQ_UNS_OP_7_7_1' from '(none)' to 'Small'. (OPT-170)
Information: Changed wire load model for 'DW01_cmp2_width7' from '(none)' to 'Small'. (OPT-170)
Information: Changed wire load model for '*LEQ_UNS_OP_7_7_1' from '(none)' to 'Small'. (OPT-170)
Information: Changed wire load model for 'DW01_cmp2_width7' from '(none)' to 'Small'. (OPT-170)
Information: Changed wire load model for '*GEQ_UNS_OP_7_7_1' from '(none)' to 'Small'. (OPT-170)
Information: Changed wire load model for 'DW01_cmp2_width7' from '(none)' to 'Small'. (OPT-170)
Information: Changed wire load model for '*LEQ_UNS_OP_7_7_1' from '(none)' to 'Small'. (OPT-170)
Information: Changed wire load model for 'DW01_cmp2_width7' from '(none)' to 'Small'. (OPT-170)
Information: Changed wire load model for '*GEQ_UNS_OP_7_7_1' from '(none)' to 'Small'. (OPT-170)
Information: Changed wire load model for 'DW01_cmp2_width7' from '(none)' to 'Small'. (OPT-170)
Information: Changed wire load model for '*LEQ_UNS_OP_7_7_1' from '(none)' to 'Small'. (OPT-170)
Information: Changed wire load model for 'DW01_cmp6_width7' from '(none)' to 'Small'. (OPT-170)
Information: Changed wire load model for '*NE_UNS_OP_7_7_1' from '(none)' to 'Small'. (OPT-170)
Information: Changed wire load model for 'DW01_cmp6_width7' from '(none)' to 'Small'. (OPT-170)
Information: Changed wire load model for '*NE_UNS_OP_7_7_1' from '(none)' to 'Small'. (OPT-170)
Information: Changed wire load model for 'DW01_cmp6_width7' from '(none)' to 'Small'. (OPT-170)
Information: Changed wire load model for '*NE_UNS_OP_7_7_1' from '(none)' to 'Small'. (OPT-170)
Information: Changed wire load model for 'DW01_cmp6_width7' from '(none)' to 'Small'. (OPT-170)
Information: Changed wire load model for '*NE_UNS_OP_7_7_1' from '(none)' to 'Small'. (OPT-170)
Information: Changed wire load model for 'DW01_cmp2_width7' from '(none)' to 'Small'. (OPT-170)
Information: Changed wire load model for '*GEQ_UNS_OP_7_7_1' from '(none)' to 'Small'. (OPT-170)
Information: Changed wire load model for 'DW01_cmp2_width7' from '(none)' to 'Small'. (OPT-170)
Information: Changed wire load model for '*LEQ_UNS_OP_7_7_1' from '(none)' to 'Small'. (OPT-170)
Information: Changed wire load model for 'DW01_cmp2_width7' from '(none)' to 'Small'. (OPT-170)
Information: Changed wire load model for '*GEQ_UNS_OP_7_7_1' from '(none)' to 'Small'. (OPT-170)
Information: Changed wire load model for 'DW01_cmp2_width7' from '(none)' to 'Small'. (OPT-170)
Information: Changed wire load model for '*LEQ_UNS_OP_7_7_1' from '(none)' to 'Small'. (OPT-170)
Information: Changed wire load model for 'DW01_cmp2_width7' from '(none)' to 'Small'. (OPT-170)
Information: Changed wire load model for '*GEQ_UNS_OP_7_7_1' from '(none)' to 'Small'. (OPT-170)
Information: Changed wire load model for 'DW01_cmp2_width7' from '(none)' to 'Small'. (OPT-170)
Information: Changed wire load model for '*LEQ_UNS_OP_7_7_1' from '(none)' to 'Small'. (OPT-170)
Information: Changed wire load model for 'DW01_cmp2_width7' from '(none)' to 'Small'. (OPT-170)
Information: Changed wire load model for '*GEQ_UNS_OP_7_7_1' from '(none)' to 'Small'. (OPT-170)
Information: Changed wire load model for 'DW01_cmp2_width7' from '(none)' to 'Small'. (OPT-170)
Information: Changed wire load model for '*LEQ_UNS_OP_7_7_1' from '(none)' to 'Small'. (OPT-170)
Information: Changed wire load model for 'DW01_cmp6_width7' from '(none)' to 'Small'. (OPT-170)
Information: Changed wire load model for '*NE_UNS_OP_7_7_1' from '(none)' to 'Small'. (OPT-170)
Information: Changed wire load model for 'DW01_cmp6_width7' from '(none)' to 'Small'. (OPT-170)
Information: Changed wire load model for '*NE_UNS_OP_7_7_1' from '(none)' to 'Small'. (OPT-170)
Information: Changed wire load model for 'DW01_cmp6_width7' from '(none)' to 'Small'. (OPT-170)
Information: Changed wire load model for '*NE_UNS_OP_7_7_1' from '(none)' to 'Small'. (OPT-170)
Information: Changed wire load model for 'DW01_cmp6_width7' from '(none)' to 'Small'. (OPT-170)
Information: Changed wire load model for '*NE_UNS_OP_7_7_1' from '(none)' to 'Small'. (OPT-170)
Information: Changed wire load model for 'DW01_cmp2_width7' from '(none)' to 'Small'. (OPT-170)
Information: Changed wire load model for '*GEQ_UNS_OP_7_7_1' from '(none)' to 'Small'. (OPT-170)
Information: Changed wire load model for 'DW01_cmp2_width7' from '(none)' to 'Small'. (OPT-170)
Information: Changed wire load model for '*LEQ_UNS_OP_7_7_1' from '(none)' to 'Small'. (OPT-170)
Information: Changed wire load model for 'DW01_cmp2_width7' from '(none)' to 'Small'. (OPT-170)
Information: Changed wire load model for '*GEQ_UNS_OP_7_7_1' from '(none)' to 'Small'. (OPT-170)
Information: Changed wire load model for 'DW01_cmp2_width7' from '(none)' to 'Small'. (OPT-170)
Information: Changed wire load model for '*LEQ_UNS_OP_7_7_1' from '(none)' to 'Small'. (OPT-170)
Information: Changed wire load model for 'DW01_cmp2_width7' from '(none)' to 'Small'. (OPT-170)
Information: Changed wire load model for '*GEQ_UNS_OP_7_7_1' from '(none)' to 'Small'. (OPT-170)
Information: Changed wire load model for 'DW01_cmp2_width7' from '(none)' to 'Small'. (OPT-170)
Information: Changed wire load model for '*LEQ_UNS_OP_7_7_1' from '(none)' to 'Small'. (OPT-170)
Information: Changed wire load model for 'DW01_cmp2_width7' from '(none)' to 'Small'. (OPT-170)
Information: Changed wire load model for '*GEQ_UNS_OP_7_7_1' from '(none)' to 'Small'. (OPT-170)
Information: Changed wire load model for 'DW01_cmp2_width7' from '(none)' to 'Small'. (OPT-170)
Information: Changed wire load model for '*LEQ_UNS_OP_7_7_1' from '(none)' to 'Small'. (OPT-170)
Information: Changed wire load model for 'DW01_cmp6_width7' from '(none)' to 'Small'. (OPT-170)
Information: Changed wire load model for '*NE_UNS_OP_7_7_1' from '(none)' to 'Small'. (OPT-170)
Information: Changed wire load model for 'DW01_cmp6_width7' from '(none)' to 'Small'. (OPT-170)
Information: Changed wire load model for '*NE_UNS_OP_7_7_1' from '(none)' to 'Small'. (OPT-170)
Information: Changed wire load model for 'DW01_cmp6_width7' from '(none)' to 'Small'. (OPT-170)
Information: Changed wire load model for '*NE_UNS_OP_7_7_1' from '(none)' to 'Small'. (OPT-170)
Information: Changed wire load model for 'DW01_cmp6_width7' from '(none)' to 'Small'. (OPT-170)
Information: Changed wire load model for '*NE_UNS_OP_7_7_1' from '(none)' to 'Small'. (OPT-170)
Information: Changed wire load model for 'DW01_cmp2_width7' from '(none)' to 'Small'. (OPT-170)
Information: Changed wire load model for '*GEQ_UNS_OP_7_7_1' from '(none)' to 'Small'. (OPT-170)
Information: Changed wire load model for 'DW01_cmp2_width7' from '(none)' to 'Small'. (OPT-170)
Information: Changed wire load model for '*LEQ_UNS_OP_7_7_1' from '(none)' to 'Small'. (OPT-170)
Information: Changed wire load model for 'DW01_cmp2_width7' from '(none)' to 'Small'. (OPT-170)
Information: Changed wire load model for '*GEQ_UNS_OP_7_7_1' from '(none)' to 'Small'. (OPT-170)
Information: Changed wire load model for 'DW01_cmp2_width7' from '(none)' to 'Small'. (OPT-170)
Information: Changed wire load model for '*LEQ_UNS_OP_7_7_1' from '(none)' to 'Small'. (OPT-170)
Information: Changed wire load model for 'DW01_cmp2_width7' from '(none)' to 'Small'. (OPT-170)
Information: Changed wire load model for '*GEQ_UNS_OP_7_7_1' from '(none)' to 'Small'. (OPT-170)
Information: Changed wire load model for 'DW01_cmp2_width7' from '(none)' to 'Small'. (OPT-170)
Information: Changed wire load model for '*LEQ_UNS_OP_7_7_1' from '(none)' to 'Small'. (OPT-170)
Information: Changed wire load model for 'DW01_cmp2_width7' from '(none)' to 'Small'. (OPT-170)
Information: Changed wire load model for '*GEQ_UNS_OP_7_7_1' from '(none)' to 'Small'. (OPT-170)
Information: Changed wire load model for 'DW01_cmp2_width7' from '(none)' to 'Small'. (OPT-170)
Information: Changed wire load model for '*LEQ_UNS_OP_7_7_1' from '(none)' to 'Small'. (OPT-170)
Information: Changed wire load model for 'DW01_cmp6_width7' from '(none)' to 'Small'. (OPT-170)
Information: Changed wire load model for '*NE_UNS_OP_7_7_1' from '(none)' to 'Small'. (OPT-170)
Information: Changed wire load model for 'DW01_cmp6_width7' from '(none)' to 'Small'. (OPT-170)
Information: Changed wire load model for '*NE_UNS_OP_7_7_1' from '(none)' to 'Small'. (OPT-170)
Information: Changed wire load model for 'DW01_cmp6_width7' from '(none)' to 'Small'. (OPT-170)
Information: Changed wire load model for '*NE_UNS_OP_7_7_1' from '(none)' to 'Small'. (OPT-170)
Information: Changed wire load model for 'DW01_cmp6_width7' from '(none)' to 'Small'. (OPT-170)
Information: Changed wire load model for '*NE_UNS_OP_7_7_1' from '(none)' to 'Small'. (OPT-170)
Information: Changed wire load model for 'DW01_cmp2_width7' from '(none)' to 'Small'. (OPT-170)
Information: Changed wire load model for '*GEQ_UNS_OP_7_7_1' from '(none)' to 'Small'. (OPT-170)
Information: Changed wire load model for 'DW01_cmp2_width7' from '(none)' to 'Small'. (OPT-170)
Information: Changed wire load model for '*LEQ_UNS_OP_7_7_1' from '(none)' to 'Small'. (OPT-170)
Information: Changed wire load model for 'DW01_cmp2_width7' from '(none)' to 'Small'. (OPT-170)
Information: Changed wire load model for '*GEQ_UNS_OP_7_7_1' from '(none)' to 'Small'. (OPT-170)
Information: Changed wire load model for 'DW01_cmp2_width7' from '(none)' to 'Small'. (OPT-170)
Information: Changed wire load model for '*LEQ_UNS_OP_7_7_1' from '(none)' to 'Small'. (OPT-170)
Information: Changed wire load model for 'DW01_cmp2_width7' from '(none)' to 'Small'. (OPT-170)
Information: Changed wire load model for '*GEQ_UNS_OP_7_7_1' from '(none)' to 'Small'. (OPT-170)
Information: Changed wire load model for 'DW01_cmp2_width7' from '(none)' to 'Small'. (OPT-170)
Information: Changed wire load model for '*LEQ_UNS_OP_7_7_1' from '(none)' to 'Small'. (OPT-170)
Information: Changed wire load model for 'DW01_cmp2_width7' from '(none)' to 'Small'. (OPT-170)
Information: Changed wire load model for '*GEQ_UNS_OP_7_7_1' from '(none)' to 'Small'. (OPT-170)
Information: Changed wire load model for 'DW01_cmp2_width7' from '(none)' to 'Small'. (OPT-170)
Information: Changed wire load model for '*LEQ_UNS_OP_7_7_1' from '(none)' to 'Small'. (OPT-170)
Information: Changed wire load model for 'DW01_cmp6_width7' from '(none)' to 'Small'. (OPT-170)
Information: Changed wire load model for '*NE_UNS_OP_7_7_1' from '(none)' to 'Small'. (OPT-170)
Information: Changed wire load model for 'DW01_cmp6_width7' from '(none)' to 'Small'. (OPT-170)
Information: Changed wire load model for '*NE_UNS_OP_7_7_1' from '(none)' to 'Small'. (OPT-170)
Information: Changed wire load model for 'DW01_cmp6_width7' from '(none)' to 'Small'. (OPT-170)
Information: Changed wire load model for '*NE_UNS_OP_7_7_1' from '(none)' to 'Small'. (OPT-170)
Information: Changed wire load model for 'DW01_cmp6_width7' from '(none)' to 'Small'. (OPT-170)
Information: Changed wire load model for '*NE_UNS_OP_7_7_1' from '(none)' to 'Small'. (OPT-170)
Information: Changed wire load model for 'DW01_cmp2_width7' from '(none)' to 'Small'. (OPT-170)
Information: Changed wire load model for '*GEQ_UNS_OP_7_7_1' from '(none)' to 'Small'. (OPT-170)
Information: Changed wire load model for 'DW01_cmp2_width7' from '(none)' to 'Small'. (OPT-170)
Information: Changed wire load model for '*LEQ_UNS_OP_7_7_1' from '(none)' to 'Small'. (OPT-170)
Information: Changed wire load model for 'DW01_cmp2_width7' from '(none)' to 'Small'. (OPT-170)
Information: Changed wire load model for '*GEQ_UNS_OP_7_7_1' from '(none)' to 'Small'. (OPT-170)
Information: Changed wire load model for 'DW01_cmp2_width7' from '(none)' to 'Small'. (OPT-170)
Information: Changed wire load model for '*LEQ_UNS_OP_7_7_1' from '(none)' to 'Small'. (OPT-170)
Information: Changed wire load model for 'DW01_cmp2_width7' from '(none)' to 'Small'. (OPT-170)
Information: Changed wire load model for '*GEQ_UNS_OP_7_7_1' from '(none)' to 'Small'. (OPT-170)
Information: Changed wire load model for 'DW01_cmp2_width7' from '(none)' to 'Small'. (OPT-170)
Information: Changed wire load model for '*LEQ_UNS_OP_7_7_1' from '(none)' to 'Small'. (OPT-170)
Information: Changed wire load model for 'DW01_cmp2_width7' from '(none)' to 'Small'. (OPT-170)
Information: Changed wire load model for '*GEQ_UNS_OP_7_7_1' from '(none)' to 'Small'. (OPT-170)
Information: Changed wire load model for 'DW01_cmp2_width7' from '(none)' to 'Small'. (OPT-170)
Information: Changed wire load model for '*LEQ_UNS_OP_7_7_1' from '(none)' to 'Small'. (OPT-170)
Information: Changed wire load model for 'DW01_cmp6_width7' from '(none)' to 'Small'. (OPT-170)
Information: Changed wire load model for '*NE_UNS_OP_7_7_1' from '(none)' to 'Small'. (OPT-170)
Information: Changed wire load model for 'DW01_cmp6_width7' from '(none)' to 'Small'. (OPT-170)
Information: Changed wire load model for '*NE_UNS_OP_7_7_1' from '(none)' to 'Small'. (OPT-170)
Information: Changed wire load model for 'DW01_cmp6_width7' from '(none)' to 'Small'. (OPT-170)
Information: Changed wire load model for '*NE_UNS_OP_7_7_1' from '(none)' to 'Small'. (OPT-170)
Information: Changed wire load model for 'DW01_cmp6_width7' from '(none)' to 'Small'. (OPT-170)
Information: Changed wire load model for '*NE_UNS_OP_7_7_1' from '(none)' to 'Small'. (OPT-170)
Information: Changed wire load model for 'DW01_cmp2_width7' from '(none)' to 'Small'. (OPT-170)
Information: Changed wire load model for '*GEQ_UNS_OP_7_7_1' from '(none)' to 'Small'. (OPT-170)
Information: Changed wire load model for 'DW01_cmp2_width7' from '(none)' to 'Small'. (OPT-170)
Information: Changed wire load model for '*LEQ_UNS_OP_7_7_1' from '(none)' to 'Small'. (OPT-170)
Information: Changed wire load model for 'DW01_cmp2_width7' from '(none)' to 'Small'. (OPT-170)
Information: Changed wire load model for '*GEQ_UNS_OP_7_7_1' from '(none)' to 'Small'. (OPT-170)
Information: Changed wire load model for 'DW01_cmp2_width7' from '(none)' to 'Small'. (OPT-170)
Information: Changed wire load model for '*LEQ_UNS_OP_7_7_1' from '(none)' to 'Small'. (OPT-170)
Information: Changed wire load model for 'DW01_cmp2_width7' from '(none)' to 'Small'. (OPT-170)
Information: Changed wire load model for '*GEQ_UNS_OP_7_7_1' from '(none)' to 'Small'. (OPT-170)
Information: Changed wire load model for 'DW01_cmp2_width7' from '(none)' to 'Small'. (OPT-170)
Information: Changed wire load model for '*LEQ_UNS_OP_7_7_1' from '(none)' to 'Small'. (OPT-170)
Information: Changed wire load model for 'DW01_cmp2_width7' from '(none)' to 'Small'. (OPT-170)
Information: Changed wire load model for '*GEQ_UNS_OP_7_7_1' from '(none)' to 'Small'. (OPT-170)
Information: Changed wire load model for 'DW01_cmp2_width7' from '(none)' to 'Small'. (OPT-170)
Information: Changed wire load model for '*LEQ_UNS_OP_7_7_1' from '(none)' to 'Small'. (OPT-170)
Information: Changed wire load model for 'DW01_cmp6_width7' from '(none)' to 'Small'. (OPT-170)
Information: Changed wire load model for '*NE_UNS_OP_7_7_1' from '(none)' to 'Small'. (OPT-170)
Information: Changed wire load model for 'DW01_cmp6_width7' from '(none)' to 'Small'. (OPT-170)
Information: Changed wire load model for '*NE_UNS_OP_7_7_1' from '(none)' to 'Small'. (OPT-170)
Information: Changed wire load model for 'DW01_cmp6_width7' from '(none)' to 'Small'. (OPT-170)
Information: Changed wire load model for '*NE_UNS_OP_7_7_1' from '(none)' to 'Small'. (OPT-170)
Information: Changed wire load model for 'DW01_cmp6_width7' from '(none)' to 'Small'. (OPT-170)
Information: Changed wire load model for '*NE_UNS_OP_7_7_1' from '(none)' to 'Small'. (OPT-170)
Information: Changed wire load model for 'DW01_cmp2_width7' from '(none)' to 'Small'. (OPT-170)
Information: Changed wire load model for '*GEQ_UNS_OP_7_7_1' from '(none)' to 'Small'. (OPT-170)
Information: Changed wire load model for 'DW01_cmp2_width7' from '(none)' to 'Small'. (OPT-170)
Information: Changed wire load model for '*LEQ_UNS_OP_7_7_1' from '(none)' to 'Small'. (OPT-170)
Information: Changed wire load model for 'DW01_cmp2_width7' from '(none)' to 'Small'. (OPT-170)
Information: Changed wire load model for '*GEQ_UNS_OP_7_7_1' from '(none)' to 'Small'. (OPT-170)
Information: Changed wire load model for 'DW01_cmp2_width7' from '(none)' to 'Small'. (OPT-170)
Information: Changed wire load model for '*LEQ_UNS_OP_7_7_1' from '(none)' to 'Small'. (OPT-170)
Information: Changed wire load model for 'DW01_cmp2_width7' from '(none)' to 'Small'. (OPT-170)
Information: Changed wire load model for '*GEQ_UNS_OP_7_7_1' from '(none)' to 'Small'. (OPT-170)
Information: Changed wire load model for 'DW01_cmp2_width7' from '(none)' to 'Small'. (OPT-170)
Information: Changed wire load model for '*LEQ_UNS_OP_7_7_1' from '(none)' to 'Small'. (OPT-170)
Information: Changed wire load model for 'DW01_cmp2_width7' from '(none)' to 'Small'. (OPT-170)
Information: Changed wire load model for '*GEQ_UNS_OP_7_7_1' from '(none)' to 'Small'. (OPT-170)
Information: Changed wire load model for 'DW01_cmp2_width7' from '(none)' to 'Small'. (OPT-170)
Information: Changed wire load model for '*LEQ_UNS_OP_7_7_1' from '(none)' to 'Small'. (OPT-170)
Information: Changed wire load model for 'DW01_cmp6_width7' from '(none)' to 'Small'. (OPT-170)
Information: Changed wire load model for '*NE_UNS_OP_7_7_1' from '(none)' to 'Small'. (OPT-170)
Information: Changed wire load model for 'DW01_cmp6_width7' from '(none)' to 'Small'. (OPT-170)
Information: Changed wire load model for '*NE_UNS_OP_7_7_1' from '(none)' to 'Small'. (OPT-170)
Information: Changed wire load model for 'DW01_cmp6_width7' from '(none)' to 'Small'. (OPT-170)
Information: Changed wire load model for '*NE_UNS_OP_7_7_1' from '(none)' to 'Small'. (OPT-170)
Information: Changed wire load model for 'DW01_cmp6_width7' from '(none)' to 'Small'. (OPT-170)
Information: Changed wire load model for '*NE_UNS_OP_7_7_1' from '(none)' to 'Small'. (OPT-170)
Information: Changed wire load model for 'DW01_cmp2_width7' from '(none)' to 'Small'. (OPT-170)
Information: Changed wire load model for '*GEQ_UNS_OP_7_7_1' from '(none)' to 'Small'. (OPT-170)
Information: Changed wire load model for 'DW01_cmp2_width7' from '(none)' to 'Small'. (OPT-170)
Information: Changed wire load model for '*LEQ_UNS_OP_7_7_1' from '(none)' to 'Small'. (OPT-170)
Information: Changed wire load model for 'DW01_cmp2_width7' from '(none)' to 'Small'. (OPT-170)
Information: Changed wire load model for '*GEQ_UNS_OP_7_7_1' from '(none)' to 'Small'. (OPT-170)
Information: Changed wire load model for 'DW01_cmp2_width7' from '(none)' to 'Small'. (OPT-170)
Information: Changed wire load model for '*LEQ_UNS_OP_7_7_1' from '(none)' to 'Small'. (OPT-170)
Information: Changed wire load model for 'DW01_cmp2_width7' from '(none)' to 'Small'. (OPT-170)
Information: Changed wire load model for '*GEQ_UNS_OP_7_7_1' from '(none)' to 'Small'. (OPT-170)
Information: Changed wire load model for 'DW01_cmp2_width7' from '(none)' to 'Small'. (OPT-170)
Information: Changed wire load model for '*LEQ_UNS_OP_7_7_1' from '(none)' to 'Small'. (OPT-170)
Information: Changed wire load model for 'DW01_cmp2_width7' from '(none)' to 'Small'. (OPT-170)
Information: Changed wire load model for '*GEQ_UNS_OP_7_7_1' from '(none)' to 'Small'. (OPT-170)
Information: Changed wire load model for 'DW01_cmp2_width7' from '(none)' to 'Small'. (OPT-170)
Information: Changed wire load model for '*LEQ_UNS_OP_7_7_1' from '(none)' to 'Small'. (OPT-170)
Information: Changed wire load model for 'DW01_cmp6_width7' from '(none)' to 'Small'. (OPT-170)
Information: Changed wire load model for '*NE_UNS_OP_7_7_1' from '(none)' to 'Small'. (OPT-170)
Information: Changed wire load model for 'DW01_cmp6_width7' from '(none)' to 'Small'. (OPT-170)
Information: Changed wire load model for '*NE_UNS_OP_7_7_1' from '(none)' to 'Small'. (OPT-170)
Information: Changed wire load model for 'DW01_cmp6_width7' from '(none)' to 'Small'. (OPT-170)
Information: Changed wire load model for '*NE_UNS_OP_7_7_1' from '(none)' to 'Small'. (OPT-170)
Information: Changed wire load model for 'DW01_cmp6_width7' from '(none)' to 'Small'. (OPT-170)
Information: Changed wire load model for '*NE_UNS_OP_7_7_1' from '(none)' to 'Small'. (OPT-170)
Information: Changed wire load model for 'DW01_cmp2_width7' from '(none)' to 'Small'. (OPT-170)
Information: Changed wire load model for '*GEQ_UNS_OP_7_7_1' from '(none)' to 'Small'. (OPT-170)
Information: Changed wire load model for 'DW01_cmp2_width7' from '(none)' to 'Small'. (OPT-170)
Information: Changed wire load model for '*LEQ_UNS_OP_7_7_1' from '(none)' to 'Small'. (OPT-170)
Information: Changed wire load model for 'DW01_cmp2_width7' from '(none)' to 'Small'. (OPT-170)
Information: Changed wire load model for '*GEQ_UNS_OP_7_7_1' from '(none)' to 'Small'. (OPT-170)
Information: Changed wire load model for 'DW01_cmp2_width7' from '(none)' to 'Small'. (OPT-170)
Information: Changed wire load model for '*LEQ_UNS_OP_7_7_1' from '(none)' to 'Small'. (OPT-170)
Information: Changed wire load model for 'DW01_cmp2_width7' from '(none)' to 'Small'. (OPT-170)
Information: Changed wire load model for '*GEQ_UNS_OP_7_7_1' from '(none)' to 'Small'. (OPT-170)
Information: Changed wire load model for 'DW01_cmp2_width7' from '(none)' to 'Small'. (OPT-170)
Information: Changed wire load model for '*LEQ_UNS_OP_7_7_1' from '(none)' to 'Small'. (OPT-170)
Information: Changed wire load model for 'DW01_cmp2_width7' from '(none)' to 'Small'. (OPT-170)
Information: Changed wire load model for '*GEQ_UNS_OP_7_7_1' from '(none)' to 'Small'. (OPT-170)
Information: Changed wire load model for 'DW01_cmp2_width7' from '(none)' to 'Small'. (OPT-170)
Information: Changed wire load model for '*LEQ_UNS_OP_7_7_1' from '(none)' to 'Small'. (OPT-170)
Information: Changed wire load model for 'DW01_cmp6_width7' from '(none)' to 'Small'. (OPT-170)
Information: Changed wire load model for '*NE_UNS_OP_7_7_1' from '(none)' to 'Small'. (OPT-170)
Information: Changed wire load model for 'DW01_cmp6_width7' from '(none)' to 'Small'. (OPT-170)
Information: Changed wire load model for '*NE_UNS_OP_7_7_1' from '(none)' to 'Small'. (OPT-170)
Information: Changed wire load model for 'DW01_cmp6_width7' from '(none)' to 'Small'. (OPT-170)
Information: Changed wire load model for '*NE_UNS_OP_7_7_1' from '(none)' to 'Small'. (OPT-170)
Information: Changed wire load model for 'DW01_cmp6_width7' from '(none)' to 'Small'. (OPT-170)
Information: Changed wire load model for '*NE_UNS_OP_7_7_1' from '(none)' to 'Small'. (OPT-170)
Information: Changed wire load model for 'DW01_cmp2_width7' from '(none)' to 'Small'. (OPT-170)
Information: Changed wire load model for '*GEQ_UNS_OP_7_7_1' from '(none)' to 'Small'. (OPT-170)
Information: Changed wire load model for 'DW01_cmp2_width7' from '(none)' to 'Small'. (OPT-170)
Information: Changed wire load model for '*LEQ_UNS_OP_7_7_1' from '(none)' to 'Small'. (OPT-170)
Information: Changed wire load model for 'DW01_cmp2_width7' from '(none)' to 'Small'. (OPT-170)
Information: Changed wire load model for '*GEQ_UNS_OP_7_7_1' from '(none)' to 'Small'. (OPT-170)
Information: Changed wire load model for 'DW01_cmp2_width7' from '(none)' to 'Small'. (OPT-170)
Information: Changed wire load model for '*LEQ_UNS_OP_7_7_1' from '(none)' to 'Small'. (OPT-170)
Information: Changed wire load model for 'DW01_cmp2_width7' from '(none)' to 'Small'. (OPT-170)
Information: Changed wire load model for '*GEQ_UNS_OP_7_7_1' from '(none)' to 'Small'. (OPT-170)
Information: Changed wire load model for 'DW01_cmp2_width7' from '(none)' to 'Small'. (OPT-170)
Information: Changed wire load model for '*LEQ_UNS_OP_7_7_1' from '(none)' to 'Small'. (OPT-170)
Information: Changed wire load model for 'DW01_cmp2_width7' from '(none)' to 'Small'. (OPT-170)
Information: Changed wire load model for '*GEQ_UNS_OP_7_7_1' from '(none)' to 'Small'. (OPT-170)
Information: Changed wire load model for 'DW01_cmp2_width7' from '(none)' to 'Small'. (OPT-170)
Information: Changed wire load model for '*LEQ_UNS_OP_7_7_1' from '(none)' to 'Small'. (OPT-170)
Information: Changed wire load model for 'DW01_cmp6_width7' from '(none)' to 'Small'. (OPT-170)
Information: Changed wire load model for '*NE_UNS_OP_7_7_1' from '(none)' to 'Small'. (OPT-170)
Information: Changed wire load model for 'DW01_cmp6_width7' from '(none)' to 'Small'. (OPT-170)
Information: Changed wire load model for '*NE_UNS_OP_7_7_1' from '(none)' to 'Small'. (OPT-170)
Information: Changed wire load model for 'DW01_cmp6_width7' from '(none)' to 'Small'. (OPT-170)
Information: Changed wire load model for '*NE_UNS_OP_7_7_1' from '(none)' to 'Small'. (OPT-170)
Information: Changed wire load model for 'DW01_cmp6_width7' from '(none)' to 'Small'. (OPT-170)
Information: Changed wire load model for '*NE_UNS_OP_7_7_1' from '(none)' to 'Small'. (OPT-170)
Information: Changed wire load model for 'DW01_cmp2_width7' from '(none)' to 'Small'. (OPT-170)
Information: Changed wire load model for '*GEQ_UNS_OP_7_7_1' from '(none)' to 'Small'. (OPT-170)
Information: Changed wire load model for 'DW01_cmp2_width7' from '(none)' to 'Small'. (OPT-170)
Information: Changed wire load model for '*LEQ_UNS_OP_7_7_1' from '(none)' to 'Small'. (OPT-170)
Information: Changed wire load model for 'DW01_cmp2_width7' from '(none)' to 'Small'. (OPT-170)
Information: Changed wire load model for '*GEQ_UNS_OP_7_7_1' from '(none)' to 'Small'. (OPT-170)
Information: Changed wire load model for 'DW01_cmp2_width7' from '(none)' to 'Small'. (OPT-170)
Information: Changed wire load model for '*LEQ_UNS_OP_7_7_1' from '(none)' to 'Small'. (OPT-170)
Information: Changed wire load model for 'DW01_cmp2_width7' from '(none)' to 'Small'. (OPT-170)
Information: Changed wire load model for '*GEQ_UNS_OP_7_7_1' from '(none)' to 'Small'. (OPT-170)
Information: Changed wire load model for 'DW01_cmp2_width7' from '(none)' to 'Small'. (OPT-170)
Information: Changed wire load model for '*LEQ_UNS_OP_7_7_1' from '(none)' to 'Small'. (OPT-170)
Information: Changed wire load model for 'DW01_cmp2_width7' from '(none)' to 'Small'. (OPT-170)
Information: Changed wire load model for '*GEQ_UNS_OP_7_7_1' from '(none)' to 'Small'. (OPT-170)
Information: Changed wire load model for 'DW01_cmp2_width7' from '(none)' to 'Small'. (OPT-170)
Information: Changed wire load model for '*LEQ_UNS_OP_7_7_1' from '(none)' to 'Small'. (OPT-170)
Information: Changed wire load model for 'DW01_cmp6_width7' from '(none)' to 'Small'. (OPT-170)
Information: Changed wire load model for '*NE_UNS_OP_7_7_1' from '(none)' to 'Small'. (OPT-170)
Information: Changed wire load model for 'DW01_cmp6_width7' from '(none)' to 'Small'. (OPT-170)
Information: Changed wire load model for '*NE_UNS_OP_7_7_1' from '(none)' to 'Small'. (OPT-170)
Information: Changed wire load model for 'DW01_cmp6_width7' from '(none)' to 'Small'. (OPT-170)
Information: Changed wire load model for '*NE_UNS_OP_7_7_1' from '(none)' to 'Small'. (OPT-170)
Information: Changed wire load model for 'DW01_cmp6_width7' from '(none)' to 'Small'. (OPT-170)
Information: Changed wire load model for '*NE_UNS_OP_7_7_1' from '(none)' to 'Small'. (OPT-170)
Information: Changed wire load model for 'DW01_cmp2_width7' from '(none)' to 'Small'. (OPT-170)
Information: Changed wire load model for '*GEQ_UNS_OP_7_7_1' from '(none)' to 'Small'. (OPT-170)
Information: Changed wire load model for 'DW01_cmp2_width7' from '(none)' to 'Small'. (OPT-170)
Information: Changed wire load model for '*LEQ_UNS_OP_7_7_1' from '(none)' to 'Small'. (OPT-170)
Information: Changed wire load model for 'DW01_cmp2_width7' from '(none)' to 'Small'. (OPT-170)
Information: Changed wire load model for '*GEQ_UNS_OP_7_7_1' from '(none)' to 'Small'. (OPT-170)
Information: Changed wire load model for 'DW01_cmp2_width7' from '(none)' to 'Small'. (OPT-170)
Information: Changed wire load model for '*LEQ_UNS_OP_7_7_1' from '(none)' to 'Small'. (OPT-170)
Information: Changed wire load model for 'DW01_cmp2_width7' from '(none)' to 'Small'. (OPT-170)
Information: Changed wire load model for '*GEQ_UNS_OP_7_7_1' from '(none)' to 'Small'. (OPT-170)
Information: Changed wire load model for 'DW01_cmp2_width7' from '(none)' to 'Small'. (OPT-170)
Information: Changed wire load model for '*LEQ_UNS_OP_7_7_1' from '(none)' to 'Small'. (OPT-170)
Information: Changed wire load model for 'DW01_cmp2_width7' from '(none)' to 'Small'. (OPT-170)
Information: Changed wire load model for '*GEQ_UNS_OP_7_7_1' from '(none)' to 'Small'. (OPT-170)
Information: Changed wire load model for 'DW01_cmp2_width7' from '(none)' to 'Small'. (OPT-170)
Information: Changed wire load model for '*LEQ_UNS_OP_7_7_1' from '(none)' to 'Small'. (OPT-170)
Information: Changed wire load model for 'DW01_cmp6_width7' from '(none)' to 'Small'. (OPT-170)
Information: Changed wire load model for '*NE_UNS_OP_7_7_1' from '(none)' to 'Small'. (OPT-170)
Information: Changed wire load model for 'DW01_cmp6_width7' from '(none)' to 'Small'. (OPT-170)
Information: Changed wire load model for '*NE_UNS_OP_7_7_1' from '(none)' to 'Small'. (OPT-170)
Information: Changed wire load model for 'DW01_cmp6_width7' from '(none)' to 'Small'. (OPT-170)
Information: Changed wire load model for '*NE_UNS_OP_7_7_1' from '(none)' to 'Small'. (OPT-170)
Information: Changed wire load model for 'DW01_cmp6_width7' from '(none)' to 'Small'. (OPT-170)
Information: Changed wire load model for '*NE_UNS_OP_7_7_1' from '(none)' to 'Small'. (OPT-170)
Information: Changed wire load model for 'DW01_cmp2_width7' from '(none)' to 'Small'. (OPT-170)
Information: Changed wire load model for '*GEQ_UNS_OP_7_7_1' from '(none)' to 'Small'. (OPT-170)
Information: Changed wire load model for 'DW01_cmp2_width7' from '(none)' to 'Small'. (OPT-170)
Information: Changed wire load model for '*LEQ_UNS_OP_7_7_1' from '(none)' to 'Small'. (OPT-170)
Information: Changed wire load model for 'DW01_cmp2_width7' from '(none)' to 'Small'. (OPT-170)
Information: Changed wire load model for '*GEQ_UNS_OP_7_7_1' from '(none)' to 'Small'. (OPT-170)
Information: Changed wire load model for 'DW01_cmp2_width7' from '(none)' to 'Small'. (OPT-170)
Information: Changed wire load model for '*LEQ_UNS_OP_7_7_1' from '(none)' to 'Small'. (OPT-170)
Information: Changed wire load model for 'DW01_cmp2_width7' from '(none)' to 'Small'. (OPT-170)
Information: Changed wire load model for '*GEQ_UNS_OP_7_7_1' from '(none)' to 'Small'. (OPT-170)
Information: Changed wire load model for 'DW01_cmp2_width7' from '(none)' to 'Small'. (OPT-170)
Information: Changed wire load model for '*LEQ_UNS_OP_7_7_1' from '(none)' to 'Small'. (OPT-170)
Information: Changed wire load model for 'DW01_cmp2_width7' from '(none)' to 'Small'. (OPT-170)
Information: Changed wire load model for '*GEQ_UNS_OP_7_7_1' from '(none)' to 'Small'. (OPT-170)
Information: Changed wire load model for 'DW01_cmp2_width7' from '(none)' to 'Small'. (OPT-170)
Information: Changed wire load model for '*LEQ_UNS_OP_7_7_1' from '(none)' to 'Small'. (OPT-170)
Information: Changed wire load model for 'DW01_cmp6_width7' from '(none)' to 'Small'. (OPT-170)
Information: Changed wire load model for '*NE_UNS_OP_7_7_1' from '(none)' to 'Small'. (OPT-170)
Information: Changed wire load model for 'DW01_cmp6_width7' from '(none)' to 'Small'. (OPT-170)
Information: Changed wire load model for '*NE_UNS_OP_7_7_1' from '(none)' to 'Small'. (OPT-170)
Information: Changed wire load model for 'DW01_cmp6_width7' from '(none)' to 'Small'. (OPT-170)
Information: Changed wire load model for '*NE_UNS_OP_7_7_1' from '(none)' to 'Small'. (OPT-170)
Information: Changed wire load model for 'DW01_cmp6_width7' from '(none)' to 'Small'. (OPT-170)
Information: Changed wire load model for '*NE_UNS_OP_7_7_1' from '(none)' to 'Small'. (OPT-170)
Information: Changed wire load model for 'DW01_cmp2_width7' from '(none)' to 'Small'. (OPT-170)
Information: Changed wire load model for '*GEQ_UNS_OP_7_7_1' from '(none)' to 'Small'. (OPT-170)
Information: Changed wire load model for 'DW01_cmp2_width7' from '(none)' to 'Small'. (OPT-170)
Information: Changed wire load model for '*LEQ_UNS_OP_7_7_1' from '(none)' to 'Small'. (OPT-170)
Information: Changed wire load model for 'DW01_cmp2_width7' from '(none)' to 'Small'. (OPT-170)
Information: Changed wire load model for '*GEQ_UNS_OP_7_7_1' from '(none)' to 'Small'. (OPT-170)
Information: Changed wire load model for 'DW01_cmp2_width7' from '(none)' to 'Small'. (OPT-170)
Information: Changed wire load model for '*LEQ_UNS_OP_7_7_1' from '(none)' to 'Small'. (OPT-170)
Information: Changed wire load model for 'DW01_cmp2_width7' from '(none)' to 'Small'. (OPT-170)
Information: Changed wire load model for '*GEQ_UNS_OP_7_7_1' from '(none)' to 'Small'. (OPT-170)
Information: Changed wire load model for 'DW01_cmp2_width7' from '(none)' to 'Small'. (OPT-170)
Information: Changed wire load model for '*LEQ_UNS_OP_7_7_1' from '(none)' to 'Small'. (OPT-170)
Information: Changed wire load model for 'DW01_cmp2_width7' from '(none)' to 'Small'. (OPT-170)
Information: Changed wire load model for '*GEQ_UNS_OP_7_7_1' from '(none)' to 'Small'. (OPT-170)
Information: Changed wire load model for 'DW01_cmp2_width7' from '(none)' to 'Small'. (OPT-170)
Information: Changed wire load model for '*LEQ_UNS_OP_7_7_1' from '(none)' to 'Small'. (OPT-170)
Information: Changed wire load model for 'DW01_cmp6_width7' from '(none)' to 'Small'. (OPT-170)
Information: Changed wire load model for '*NE_UNS_OP_7_7_1' from '(none)' to 'Small'. (OPT-170)
Information: Changed wire load model for 'DW01_cmp6_width7' from '(none)' to 'Small'. (OPT-170)
Information: Changed wire load model for '*NE_UNS_OP_7_7_1' from '(none)' to 'Small'. (OPT-170)
Information: Changed wire load model for 'DW01_cmp6_width7' from '(none)' to 'Small'. (OPT-170)
Information: Changed wire load model for '*NE_UNS_OP_7_7_1' from '(none)' to 'Small'. (OPT-170)
Information: Changed wire load model for 'DW01_cmp6_width7' from '(none)' to 'Small'. (OPT-170)
Information: Changed wire load model for '*NE_UNS_OP_7_7_1' from '(none)' to 'Small'. (OPT-170)
Information: Changed wire load model for 'DW01_cmp2_width7' from '(none)' to 'Small'. (OPT-170)
Information: Changed wire load model for '*GEQ_UNS_OP_7_7_1' from '(none)' to 'Small'. (OPT-170)
Information: Changed wire load model for 'DW01_cmp2_width7' from '(none)' to 'Small'. (OPT-170)
Information: Changed wire load model for '*LEQ_UNS_OP_7_7_1' from '(none)' to 'Small'. (OPT-170)
Information: Changed wire load model for 'DW01_cmp2_width7' from '(none)' to 'Small'. (OPT-170)
Information: Changed wire load model for '*GEQ_UNS_OP_7_7_1' from '(none)' to 'Small'. (OPT-170)
Information: Changed wire load model for 'DW01_cmp2_width7' from '(none)' to 'Small'. (OPT-170)
Information: Changed wire load model for '*LEQ_UNS_OP_7_7_1' from '(none)' to 'Small'. (OPT-170)
Information: Changed wire load model for 'DW01_cmp2_width7' from '(none)' to 'Small'. (OPT-170)
Information: Changed wire load model for '*GEQ_UNS_OP_7_7_1' from '(none)' to 'Small'. (OPT-170)
Information: Changed wire load model for 'DW01_cmp2_width7' from '(none)' to 'Small'. (OPT-170)
Information: Changed wire load model for '*LEQ_UNS_OP_7_7_1' from '(none)' to 'Small'. (OPT-170)
Information: Changed wire load model for 'DW01_cmp2_width7' from '(none)' to 'Small'. (OPT-170)
Information: Changed wire load model for '*GEQ_UNS_OP_7_7_1' from '(none)' to 'Small'. (OPT-170)
Information: Changed wire load model for 'DW01_cmp2_width7' from '(none)' to 'Small'. (OPT-170)
Information: Changed wire load model for '*LEQ_UNS_OP_7_7_1' from '(none)' to 'Small'. (OPT-170)
Information: Changed wire load model for 'DW01_cmp6_width7' from '(none)' to 'Small'. (OPT-170)
Information: Changed wire load model for '*NE_UNS_OP_7_7_1' from '(none)' to 'Small'. (OPT-170)
Information: Changed wire load model for 'DW01_cmp6_width7' from '(none)' to 'Small'. (OPT-170)
Information: Changed wire load model for '*NE_UNS_OP_7_7_1' from '(none)' to 'Small'. (OPT-170)
Information: Changed wire load model for 'DW01_cmp6_width7' from '(none)' to 'Small'. (OPT-170)
Information: Changed wire load model for '*NE_UNS_OP_7_7_1' from '(none)' to 'Small'. (OPT-170)
Information: Changed wire load model for 'DW01_cmp6_width7' from '(none)' to 'Small'. (OPT-170)
Information: Changed wire load model for '*NE_UNS_OP_7_7_1' from '(none)' to 'Small'. (OPT-170)
Information: Changed wire load model for 'DW01_cmp2_width7' from '(none)' to 'Small'. (OPT-170)
Information: Changed wire load model for '*GEQ_UNS_OP_7_7_1' from '(none)' to 'Small'. (OPT-170)
Information: Changed wire load model for 'DW01_cmp2_width7' from '(none)' to 'Small'. (OPT-170)
Information: Changed wire load model for '*LEQ_UNS_OP_7_7_1' from '(none)' to 'Small'. (OPT-170)
Information: Changed wire load model for 'DW01_cmp2_width7' from '(none)' to 'Small'. (OPT-170)
Information: Changed wire load model for '*GEQ_UNS_OP_7_7_1' from '(none)' to 'Small'. (OPT-170)
Information: Changed wire load model for 'DW01_cmp2_width7' from '(none)' to 'Small'. (OPT-170)
Information: Changed wire load model for '*LEQ_UNS_OP_7_7_1' from '(none)' to 'Small'. (OPT-170)
Information: Changed wire load model for 'DW01_cmp2_width7' from '(none)' to 'Small'. (OPT-170)
Information: Changed wire load model for '*GEQ_UNS_OP_7_7_1' from '(none)' to 'Small'. (OPT-170)
Information: Changed wire load model for 'DW01_cmp2_width7' from '(none)' to 'Small'. (OPT-170)
Information: Changed wire load model for '*LEQ_UNS_OP_7_7_1' from '(none)' to 'Small'. (OPT-170)
Information: Changed wire load model for 'DW01_cmp2_width7' from '(none)' to 'Small'. (OPT-170)
Information: Changed wire load model for '*GEQ_UNS_OP_7_7_1' from '(none)' to 'Small'. (OPT-170)
Information: Changed wire load model for 'DW01_cmp2_width7' from '(none)' to 'Small'. (OPT-170)
Information: Changed wire load model for '*LEQ_UNS_OP_7_7_1' from '(none)' to 'Small'. (OPT-170)
Information: Changed wire load model for 'DW01_cmp6_width7' from '(none)' to 'Small'. (OPT-170)
Information: Changed wire load model for '*NE_UNS_OP_7_7_1' from '(none)' to 'Small'. (OPT-170)
Information: Changed wire load model for 'DW01_cmp6_width7' from '(none)' to 'Small'. (OPT-170)
Information: Changed wire load model for '*NE_UNS_OP_7_7_1' from '(none)' to 'Small'. (OPT-170)
Information: Changed wire load model for 'DW01_cmp6_width7' from '(none)' to 'Small'. (OPT-170)
Information: Changed wire load model for '*NE_UNS_OP_7_7_1' from '(none)' to 'Small'. (OPT-170)
Information: Changed wire load model for 'DW01_cmp6_width7' from '(none)' to 'Small'. (OPT-170)
Information: Changed wire load model for '*NE_UNS_OP_7_7_1' from '(none)' to 'Small'. (OPT-170)
Information: Changed wire load model for 'DW01_cmp2_width7' from '(none)' to 'Small'. (OPT-170)
Information: Changed wire load model for '*GEQ_UNS_OP_7_7_1' from '(none)' to 'Small'. (OPT-170)
Information: Changed wire load model for 'DW01_cmp2_width7' from '(none)' to 'Small'. (OPT-170)
Information: Changed wire load model for '*LEQ_UNS_OP_7_7_1' from '(none)' to 'Small'. (OPT-170)
Information: Changed wire load model for 'DW01_cmp2_width7' from '(none)' to 'Small'. (OPT-170)
Information: Changed wire load model for '*GEQ_UNS_OP_7_7_1' from '(none)' to 'Small'. (OPT-170)
Information: Changed wire load model for 'DW01_cmp2_width7' from '(none)' to 'Small'. (OPT-170)
Information: Changed wire load model for '*LEQ_UNS_OP_7_7_1' from '(none)' to 'Small'. (OPT-170)
Information: Changed wire load model for 'DW01_cmp2_width7' from '(none)' to 'Small'. (OPT-170)
Information: Changed wire load model for '*GEQ_UNS_OP_7_7_1' from '(none)' to 'Small'. (OPT-170)
Information: Changed wire load model for 'DW01_cmp2_width7' from '(none)' to 'Small'. (OPT-170)
Information: Changed wire load model for '*LEQ_UNS_OP_7_7_1' from '(none)' to 'Small'. (OPT-170)
Information: Changed wire load model for 'DW01_cmp2_width7' from '(none)' to 'Small'. (OPT-170)
Information: Changed wire load model for '*GEQ_UNS_OP_7_7_1' from '(none)' to 'Small'. (OPT-170)
Information: Changed wire load model for 'DW01_cmp2_width7' from '(none)' to 'Small'. (OPT-170)
Information: Changed wire load model for '*LEQ_UNS_OP_7_7_1' from '(none)' to 'Small'. (OPT-170)
Information: Changed wire load model for 'DW01_cmp6_width7' from '(none)' to 'Small'. (OPT-170)
Information: Changed wire load model for '*NE_UNS_OP_7_7_1' from '(none)' to 'Small'. (OPT-170)
Information: Changed wire load model for 'DW01_cmp6_width7' from '(none)' to 'Small'. (OPT-170)
Information: Changed wire load model for '*NE_UNS_OP_7_7_1' from '(none)' to 'Small'. (OPT-170)
Information: Changed wire load model for 'DW01_cmp6_width7' from '(none)' to 'Small'. (OPT-170)
Information: Changed wire load model for '*NE_UNS_OP_7_7_1' from '(none)' to 'Small'. (OPT-170)
Information: Changed wire load model for 'DW01_cmp6_width7' from '(none)' to 'Small'. (OPT-170)
Information: Changed wire load model for '*NE_UNS_OP_7_7_1' from '(none)' to 'Small'. (OPT-170)
Information: Changed wire load model for 'DW01_cmp2_width7' from '(none)' to 'Small'. (OPT-170)
Information: Changed wire load model for '*GEQ_UNS_OP_7_7_1' from '(none)' to 'Small'. (OPT-170)
Information: Changed wire load model for 'DW01_cmp2_width7' from '(none)' to 'Small'. (OPT-170)
Information: Changed wire load model for '*LEQ_UNS_OP_7_7_1' from '(none)' to 'Small'. (OPT-170)
Information: Changed wire load model for 'DW01_cmp2_width7' from '(none)' to 'Small'. (OPT-170)
Information: Changed wire load model for '*GEQ_UNS_OP_7_7_1' from '(none)' to 'Small'. (OPT-170)
Information: Changed wire load model for 'DW01_cmp2_width7' from '(none)' to 'Small'. (OPT-170)
Information: Changed wire load model for '*LEQ_UNS_OP_7_7_1' from '(none)' to 'Small'. (OPT-170)
Information: Changed wire load model for 'DW01_cmp2_width7' from '(none)' to 'Small'. (OPT-170)
Information: Changed wire load model for '*GEQ_UNS_OP_7_7_1' from '(none)' to 'Small'. (OPT-170)
Information: Changed wire load model for 'DW01_cmp2_width7' from '(none)' to 'Small'. (OPT-170)
Information: Changed wire load model for '*LEQ_UNS_OP_7_7_1' from '(none)' to 'Small'. (OPT-170)
Information: Changed wire load model for 'DW01_cmp2_width7' from '(none)' to 'Small'. (OPT-170)
Information: Changed wire load model for '*GEQ_UNS_OP_7_7_1' from '(none)' to 'Small'. (OPT-170)
Information: Changed wire load model for 'DW01_cmp2_width7' from '(none)' to 'Small'. (OPT-170)
Information: Changed wire load model for '*LEQ_UNS_OP_7_7_1' from '(none)' to 'Small'. (OPT-170)
Information: Changed wire load model for 'DW01_cmp6_width7' from '(none)' to 'Small'. (OPT-170)
Information: Changed wire load model for '*NE_UNS_OP_7_7_1' from '(none)' to 'Small'. (OPT-170)
Information: Changed wire load model for 'DW01_cmp6_width7' from '(none)' to 'Small'. (OPT-170)
Information: Changed wire load model for '*NE_UNS_OP_7_7_1' from '(none)' to 'Small'. (OPT-170)
Information: Changed wire load model for 'DW01_cmp6_width7' from '(none)' to 'Small'. (OPT-170)
Information: Changed wire load model for '*NE_UNS_OP_7_7_1' from '(none)' to 'Small'. (OPT-170)
Information: Changed wire load model for 'DW01_cmp6_width7' from '(none)' to 'Small'. (OPT-170)
Information: Changed wire load model for '*NE_UNS_OP_7_7_1' from '(none)' to 'Small'. (OPT-170)
Information: Changed wire load model for 'DW01_cmp2_width7' from '(none)' to 'Small'. (OPT-170)
Information: Changed wire load model for '*GEQ_UNS_OP_7_7_1' from '(none)' to 'Small'. (OPT-170)
Information: Changed wire load model for 'DW01_cmp2_width7' from '(none)' to 'Small'. (OPT-170)
Information: Changed wire load model for '*LEQ_UNS_OP_7_7_1' from '(none)' to 'Small'. (OPT-170)
Information: Changed wire load model for 'DW01_cmp2_width7' from '(none)' to 'Small'. (OPT-170)
Information: Changed wire load model for '*GEQ_UNS_OP_7_7_1' from '(none)' to 'Small'. (OPT-170)
Information: Changed wire load model for 'DW01_cmp2_width7' from '(none)' to 'Small'. (OPT-170)
Information: Changed wire load model for '*LEQ_UNS_OP_7_7_1' from '(none)' to 'Small'. (OPT-170)
Information: Changed wire load model for 'DW01_cmp2_width7' from '(none)' to 'Small'. (OPT-170)
Information: Changed wire load model for '*GEQ_UNS_OP_7_7_1' from '(none)' to 'Small'. (OPT-170)
Information: Changed wire load model for 'DW01_cmp2_width7' from '(none)' to 'Small'. (OPT-170)
Information: Changed wire load model for '*LEQ_UNS_OP_7_7_1' from '(none)' to 'Small'. (OPT-170)
Information: Changed wire load model for 'DW01_cmp2_width7' from '(none)' to 'Small'. (OPT-170)
Information: Changed wire load model for '*GEQ_UNS_OP_7_7_1' from '(none)' to 'Small'. (OPT-170)
Information: Changed wire load model for 'DW01_cmp2_width7' from '(none)' to 'Small'. (OPT-170)
Information: Changed wire load model for '*LEQ_UNS_OP_7_7_1' from '(none)' to 'Small'. (OPT-170)
Information: Changed wire load model for 'DW01_cmp6_width7' from '(none)' to 'Small'. (OPT-170)
Information: Changed wire load model for '*NE_UNS_OP_7_7_1' from '(none)' to 'Small'. (OPT-170)
Information: Changed wire load model for 'DW01_cmp6_width7' from '(none)' to 'Small'. (OPT-170)
Information: Changed wire load model for '*NE_UNS_OP_7_7_1' from '(none)' to 'Small'. (OPT-170)
Information: Changed wire load model for 'DW01_cmp6_width7' from '(none)' to 'Small'. (OPT-170)
Information: Changed wire load model for '*NE_UNS_OP_7_7_1' from '(none)' to 'Small'. (OPT-170)
Information: Changed wire load model for 'DW01_cmp6_width7' from '(none)' to 'Small'. (OPT-170)
Information: Changed wire load model for '*NE_UNS_OP_7_7_1' from '(none)' to 'Small'. (OPT-170)
Information: Changed wire load model for 'DW01_cmp2_width7' from '(none)' to 'Small'. (OPT-170)
Information: Changed wire load model for '*GEQ_UNS_OP_7_7_1' from '(none)' to 'Small'. (OPT-170)
Information: Changed wire load model for 'DW01_cmp2_width7' from '(none)' to 'Small'. (OPT-170)
Information: Changed wire load model for '*LEQ_UNS_OP_7_7_1' from '(none)' to 'Small'. (OPT-170)
Information: Changed wire load model for 'DW01_cmp2_width7' from '(none)' to 'Small'. (OPT-170)
Information: Changed wire load model for '*GEQ_UNS_OP_7_7_1' from '(none)' to 'Small'. (OPT-170)
Information: Changed wire load model for 'DW01_cmp2_width7' from '(none)' to 'Small'. (OPT-170)
Information: Changed wire load model for '*LEQ_UNS_OP_7_7_1' from '(none)' to 'Small'. (OPT-170)
Information: Changed wire load model for 'DW01_cmp2_width7' from '(none)' to 'Small'. (OPT-170)
Information: Changed wire load model for '*GEQ_UNS_OP_7_7_1' from '(none)' to 'Small'. (OPT-170)
Information: Changed wire load model for 'DW01_cmp2_width7' from '(none)' to 'Small'. (OPT-170)
Information: Changed wire load model for '*LEQ_UNS_OP_7_7_1' from '(none)' to 'Small'. (OPT-170)
Information: Changed wire load model for 'DW01_cmp2_width7' from '(none)' to 'Small'. (OPT-170)
Information: Changed wire load model for '*GEQ_UNS_OP_7_7_1' from '(none)' to 'Small'. (OPT-170)
Information: Changed wire load model for 'DW01_cmp2_width7' from '(none)' to 'Small'. (OPT-170)
Information: Changed wire load model for '*LEQ_UNS_OP_7_7_1' from '(none)' to 'Small'. (OPT-170)
Information: Changed wire load model for 'DW01_cmp6_width7' from '(none)' to 'Small'. (OPT-170)
Information: Changed wire load model for '*NE_UNS_OP_7_7_1' from '(none)' to 'Small'. (OPT-170)
Information: Changed wire load model for 'DW01_cmp6_width7' from '(none)' to 'Small'. (OPT-170)
Information: Changed wire load model for '*NE_UNS_OP_7_7_1' from '(none)' to 'Small'. (OPT-170)
Information: Changed wire load model for 'DW01_cmp6_width7' from '(none)' to 'Small'. (OPT-170)
Information: Changed wire load model for '*NE_UNS_OP_7_7_1' from '(none)' to 'Small'. (OPT-170)
Information: Changed wire load model for 'DW01_cmp6_width7' from '(none)' to 'Small'. (OPT-170)
Information: Changed wire load model for '*NE_UNS_OP_7_7_1' from '(none)' to 'Small'. (OPT-170)
Information: Changed wire load model for 'DW01_cmp2_width7' from '(none)' to 'Small'. (OPT-170)
Information: Changed wire load model for '*GEQ_UNS_OP_7_7_1' from '(none)' to 'Small'. (OPT-170)
Information: Changed wire load model for 'DW01_cmp2_width7' from '(none)' to 'Small'. (OPT-170)
Information: Changed wire load model for '*LEQ_UNS_OP_7_7_1' from '(none)' to 'Small'. (OPT-170)
Information: Changed wire load model for 'DW01_cmp2_width7' from '(none)' to 'Small'. (OPT-170)
Information: Changed wire load model for '*GEQ_UNS_OP_7_7_1' from '(none)' to 'Small'. (OPT-170)
Information: Changed wire load model for 'DW01_cmp2_width7' from '(none)' to 'Small'. (OPT-170)
Information: Changed wire load model for '*LEQ_UNS_OP_7_7_1' from '(none)' to 'Small'. (OPT-170)
Information: Changed wire load model for 'DW01_cmp2_width7' from '(none)' to 'Small'. (OPT-170)
Information: Changed wire load model for '*GEQ_UNS_OP_7_7_1' from '(none)' to 'Small'. (OPT-170)
Information: Changed wire load model for 'DW01_cmp2_width7' from '(none)' to 'Small'. (OPT-170)
Information: Changed wire load model for '*LEQ_UNS_OP_7_7_1' from '(none)' to 'Small'. (OPT-170)
Information: Changed wire load model for 'DW01_cmp2_width7' from '(none)' to 'Small'. (OPT-170)
Information: Changed wire load model for '*GEQ_UNS_OP_7_7_1' from '(none)' to 'Small'. (OPT-170)
Information: Changed wire load model for 'DW01_cmp2_width7' from '(none)' to 'Small'. (OPT-170)
Information: Changed wire load model for '*LEQ_UNS_OP_7_7_1' from '(none)' to 'Small'. (OPT-170)
Information: Changed wire load model for 'DW01_cmp6_width7' from '(none)' to 'Small'. (OPT-170)
Information: Changed wire load model for '*NE_UNS_OP_7_7_1' from '(none)' to 'Small'. (OPT-170)
Information: Changed wire load model for 'DW01_cmp6_width7' from '(none)' to 'Small'. (OPT-170)
Information: Changed wire load model for '*NE_UNS_OP_7_7_1' from '(none)' to 'Small'. (OPT-170)
Information: Changed wire load model for 'DW01_cmp6_width7' from '(none)' to 'Small'. (OPT-170)
Information: Changed wire load model for '*NE_UNS_OP_7_7_1' from '(none)' to 'Small'. (OPT-170)
Information: Changed wire load model for 'DW01_cmp6_width7' from '(none)' to 'Small'. (OPT-170)
Information: Changed wire load model for '*NE_UNS_OP_7_7_1' from '(none)' to 'Small'. (OPT-170)
Information: Changed wire load model for 'DW01_cmp2_width7' from '(none)' to 'Small'. (OPT-170)
Information: Changed wire load model for '*GEQ_UNS_OP_7_7_1' from '(none)' to 'Small'. (OPT-170)
Information: Changed wire load model for 'DW01_cmp2_width7' from '(none)' to 'Small'. (OPT-170)
Information: Changed wire load model for '*LEQ_UNS_OP_7_7_1' from '(none)' to 'Small'. (OPT-170)
Information: Changed wire load model for 'DW01_cmp2_width7' from '(none)' to 'Small'. (OPT-170)
Information: Changed wire load model for '*GEQ_UNS_OP_7_7_1' from '(none)' to 'Small'. (OPT-170)
Information: Changed wire load model for 'DW01_cmp2_width7' from '(none)' to 'Small'. (OPT-170)
Information: Changed wire load model for '*LEQ_UNS_OP_7_7_1' from '(none)' to 'Small'. (OPT-170)
Information: Changed wire load model for 'DW01_cmp2_width7' from '(none)' to 'Small'. (OPT-170)
Information: Changed wire load model for '*GEQ_UNS_OP_7_7_1' from '(none)' to 'Small'. (OPT-170)
Information: Changed wire load model for 'DW01_cmp2_width7' from '(none)' to 'Small'. (OPT-170)
Information: Changed wire load model for '*LEQ_UNS_OP_7_7_1' from '(none)' to 'Small'. (OPT-170)
Information: Changed wire load model for 'DW01_cmp2_width7' from '(none)' to 'Small'. (OPT-170)
Information: Changed wire load model for '*GEQ_UNS_OP_7_7_1' from '(none)' to 'Small'. (OPT-170)
Information: Changed wire load model for 'DW01_cmp2_width7' from '(none)' to 'Small'. (OPT-170)
Information: Changed wire load model for '*LEQ_UNS_OP_7_7_1' from '(none)' to 'Small'. (OPT-170)
Information: Changed wire load model for 'DW01_cmp6_width7' from '(none)' to 'Small'. (OPT-170)
Information: Changed wire load model for '*NE_UNS_OP_7_7_1' from '(none)' to 'Small'. (OPT-170)
Information: Changed wire load model for 'DW01_cmp6_width7' from '(none)' to 'Small'. (OPT-170)
Information: Changed wire load model for '*NE_UNS_OP_7_7_1' from '(none)' to 'Small'. (OPT-170)
Information: Changed wire load model for 'DW01_cmp6_width7' from '(none)' to 'Small'. (OPT-170)
Information: Changed wire load model for '*NE_UNS_OP_7_7_1' from '(none)' to 'Small'. (OPT-170)
Information: Changed wire load model for 'DW01_cmp6_width7' from '(none)' to 'Small'. (OPT-170)
Information: Changed wire load model for '*NE_UNS_OP_7_7_1' from '(none)' to 'Small'. (OPT-170)
Information: Changed wire load model for 'DW01_cmp2_width7' from '(none)' to 'Small'. (OPT-170)
Information: Changed wire load model for '*GEQ_UNS_OP_7_7_1' from '(none)' to 'Small'. (OPT-170)
Information: Changed wire load model for 'DW01_cmp2_width7' from '(none)' to 'Small'. (OPT-170)
Information: Changed wire load model for '*LEQ_UNS_OP_7_7_1' from '(none)' to 'Small'. (OPT-170)
Information: Changed wire load model for 'DW01_cmp2_width7' from '(none)' to 'Small'. (OPT-170)
Information: Changed wire load model for '*GEQ_UNS_OP_7_7_1' from '(none)' to 'Small'. (OPT-170)
Information: Changed wire load model for 'DW01_cmp2_width7' from '(none)' to 'Small'. (OPT-170)
Information: Changed wire load model for '*LEQ_UNS_OP_7_7_1' from '(none)' to 'Small'. (OPT-170)
Information: Changed wire load model for 'DW01_cmp2_width7' from '(none)' to 'Small'. (OPT-170)
Information: Changed wire load model for '*GEQ_UNS_OP_7_7_1' from '(none)' to 'Small'. (OPT-170)
Information: Changed wire load model for 'DW01_cmp2_width7' from '(none)' to 'Small'. (OPT-170)
Information: Changed wire load model for '*LEQ_UNS_OP_7_7_1' from '(none)' to 'Small'. (OPT-170)
Information: Changed wire load model for 'DW01_cmp2_width7' from '(none)' to 'Small'. (OPT-170)
Information: Changed wire load model for '*GEQ_UNS_OP_7_7_1' from '(none)' to 'Small'. (OPT-170)
Information: Changed wire load model for 'DW01_cmp2_width7' from '(none)' to 'Small'. (OPT-170)
Information: Changed wire load model for '*LEQ_UNS_OP_7_7_1' from '(none)' to 'Small'. (OPT-170)
Information: Changed wire load model for 'DW01_cmp6_width7' from '(none)' to 'Small'. (OPT-170)
Information: Changed wire load model for '*NE_UNS_OP_7_7_1' from '(none)' to 'Small'. (OPT-170)
Information: Changed wire load model for 'DW01_cmp6_width7' from '(none)' to 'Small'. (OPT-170)
Information: Changed wire load model for '*NE_UNS_OP_7_7_1' from '(none)' to 'Small'. (OPT-170)
Information: Changed wire load model for 'DW01_cmp6_width7' from '(none)' to 'Small'. (OPT-170)
Information: Changed wire load model for '*NE_UNS_OP_7_7_1' from '(none)' to 'Small'. (OPT-170)
Information: Changed wire load model for 'DW01_cmp6_width7' from '(none)' to 'Small'. (OPT-170)
Information: Changed wire load model for '*NE_UNS_OP_7_7_1' from '(none)' to 'Small'. (OPT-170)
Information: Changed wire load model for 'DW01_cmp2_width7' from '(none)' to 'Small'. (OPT-170)
Information: Changed wire load model for '*GEQ_UNS_OP_7_7_1' from '(none)' to 'Small'. (OPT-170)
Information: Changed wire load model for 'DW01_cmp2_width7' from '(none)' to 'Small'. (OPT-170)
Information: Changed wire load model for '*LEQ_UNS_OP_7_7_1' from '(none)' to 'Small'. (OPT-170)
Information: Changed wire load model for 'DW01_cmp2_width7' from '(none)' to 'Small'. (OPT-170)
Information: Changed wire load model for '*GEQ_UNS_OP_7_7_1' from '(none)' to 'Small'. (OPT-170)
Information: Changed wire load model for 'DW01_cmp2_width7' from '(none)' to 'Small'. (OPT-170)
Information: Changed wire load model for '*LEQ_UNS_OP_7_7_1' from '(none)' to 'Small'. (OPT-170)
Information: Changed wire load model for 'DW01_cmp2_width7' from '(none)' to 'Small'. (OPT-170)
Information: Changed wire load model for '*GEQ_UNS_OP_7_7_1' from '(none)' to 'Small'. (OPT-170)
Information: Changed wire load model for 'DW01_cmp2_width7' from '(none)' to 'Small'. (OPT-170)
Information: Changed wire load model for '*LEQ_UNS_OP_7_7_1' from '(none)' to 'Small'. (OPT-170)
Information: Changed wire load model for 'DW01_cmp2_width7' from '(none)' to 'Small'. (OPT-170)
Information: Changed wire load model for '*GEQ_UNS_OP_7_7_1' from '(none)' to 'Small'. (OPT-170)
Information: Changed wire load model for 'DW01_cmp2_width7' from '(none)' to 'Small'. (OPT-170)
Information: Changed wire load model for '*LEQ_UNS_OP_7_7_1' from '(none)' to 'Small'. (OPT-170)
Information: Changed wire load model for 'DW01_cmp6_width7' from '(none)' to 'Small'. (OPT-170)
Information: Changed wire load model for '*NE_UNS_OP_7_7_1' from '(none)' to 'Small'. (OPT-170)
Information: Changed wire load model for 'DW01_cmp6_width7' from '(none)' to 'Small'. (OPT-170)
Information: Changed wire load model for '*NE_UNS_OP_7_7_1' from '(none)' to 'Small'. (OPT-170)
Information: Changed wire load model for 'DW01_cmp6_width7' from '(none)' to 'Small'. (OPT-170)
Information: Changed wire load model for '*NE_UNS_OP_7_7_1' from '(none)' to 'Small'. (OPT-170)
Information: Changed wire load model for 'DW01_cmp6_width7' from '(none)' to 'Small'. (OPT-170)
Information: Changed wire load model for '*NE_UNS_OP_7_7_1' from '(none)' to 'Small'. (OPT-170)
Information: Changed wire load model for 'DW01_cmp2_width7' from '(none)' to 'Small'. (OPT-170)
Information: Changed wire load model for '*GEQ_UNS_OP_7_7_1' from '(none)' to 'Small'. (OPT-170)
Information: Changed wire load model for 'DW01_cmp2_width7' from '(none)' to 'Small'. (OPT-170)
Information: Changed wire load model for '*LEQ_UNS_OP_7_7_1' from '(none)' to 'Small'. (OPT-170)
Information: Changed wire load model for 'DW01_cmp2_width7' from '(none)' to 'Small'. (OPT-170)
Information: Changed wire load model for '*GEQ_UNS_OP_7_7_1' from '(none)' to 'Small'. (OPT-170)
Information: Changed wire load model for 'DW01_cmp2_width7' from '(none)' to 'Small'. (OPT-170)
Information: Changed wire load model for '*LEQ_UNS_OP_7_7_1' from '(none)' to 'Small'. (OPT-170)
Information: Changed wire load model for 'DW01_cmp2_width7' from '(none)' to 'Small'. (OPT-170)
Information: Changed wire load model for '*GEQ_UNS_OP_7_7_1' from '(none)' to 'Small'. (OPT-170)
Information: Changed wire load model for 'DW01_cmp2_width7' from '(none)' to 'Small'. (OPT-170)
Information: Changed wire load model for '*LEQ_UNS_OP_7_7_1' from '(none)' to 'Small'. (OPT-170)
Information: Changed wire load model for 'DW01_cmp2_width7' from '(none)' to 'Small'. (OPT-170)
Information: Changed wire load model for '*GEQ_UNS_OP_7_7_1' from '(none)' to 'Small'. (OPT-170)
Information: Changed wire load model for 'DW01_cmp2_width7' from '(none)' to 'Small'. (OPT-170)
Information: Changed wire load model for '*LEQ_UNS_OP_7_7_1' from '(none)' to 'Small'. (OPT-170)
Information: Changed wire load model for 'DW01_cmp6_width7' from '(none)' to 'Small'. (OPT-170)
Information: Changed wire load model for '*NE_UNS_OP_7_7_1' from '(none)' to 'Small'. (OPT-170)
Information: Changed wire load model for 'DW01_cmp6_width7' from '(none)' to 'Small'. (OPT-170)
Information: Changed wire load model for '*NE_UNS_OP_7_7_1' from '(none)' to 'Small'. (OPT-170)
Information: Changed wire load model for 'DW01_cmp6_width7' from '(none)' to 'Small'. (OPT-170)
Information: Changed wire load model for '*NE_UNS_OP_7_7_1' from '(none)' to 'Small'. (OPT-170)
Information: Changed wire load model for 'DW01_cmp6_width7' from '(none)' to 'Small'. (OPT-170)
Information: Changed wire load model for '*NE_UNS_OP_7_7_1' from '(none)' to 'Small'. (OPT-170)
Information: Changed wire load model for 'DW01_cmp2_width7' from '(none)' to 'Small'. (OPT-170)
Information: Changed wire load model for '*GEQ_UNS_OP_7_7_1' from '(none)' to 'Small'. (OPT-170)
Information: Changed wire load model for 'DW01_cmp2_width7' from '(none)' to 'Small'. (OPT-170)
Information: Changed wire load model for '*LEQ_UNS_OP_7_7_1' from '(none)' to 'Small'. (OPT-170)
Information: Changed wire load model for 'DW01_cmp2_width7' from '(none)' to 'Small'. (OPT-170)
Information: Changed wire load model for '*GEQ_UNS_OP_7_7_1' from '(none)' to 'Small'. (OPT-170)
Information: Changed wire load model for 'DW01_cmp2_width7' from '(none)' to 'Small'. (OPT-170)
Information: Changed wire load model for '*LEQ_UNS_OP_7_7_1' from '(none)' to 'Small'. (OPT-170)
Information: Changed wire load model for 'DW01_cmp2_width7' from '(none)' to 'Small'. (OPT-170)
Information: Changed wire load model for '*GEQ_UNS_OP_7_7_1' from '(none)' to 'Small'. (OPT-170)
Information: Changed wire load model for 'DW01_cmp2_width7' from '(none)' to 'Small'. (OPT-170)
Information: Changed wire load model for '*LEQ_UNS_OP_7_7_1' from '(none)' to 'Small'. (OPT-170)
Information: Changed wire load model for 'DW01_cmp2_width7' from '(none)' to 'Small'. (OPT-170)
Information: Changed wire load model for '*GEQ_UNS_OP_7_7_1' from '(none)' to 'Small'. (OPT-170)
Information: Changed wire load model for 'DW01_cmp2_width7' from '(none)' to 'Small'. (OPT-170)
Information: Changed wire load model for '*LEQ_UNS_OP_7_7_1' from '(none)' to 'Small'. (OPT-170)
Information: Changed wire load model for 'DW01_cmp6_width7' from '(none)' to 'Small'. (OPT-170)
Information: Changed wire load model for '*NE_UNS_OP_7_7_1' from '(none)' to 'Small'. (OPT-170)
Information: Changed wire load model for 'DW01_cmp6_width7' from '(none)' to 'Small'. (OPT-170)
Information: Changed wire load model for '*NE_UNS_OP_7_7_1' from '(none)' to 'Small'. (OPT-170)
Information: Changed wire load model for 'DW01_cmp6_width7' from '(none)' to 'Small'. (OPT-170)
Information: Changed wire load model for '*NE_UNS_OP_7_7_1' from '(none)' to 'Small'. (OPT-170)
Information: Changed wire load model for 'DW01_cmp6_width7' from '(none)' to 'Small'. (OPT-170)
Information: Changed wire load model for '*NE_UNS_OP_7_7_1' from '(none)' to 'Small'. (OPT-170)
Information: Changed wire load model for 'DW01_cmp2_width7' from '(none)' to 'Small'. (OPT-170)
Information: Changed wire load model for '*GEQ_UNS_OP_7_7_1' from '(none)' to 'Small'. (OPT-170)
Information: Changed wire load model for 'DW01_cmp2_width7' from '(none)' to 'Small'. (OPT-170)
Information: Changed wire load model for '*LEQ_UNS_OP_7_7_1' from '(none)' to 'Small'. (OPT-170)
Information: Changed wire load model for 'DW01_cmp2_width7' from '(none)' to 'Small'. (OPT-170)
Information: Changed wire load model for '*GEQ_UNS_OP_7_7_1' from '(none)' to 'Small'. (OPT-170)
Information: Changed wire load model for 'DW01_cmp2_width7' from '(none)' to 'Small'. (OPT-170)
Information: Changed wire load model for '*LEQ_UNS_OP_7_7_1' from '(none)' to 'Small'. (OPT-170)
Information: Changed wire load model for 'DW01_cmp2_width7' from '(none)' to 'Small'. (OPT-170)
Information: Changed wire load model for '*GEQ_UNS_OP_7_7_1' from '(none)' to 'Small'. (OPT-170)
Information: Changed wire load model for 'DW01_cmp2_width7' from '(none)' to 'Small'. (OPT-170)
Information: Changed wire load model for '*LEQ_UNS_OP_7_7_1' from '(none)' to 'Small'. (OPT-170)
Information: Changed wire load model for 'DW01_cmp2_width7' from '(none)' to 'Small'. (OPT-170)
Information: Changed wire load model for '*GEQ_UNS_OP_7_7_1' from '(none)' to 'Small'. (OPT-170)
Information: Changed wire load model for 'DW01_cmp2_width7' from '(none)' to 'Small'. (OPT-170)
Information: Changed wire load model for '*LEQ_UNS_OP_7_7_1' from '(none)' to 'Small'. (OPT-170)
Information: Changed wire load model for 'DW01_cmp6_width7' from '(none)' to 'Small'. (OPT-170)
Information: Changed wire load model for '*NE_UNS_OP_7_7_1' from '(none)' to 'Small'. (OPT-170)
Information: Changed wire load model for 'DW01_cmp6_width7' from '(none)' to 'Small'. (OPT-170)
Information: Changed wire load model for '*NE_UNS_OP_7_7_1' from '(none)' to 'Small'. (OPT-170)
Information: Changed wire load model for 'DW01_cmp6_width7' from '(none)' to 'Small'. (OPT-170)
Information: Changed wire load model for '*NE_UNS_OP_7_7_1' from '(none)' to 'Small'. (OPT-170)
Information: Changed wire load model for 'DW01_cmp6_width7' from '(none)' to 'Small'. (OPT-170)
Information: Changed wire load model for '*NE_UNS_OP_7_7_1' from '(none)' to 'Small'. (OPT-170)
Information: Changed wire load model for 'DW01_cmp2_width7' from '(none)' to 'Small'. (OPT-170)
Information: Changed wire load model for '*GEQ_UNS_OP_7_7_1' from '(none)' to 'Small'. (OPT-170)
Information: Changed wire load model for 'DW01_cmp2_width7' from '(none)' to 'Small'. (OPT-170)
Information: Changed wire load model for '*LEQ_UNS_OP_7_7_1' from '(none)' to 'Small'. (OPT-170)
Information: Changed wire load model for 'DW01_cmp2_width7' from '(none)' to 'Small'. (OPT-170)
Information: Changed wire load model for '*GEQ_UNS_OP_7_7_1' from '(none)' to 'Small'. (OPT-170)
Information: Changed wire load model for 'DW01_cmp2_width7' from '(none)' to 'Small'. (OPT-170)
Information: Changed wire load model for '*LEQ_UNS_OP_7_7_1' from '(none)' to 'Small'. (OPT-170)
Information: Changed wire load model for 'DW01_cmp2_width7' from '(none)' to 'Small'. (OPT-170)
Information: Changed wire load model for '*GEQ_UNS_OP_7_7_1' from '(none)' to 'Small'. (OPT-170)
Information: Changed wire load model for 'DW01_cmp2_width7' from '(none)' to 'Small'. (OPT-170)
Information: Changed wire load model for '*LEQ_UNS_OP_7_7_1' from '(none)' to 'Small'. (OPT-170)
Information: Changed wire load model for 'DW01_cmp2_width7' from '(none)' to 'Small'. (OPT-170)
Information: Changed wire load model for '*GEQ_UNS_OP_7_7_1' from '(none)' to 'Small'. (OPT-170)
Information: Changed wire load model for 'DW01_cmp2_width7' from '(none)' to 'Small'. (OPT-170)
Information: Changed wire load model for '*LEQ_UNS_OP_7_7_1' from '(none)' to 'Small'. (OPT-170)
Information: Changed wire load model for 'DW01_cmp6_width7' from '(none)' to 'Small'. (OPT-170)
Information: Changed wire load model for '*NE_UNS_OP_7_7_1' from '(none)' to 'Small'. (OPT-170)
Information: Changed wire load model for 'DW01_cmp6_width7' from '(none)' to 'Small'. (OPT-170)
Information: Changed wire load model for '*NE_UNS_OP_7_7_1' from '(none)' to 'Small'. (OPT-170)
Information: Changed wire load model for 'DW01_cmp6_width7' from '(none)' to 'Small'. (OPT-170)
Information: Changed wire load model for '*NE_UNS_OP_7_7_1' from '(none)' to 'Small'. (OPT-170)
Information: Changed wire load model for 'DW01_cmp6_width7' from '(none)' to 'Small'. (OPT-170)
Information: Changed wire load model for '*NE_UNS_OP_7_7_1' from '(none)' to 'Small'. (OPT-170)
Information: Changed wire load model for 'DW01_cmp2_width7' from '(none)' to 'Small'. (OPT-170)
Information: Changed wire load model for '*GEQ_UNS_OP_7_7_1' from '(none)' to 'Small'. (OPT-170)
Information: Changed wire load model for 'DW01_cmp2_width7' from '(none)' to 'Small'. (OPT-170)
Information: Changed wire load model for '*LEQ_UNS_OP_7_7_1' from '(none)' to 'Small'. (OPT-170)
Information: Changed wire load model for 'DW01_cmp2_width7' from '(none)' to 'Small'. (OPT-170)
Information: Changed wire load model for '*GEQ_UNS_OP_7_7_1' from '(none)' to 'Small'. (OPT-170)
Information: Changed wire load model for 'DW01_cmp2_width7' from '(none)' to 'Small'. (OPT-170)
Information: Changed wire load model for '*LEQ_UNS_OP_7_7_1' from '(none)' to 'Small'. (OPT-170)
Information: Changed wire load model for 'DW01_cmp2_width7' from '(none)' to 'Small'. (OPT-170)
Information: Changed wire load model for '*GEQ_UNS_OP_7_7_1' from '(none)' to 'Small'. (OPT-170)
Information: Changed wire load model for 'DW01_cmp2_width7' from '(none)' to 'Small'. (OPT-170)
Information: Changed wire load model for '*LEQ_UNS_OP_7_7_1' from '(none)' to 'Small'. (OPT-170)
Information: Changed wire load model for 'DW01_cmp2_width7' from '(none)' to 'Small'. (OPT-170)
Information: Changed wire load model for '*GEQ_UNS_OP_7_7_1' from '(none)' to 'Small'. (OPT-170)
Information: Changed wire load model for 'DW01_cmp2_width7' from '(none)' to 'Small'. (OPT-170)
Information: Changed wire load model for '*LEQ_UNS_OP_7_7_1' from '(none)' to 'Small'. (OPT-170)
Information: Changed wire load model for 'DW01_cmp6_width8' from '(none)' to 'Small'. (OPT-170)
Information: Changed wire load model for '*NE_UNS_OP_7_8_1' from '(none)' to 'Small'. (OPT-170)
Information: Changed wire load model for 'DW01_cmp6_width8' from '(none)' to 'Small'. (OPT-170)
Information: Changed wire load model for '*NE_UNS_OP_7_8_1' from '(none)' to 'Small'. (OPT-170)
Information: Changed wire load model for 'DW01_cmp6_width8' from '(none)' to 'Small'. (OPT-170)
Information: Changed wire load model for '*NE_UNS_OP_7_8_1' from '(none)' to 'Small'. (OPT-170)
Information: Changed wire load model for 'DW01_cmp6_width8' from '(none)' to 'Small'. (OPT-170)
Information: Changed wire load model for '*NE_UNS_OP_7_8_1' from '(none)' to 'Small'. (OPT-170)
Information: Changed wire load model for 'DW01_cmp2_width7' from '(none)' to 'Small'. (OPT-170)
Information: Changed wire load model for '*GEQ_UNS_OP_7_7_1' from '(none)' to 'Small'. (OPT-170)
Information: Changed wire load model for 'DW01_cmp2_width7' from '(none)' to 'Small'. (OPT-170)
Information: Changed wire load model for '*LEQ_UNS_OP_7_7_1' from '(none)' to 'Small'. (OPT-170)
Information: Changed wire load model for 'DW01_cmp2_width7' from '(none)' to 'Small'. (OPT-170)
Information: Changed wire load model for '*GEQ_UNS_OP_7_7_1' from '(none)' to 'Small'. (OPT-170)
Information: Changed wire load model for 'DW01_cmp2_width7' from '(none)' to 'Small'. (OPT-170)
Information: Changed wire load model for '*LEQ_UNS_OP_7_7_1' from '(none)' to 'Small'. (OPT-170)
Information: Changed wire load model for 'DW01_cmp2_width7' from '(none)' to 'Small'. (OPT-170)
Information: Changed wire load model for '*GEQ_UNS_OP_7_7_1' from '(none)' to 'Small'. (OPT-170)
Information: Changed wire load model for 'DW01_cmp2_width7' from '(none)' to 'Small'. (OPT-170)
Information: Changed wire load model for '*LEQ_UNS_OP_7_7_1' from '(none)' to 'Small'. (OPT-170)
Information: Changed wire load model for 'DW01_cmp2_width7' from '(none)' to 'Small'. (OPT-170)
Information: Changed wire load model for '*GEQ_UNS_OP_7_7_1' from '(none)' to 'Small'. (OPT-170)
Information: Changed wire load model for 'DW01_cmp2_width7' from '(none)' to 'Small'. (OPT-170)
Information: Changed wire load model for '*LEQ_UNS_OP_7_7_1' from '(none)' to 'Small'. (OPT-170)
Information: Changed wire load model for 'DW01_cmp2_width7' from '(none)' to 'Small'. (OPT-170)
Information: Changed wire load model for '*GEQ_UNS_OP_7_7_1' from '(none)' to 'Small'. (OPT-170)
Information: Changed wire load model for 'DW01_cmp2_width7' from '(none)' to 'Small'. (OPT-170)
Information: Changed wire load model for '*LEQ_UNS_OP_7_7_1' from '(none)' to 'Small'. (OPT-170)
Information: Changed wire load model for 'DW01_cmp2_width7' from '(none)' to 'Small'. (OPT-170)
Information: Changed wire load model for '*GEQ_UNS_OP_7_7_1' from '(none)' to 'Small'. (OPT-170)
Information: Changed wire load model for 'DW01_cmp2_width7' from '(none)' to 'Small'. (OPT-170)
Information: Changed wire load model for '*LEQ_UNS_OP_7_7_1' from '(none)' to 'Small'. (OPT-170)
Information: Changed wire load model for 'DW01_cmp2_width7' from '(none)' to 'Small'. (OPT-170)
Information: Changed wire load model for '*GEQ_UNS_OP_7_7_1' from '(none)' to 'Small'. (OPT-170)
Information: Changed wire load model for 'DW01_cmp2_width7' from '(none)' to 'Small'. (OPT-170)
Information: Changed wire load model for '*LEQ_UNS_OP_7_7_1' from '(none)' to 'Small'. (OPT-170)
Information: Changed wire load model for 'DW01_cmp2_width7' from '(none)' to 'Small'. (OPT-170)
Information: Changed wire load model for '*GEQ_UNS_OP_7_7_1' from '(none)' to 'Small'. (OPT-170)
Information: Changed wire load model for 'DW01_cmp2_width7' from '(none)' to 'Small'. (OPT-170)
Information: Changed wire load model for '*LEQ_UNS_OP_7_7_1' from '(none)' to 'Small'. (OPT-170)
Information: Changed wire load model for 'DW01_cmp2_width7' from '(none)' to 'Small'. (OPT-170)
Information: Changed wire load model for '*GEQ_UNS_OP_7_7_1' from '(none)' to 'Small'. (OPT-170)
Information: Changed wire load model for 'DW01_cmp2_width7' from '(none)' to 'Small'. (OPT-170)
Information: Changed wire load model for '*LEQ_UNS_OP_7_7_1' from '(none)' to 'Small'. (OPT-170)
Information: Changed wire load model for 'DW01_cmp2_width7' from '(none)' to 'Small'. (OPT-170)
Information: Changed wire load model for '*GEQ_UNS_OP_7_7_1' from '(none)' to 'Small'. (OPT-170)
Information: Changed wire load model for 'DW01_cmp2_width7' from '(none)' to 'Small'. (OPT-170)
Information: Changed wire load model for '*LEQ_UNS_OP_7_7_1' from '(none)' to 'Small'. (OPT-170)
Information: Changed wire load model for 'DW01_cmp2_width7' from '(none)' to 'Small'. (OPT-170)
Information: Changed wire load model for '*GEQ_UNS_OP_7_7_1' from '(none)' to 'Small'. (OPT-170)
Information: Changed wire load model for 'DW01_cmp2_width7' from '(none)' to 'Small'. (OPT-170)
Information: Changed wire load model for '*LEQ_UNS_OP_7_7_1' from '(none)' to 'Small'. (OPT-170)
Information: Changed wire load model for 'DW01_cmp2_width7' from '(none)' to 'Small'. (OPT-170)
Information: Changed wire load model for '*GEQ_UNS_OP_7_7_1' from '(none)' to 'Small'. (OPT-170)
Information: Changed wire load model for 'DW01_cmp2_width7' from '(none)' to 'Small'. (OPT-170)
Information: Changed wire load model for '*LEQ_UNS_OP_7_7_1' from '(none)' to 'Small'. (OPT-170)
Information: Changed wire load model for 'DW01_cmp2_width7' from '(none)' to 'Small'. (OPT-170)
Information: Changed wire load model for '*GEQ_UNS_OP_7_7_1' from '(none)' to 'Small'. (OPT-170)
Information: Changed wire load model for 'DW01_cmp2_width7' from '(none)' to 'Small'. (OPT-170)
Information: Changed wire load model for '*LEQ_UNS_OP_7_7_1' from '(none)' to 'Small'. (OPT-170)
Information: Changed wire load model for 'DW01_cmp2_width7' from '(none)' to 'Small'. (OPT-170)
Information: Changed wire load model for '*GEQ_UNS_OP_7_7_1' from '(none)' to 'Small'. (OPT-170)
Information: Changed wire load model for 'DW01_cmp2_width7' from '(none)' to 'Small'. (OPT-170)
Information: Changed wire load model for '*LEQ_UNS_OP_7_7_1' from '(none)' to 'Small'. (OPT-170)
Information: Changed wire load model for 'DW01_cmp2_width7' from '(none)' to 'Small'. (OPT-170)
Information: Changed wire load model for '*GEQ_UNS_OP_7_7_1' from '(none)' to 'Small'. (OPT-170)
Information: Changed wire load model for 'DW01_cmp2_width7' from '(none)' to 'Small'. (OPT-170)
Information: Changed wire load model for '*LEQ_UNS_OP_7_7_1' from '(none)' to 'Small'. (OPT-170)
Information: Changed wire load model for 'DW01_cmp2_width7' from '(none)' to 'Small'. (OPT-170)
Information: Changed wire load model for '*GEQ_UNS_OP_7_7_1' from '(none)' to 'Small'. (OPT-170)
Information: Changed wire load model for 'DW01_cmp2_width7' from '(none)' to 'Small'. (OPT-170)
Information: Changed wire load model for '*LEQ_UNS_OP_7_7_1' from '(none)' to 'Small'. (OPT-170)
Information: Changed wire load model for 'DW01_cmp2_width7' from '(none)' to 'Small'. (OPT-170)
Information: Changed wire load model for '*GEQ_UNS_OP_7_7_1' from '(none)' to 'Small'. (OPT-170)
Information: Changed wire load model for 'DW01_cmp2_width7' from '(none)' to 'Small'. (OPT-170)
Information: Changed wire load model for '*LEQ_UNS_OP_7_7_1' from '(none)' to 'Small'. (OPT-170)
Information: Changed wire load model for 'DW01_cmp2_width7' from '(none)' to 'Small'. (OPT-170)
Information: Changed wire load model for '*GEQ_UNS_OP_7_7_1' from '(none)' to 'Small'. (OPT-170)
Information: Changed wire load model for 'DW01_cmp2_width7' from '(none)' to 'Small'. (OPT-170)
Information: Changed wire load model for '*LEQ_UNS_OP_7_7_1' from '(none)' to 'Small'. (OPT-170)
Information: Changed wire load model for 'DW01_cmp2_width7' from '(none)' to 'Small'. (OPT-170)
Information: Changed wire load model for '*GEQ_UNS_OP_7_7_1' from '(none)' to 'Small'. (OPT-170)
Information: Changed wire load model for 'DW01_cmp2_width7' from '(none)' to 'Small'. (OPT-170)
Information: Changed wire load model for '*LEQ_UNS_OP_7_7_1' from '(none)' to 'Small'. (OPT-170)
Information: Changed wire load model for 'DW01_cmp2_width7' from '(none)' to 'Small'. (OPT-170)
Information: Changed wire load model for '*GEQ_UNS_OP_7_7_1' from '(none)' to 'Small'. (OPT-170)
Information: Changed wire load model for 'DW01_cmp2_width7' from '(none)' to 'Small'. (OPT-170)
Information: Changed wire load model for '*LEQ_UNS_OP_7_7_1' from '(none)' to 'Small'. (OPT-170)
Information: Changed wire load model for 'DW01_cmp2_width7' from '(none)' to 'Small'. (OPT-170)
Information: Changed wire load model for '*GEQ_UNS_OP_7_7_1' from '(none)' to 'Small'. (OPT-170)
Information: Changed wire load model for 'DW01_cmp2_width7' from '(none)' to 'Small'. (OPT-170)
Information: Changed wire load model for '*LEQ_UNS_OP_7_7_1' from '(none)' to 'Small'. (OPT-170)
Information: Changed wire load model for 'DW01_cmp2_width7' from '(none)' to 'Small'. (OPT-170)
Information: Changed wire load model for '*GEQ_UNS_OP_7_7_1' from '(none)' to 'Small'. (OPT-170)
Information: Changed wire load model for 'DW01_cmp2_width7' from '(none)' to 'Small'. (OPT-170)
Information: Changed wire load model for '*LEQ_UNS_OP_7_7_1' from '(none)' to 'Small'. (OPT-170)
Information: Changed wire load model for 'DW01_cmp2_width7' from '(none)' to 'Small'. (OPT-170)
Information: Changed wire load model for '*GEQ_UNS_OP_7_7_1' from '(none)' to 'Small'. (OPT-170)
Information: Changed wire load model for 'DW01_cmp2_width7' from '(none)' to 'Small'. (OPT-170)
Information: Changed wire load model for '*LEQ_UNS_OP_7_7_1' from '(none)' to 'Small'. (OPT-170)
Information: Changed wire load model for 'DW01_cmp2_width7' from '(none)' to 'Small'. (OPT-170)
Information: Changed wire load model for '*GEQ_UNS_OP_7_7_1' from '(none)' to 'Small'. (OPT-170)
Information: Changed wire load model for 'DW01_cmp2_width7' from '(none)' to 'Small'. (OPT-170)
Information: Changed wire load model for '*LEQ_UNS_OP_7_7_1' from '(none)' to 'Small'. (OPT-170)
Information: Changed wire load model for 'DW01_cmp2_width7' from '(none)' to 'Small'. (OPT-170)
Information: Changed wire load model for '*GEQ_UNS_OP_7_7_1' from '(none)' to 'Small'. (OPT-170)
Information: Changed wire load model for 'DW01_cmp2_width7' from '(none)' to 'Small'. (OPT-170)
Information: Changed wire load model for '*LEQ_UNS_OP_7_7_1' from '(none)' to 'Small'. (OPT-170)
Information: Changed wire load model for 'DW01_cmp2_width7' from '(none)' to 'Small'. (OPT-170)
Information: Changed wire load model for '*GEQ_UNS_OP_7_7_1' from '(none)' to 'Small'. (OPT-170)
Information: Changed wire load model for 'DW01_cmp2_width7' from '(none)' to 'Small'. (OPT-170)
Information: Changed wire load model for '*LEQ_UNS_OP_7_7_1' from '(none)' to 'Small'. (OPT-170)
Information: Changed wire load model for 'DW01_cmp2_width7' from '(none)' to 'Small'. (OPT-170)
Information: Changed wire load model for '*GEQ_UNS_OP_7_7_1' from '(none)' to 'Small'. (OPT-170)
Information: Changed wire load model for 'DW01_cmp2_width7' from '(none)' to 'Small'. (OPT-170)
Information: Changed wire load model for '*LEQ_UNS_OP_7_7_1' from '(none)' to 'Small'. (OPT-170)
Information: Changed wire load model for 'DW01_cmp2_width7' from '(none)' to 'Small'. (OPT-170)
Information: Changed wire load model for '*GEQ_UNS_OP_7_7_1' from '(none)' to 'Small'. (OPT-170)
Information: Changed wire load model for 'DW01_cmp2_width7' from '(none)' to 'Small'. (OPT-170)
Information: Changed wire load model for '*LEQ_UNS_OP_7_7_1' from '(none)' to 'Small'. (OPT-170)
Information: Changed wire load model for 'DW01_cmp2_width7' from '(none)' to 'Small'. (OPT-170)
Information: Changed wire load model for '*GEQ_UNS_OP_7_7_1' from '(none)' to 'Small'. (OPT-170)
Information: Changed wire load model for 'DW01_cmp2_width7' from '(none)' to 'Small'. (OPT-170)
Information: Changed wire load model for '*LEQ_UNS_OP_7_7_1' from '(none)' to 'Small'. (OPT-170)
Information: Changed wire load model for 'DW01_cmp2_width7' from '(none)' to 'Small'. (OPT-170)
Information: Changed wire load model for '*GEQ_UNS_OP_7_7_1' from '(none)' to 'Small'. (OPT-170)
Information: Changed wire load model for 'DW01_cmp2_width7' from '(none)' to 'Small'. (OPT-170)
Information: Changed wire load model for '*LEQ_UNS_OP_7_7_1' from '(none)' to 'Small'. (OPT-170)
Information: Changed wire load model for 'DW01_cmp2_width7' from '(none)' to 'Small'. (OPT-170)
Information: Changed wire load model for '*GEQ_UNS_OP_7_7_1' from '(none)' to 'Small'. (OPT-170)
Information: Changed wire load model for 'DW01_cmp2_width7' from '(none)' to 'Small'. (OPT-170)
Information: Changed wire load model for '*LEQ_UNS_OP_7_7_1' from '(none)' to 'Small'. (OPT-170)
Information: Changed wire load model for 'DW01_cmp2_width7' from '(none)' to 'Small'. (OPT-170)
Information: Changed wire load model for '*GEQ_UNS_OP_7_7_1' from '(none)' to 'Small'. (OPT-170)
Information: Changed wire load model for 'DW01_cmp2_width7' from '(none)' to 'Small'. (OPT-170)
Information: Changed wire load model for '*LEQ_UNS_OP_7_7_1' from '(none)' to 'Small'. (OPT-170)
Information: Changed wire load model for 'DW01_cmp2_width7' from '(none)' to 'Small'. (OPT-170)
Information: Changed wire load model for '*GEQ_UNS_OP_7_7_1' from '(none)' to 'Small'. (OPT-170)
Information: Changed wire load model for 'DW01_cmp2_width7' from '(none)' to 'Small'. (OPT-170)
Information: Changed wire load model for '*LEQ_UNS_OP_7_7_1' from '(none)' to 'Small'. (OPT-170)
Information: Changed wire load model for 'DW01_cmp2_width7' from '(none)' to 'Small'. (OPT-170)
Information: Changed wire load model for '*GEQ_UNS_OP_7_7_1' from '(none)' to 'Small'. (OPT-170)
Information: Changed wire load model for 'DW01_cmp2_width7' from '(none)' to 'Small'. (OPT-170)
Information: Changed wire load model for '*LEQ_UNS_OP_7_7_1' from '(none)' to 'Small'. (OPT-170)
Information: Changed wire load model for 'DW01_cmp2_width7' from '(none)' to 'Small'. (OPT-170)
Information: Changed wire load model for '*GEQ_UNS_OP_7_7_1' from '(none)' to 'Small'. (OPT-170)
Information: Changed wire load model for 'DW01_cmp2_width7' from '(none)' to 'Small'. (OPT-170)
Information: Changed wire load model for '*LEQ_UNS_OP_7_7_1' from '(none)' to 'Small'. (OPT-170)
Information: Changed wire load model for 'DW01_cmp2_width7' from '(none)' to 'Small'. (OPT-170)
Information: Changed wire load model for '*GEQ_UNS_OP_7_7_1' from '(none)' to 'Small'. (OPT-170)
Information: Changed wire load model for 'DW01_cmp2_width7' from '(none)' to 'Small'. (OPT-170)
Information: Changed wire load model for '*LEQ_UNS_OP_7_7_1' from '(none)' to 'Small'. (OPT-170)
Information: Changed wire load model for 'DW01_cmp6_width6' from '(none)' to 'Small'. (OPT-170)
Information: Changed wire load model for '*EQ_UNS_OP_5_6_1' from '(none)' to 'Small'. (OPT-170)
Information: Changed wire load model for 'DW01_cmp6_width6' from '(none)' to 'Small'. (OPT-170)
Information: Changed wire load model for '*EQ_UNS_OP_5_6_1' from '(none)' to 'Small'. (OPT-170)
Information: Changed wire load model for 'DW01_cmp6_width6' from '(none)' to 'Small'. (OPT-170)
Information: Changed wire load model for '*EQ_UNS_OP_5_6_1' from '(none)' to 'Small'. (OPT-170)
Information: Changed wire load model for 'DW01_cmp6_width6' from '(none)' to 'Small'. (OPT-170)
Information: Changed wire load model for '*EQ_UNS_OP_5_6_1' from '(none)' to 'Small'. (OPT-170)
Information: Changed wire load model for 'DW01_cmp6_width6' from '(none)' to 'Small'. (OPT-170)
Information: Changed wire load model for '*EQ_UNS_OP_5_6_1' from '(none)' to 'Small'. (OPT-170)
Information: Changed wire load model for 'DW01_cmp6_width10' from '(none)' to 'Small'. (OPT-170)
Information: Changed wire load model for '*EQ_UNS_OP_10_10_1' from '(none)' to 'Small'. (OPT-170)
Information: Changed wire load model for 'DW01_cmp6_width5' from '(none)' to 'Small'. (OPT-170)
Information: Changed wire load model for '*EQ_UNS_OP_5_5_1' from '(none)' to 'Small'. (OPT-170)
Information: Changed wire load model for 'DW01_cmp6_width5' from '(none)' to 'Small'. (OPT-170)
Information: Changed wire load model for '*EQ_UNS_OP_5_5_1' from '(none)' to 'Small'. (OPT-170)
Information: Changed wire load model for 'DW01_cmp6_width5' from '(none)' to 'Small'. (OPT-170)
Information: Changed wire load model for '*EQ_UNS_OP_5_5_1' from '(none)' to 'Small'. (OPT-170)
Information: Changed wire load model for 'DW01_cmp6_width5' from '(none)' to 'Small'. (OPT-170)
Information: Changed wire load model for '*EQ_UNS_OP_5_5_1' from '(none)' to 'Small'. (OPT-170)
Information: Changed wire load model for 'DW01_cmp6_width10' from '(none)' to 'Small'. (OPT-170)
Information: Changed wire load model for '*EQ_UNS_OP_10_10_1' from '(none)' to 'Small'. (OPT-170)
Information: Changed wire load model for 'DW01_cmp6_width5' from '(none)' to 'Small'. (OPT-170)
Information: Changed wire load model for '*EQ_UNS_OP_5_5_1' from '(none)' to 'Small'. (OPT-170)
Information: Changed wire load model for 'DW01_cmp6_width5' from '(none)' to 'Small'. (OPT-170)
Information: Changed wire load model for '*EQ_UNS_OP_5_5_1' from '(none)' to 'Small'. (OPT-170)
Information: Changed wire load model for 'DW01_cmp6_width5' from '(none)' to 'Small'. (OPT-170)
Information: Changed wire load model for '*EQ_UNS_OP_5_5_1' from '(none)' to 'Small'. (OPT-170)
Information: Changed wire load model for 'DW01_cmp6_width5' from '(none)' to 'Small'. (OPT-170)
Information: Changed wire load model for '*EQ_UNS_OP_5_5_1' from '(none)' to 'Small'. (OPT-170)
Information: Changed wire load model for 'DW_div_uns_a_width8_b_width2' from '(none)' to 'Small'. (OPT-170)
Information: Changed wire load model for '*REM_UNS_OP_8_2_2' from '(none)' to 'Small'. (OPT-170)
Information: Changed wire load model for 'DW_div_uns_a_width8_b_width2' from '(none)' to 'Small'. (OPT-170)
Information: Changed wire load model for '*REM_UNS_OP_8_2_2' from '(none)' to 'Small'. (OPT-170)
Information: Changed wire load model for 'DW_div_uns_a_width8_b_width2' from '(none)' to 'Small'. (OPT-170)
Information: Changed wire load model for '*REM_UNS_OP_8_2_2' from '(none)' to 'Small'. (OPT-170)
Information: Changed wire load model for 'DW_div_uns_a_width8_b_width2' from '(none)' to 'Small'. (OPT-170)
Information: Changed wire load model for '*REM_UNS_OP_8_2_2' from '(none)' to 'Small'. (OPT-170)
Information: Changed wire load model for 'DW_div_uns_a_width8_b_width2' from '(none)' to 'Small'. (OPT-170)
Information: Changed wire load model for '*REM_UNS_OP_8_2_2' from '(none)' to 'Small'. (OPT-170)
Information: Changed wire load model for 'DW_div_uns_a_width8_b_width2' from '(none)' to 'Small'. (OPT-170)
Information: Changed wire load model for '*REM_UNS_OP_8_2_2' from '(none)' to 'Small'. (OPT-170)
Information: Changed wire load model for 'DW_div_uns_a_width8_b_width2' from '(none)' to 'Small'. (OPT-170)
Information: Changed wire load model for '*REM_UNS_OP_8_2_2' from '(none)' to 'Small'. (OPT-170)
Information: Changed wire load model for 'DW_div_uns_a_width8_b_width2' from '(none)' to 'Small'. (OPT-170)
Information: Changed wire load model for '*REM_UNS_OP_8_2_2' from '(none)' to 'Small'. (OPT-170)
Information: Changed wire load model for 'DW_div_uns_a_width8_b_width2' from '(none)' to 'Small'. (OPT-170)
Information: Changed wire load model for '*REM_UNS_OP_8_2_2' from '(none)' to 'Small'. (OPT-170)
Information: Changed wire load model for 'DW_div_uns_a_width8_b_width2' from '(none)' to 'Small'. (OPT-170)
Information: Changed wire load model for '*REM_UNS_OP_8_2_2' from '(none)' to 'Small'. (OPT-170)
Information: Changed wire load model for 'DW_div_uns_a_width8_b_width2' from '(none)' to 'Small'. (OPT-170)
Information: Changed wire load model for '*REM_UNS_OP_8_2_2' from '(none)' to 'Small'. (OPT-170)
Information: Changed wire load model for 'DW_div_uns_a_width8_b_width2' from '(none)' to 'Small'. (OPT-170)
Information: Changed wire load model for '*REM_UNS_OP_8_2_2' from '(none)' to 'Small'. (OPT-170)
Information: Changed wire load model for 'DW_div_uns_a_width8_b_width2' from '(none)' to 'Small'. (OPT-170)
Information: Changed wire load model for '*REM_UNS_OP_8_2_2' from '(none)' to 'Small'. (OPT-170)
Information: Changed wire load model for 'DW_div_uns_a_width8_b_width2' from '(none)' to 'Small'. (OPT-170)
Information: Changed wire load model for '*REM_UNS_OP_8_2_2' from '(none)' to 'Small'. (OPT-170)
Information: Changed wire load model for 'DW_div_uns_a_width8_b_width2' from '(none)' to 'Small'. (OPT-170)
Information: Changed wire load model for '*REM_UNS_OP_8_2_2' from '(none)' to 'Small'. (OPT-170)
Information: Changed wire load model for 'DW_div_uns_a_width8_b_width2' from '(none)' to 'Small'. (OPT-170)
Information: Changed wire load model for '*REM_UNS_OP_8_2_2' from '(none)' to 'Small'. (OPT-170)
Information: Changed wire load model for 'DW_div_uns_a_width7_b_width2' from '(none)' to 'Small'. (OPT-170)
Information: Changed wire load model for '*REM_UNS_OP_7_2_2' from '(none)' to 'Small'. (OPT-170)
Information: Changed wire load model for 'DW_div_uns_a_width7_b_width2' from '(none)' to 'Small'. (OPT-170)
Information: Changed wire load model for '*REM_UNS_OP_7_2_2' from '(none)' to 'Small'. (OPT-170)
Information: Changed wire load model for 'DW_div_uns_a_width7_b_width2' from '(none)' to 'Small'. (OPT-170)
Information: Changed wire load model for '*REM_UNS_OP_7_2_2' from '(none)' to 'Small'. (OPT-170)
Information: Changed wire load model for 'DW_div_uns_a_width7_b_width2' from '(none)' to 'Small'. (OPT-170)
Information: Changed wire load model for '*REM_UNS_OP_7_2_2' from '(none)' to 'Small'. (OPT-170)
Information: Changed wire load model for 'DW_div_uns_a_width7_b_width2' from '(none)' to 'Small'. (OPT-170)
Information: Changed wire load model for '*REM_UNS_OP_7_2_2' from '(none)' to 'Small'. (OPT-170)
Information: Changed wire load model for 'DW_div_uns_a_width7_b_width2' from '(none)' to 'Small'. (OPT-170)
Information: Changed wire load model for '*REM_UNS_OP_7_2_2' from '(none)' to 'Small'. (OPT-170)
Information: Changed wire load model for 'DW_div_uns_a_width7_b_width2' from '(none)' to 'Small'. (OPT-170)
Information: Changed wire load model for '*REM_UNS_OP_7_2_2' from '(none)' to 'Small'. (OPT-170)
Information: Changed wire load model for 'DW_div_uns_a_width7_b_width2' from '(none)' to 'Small'. (OPT-170)
Information: Changed wire load model for '*REM_UNS_OP_7_2_2' from '(none)' to 'Small'. (OPT-170)
Information: Changed wire load model for 'DW_div_uns_a_width7_b_width2' from '(none)' to 'Small'. (OPT-170)
Information: Changed wire load model for '*REM_UNS_OP_7_2_2' from '(none)' to 'Small'. (OPT-170)
Information: Changed wire load model for 'DW_div_uns_a_width7_b_width2' from '(none)' to 'Small'. (OPT-170)
Information: Changed wire load model for '*REM_UNS_OP_7_2_2' from '(none)' to 'Small'. (OPT-170)
Information: Changed wire load model for 'DW_div_uns_a_width7_b_width2' from '(none)' to 'Small'. (OPT-170)
Information: Changed wire load model for '*REM_UNS_OP_7_2_2' from '(none)' to 'Small'. (OPT-170)
Information: Changed wire load model for 'DW_div_uns_a_width7_b_width2' from '(none)' to 'Small'. (OPT-170)
Information: Changed wire load model for '*REM_UNS_OP_7_2_2' from '(none)' to 'Small'. (OPT-170)
Information: Changed wire load model for 'DW_div_uns_a_width7_b_width2' from '(none)' to 'Small'. (OPT-170)
Information: Changed wire load model for '*REM_UNS_OP_7_2_2' from '(none)' to 'Small'. (OPT-170)
Information: Changed wire load model for 'DW_div_uns_a_width7_b_width2' from '(none)' to 'Small'. (OPT-170)
Information: Changed wire load model for '*REM_UNS_OP_7_2_2' from '(none)' to 'Small'. (OPT-170)
Information: Changed wire load model for 'DW_div_uns_a_width7_b_width2' from '(none)' to 'Small'. (OPT-170)
Information: Changed wire load model for '*REM_UNS_OP_7_2_2' from '(none)' to 'Small'. (OPT-170)
Information: Changed wire load model for 'DW_div_uns_a_width7_b_width2' from '(none)' to 'Small'. (OPT-170)
Information: Changed wire load model for '*REM_UNS_OP_7_2_2' from '(none)' to 'Small'. (OPT-170)
Information: Changed wire load model for 'DW_div_uns_a_width14_b_width2' from '(none)' to 'Small'. (OPT-170)
Information: Changed wire load model for '*REM_UNS_OP_14_2_2' from '(none)' to 'Small'. (OPT-170)
Information: Changed wire load model for 'DW_div_uns_a_width14_b_width2' from '(none)' to 'Small'. (OPT-170)
Information: Changed wire load model for '*REM_UNS_OP_14_2_2' from '(none)' to 'Small'. (OPT-170)
Information: Changed wire load model for 'DW_div_uns_a_width14_b_width2' from '(none)' to 'Small'. (OPT-170)
Information: Changed wire load model for '*REM_UNS_OP_14_2_2' from '(none)' to 'Small'. (OPT-170)
Information: Changed wire load model for 'DW_div_uns_a_width14_b_width2' from '(none)' to 'Small'. (OPT-170)
Information: Changed wire load model for '*REM_UNS_OP_14_2_2' from '(none)' to 'Small'. (OPT-170)
Information: Changed wire load model for 'DW_div_uns_a_width14_b_width2' from '(none)' to 'Small'. (OPT-170)
Information: Changed wire load model for '*REM_UNS_OP_14_2_2' from '(none)' to 'Small'. (OPT-170)
Information: Changed wire load model for 'DW_div_uns_a_width14_b_width2' from '(none)' to 'Small'. (OPT-170)
Information: Changed wire load model for '*REM_UNS_OP_14_2_2' from '(none)' to 'Small'. (OPT-170)
Information: Changed wire load model for 'DW_div_uns_a_width14_b_width2' from '(none)' to 'Small'. (OPT-170)
Information: Changed wire load model for '*REM_UNS_OP_14_2_2' from '(none)' to 'Small'. (OPT-170)
Information: Changed wire load model for 'DW_div_uns_a_width14_b_width2' from '(none)' to 'Small'. (OPT-170)
Information: Changed wire load model for '*REM_UNS_OP_14_2_2' from '(none)' to 'Small'. (OPT-170)
Information: Changed wire load model for 'DW_div_uns_a_width14_b_width2' from '(none)' to 'Small'. (OPT-170)
Information: Changed wire load model for '*REM_UNS_OP_14_2_2' from '(none)' to 'Small'. (OPT-170)
Information: Changed wire load model for 'DW_div_uns_a_width14_b_width2' from '(none)' to 'Small'. (OPT-170)
Information: Changed wire load model for '*REM_UNS_OP_14_2_2' from '(none)' to 'Small'. (OPT-170)
Information: Changed wire load model for 'DW_div_uns_a_width14_b_width2' from '(none)' to 'Small'. (OPT-170)
Information: Changed wire load model for '*REM_UNS_OP_14_2_2' from '(none)' to 'Small'. (OPT-170)
Information: Changed wire load model for 'DW_div_uns_a_width14_b_width2' from '(none)' to 'Small'. (OPT-170)
Information: Changed wire load model for '*REM_UNS_OP_14_2_2' from '(none)' to 'Small'. (OPT-170)
Information: Changed wire load model for 'DW_div_uns_a_width14_b_width2' from '(none)' to 'Small'. (OPT-170)
Information: Changed wire load model for '*REM_UNS_OP_14_2_2' from '(none)' to 'Small'. (OPT-170)
Information: Changed wire load model for 'DW_div_uns_a_width14_b_width2' from '(none)' to 'Small'. (OPT-170)
Information: Changed wire load model for '*REM_UNS_OP_14_2_2' from '(none)' to 'Small'. (OPT-170)
Information: Changed wire load model for 'DW_div_uns_a_width14_b_width2' from '(none)' to 'Small'. (OPT-170)
Information: Changed wire load model for '*REM_UNS_OP_14_2_2' from '(none)' to 'Small'. (OPT-170)
Information: Changed wire load model for 'DW_div_uns_a_width14_b_width2' from '(none)' to 'Small'. (OPT-170)
Information: Changed wire load model for '*REM_UNS_OP_14_2_2' from '(none)' to 'Small'. (OPT-170)
Information: Changed wire load model for 'DW01_cmp2_width8' from '(none)' to 'Small'. (OPT-170)
Information: Changed wire load model for '*LT_UNS_OP_7_8_1' from '(none)' to 'Small'. (OPT-170)
Information: Changed wire load model for 'DW01_cmp2_width8' from '(none)' to 'Small'. (OPT-170)
Information: Changed wire load model for '*LT_UNS_OP_7_8_1' from '(none)' to 'Small'. (OPT-170)
Information: Changed wire load model for 'DW01_cmp2_width8' from '(none)' to 'Small'. (OPT-170)
Information: Changed wire load model for '*LT_UNS_OP_7_8_1' from '(none)' to 'Small'. (OPT-170)
Information: Changed wire load model for 'DW01_cmp2_width8' from '(none)' to 'Small'. (OPT-170)
Information: Changed wire load model for '*LT_UNS_OP_7_8_1' from '(none)' to 'Small'. (OPT-170)
Information: Changed wire load model for 'DW01_cmp2_width8' from '(none)' to 'Small'. (OPT-170)
Information: Changed wire load model for '*LT_UNS_OP_7_8_1' from '(none)' to 'Small'. (OPT-170)
Information: Changed wire load model for 'DW01_cmp2_width8' from '(none)' to 'Small'. (OPT-170)
Information: Changed wire load model for '*LT_UNS_OP_7_8_1' from '(none)' to 'Small'. (OPT-170)
Information: Changed wire load model for 'DW01_cmp2_width8' from '(none)' to 'Small'. (OPT-170)
Information: Changed wire load model for '*LT_UNS_OP_7_8_1' from '(none)' to 'Small'. (OPT-170)
Information: Changed wire load model for 'DW01_cmp2_width8' from '(none)' to 'Small'. (OPT-170)
Information: Changed wire load model for '*LT_UNS_OP_7_8_1' from '(none)' to 'Small'. (OPT-170)
Information: Changed wire load model for 'DW01_cmp2_width8' from '(none)' to 'Small'. (OPT-170)
Information: Changed wire load model for '*LT_UNS_OP_7_8_1' from '(none)' to 'Small'. (OPT-170)
Information: Changed wire load model for 'DW01_cmp2_width8' from '(none)' to 'Small'. (OPT-170)
Information: Changed wire load model for '*LT_UNS_OP_7_8_1' from '(none)' to 'Small'. (OPT-170)
Information: Changed wire load model for 'DW01_cmp2_width8' from '(none)' to 'Small'. (OPT-170)
Information: Changed wire load model for '*LT_UNS_OP_7_8_1' from '(none)' to 'Small'. (OPT-170)
Information: Changed wire load model for 'DW01_cmp2_width8' from '(none)' to 'Small'. (OPT-170)
Information: Changed wire load model for '*LT_UNS_OP_7_8_1' from '(none)' to 'Small'. (OPT-170)
Information: Changed wire load model for 'DW01_cmp2_width8' from '(none)' to 'Small'. (OPT-170)
Information: Changed wire load model for '*LT_UNS_OP_7_8_1' from '(none)' to 'Small'. (OPT-170)
Information: Changed wire load model for 'DW01_cmp2_width8' from '(none)' to 'Small'. (OPT-170)
Information: Changed wire load model for '*LT_UNS_OP_7_8_1' from '(none)' to 'Small'. (OPT-170)
Information: Changed wire load model for 'DW01_cmp2_width8' from '(none)' to 'Small'. (OPT-170)
Information: Changed wire load model for '*LT_UNS_OP_7_8_1' from '(none)' to 'Small'. (OPT-170)
Information: Changed wire load model for 'DW01_cmp2_width8' from '(none)' to 'Small'. (OPT-170)
Information: Changed wire load model for '*LT_UNS_OP_7_8_1' from '(none)' to 'Small'. (OPT-170)
Information: Changed wire load model for 'DW01_cmp2_width8' from '(none)' to 'Small'. (OPT-170)
Information: Changed wire load model for '*LT_UNS_OP_7_8_1' from '(none)' to 'Small'. (OPT-170)
Information: Changed wire load model for 'DW01_cmp2_width8' from '(none)' to 'Small'. (OPT-170)
Information: Changed wire load model for '*LT_UNS_OP_7_8_1' from '(none)' to 'Small'. (OPT-170)
Information: Changed wire load model for 'DW01_cmp2_width8' from '(none)' to 'Small'. (OPT-170)
Information: Changed wire load model for '*LT_UNS_OP_7_8_1' from '(none)' to 'Small'. (OPT-170)
Information: Changed wire load model for 'DW01_cmp2_width8' from '(none)' to 'Small'. (OPT-170)
Information: Changed wire load model for '*LT_UNS_OP_7_8_1' from '(none)' to 'Small'. (OPT-170)
Information: Changed wire load model for 'DW01_cmp2_width8' from '(none)' to 'Small'. (OPT-170)
Information: Changed wire load model for '*LT_UNS_OP_7_8_1' from '(none)' to 'Small'. (OPT-170)
Information: Changed wire load model for 'DW01_cmp2_width8' from '(none)' to 'Small'. (OPT-170)
Information: Changed wire load model for '*LT_UNS_OP_7_8_1' from '(none)' to 'Small'. (OPT-170)
Information: Changed wire load model for 'DW01_cmp2_width8' from '(none)' to 'Small'. (OPT-170)
Information: Changed wire load model for '*LT_UNS_OP_7_8_1' from '(none)' to 'Small'. (OPT-170)
Information: Changed wire load model for 'DW01_cmp2_width8' from '(none)' to 'Small'. (OPT-170)
Information: Changed wire load model for '*LT_UNS_OP_7_8_1' from '(none)' to 'Small'. (OPT-170)
Information: Changed wire load model for 'DW01_cmp2_width8' from '(none)' to 'Small'. (OPT-170)
Information: Changed wire load model for '*LT_UNS_OP_7_8_1' from '(none)' to 'Small'. (OPT-170)
Information: Changed wire load model for 'DW01_cmp2_width8' from '(none)' to 'Small'. (OPT-170)
Information: Changed wire load model for '*LT_UNS_OP_7_8_1' from '(none)' to 'Small'. (OPT-170)
Information: Changed wire load model for 'DW01_cmp2_width8' from '(none)' to 'Small'. (OPT-170)
Information: Changed wire load model for '*LT_UNS_OP_7_8_1' from '(none)' to 'Small'. (OPT-170)
Information: Changed wire load model for 'DW01_cmp2_width8' from '(none)' to 'Small'. (OPT-170)
Information: Changed wire load model for '*LT_UNS_OP_7_8_1' from '(none)' to 'Small'. (OPT-170)
Information: Changed wire load model for 'DW01_cmp2_width8' from '(none)' to 'Small'. (OPT-170)
Information: Changed wire load model for '*LT_UNS_OP_7_8_1' from '(none)' to 'Small'. (OPT-170)
Information: Changed wire load model for 'DW01_cmp2_width8' from '(none)' to 'Small'. (OPT-170)
Information: Changed wire load model for '*LT_UNS_OP_7_8_1' from '(none)' to 'Small'. (OPT-170)
Information: Changed wire load model for 'DW01_cmp2_width8' from '(none)' to 'Small'. (OPT-170)
Information: Changed wire load model for '*LT_UNS_OP_7_8_1' from '(none)' to 'Small'. (OPT-170)
Information: Changed wire load model for 'DW01_cmp2_width8' from '(none)' to 'Small'. (OPT-170)
Information: Changed wire load model for '*LT_UNS_OP_7_8_1' from '(none)' to 'Small'. (OPT-170)
Information: Changed wire load model for 'DW01_cmp2_width32' from '(none)' to 'Small'. (OPT-170)
Information: Changed wire load model for '*LT_UNS_OP_7_32_1' from '(none)' to 'Small'. (OPT-170)
Information: Changed wire load model for 'DW01_cmp2_width7' from '(none)' to 'Small'. (OPT-170)
Information: Changed wire load model for '*LT_UNS_OP_7_7_1' from '(none)' to 'Small'. (OPT-170)
Information: Changed wire load model for 'DW01_cmp2_width32' from '(none)' to 'Small'. (OPT-170)
Information: Changed wire load model for '*LT_UNS_OP_7_32_1' from '(none)' to 'Small'. (OPT-170)
Information: Changed wire load model for 'DW01_cmp2_width7' from '(none)' to 'Small'. (OPT-170)
Information: Changed wire load model for '*LT_UNS_OP_7_7_1' from '(none)' to 'Small'. (OPT-170)
Information: Changed wire load model for 'DW01_cmp2_width32' from '(none)' to 'Small'. (OPT-170)
Information: Changed wire load model for '*LT_UNS_OP_7_32_1' from '(none)' to 'Small'. (OPT-170)
Information: Changed wire load model for 'DW01_cmp2_width7' from '(none)' to 'Small'. (OPT-170)
Information: Changed wire load model for '*LT_UNS_OP_7_7_1' from '(none)' to 'Small'. (OPT-170)
Information: Changed wire load model for 'DW01_cmp2_width32' from '(none)' to 'Small'. (OPT-170)
Information: Changed wire load model for '*LT_UNS_OP_7_32_1' from '(none)' to 'Small'. (OPT-170)
Information: Changed wire load model for 'DW01_cmp2_width7' from '(none)' to 'Small'. (OPT-170)
Information: Changed wire load model for '*LT_UNS_OP_7_7_1' from '(none)' to 'Small'. (OPT-170)
Information: Changed wire load model for 'DW01_cmp2_width32' from '(none)' to 'Small'. (OPT-170)
Information: Changed wire load model for '*LT_UNS_OP_7_32_1' from '(none)' to 'Small'. (OPT-170)
Information: Changed wire load model for 'DW01_cmp2_width7' from '(none)' to 'Small'. (OPT-170)
Information: Changed wire load model for '*LT_UNS_OP_7_7_1' from '(none)' to 'Small'. (OPT-170)
Information: Changed wire load model for 'DW01_cmp2_width32' from '(none)' to 'Small'. (OPT-170)
Information: Changed wire load model for '*LT_UNS_OP_7_32_1' from '(none)' to 'Small'. (OPT-170)
Information: Changed wire load model for 'DW01_cmp2_width7' from '(none)' to 'Small'. (OPT-170)
Information: Changed wire load model for '*LT_UNS_OP_7_7_1' from '(none)' to 'Small'. (OPT-170)
Information: Changed wire load model for 'DW01_cmp2_width32' from '(none)' to 'Small'. (OPT-170)
Information: Changed wire load model for '*LT_UNS_OP_7_32_1' from '(none)' to 'Small'. (OPT-170)
Information: Changed wire load model for 'DW01_cmp2_width7' from '(none)' to 'Small'. (OPT-170)
Information: Changed wire load model for '*LT_UNS_OP_7_7_1' from '(none)' to 'Small'. (OPT-170)
Information: Changed wire load model for 'DW01_cmp2_width32' from '(none)' to 'Small'. (OPT-170)
Information: Changed wire load model for '*LT_UNS_OP_7_32_1' from '(none)' to 'Small'. (OPT-170)
Information: Changed wire load model for 'DW01_cmp2_width7' from '(none)' to 'Small'. (OPT-170)
Information: Changed wire load model for '*LT_UNS_OP_7_7_1' from '(none)' to 'Small'. (OPT-170)
Information: Changed wire load model for 'DW01_cmp2_width32' from '(none)' to 'Small'. (OPT-170)
Information: Changed wire load model for '*LT_UNS_OP_7_32_1' from '(none)' to 'Small'. (OPT-170)
Information: Changed wire load model for 'DW01_cmp2_width7' from '(none)' to 'Small'. (OPT-170)
Information: Changed wire load model for '*LT_UNS_OP_7_7_1' from '(none)' to 'Small'. (OPT-170)
Information: Changed wire load model for 'DW01_cmp2_width32' from '(none)' to 'Small'. (OPT-170)
Information: Changed wire load model for '*LT_UNS_OP_7_32_1' from '(none)' to 'Small'. (OPT-170)
Information: Changed wire load model for 'DW01_cmp2_width7' from '(none)' to 'Small'. (OPT-170)
Information: Changed wire load model for '*LT_UNS_OP_7_7_1' from '(none)' to 'Small'. (OPT-170)
Information: Changed wire load model for 'DW01_cmp2_width32' from '(none)' to 'Small'. (OPT-170)
Information: Changed wire load model for '*LT_UNS_OP_7_32_1' from '(none)' to 'Small'. (OPT-170)
Information: Changed wire load model for 'DW01_cmp2_width7' from '(none)' to 'Small'. (OPT-170)
Information: Changed wire load model for '*LT_UNS_OP_7_7_1' from '(none)' to 'Small'. (OPT-170)
Information: Changed wire load model for 'DW01_cmp2_width32' from '(none)' to 'Small'. (OPT-170)
Information: Changed wire load model for '*LT_UNS_OP_7_32_1' from '(none)' to 'Small'. (OPT-170)
Information: Changed wire load model for 'DW01_cmp2_width7' from '(none)' to 'Small'. (OPT-170)
Information: Changed wire load model for '*LT_UNS_OP_7_7_1' from '(none)' to 'Small'. (OPT-170)
Information: Changed wire load model for 'DW01_cmp2_width32' from '(none)' to 'Small'. (OPT-170)
Information: Changed wire load model for '*LT_UNS_OP_7_32_1' from '(none)' to 'Small'. (OPT-170)
Information: Changed wire load model for 'DW01_cmp2_width7' from '(none)' to 'Small'. (OPT-170)
Information: Changed wire load model for '*LT_UNS_OP_7_7_1' from '(none)' to 'Small'. (OPT-170)
Information: Changed wire load model for 'DW01_cmp2_width32' from '(none)' to 'Small'. (OPT-170)
Information: Changed wire load model for '*LT_UNS_OP_7_32_1' from '(none)' to 'Small'. (OPT-170)
Information: Changed wire load model for 'DW01_cmp2_width7' from '(none)' to 'Small'. (OPT-170)
Information: Changed wire load model for '*LT_UNS_OP_7_7_1' from '(none)' to 'Small'. (OPT-170)
Information: Changed wire load model for 'DW01_cmp2_width32' from '(none)' to 'Small'. (OPT-170)
Information: Changed wire load model for '*LT_UNS_OP_7_32_1' from '(none)' to 'Small'. (OPT-170)
Information: Changed wire load model for 'DW01_cmp2_width7' from '(none)' to 'Small'. (OPT-170)
Information: Changed wire load model for '*LT_UNS_OP_7_7_1' from '(none)' to 'Small'. (OPT-170)
Information: Changed wire load model for 'DW01_cmp2_width32' from '(none)' to 'Small'. (OPT-170)
Information: Changed wire load model for '*LT_UNS_OP_7_32_1' from '(none)' to 'Small'. (OPT-170)
Information: Changed wire load model for 'DW01_cmp2_width7' from '(none)' to 'Small'. (OPT-170)
Information: Changed wire load model for '*LT_UNS_OP_7_7_1' from '(none)' to 'Small'. (OPT-170)
Information: Changed wire load model for 'DW01_cmp2_width8' from '(none)' to 'Small'. (OPT-170)
Information: Changed wire load model for '*GT_UNS_OP_7_8_1' from '(none)' to 'Small'. (OPT-170)
Information: Changed wire load model for 'DW01_cmp2_width8' from '(none)' to 'Small'. (OPT-170)
Information: Changed wire load model for '*GT_UNS_OP_7_8_1' from '(none)' to 'Small'. (OPT-170)
Information: Changed wire load model for 'DW01_cmp2_width8' from '(none)' to 'Small'. (OPT-170)
Information: Changed wire load model for '*GT_UNS_OP_7_8_1' from '(none)' to 'Small'. (OPT-170)
Information: Changed wire load model for 'DW01_cmp2_width8' from '(none)' to 'Small'. (OPT-170)
Information: Changed wire load model for '*GT_UNS_OP_7_8_1' from '(none)' to 'Small'. (OPT-170)
Information: Changed wire load model for 'DW01_cmp2_width8' from '(none)' to 'Small'. (OPT-170)
Information: Changed wire load model for '*GT_UNS_OP_7_8_1' from '(none)' to 'Small'. (OPT-170)
Information: Changed wire load model for 'DW01_cmp2_width8' from '(none)' to 'Small'. (OPT-170)
Information: Changed wire load model for '*GT_UNS_OP_7_8_1' from '(none)' to 'Small'. (OPT-170)
Information: Changed wire load model for 'DW01_cmp2_width8' from '(none)' to 'Small'. (OPT-170)
Information: Changed wire load model for '*GT_UNS_OP_7_8_1' from '(none)' to 'Small'. (OPT-170)
Information: Changed wire load model for 'DW01_cmp2_width8' from '(none)' to 'Small'. (OPT-170)
Information: Changed wire load model for '*GT_UNS_OP_7_8_1' from '(none)' to 'Small'. (OPT-170)
Information: Changed wire load model for 'DW01_cmp2_width8' from '(none)' to 'Small'. (OPT-170)
Information: Changed wire load model for '*GT_UNS_OP_7_8_1' from '(none)' to 'Small'. (OPT-170)
Information: Changed wire load model for 'DW01_cmp2_width8' from '(none)' to 'Small'. (OPT-170)
Information: Changed wire load model for '*GT_UNS_OP_7_8_1' from '(none)' to 'Small'. (OPT-170)
Information: Changed wire load model for 'DW01_cmp2_width8' from '(none)' to 'Small'. (OPT-170)
Information: Changed wire load model for '*GT_UNS_OP_7_8_1' from '(none)' to 'Small'. (OPT-170)
Information: Changed wire load model for 'DW01_cmp2_width8' from '(none)' to 'Small'. (OPT-170)
Information: Changed wire load model for '*GT_UNS_OP_7_8_1' from '(none)' to 'Small'. (OPT-170)
Information: Changed wire load model for 'DW01_cmp2_width8' from '(none)' to 'Small'. (OPT-170)
Information: Changed wire load model for '*GT_UNS_OP_7_8_1' from '(none)' to 'Small'. (OPT-170)
Information: Changed wire load model for 'DW01_cmp2_width8' from '(none)' to 'Small'. (OPT-170)
Information: Changed wire load model for '*GT_UNS_OP_7_8_1' from '(none)' to 'Small'. (OPT-170)
Information: Changed wire load model for 'DW01_cmp2_width8' from '(none)' to 'Small'. (OPT-170)
Information: Changed wire load model for '*GT_UNS_OP_7_8_1' from '(none)' to 'Small'. (OPT-170)
Information: Changed wire load model for 'DW01_cmp2_width8' from '(none)' to 'Small'. (OPT-170)
Information: Changed wire load model for '*GT_UNS_OP_7_8_1' from '(none)' to 'Small'. (OPT-170)
Information: Changed wire load model for 'DW01_cmp2_width8' from '(none)' to 'Small'. (OPT-170)
Information: Changed wire load model for '*GT_UNS_OP_7_8_1' from '(none)' to 'Small'. (OPT-170)
Information: Changed wire load model for 'DW01_cmp2_width8' from '(none)' to 'Small'. (OPT-170)
Information: Changed wire load model for '*GT_UNS_OP_7_8_1' from '(none)' to 'Small'. (OPT-170)
Information: Changed wire load model for 'DW01_cmp2_width8' from '(none)' to 'Small'. (OPT-170)
Information: Changed wire load model for '*GT_UNS_OP_7_8_1' from '(none)' to 'Small'. (OPT-170)
Information: Changed wire load model for 'DW01_cmp2_width8' from '(none)' to 'Small'. (OPT-170)
Information: Changed wire load model for '*GT_UNS_OP_7_8_1' from '(none)' to 'Small'. (OPT-170)
Information: Changed wire load model for 'DW01_cmp2_width8' from '(none)' to 'Small'. (OPT-170)
Information: Changed wire load model for '*GT_UNS_OP_7_8_1' from '(none)' to 'Small'. (OPT-170)
Information: Changed wire load model for 'DW01_cmp2_width8' from '(none)' to 'Small'. (OPT-170)
Information: Changed wire load model for '*GT_UNS_OP_7_8_1' from '(none)' to 'Small'. (OPT-170)
Information: Changed wire load model for 'DW01_cmp2_width8' from '(none)' to 'Small'. (OPT-170)
Information: Changed wire load model for '*GT_UNS_OP_7_8_1' from '(none)' to 'Small'. (OPT-170)
Information: Changed wire load model for 'DW01_cmp2_width8' from '(none)' to 'Small'. (OPT-170)
Information: Changed wire load model for '*GT_UNS_OP_7_8_1' from '(none)' to 'Small'. (OPT-170)
Information: Changed wire load model for 'DW01_cmp2_width8' from '(none)' to 'Small'. (OPT-170)
Information: Changed wire load model for '*GT_UNS_OP_7_8_1' from '(none)' to 'Small'. (OPT-170)
Information: Changed wire load model for 'DW01_cmp2_width8' from '(none)' to 'Small'. (OPT-170)
Information: Changed wire load model for '*GT_UNS_OP_7_8_1' from '(none)' to 'Small'. (OPT-170)
Information: Changed wire load model for 'DW01_cmp2_width8' from '(none)' to 'Small'. (OPT-170)
Information: Changed wire load model for '*GT_UNS_OP_7_8_1' from '(none)' to 'Small'. (OPT-170)
Information: Changed wire load model for 'DW01_cmp2_width8' from '(none)' to 'Small'. (OPT-170)
Information: Changed wire load model for '*GT_UNS_OP_7_8_1' from '(none)' to 'Small'. (OPT-170)
Information: Changed wire load model for 'DW01_cmp2_width8' from '(none)' to 'Small'. (OPT-170)
Information: Changed wire load model for '*GT_UNS_OP_7_8_1' from '(none)' to 'Small'. (OPT-170)
Information: Changed wire load model for 'DW01_cmp2_width8' from '(none)' to 'Small'. (OPT-170)
Information: Changed wire load model for '*GT_UNS_OP_7_8_1' from '(none)' to 'Small'. (OPT-170)
Information: Changed wire load model for 'DW01_cmp2_width8' from '(none)' to 'Small'. (OPT-170)
Information: Changed wire load model for '*GT_UNS_OP_7_8_1' from '(none)' to 'Small'. (OPT-170)
Information: Changed wire load model for 'DW01_cmp2_width8' from '(none)' to 'Small'. (OPT-170)
Information: Changed wire load model for '*GT_UNS_OP_7_8_1' from '(none)' to 'Small'. (OPT-170)
Information: Changed wire load model for 'DW01_cmp2_width8' from '(none)' to 'Small'. (OPT-170)
Information: Changed wire load model for '*GT_UNS_OP_7_8_1' from '(none)' to 'Small'. (OPT-170)
Information: Changed wire load model for 'DW01_cmp2_width7' from '(none)' to 'Small'. (OPT-170)
Information: Changed wire load model for '*GT_UNS_OP_7_7_1' from '(none)' to 'Small'. (OPT-170)
Information: Changed wire load model for 'DW01_cmp2_width8' from '(none)' to 'Small'. (OPT-170)
Information: Changed wire load model for '*GT_UNS_OP_7_8_1' from '(none)' to 'Small'. (OPT-170)
Information: Changed wire load model for 'DW01_cmp2_width7' from '(none)' to 'Small'. (OPT-170)
Information: Changed wire load model for '*GT_UNS_OP_7_7_1' from '(none)' to 'Small'. (OPT-170)
Information: Changed wire load model for 'DW01_cmp2_width8' from '(none)' to 'Small'. (OPT-170)
Information: Changed wire load model for '*GT_UNS_OP_7_8_1' from '(none)' to 'Small'. (OPT-170)
Information: Changed wire load model for 'DW01_cmp2_width7' from '(none)' to 'Small'. (OPT-170)
Information: Changed wire load model for '*GT_UNS_OP_7_7_1' from '(none)' to 'Small'. (OPT-170)
Information: Changed wire load model for 'DW01_cmp2_width8' from '(none)' to 'Small'. (OPT-170)
Information: Changed wire load model for '*GT_UNS_OP_7_8_1' from '(none)' to 'Small'. (OPT-170)
Information: Changed wire load model for 'DW01_cmp2_width7' from '(none)' to 'Small'. (OPT-170)
Information: Changed wire load model for '*GT_UNS_OP_7_7_1' from '(none)' to 'Small'. (OPT-170)
Information: Changed wire load model for 'DW01_cmp2_width8' from '(none)' to 'Small'. (OPT-170)
Information: Changed wire load model for '*GT_UNS_OP_7_8_1' from '(none)' to 'Small'. (OPT-170)
Information: Changed wire load model for 'DW01_cmp2_width7' from '(none)' to 'Small'. (OPT-170)
Information: Changed wire load model for '*GT_UNS_OP_7_7_1' from '(none)' to 'Small'. (OPT-170)
Information: Changed wire load model for 'DW01_cmp2_width8' from '(none)' to 'Small'. (OPT-170)
Information: Changed wire load model for '*GT_UNS_OP_7_8_1' from '(none)' to 'Small'. (OPT-170)
Information: Changed wire load model for 'DW01_cmp2_width7' from '(none)' to 'Small'. (OPT-170)
Information: Changed wire load model for '*GT_UNS_OP_7_7_1' from '(none)' to 'Small'. (OPT-170)
Information: Changed wire load model for 'DW01_cmp2_width8' from '(none)' to 'Small'. (OPT-170)
Information: Changed wire load model for '*GT_UNS_OP_7_8_1' from '(none)' to 'Small'. (OPT-170)
Information: Changed wire load model for 'DW01_cmp2_width7' from '(none)' to 'Small'. (OPT-170)
Information: Changed wire load model for '*GT_UNS_OP_7_7_1' from '(none)' to 'Small'. (OPT-170)
Information: Changed wire load model for 'DW01_cmp2_width8' from '(none)' to 'Small'. (OPT-170)
Information: Changed wire load model for '*GT_UNS_OP_7_8_1' from '(none)' to 'Small'. (OPT-170)
Information: Changed wire load model for 'DW01_cmp2_width7' from '(none)' to 'Small'. (OPT-170)
Information: Changed wire load model for '*GT_UNS_OP_7_7_1' from '(none)' to 'Small'. (OPT-170)
Information: Changed wire load model for 'DW01_cmp2_width8' from '(none)' to 'Small'. (OPT-170)
Information: Changed wire load model for '*GT_UNS_OP_7_8_1' from '(none)' to 'Small'. (OPT-170)
Information: Changed wire load model for 'DW01_cmp2_width7' from '(none)' to 'Small'. (OPT-170)
Information: Changed wire load model for '*GT_UNS_OP_7_7_1' from '(none)' to 'Small'. (OPT-170)
Information: Changed wire load model for 'DW01_cmp2_width8' from '(none)' to 'Small'. (OPT-170)
Information: Changed wire load model for '*GT_UNS_OP_7_8_1' from '(none)' to 'Small'. (OPT-170)
Information: Changed wire load model for 'DW01_cmp2_width7' from '(none)' to 'Small'. (OPT-170)
Information: Changed wire load model for '*GT_UNS_OP_7_7_1' from '(none)' to 'Small'. (OPT-170)
Information: Changed wire load model for 'DW01_cmp2_width8' from '(none)' to 'Small'. (OPT-170)
Information: Changed wire load model for '*GT_UNS_OP_7_8_1' from '(none)' to 'Small'. (OPT-170)
Information: Changed wire load model for 'DW01_cmp2_width7' from '(none)' to 'Small'. (OPT-170)
Information: Changed wire load model for '*GT_UNS_OP_7_7_1' from '(none)' to 'Small'. (OPT-170)
Information: Changed wire load model for 'DW01_cmp2_width8' from '(none)' to 'Small'. (OPT-170)
Information: Changed wire load model for '*GT_UNS_OP_7_8_1' from '(none)' to 'Small'. (OPT-170)
Information: Changed wire load model for 'DW01_cmp2_width7' from '(none)' to 'Small'. (OPT-170)
Information: Changed wire load model for '*GT_UNS_OP_7_7_1' from '(none)' to 'Small'. (OPT-170)
Information: Changed wire load model for 'DW01_cmp2_width8' from '(none)' to 'Small'. (OPT-170)
Information: Changed wire load model for '*GT_UNS_OP_7_8_1' from '(none)' to 'Small'. (OPT-170)
Information: Changed wire load model for 'DW01_cmp2_width7' from '(none)' to 'Small'. (OPT-170)
Information: Changed wire load model for '*GT_UNS_OP_7_7_1' from '(none)' to 'Small'. (OPT-170)
Information: Changed wire load model for 'DW01_cmp2_width8' from '(none)' to 'Small'. (OPT-170)
Information: Changed wire load model for '*GT_UNS_OP_7_8_1' from '(none)' to 'Small'. (OPT-170)
Information: Changed wire load model for 'DW01_cmp2_width7' from '(none)' to 'Small'. (OPT-170)
Information: Changed wire load model for '*GT_UNS_OP_7_7_1' from '(none)' to 'Small'. (OPT-170)
Information: Changed wire load model for 'DW01_cmp2_width8' from '(none)' to 'Small'. (OPT-170)
Information: Changed wire load model for '*GT_UNS_OP_7_8_1' from '(none)' to 'Small'. (OPT-170)
Information: Changed wire load model for 'DW01_cmp2_width7' from '(none)' to 'Small'. (OPT-170)
Information: Changed wire load model for '*GT_UNS_OP_7_7_1' from '(none)' to 'Small'. (OPT-170)
Information: Changed wire load model for 'DW01_cmp2_width8' from '(none)' to 'Small'. (OPT-170)
Information: Changed wire load model for '*GT_UNS_OP_7_8_1' from '(none)' to 'Small'. (OPT-170)
Information: Changed wire load model for 'DW01_cmp2_width7' from '(none)' to 'Small'. (OPT-170)
Information: Changed wire load model for '*GT_UNS_OP_7_7_1' from '(none)' to 'Small'. (OPT-170)
Information: Changed wire load model for 'DW01_cmp6_width6' from '(none)' to 'Small'. (OPT-170)
Information: Changed wire load model for '*EQ_UNS_OP_5_6_1' from '(none)' to 'Small'. (OPT-170)
Information: Changed wire load model for 'DW01_cmp6_width6' from '(none)' to 'Small'. (OPT-170)
Information: Changed wire load model for '*EQ_UNS_OP_5_6_1' from '(none)' to 'Small'. (OPT-170)
Information: Changed wire load model for 'DW01_cmp6_width6' from '(none)' to 'Small'. (OPT-170)
Information: Changed wire load model for '*EQ_UNS_OP_5_6_1' from '(none)' to 'Small'. (OPT-170)
Information: Changed wire load model for 'DW01_cmp6_width6' from '(none)' to 'Small'. (OPT-170)
Information: Changed wire load model for '*EQ_UNS_OP_5_6_1' from '(none)' to 'Small'. (OPT-170)
Information: Changed wire load model for 'DW01_cmp6_width6' from '(none)' to 'Small'. (OPT-170)
Information: Changed wire load model for '*EQ_UNS_OP_5_6_1' from '(none)' to 'Small'. (OPT-170)
Information: Updating design information... (UID-85)
Warning: Design 'qrcode_decoder' contains 12 high-fanout nets. A fanout number of 1000 will be used for delay calculations involving these nets. (TIM-134)

Information: Checking generated_clocks...

Information: Checking loops...

Information: Checking no_input_delay...

Information: Checking unconstrained_endpoints...

Warning: The following end-points are not constrained for maximum delay.

End point
---------------
raddr0_reg[0]/data_in
raddr0_reg[1]/data_in
raddr0_reg[2]/data_in
raddr0_reg[3]/data_in
raddr1_reg[0]/data_in
raddr1_reg[1]/data_in
raddr1_reg[2]/data_in
raddr1_reg[3]/data_in
raddr2_reg[0]/data_in
raddr2_reg[1]/data_in
raddr2_reg[2]/data_in
raddr2_reg[3]/data_in
raddr3_reg[0]/data_in
raddr3_reg[1]/data_in
raddr3_reg[2]/data_in
raddr3_reg[3]/data_in
raddr4_reg[0]/data_in
raddr4_reg[1]/data_in
raddr4_reg[2]/data_in
raddr4_reg[3]/data_in
raddr5_reg[0]/data_in
raddr5_reg[1]/data_in
raddr5_reg[2]/data_in
raddr5_reg[3]/data_in
raddr6_reg[0]/data_in
raddr6_reg[1]/data_in
raddr6_reg[2]/data_in
raddr6_reg[3]/data_in
raddr7_reg[0]/data_in
raddr7_reg[1]/data_in
raddr7_reg[2]/data_in
raddr7_reg[3]/data_in
raddr8_reg[0]/data_in
raddr8_reg[1]/data_in
raddr8_reg[2]/data_in
raddr8_reg[3]/data_in
raddr9_reg[0]/data_in
raddr9_reg[1]/data_in
raddr9_reg[2]/data_in
raddr9_reg[3]/data_in
raddr10_reg[0]/data_in
raddr10_reg[1]/data_in
raddr10_reg[2]/data_in
raddr10_reg[3]/data_in
raddr11_reg[0]/data_in
raddr11_reg[1]/data_in
raddr11_reg[2]/data_in
raddr11_reg[3]/data_in
raddr12_reg[0]/data_in
raddr12_reg[1]/data_in
raddr12_reg[2]/data_in
raddr12_reg[3]/data_in
raddr13_reg[0]/data_in
raddr13_reg[1]/data_in
raddr13_reg[2]/data_in
raddr13_reg[3]/data_in
raddr14_reg[0]/data_in
raddr14_reg[1]/data_in
raddr14_reg[2]/data_in
raddr14_reg[3]/data_in
raddr15_reg[0]/data_in
raddr15_reg[1]/data_in
raddr15_reg[2]/data_in
raddr15_reg[3]/data_in

Information: Checking pulse_clock_cell_type...

Information: Checking no_driving_cell...

Information: Checking partial_input_delay...
1
