##-------------------------------------------------------
## This shell log has been generated by sg_shell:
##    On: Wed Nov 26 23:15:11 CST 2025
##    By: u110022124
##
## Note: This log file may contain some non-printable
##       characters because it logs user inputs from
##       stdin as well
##-------------------------------------------------------


                        SpyGlass Predictive Analyzer (R)
                              Synopsys TestMAX(TM)

               Version R-2020.12-SP2 for linux64 - May 30, 2021 

                    Copyright (c) 2001 - 2021 Synopsys, Inc.
   This software and the associated documentation are proprietary to Synopsys,
 Inc. This software may only be used in accordance with the terms and conditions
 of a written license agreement with Synopsys, Inc. All other use, reproduction,
            or distribution of this software is strictly prohibited.



To access quickstart manual, please use `man quickstart'


INFO:    It is recommended to set environment variable
         SNPSLMD_LICENSE_FILE for faster license checkout.

ERROR [276]    '\rm -rf ./spyglass-1' (File :sg_shell_main.cpp ,Line :3343) : System Command could not be executed.
               SpyGlass Internal System Error: rm: cannot remove './spyglass-1/.tmp_sg_current_goal/.nfs00000000c46d3f540000dcfb': Device or resource busy
rm: cannot remove './spyglass-1/.tmp_sg_current_goal/.nfs00000000c46d3f550000dcfc': Device or resource busy
rm: cannot remove './spyglass-1/.tmp_sg_current_goal/.nfs00000000c46d3f580000dcfd': Device or resource busy
rm: cannot remove './spyglass-1/.tmp_sg_current_goal/.nfs00000000c46d3f590000dcfe': Device or resource busy

current_methodology: info: methodology is now `/usr/cadtool/cad/synopsys/spyglass/2020.12-sp2/SPYGLASS_HOME/GuideWare/latest/block/rtl_handoff'
set_option: info: using default project `spyglass-1.prj'
current_goal: info: loading goal `lint/lint_rtl' (in progress)
current_goal: info: finished loading goal `lint/lint_rtl' (ok)

INFO:    SpyGlass will run goal(s) 'lint/lint_rtl'.


RULE-CHECKING IN MIXED MODE
Loading spyglass (SpyGlass_vR-2020.12-SP2) ... (picked from /usr/cadtool/cad/synopsys/spyglass/2020.12-sp2/SPYGLASS_HOME/policies/spyglass)
Loading openmore (SpyGlass_vR-2020.12-SP2) ... (picked from /usr/cadtool/cad/synopsys/spyglass/2020.12-sp2/SPYGLASS_HOME/policies/openmore)
Loading starc (SpyGlass_vR-2020.12-SP2) ... (picked from /usr/cadtool/cad/synopsys/spyglass/2020.12-sp2/SPYGLASS_HOME/policies/starc)
Loading starc2005 (SpyGlass_vR-2020.12-SP2) ... (picked from /usr/cadtool/cad/synopsys/spyglass/2020.12-sp2/SPYGLASS_HOME/policies/starc2005)
Loading erc (SpyGlass_vR-2020.12-SP2) ... (picked from /usr/cadtool/cad/synopsys/spyglass/2020.12-sp2/SPYGLASS_HOME/policies/erc)
Loading simulation (SpyGlass_vR-2020.12-SP2) ... (picked from /usr/cadtool/cad/synopsys/spyglass/2020.12-sp2/SPYGLASS_HOME/policies/simulation)
Loading lint (SpyGlass_vR-2020.12-SP2) ... (picked from /usr/cadtool/cad/synopsys/spyglass/2020.12-sp2/SPYGLASS_HOME/policies/lint)
Loading latch (SpyGlass_vR-2020.12-SP2) ... (picked from /usr/cadtool/cad/synopsys/spyglass/2020.12-sp2/SPYGLASS_HOME/policies/latch)
Loading morelint (SpyGlass_vR-2020.12-SP2) ... (picked from /usr/cadtool/cad/synopsys/spyglass/2020.12-sp2/SPYGLASS_HOME/policies/morelint)
Loading timing (SpyGlass_vR-2020.12-SP2) ... (picked from /usr/cadtool/cad/synopsys/spyglass/2020.12-sp2/SPYGLASS_HOME/policies/timing)
Loading starc2002 (SpyGlass_vR-2020.12-SP2) ... (picked from /usr/cadtool/cad/synopsys/spyglass/2020.12-sp2/SPYGLASS_HOME/policies/starc2002)

INFO [6]    Work Directory './spyglass-1/WORK' does not exist.

INFO [75]    Creating the Work Directory './spyglass-1/WORK/64' for 64bit  precompiled dump.
Checking Rule PrecompileLibCheck01 (Rule 1 of total 263) .... done (Time = 0.00s, Memory = 0.0K)
Checking Rule PrecompileLibCheck02 (Rule 2 of total 263) .... done (Time = 0.00s, Memory = 0.0K)
Checking Rule PrecompileLibCheck03 (Rule 3 of total 263) .... done (Time = 0.00s, Memory = 0.0K)
Checking Rule PrecompileLibCheck04 (Rule 4 of total 263) .... done (Time = 0.00s, Memory = 0.0K)
Checking Rule AbstractInterface (Rule 5 of total 263) .... done (Time = 0.00s, Memory = 0.0K)
Checking Rule SGDC_assume_path01 (Rule 6 of total 263) .... done (Time = 0.00s, Memory = 0.0K)
Checking Rule SGDC_sdcschema02 (Rule 7 of total 263) .... done (Time = 0.00s, Memory = 32.0K)
Checking Rule SGDC_clock05 (Rule 8 of total 263) .... done (Time = 0.00s, Memory = 0.0K)
Checking Rule SGDC_clock09 (Rule 9 of total 263) .... done (Time = 0.00s, Memory = 0.0K)
Checking Rule SGDC_force_ta05 (Rule 10 of total 263) .... done (Time = 0.00s, Memory = 0.0K)
Checking Rule SGDC_require_path03 (Rule 11 of total 263) .... done (Time = 0.00s, Memory = 32.0K)
Checking Rule SGDC_require_value03 (Rule 12 of total 263) .... done (Time = 0.00s, Memory = 8.0K)
Checking Rule SGDC_voltagedomain05 (Rule 13 of total 263) .... done (Time = 0.00s, Memory = -24.0K)
Checking Rule SGDC_voltagedomain06 (Rule 14 of total 263) .... done (Time = 0.00s, Memory = 0.0K)
Checking Rule SGDC_voltagedomain07 (Rule 15 of total 263) .... done (Time = 0.00s, Memory = 0.0K)
Checking Rule SGDC_powerdomainoutputs02 (Rule 16 of total 263) .... done (Time = 0.00s, Memory = 0.0K)
Checking Rule SGDC_supply01 (Rule 17 of total 263) .... done (Time = 0.00s, Memory = 16.0K)
Checking Rule SGDC_waive01 (Rule 18 of total 263) .... done (Time = 0.00s, Memory = 0.0K)
Checking Rule SGDC_waive02 (Rule 19 of total 263) .... done (Time = 0.00s, Memory = 0.0K)
Checking Rule SGDC_waive03 (Rule 20 of total 263) .... done (Time = 0.00s, Memory = 0.0K)
Checking Rule SGDC_waive04 (Rule 21 of total 263) .... done (Time = 0.00s, Memory = 0.0K)
Checking Rule SGDC_waive05 (Rule 22 of total 263) .... done (Time = 0.00s, Memory = 0.0K)
Checking Rule SGDC_waive06 (Rule 23 of total 263) .... done (Time = 0.00s, Memory = 0.0K)
Checking Rule SGDC_waive07 (Rule 24 of total 263) .... done (Time = 0.00s, Memory = 0.0K)
Checking Rule SGDC_waive08 (Rule 25 of total 263) .... done (Time = 0.00s, Memory = 0.0K)
Checking Rule SGDC_waive09 (Rule 26 of total 263) .... done (Time = 0.00s, Memory = 0.0K)
Checking Rule SGDC_waive10 (Rule 27 of total 263) .... done (Time = 0.00s, Memory = 0.0K)
Checking Rule SGDC_waive11 (Rule 28 of total 263) .... done (Time = 0.01s, Memory = 0.0K)
Checking Rule SGDC_waive12 (Rule 29 of total 263) .... done (Time = 0.00s, Memory = 0.0K)
Checking Rule SGDC_waive13 (Rule 30 of total 263) .... done (Time = 0.00s, Memory = 0.0K)
Checking Rule SGDC_waive21 (Rule 31 of total 263) .... done (Time = 0.00s, Memory = 0.0K)
Checking Rule SGDC_waive22 (Rule 32 of total 263) .... done (Time = 0.00s, Memory = 0.0K)
Checking Rule SGDC_waive30 (Rule 33 of total 263) .... done (Time = 0.00s, Memory = 0.0K)
Checking Rule SGDC_waive32 (Rule 34 of total 263) .... done (Time = 0.00s, Memory = 0.0K)
Checking Rule SGDC_waive33 (Rule 35 of total 263) .... done (Time = 0.00s, Memory = 0.0K)
Checking Rule SGDC_waive36 (Rule 36 of total 263) .... done (Time = 0.00s, Memory = 0.0K)
Checking Rule SGDC_waive38 (Rule 37 of total 263) .... done (Time = 0.00s, Memory = 0.0K)
Checking Rule SGDC_fifo01 (Rule 38 of total 263) .... done (Time = 0.00s, Memory = 8.0K)
Checking Rule SGDC_libgroup01 (Rule 39 of total 263) .... done (Time = 0.00s, Memory = 0.0K)
Checking Rule SGDC_libgroup02 (Rule 40 of total 263) .... done (Time = 0.00s, Memory = 0.0K)
Checking Rule SGDC_libgroup04 (Rule 41 of total 263) .... done (Time = 0.00s, Memory = 0.0K)
Checking Rule SGDC_power_data01 (Rule 42 of total 263) .... done (Time = 0.00s, Memory = -32.0K)
Checking Rule SGDC_ungroup01 (Rule 43 of total 263) .... done (Time = 0.00s, Memory = 8.0K)
Checking Rule SGDC_abstract_port06 (Rule 44 of total 263) .... done (Time = 0.00s, Memory = 0.0K)
Checking Rule SGDC_abstract_port14 (Rule 45 of total 263) .... done (Time = 0.00s, Memory = 8.0K)
Checking Rule SGDC_abstract_port15 (Rule 46 of total 263) .... done (Time = 0.00s, Memory = 8.0K)
Checking Rule SGDC_abstract_port18 (Rule 47 of total 263) .... done (Time = 0.00s, Memory = 8.0K)
Checking Rule sdc_init_rule (Rule 48 of total 263) .... done (Time = 0.00s, Memory = 32.0K)
Checking Rule CMD_ignorelibs01 (Rule 49 of total 263) .... done (Time = 0.00s, Memory = 0.0K)
Checking Rule ReportRuleNotRun (Rule 50 of total 263) .... done (Time = 0.01s, Memory = 0.0K)
Checking Rule STARC05-2.3.1.2c (Rule 51 of total 263) .... done (Time = 0.00s, Memory = 0.0K)
Checking Rule W442a (Rule 52 of total 263) .... done (Time = 0.00s, Memory = 0.0K)
Checking Rule W442b (Rule 53 of total 263) .... done (Time = 0.00s, Memory = 0.0K)
Checking Rule W442c (Rule 54 of total 263) .... done (Time = 0.00s, Memory = 0.0K)
Checking Rule W442f (Rule 55 of total 263) .... done (Time = 0.00s, Memory = 0.0K)
Checking Rule mixedsenselist (Rule 56 of total 263) .... done (Time = 0.00s, Memory = 0.0K)
Checking Rule badimplicitSM1 (Rule 57 of total 263) .... done (Time = 0.00s, Memory = 0.0K)
Checking Rule badimplicitSM2 (Rule 58 of total 263) .... done (Time = 0.00s, Memory = 0.0K)
Checking Rule badimplicitSM4 (Rule 59 of total 263) .... done (Time = 0.00s, Memory = 0.0K)
Checking Rule bothedges (Rule 60 of total 263) .... done (Time = 0.00s, Memory = 0.0K)
Checking Rule BlockHeader (Rule 61 of total 263) .... done (Time = 0.00s, Memory = 0.0K)
Checking Rule W421 (Rule 62 of total 263) .... done (Time = 0.00s, Memory = 0.0K)
Checking Rule STARC05-2.1.6.5 (Rule 63 of total 263) .... done (Time = 0.00s, Memory = 0.0K)
Checking Rule ReportStopSummary (Rule 64 of total 263) .... done (Time = 0.00s, Memory = 0.0K)
Checking Rule ReportIgnoreSummary (Rule 65 of total 263) .... done (Time = 0.00s, Memory = 0.0K)
 Analyzing source file "../hdl/ViT_top.v" ....
 Analyzing source file "../hdl/exp_lut.v" ....
 Analyzing source file "../hdl/div.v" ....
 Elaborating Top Verilog Design Unit 'ViT_top' .....
 done
Checking Rule ElabSummary (Rule 66 of total 263) .... done (Time = 0.00s, Memory = 0.0K)
Checking Rule ReportCheckDataSummary (Rule 67 of total 263) .... done (Time = 0.00s, Memory = 0.0K)
 Reading waiver file "./spyglass-1/lint/lint_rtl/spyglass_spysch/constraint/spg_autogenerated_waivers.sgdc" ...
 Generating SGDC file "./spyglass-1/lint/lint_rtl/spyglass_spysch/constraint/pragma2Constraint.sgdc" from pragmas in HDL source files ....
 Generating WAIVER file "./spyglass-1/lint/lint_rtl/spyglass_spysch/waiver/pragma2Waiver.swl" from pragmas in HDL source files ....
Checking Rule DetectTopDesignUnits (Rule 68 of total 263)
 Detected 1 top level design units:
     ViT_top
 .... done (Time = 0.00s, Memory = 0.0K)
Performing semantic checks on SGDC contents
Checking Rule SGDC_testmode03 (Rule 69 of total 263) .... done (Time = 0.00s, Memory = 0.0K)
Checking Rule ReportObsoletePragmas (Rule 70 of total 263) .... done (Time = 0.00s, Memory = 0.0K)
Checking Rule checkSGDC_01 (Rule 71 of total 263) .... done (Time = 0.00s, Memory = 0.0K)
Checking Rule checkSGDC_03 (Rule 72 of total 263) .... done (Time = 0.00s, Memory = 0.0K)
Checking Rule checkSGDC_08 (Rule 73 of total 263) .... done (Time = 0.00s, Memory = 0.0K)
Checking Rule GenerateConfMap (Rule 74 of total 263) .... done (Time = 0.00s, Memory = -32.0K)
Checking Rule SGDC_memorywritepin04 (Rule 75 of total 263) .... done (Time = 0.00s, Memory = -32.0K)
Checking Rule SGDC_reset02 (Rule 76 of total 263) .... done (Time = 0.00s, Memory = 0.0K)
Checking Rule SGDC_reset03 (Rule 77 of total 263) .... done (Time = 0.00s, Memory = 8.0K)
Checking Rule SGDC_libgroup03 (Rule 78 of total 263) .... done (Time = 0.00s, Memory = 0.0K)
Checking Rule SGDC_ungroup02 (Rule 79 of total 263) .... done (Time = 0.00s, Memory = 0.0K)
Checking Rule HdlLibDuCheck (Rule 80 of total 263) .... done (Time = 0.00s, Memory = 0.0K)
Checking Rule RtlDesignInfo (Rule 81 of total 263) .... done (Time = 0.00s, Memory = 0.0K)
Checking Rule W339a (Rule 82 of total 263) .... done (Time = 0.00s, Memory = 0.0K)
Checking Rule W416 (Rule 83 of total 263) .... done (Time = 0.00s, Memory = 0.0K)
Checking Rule mixedsenselist (Rule 84 of total 263) .... done (Time = 0.00s, Memory = 0.0K)
Checking Rule W110a (Rule 85 of total 263) .... done (Time = 0.00s, Memory = 0.0K)
Checking Rule preReq_ConsCase (Rule 86 of total 263) .... done (Time = 0.00s, Memory = 0.0K)
Checking Rule CheckCelldefine (Rule 87 of total 263) .... done (Time = 0.00s, Memory = 0.0K)
Checking Rule SGDC_waive23 (Rule 88 of total 263) .... done (Time = 0.00s, Memory = 0.0K)
Checking Rule SGDC_waive26 (Rule 89 of total 263) .... done (Time = 0.00s, Memory = 0.0K)
Checking Rule SGDC_waive27 (Rule 90 of total 263) .... done (Time = 0.00s, Memory = 0.0K)
Checking Rule SGDC_waive29 (Rule 91 of total 263) .... done (Time = 0.00s, Memory = 0.0K)
Checking Rule STARC05-2.3.1.5b (Rule 92 of total 263) .... done (Time = 0.00s, Memory = 0.0K)
Checking Rule STARC05-2.3.3.1 (Rule 93 of total 263) .... done (Time = 0.00s, Memory = 0.0K)
Checking Rule STARC05-2.3.3.1 (Rule 94 of total 263) .... done (Time = 0.00s, Memory = 0.0K)
Checking Rule STARC05-2.11.3.1 (Rule 95 of total 263) .... done (Time = 0.00s, Memory = 0.0K)
Checking Rule W317 (Rule 96 of total 263) .... done (Time = 0.00s, Memory = 0.0K)
Checking Rule W422 (Rule 97 of total 263) .... done (Time = 0.00s, Memory = 0.0K)
Checking Rule W426 (Rule 98 of total 263) .... done (Time = 0.01s, Memory = 0.0K)
Checking Rule W480 (Rule 99 of total 263) .... done (Time = 0.00s, Memory = 0.0K)
Checking Rule W481a (Rule 100 of total 263) .... done (Time = 0.00s, Memory = 0.0K)
Checking Rule W481b (Rule 101 of total 263) .... done (Time = 0.00s, Memory = 0.0K)
Checking Rule W422 (Rule 102 of total 263) .... done (Time = 0.00s, Memory = 0.0K)
Checking Rule W292 (Rule 103 of total 263) .... done (Time = 0.00s, Memory = 0.0K)
Checking Rule W71 (Rule 104 of total 263) .... done (Time = 0.00s, Memory = 0.0K)
Checking Rule W287b (Rule 105 of total 263) .... done (Time = 0.00s, Memory = 0.0K)
Checking Rule W293 (Rule 106 of total 263) .... done (Time = 0.00s, Memory = 0.0K)
Checking Rule W398 (Rule 107 of total 263) .... done (Time = 0.00s, Memory = 0.0K)
Checking Rule W421 (Rule 108 of total 263) .... done (Time = 0.00s, Memory = 0.0K)
Checking Rule W424 (Rule 109 of total 263) .... done (Time = 0.00s, Memory = 0.0K)
Checking Rule W467 (Rule 110 of total 263) .... done (Time = 0.00s, Memory = 0.0K)
Checking Rule Prereqs_RegInputOutputs (Rule 111 of total 263) .... done (Time = 0.00s, Memory = 0.0K)
Checking Rule PragmaComments-ML (Rule 112 of total 263) .... done (Time = 0.00s, Memory = 24.0K)
Checking Rule PragmaComments-ML (Rule 113 of total 263) .... done (Time = 0.00s, Memory = 0.0K)
Checking Rule CheckDelayTimescale-ML (Rule 114 of total 263) .... done (Time = 0.01s, Memory = 0.0K)
Checking Rule Prereqs_CheckTimeUnitandPrecision-ML (Rule 115 of total 263) .... done (Time = 0.00s, Memory = 0.0K)
Checking ELABDU Rules for designUnit ViT_top
    Checking Rule Prereqs_InferLatch (Rule 116 of total 263) .... done (Time = 0.00s, Memory = 0.0K)
    Checking Rule STARC05-2.1.4.5 (Rule 117 of total 263) .... done (Time = 0.00s, Memory = 0.0K)
    Checking Rule STARC05-2.1.5.3 (Rule 118 of total 263) .... done (Time = 0.00s, Memory = 0.0K)
    Checking Rule STARC05-2.2.3.3 (Rule 119 of total 263) .... done (Time = 0.01s, Memory = 0.0K)
    Checking Rule STARC05-2.3.1.6 (Rule 120 of total 263) .... done (Time = 0.00s, Memory = 8.0K)
    Checking Rule STARC05-2.10.2.3 (Rule 121 of total 263) .... done (Time = 0.01s, Memory = 0.0K)
    Checking Rule STARC05-2.10.3.2a (Rule 122 of total 263) .... done (Time = 0.00s, Memory = 0.0K)
    Checking Rule STARC05-2.11.3.1 (Rule 123 of total 263) .... done (Time = 0.07s, Memory = 280.0K)
    Checking Rule STARC05-2.1.3.1 (Rule 124 of total 263) .... done (Time = 0.00s, Memory = 0.0K)
    Checking Rule STARC05-2.10.1.4a (Rule 125 of total 263) .... done (Time = 0.00s, Memory = 0.0K)
    Checking Rule STARC05-2.10.1.4b (Rule 126 of total 263) .... done (Time = 0.00s, Memory = 0.0K)
    Checking Rule sim_race02 (Rule 127 of total 263) .... done (Time = 0.61s, Memory = 280.0K)
    Checking Rule W110 (Rule 128 of total 263) .... done (Time = 0.00s, Memory = 0.0K)
    Checking Rule W122 (Rule 129 of total 263) .... done (Time = 0.01s, Memory = 0.0K)
    Checking Rule W496a (Rule 130 of total 263) .... done (Time = 0.00s, Memory = 0.0K)
    Checking Rule W496b (Rule 131 of total 263) .... done (Time = 0.00s, Memory = 0.0K)
    Checking Rule W19 (Rule 132 of total 263) .... done (Time = 0.00s, Memory = 0.0K)
    Checking Rule W66 (Rule 133 of total 263) .... done (Time = 0.00s, Memory = 0.0K)
    Checking Rule W116 (Rule 134 of total 263) .... done (Time = 0.00s, Memory = 8.0K)
    Checking Rule W123 (Rule 135 of total 263) .... done (Time = 0.05s, Memory = 112.0K)
    Checking Rule W156 (Rule 136 of total 263) .... done (Time = 0.00s, Memory = 0.0K)
    Checking Rule W215 (Rule 137 of total 263) .... done (Time = 0.01s, Memory = 0.0K)
    Checking Rule W216 (Rule 138 of total 263) .... done (Time = 0.00s, Memory = 0.0K)
    Checking Rule W218 (Rule 139 of total 263) .... done (Time = 0.00s, Memory = 0.0K)
    Checking Rule W224 (Rule 140 of total 263) .... done (Time = 0.00s, Memory = 0.0K)
    Checking Rule W263 (Rule 141 of total 263) .... done (Time = 0.00s, Memory = 0.0K)
    Checking Rule W289 (Rule 142 of total 263) .... done (Time = 0.01s, Memory = 0.0K)
    Checking Rule W337 (Rule 143 of total 263) .... done (Time = 0.00s, Memory = 0.0K)
    Checking Rule W416 (Rule 144 of total 263) .... done (Time = 0.00s, Memory = 0.0K)
    Checking Rule W352 (Rule 145 of total 263) .... done (Time = 0.00s, Memory = 0.0K)
    Checking Rule W362 (Rule 146 of total 263) .... done (Time = 0.00s, Memory = 0.0K)
    Checking Rule W415a (Rule 147 of total 263) .... done (Time = 0.04s, Memory = 32.0K)
    Checking Rule W486 (Rule 148 of total 263) .... done (Time = 0.00s, Memory = 0.0K)
    Checking Rule W499 (Rule 149 of total 263) .... done (Time = 0.00s, Memory = 16.0K)
    Checking Rule W502 (Rule 150 of total 263) .... done (Time = 0.00s, Memory = 0.0K)
    Checking Rule W116 (Rule 151 of total 263) .... done (Time = 0.00s, Memory = 0.0K)
    Checking Rule W122 (Rule 152 of total 263) .... done (Time = 0.00s, Memory = 0.0K)
    Checking Rule W123 (Rule 153 of total 263) .... done (Time = 0.00s, Memory = 0.0K)
    Checking Rule W156 (Rule 154 of total 263) .... done (Time = 0.00s, Memory = 0.0K)
    Checking Rule W71 (Rule 155 of total 263) .... done (Time = 0.01s, Memory = 0.0K)
    Checking Rule W240 (Rule 156 of total 263) .... done (Time = 0.00s, Memory = 0.0K)
    Checking Rule W240 (Rule 157 of total 263) .... done (Time = 0.00s, Memory = 0.0K)
    Checking Rule W287a (Rule 158 of total 263) .... done (Time = 0.03s, Memory = 16.0K)
    Checking Rule W293 (Rule 159 of total 263) .... done (Time = 0.00s, Memory = 0.0K)
    Checking Rule W398 (Rule 160 of total 263) .... done (Time = 0.00s, Memory = 0.0K)
    Checking Rule W424 (Rule 161 of total 263) .... done (Time = 0.00s, Memory = 0.0K)
    Checking Rule W467 (Rule 162 of total 263) .... done (Time = 0.00s, Memory = 0.0K)
    Checking Rule W505 (Rule 163 of total 263) .... done (Time = 0.01s, Memory = 0.0K)
    Checking Rule W505 (Rule 164 of total 263) .... done (Time = 0.00s, Memory = 0.0K)
    Checking Rule W528 (Rule 165 of total 263) .... done (Time = 0.00s, Memory = 0.0K)
    Checking Rule W528 (Rule 166 of total 263) .... done (Time = 0.00s, Memory = 608.0K)
    Checking Rule Prereqs_Usage (Rule 167 of total 263) .... done (Time = 0.00s, Memory = -48.0K)
    Checking Rule Prereqs_ConstantInput-ML (Rule 168 of total 263) .... done (Time = 0.00s, Memory = 0.0K)
    Checking Rule ReportPortInfo-ML (Rule 169 of total 263) .... done (Time = 0.11s, Memory = 8.0K)
    Checking Rule Prereqs_ReportPortInfo-ML (Rule 170 of total 263) .... done (Time = 0.00s, Memory = 0.0K)
    Checking Rule Prereqs_ReportPortInfo-ML (Rule 171 of total 263) .... done (Time = 0.00s, Memory = 0.0K)
    Checking Rule NoAssignX-ML (Rule 172 of total 263) .... done (Time = 0.00s, Memory = 0.0K)
    Checking Rule ParamWidthMismatch-ML (Rule 173 of total 263) .... done (Time = 0.00s, Memory = 0.0K)
    Checking Rule Postreqs_Usage_ML (Rule 174 of total 263) .... done (Time = 0.00s, Memory = 0.0K)
    Checking Rule NoXInCase-ML (Rule 175 of total 263) .... done (Time = 0.00s, Memory = 0.0K)
Checking ELABDU Rules for designUnit div
    Checking Rule Prereqs_InferLatch (Rule 116 of total 263) .... done (Time = 0.00s, Memory = 0.0K)
    Checking Rule STARC05-2.1.4.5 (Rule 117 of total 263) .... done (Time = 0.00s, Memory = 0.0K)
    Checking Rule STARC05-2.1.5.3 (Rule 118 of total 263) .... done (Time = 0.00s, Memory = 0.0K)
    Checking Rule STARC05-2.2.3.3 (Rule 119 of total 263) .... done (Time = 0.00s, Memory = 0.0K)
    Checking Rule STARC05-2.3.1.6 (Rule 120 of total 263) .... done (Time = 0.00s, Memory = 0.0K)
    Checking Rule STARC05-2.10.2.3 (Rule 121 of total 263) .... done (Time = 0.00s, Memory = 0.0K)
    Checking Rule STARC05-2.10.3.2a (Rule 122 of total 263) .... done (Time = 0.00s, Memory = 0.0K)
    Checking Rule STARC05-2.11.3.1 (Rule 123 of total 263) .... done (Time = 0.00s, Memory = 0.0K)
    Checking Rule STARC05-2.1.3.1 (Rule 124 of total 263) .... done (Time = 0.00s, Memory = 0.0K)
    Checking Rule STARC05-2.10.1.4a (Rule 125 of total 263) .... done (Time = 0.00s, Memory = 0.0K)
    Checking Rule STARC05-2.10.1.4b (Rule 126 of total 263) .... done (Time = 0.00s, Memory = 0.0K)
    Checking Rule sim_race02 (Rule 127 of total 263) .... done (Time = 0.02s, Memory = 0.0K)
    Checking Rule W110 (Rule 128 of total 263) .... done (Time = 0.00s, Memory = 0.0K)
    Checking Rule W122 (Rule 129 of total 263) .... done (Time = 0.00s, Memory = 0.0K)
    Checking Rule W496a (Rule 130 of total 263) .... done (Time = 0.00s, Memory = 0.0K)
    Checking Rule W496b (Rule 131 of total 263) .... done (Time = 0.00s, Memory = 0.0K)
    Checking Rule W19 (Rule 132 of total 263) .... done (Time = 0.00s, Memory = 0.0K)
    Checking Rule W66 (Rule 133 of total 263) .... done (Time = 0.00s, Memory = 0.0K)
    Checking Rule W116 (Rule 134 of total 263) .... done (Time = 0.00s, Memory = 0.0K)
    Checking Rule W123 (Rule 135 of total 263) .... done (Time = 0.01s, Memory = 16.0K)
    Checking Rule W156 (Rule 136 of total 263) .... done (Time = 0.00s, Memory = 0.0K)
    Checking Rule W215 (Rule 137 of total 263) .... done (Time = 0.00s, Memory = 0.0K)
    Checking Rule W216 (Rule 138 of total 263) .... done (Time = 0.00s, Memory = 0.0K)
    Checking Rule W218 (Rule 139 of total 263) .... done (Time = 0.00s, Memory = 0.0K)
    Checking Rule W224 (Rule 140 of total 263) .... done (Time = 0.00s, Memory = 0.0K)
    Checking Rule W263 (Rule 141 of total 263) .... done (Time = 0.00s, Memory = 0.0K)
    Checking Rule W289 (Rule 142 of total 263) .... done (Time = 0.00s, Memory = 0.0K)
    Checking Rule W337 (Rule 143 of total 263) .... done (Time = 0.00s, Memory = 0.0K)
    Checking Rule W416 (Rule 144 of total 263) .... done (Time = 0.00s, Memory = 0.0K)
    Checking Rule W352 (Rule 145 of total 263) .... done (Time = 0.00s, Memory = 0.0K)
    Checking Rule W362 (Rule 146 of total 263) .... done (Time = 0.01s, Memory = 0.0K)
    Checking Rule W415a (Rule 147 of total 263) .... done (Time = 0.01s, Memory = 16.0K)
    Checking Rule W486 (Rule 148 of total 263) .... done (Time = 0.00s, Memory = 0.0K)
    Checking Rule W499 (Rule 149 of total 263) .... done (Time = 0.00s, Memory = 8.0K)
    Checking Rule W502 (Rule 150 of total 263) .... done (Time = 0.01s, Memory = 0.0K)
    Checking Rule W116 (Rule 151 of total 263) .... done (Time = 0.00s, Memory = 0.0K)
    Checking Rule W122 (Rule 152 of total 263) .... done (Time = 0.00s, Memory = 0.0K)
    Checking Rule W123 (Rule 153 of total 263) .... done (Time = 0.00s, Memory = 0.0K)
    Checking Rule W156 (Rule 154 of total 263) .... done (Time = 0.00s, Memory = 0.0K)
    Checking Rule W71 (Rule 155 of total 263) .... done (Time = 0.00s, Memory = 0.0K)
    Checking Rule W240 (Rule 156 of total 263) .... done (Time = 0.00s, Memory = 0.0K)
    Checking Rule W240 (Rule 157 of total 263) .... done (Time = 0.00s, Memory = 0.0K)
    Checking Rule W287a (Rule 158 of total 263) .... done (Time = 0.00s, Memory = 0.0K)
    Checking Rule W293 (Rule 159 of total 263) .... done (Time = 0.00s, Memory = 0.0K)
    Checking Rule W398 (Rule 160 of total 263) .... done (Time = 0.00s, Memory = 0.0K)
    Checking Rule W424 (Rule 161 of total 263) .... done (Time = 0.00s, Memory = 0.0K)
    Checking Rule W467 (Rule 162 of total 263) .... done (Time = 0.00s, Memory = 0.0K)
    Checking Rule W505 (Rule 163 of total 263) .... done (Time = 0.00s, Memory = 0.0K)
    Checking Rule W505 (Rule 164 of total 263) .... done (Time = 0.00s, Memory = 0.0K)
    Checking Rule W528 (Rule 165 of total 263) .... done (Time = 0.00s, Memory = 0.0K)
    Checking Rule W528 (Rule 166 of total 263) .... done (Time = 0.00s, Memory = 608.0K)
    Checking Rule Prereqs_Usage (Rule 167 of total 263) .... done (Time = 0.00s, Memory = -16.0K)
    Checking Rule Prereqs_ConstantInput-ML (Rule 168 of total 263) .... done (Time = 0.00s, Memory = 0.0K)
    Checking Rule ReportPortInfo-ML (Rule 169 of total 263) .... done (Time = 0.00s, Memory = 0.0K)
    Checking Rule Prereqs_ReportPortInfo-ML (Rule 170 of total 263) .... done (Time = 0.00s, Memory = 0.0K)
    Checking Rule Prereqs_ReportPortInfo-ML (Rule 171 of total 263) .... done (Time = 0.00s, Memory = 0.0K)
    Checking Rule NoAssignX-ML (Rule 172 of total 263) .... done (Time = 0.00s, Memory = 0.0K)
    Checking Rule ParamWidthMismatch-ML (Rule 173 of total 263) .... done (Time = 0.00s, Memory = 0.0K)
    Checking Rule Postreqs_Usage_ML (Rule 174 of total 263) .... done (Time = 0.00s, Memory = 0.0K)
    Checking Rule NoXInCase-ML (Rule 175 of total 263) .... done (Time = 0.00s, Memory = 0.0K)
Checking ELABDU Rules for designUnit exp_lut
    Checking Rule Prereqs_InferLatch (Rule 116 of total 263) .... done (Time = 0.00s, Memory = 0.0K)
    Checking Rule STARC05-2.1.4.5 (Rule 117 of total 263) .... done (Time = 0.00s, Memory = 0.0K)
    Checking Rule STARC05-2.1.5.3 (Rule 118 of total 263) .... done (Time = 0.00s, Memory = 0.0K)
    Checking Rule STARC05-2.2.3.3 (Rule 119 of total 263) .... done (Time = 0.00s, Memory = -16.0K)
    Checking Rule STARC05-2.3.1.6 (Rule 120 of total 263) .... done (Time = 0.00s, Memory = 0.0K)
    Checking Rule STARC05-2.10.2.3 (Rule 121 of total 263) .... done (Time = 0.01s, Memory = 0.0K)
    Checking Rule STARC05-2.10.3.2a (Rule 122 of total 263) .... done (Time = 0.00s, Memory = 0.0K)
    Checking Rule STARC05-2.11.3.1 (Rule 123 of total 263) .... done (Time = 0.01s, Memory = 320.0K)
    Checking Rule STARC05-2.1.3.1 (Rule 124 of total 263) .... done (Time = 0.00s, Memory = 0.0K)
    Checking Rule STARC05-2.10.1.4a (Rule 125 of total 263) .... done (Time = 0.00s, Memory = 0.0K)
    Checking Rule STARC05-2.10.1.4b (Rule 126 of total 263) .... done (Time = 0.00s, Memory = 0.0K)
    Checking Rule sim_race02 (Rule 127 of total 263) .... done (Time = 0.00s, Memory = 256.0K)
    Checking Rule W110 (Rule 128 of total 263) .... done (Time = 0.00s, Memory = 0.0K)
    Checking Rule W122 (Rule 129 of total 263) .... done (Time = 0.00s, Memory = 0.0K)
    Checking Rule W496a (Rule 130 of total 263) .... done (Time = 0.00s, Memory = 0.0K)
    Checking Rule W496b (Rule 131 of total 263) .... done (Time = 0.01s, Memory = 0.0K)
    Checking Rule W19 (Rule 132 of total 263) .... done (Time = 0.00s, Memory = 0.0K)
    Checking Rule W66 (Rule 133 of total 263) .... done (Time = 0.00s, Memory = 0.0K)
    Checking Rule W116 (Rule 134 of total 263) .... done (Time = 0.00s, Memory = 0.0K)
    Checking Rule W123 (Rule 135 of total 263) .... done (Time = 0.00s, Memory = 16.0K)
    Checking Rule W156 (Rule 136 of total 263) .... done (Time = 0.00s, Memory = 0.0K)
    Checking Rule W215 (Rule 137 of total 263) .... done (Time = 0.00s, Memory = 0.0K)
    Checking Rule W216 (Rule 138 of total 263) .... done (Time = 0.00s, Memory = 0.0K)
    Checking Rule W218 (Rule 139 of total 263) .... done (Time = 0.00s, Memory = 0.0K)
    Checking Rule W224 (Rule 140 of total 263) .... done (Time = 0.00s, Memory = 0.0K)
    Checking Rule W263 (Rule 141 of total 263) .... done (Time = 0.00s, Memory = 0.0K)
    Checking Rule W289 (Rule 142 of total 263) .... done (Time = 0.00s, Memory = 0.0K)
    Checking Rule W337 (Rule 143 of total 263) .... done (Time = 0.00s, Memory = 0.0K)
    Checking Rule W416 (Rule 144 of total 263) .... done (Time = 0.00s, Memory = 0.0K)
    Checking Rule W352 (Rule 145 of total 263) .... done (Time = 0.00s, Memory = 0.0K)
    Checking Rule W362 (Rule 146 of total 263) .... done (Time = 0.00s, Memory = 0.0K)
    Checking Rule W415a (Rule 147 of total 263) .... done (Time = 0.02s, Memory = -72.0K)
    Checking Rule W486 (Rule 148 of total 263) .... done (Time = 0.00s, Memory = 0.0K)
    Checking Rule W499 (Rule 149 of total 263) .... done (Time = 0.00s, Memory = 0.0K)
    Checking Rule W502 (Rule 150 of total 263) .... done (Time = 0.00s, Memory = 0.0K)
    Checking Rule W116 (Rule 151 of total 263) .... done (Time = 0.00s, Memory = 0.0K)
    Checking Rule W122 (Rule 152 of total 263) .... done (Time = 0.00s, Memory = 0.0K)
    Checking Rule W123 (Rule 153 of total 263) .... done (Time = 0.00s, Memory = 0.0K)
    Checking Rule W156 (Rule 154 of total 263) .... done (Time = 0.00s, Memory = 0.0K)
    Checking Rule W71 (Rule 155 of total 263) .... done (Time = 0.01s, Memory = 0.0K)
    Checking Rule W240 (Rule 156 of total 263) .... done (Time = 0.00s, Memory = 0.0K)
    Checking Rule W240 (Rule 157 of total 263) .... done (Time = 0.00s, Memory = 0.0K)
    Checking Rule W287a (Rule 158 of total 263) .... done (Time = 0.00s, Memory = 0.0K)
    Checking Rule W293 (Rule 159 of total 263) .... done (Time = 0.00s, Memory = 0.0K)
    Checking Rule W398 (Rule 160 of total 263) .... done (Time = 0.04s, Memory = 0.0K)
    Checking Rule W424 (Rule 161 of total 263) .... done (Time = 0.00s, Memory = 0.0K)
    Checking Rule W467 (Rule 162 of total 263) .... done (Time = 0.00s, Memory = 0.0K)
    Checking Rule W505 (Rule 163 of total 263) .... done (Time = 0.01s, Memory = 0.0K)
    Checking Rule W505 (Rule 164 of total 263) .... done (Time = 0.00s, Memory = 0.0K)
    Checking Rule W528 (Rule 165 of total 263) .... done (Time = 0.00s, Memory = 0.0K)
    Checking Rule W528 (Rule 166 of total 263) .... done (Time = 0.00s, Memory = 608.0K)
    Checking Rule Prereqs_Usage (Rule 167 of total 263) .... done (Time = 0.00s, Memory = -16.0K)
    Checking Rule Prereqs_ConstantInput-ML (Rule 168 of total 263) .... done (Time = 0.00s, Memory = 0.0K)
    Checking Rule ReportPortInfo-ML (Rule 169 of total 263) .... done (Time = 0.00s, Memory = 0.0K)
    Checking Rule Prereqs_ReportPortInfo-ML (Rule 170 of total 263) .... done (Time = 0.00s, Memory = 0.0K)
    Checking Rule Prereqs_ReportPortInfo-ML (Rule 171 of total 263) .... done (Time = 0.00s, Memory = 0.0K)
    Checking Rule NoAssignX-ML (Rule 172 of total 263) .... done (Time = 0.00s, Memory = 0.0K)
    Checking Rule ParamWidthMismatch-ML (Rule 173 of total 263) .... done (Time = 0.00s, Memory = 0.0K)
    Checking Rule Postreqs_Usage_ML (Rule 174 of total 263) .... done (Time = 0.00s, Memory = 0.0K)
    Checking Rule NoXInCase-ML (Rule 175 of total 263) .... done (Time = 0.00s, Memory = 0.0K)
Checking ELABDU Rules for designUnit ViT_top
Checking ELABDU Rules for designUnit div
Checking ELABDU Rules for designUnit exp_lut
Checking Rule SGDC_waive24 (Rule 176 of total 263) .... done (Time = 0.00s, Memory = 0.0K)
Checking Rule SGDC_waive25 (Rule 177 of total 263) .... done (Time = 0.00s, Memory = 0.0K)
Checking Rule SGDC_waive31 (Rule 178 of total 263) .... done (Time = 0.00s, Memory = 0.0K)
Checking Rule SGDC_waive35 (Rule 179 of total 263) .... done (Time = 0.00s, Memory = 0.0K)
 Synthesizing module: exp_lut (elaborated name: exp_lut) ... (Module 1 of total 3)  done 
 Synthesizing module: div (elaborated name: div) ... (Module 2 of total 3)  done 
 Synthesizing module: ViT_top (elaborated name: ViT_top) ... (Module 3 of total 3)  done 
 Synthesis completed.
Checking Rule InferBlackBox (Rule 180 of total 263) .... done (Time = 0.03s, Memory = 0.0K)
Checking Rule checkCMD_mthresh (Rule 181 of total 263) .... done (Time = 0.00s, Memory = 0.0K)
Checking Rule SGDC_waive37 (Rule 182 of total 263) .... done (Time = 0.00s, Memory = -4096.0K)
Checking Rule Prereq_IntClock for module exp_lut (Rule 183 of total 263) .... done (Time = 0.00s, Memory = 0.0K)
Checking Rule W336 for module exp_lut (Rule 184 of total 263) .... done (Time = 0.00s, Memory = 0.0K)
Checking Rule W414 for module exp_lut (Rule 185 of total 263) .... done (Time = 0.00s, Memory = 0.0K)
Checking Rule W450L for module exp_lut (Rule 186 of total 263) .... done (Time = 0.00s, Memory = 0.0K)
Checking Rule HangingNetPreReq-ML for module exp_lut (Rule 187 of total 263) .... done (Time = 0.00s, Memory = 0.0K)
Checking Rule RegInputOutput-ML for module exp_lut (Rule 188 of total 263) .... done (Time = 0.00s, Memory = 0.0K)
Checking Rule STARC05-2.5.1.7 for module exp_lut (Rule 189 of total 263) .... done (Time = 0.00s, Memory = 0.0K)
Checking Rule STARC05-2.5.1.9 for module exp_lut (Rule 190 of total 263) .... done (Time = 0.00s, Memory = 0.0K)
Checking Rule Prereq_IntClock for module div (Rule 183 of total 263) .... done (Time = 0.00s, Memory = 0.0K)
Checking Rule W336 for module div (Rule 184 of total 263) .... done (Time = 0.00s, Memory = 0.0K)
Checking Rule W414 for module div (Rule 185 of total 263) .... done (Time = 0.00s, Memory = 0.0K)
Checking Rule W450L for module div (Rule 186 of total 263) .... done (Time = 0.00s, Memory = 0.0K)
Checking Rule HangingNetPreReq-ML for module div (Rule 187 of total 263) .... done (Time = 0.00s, Memory = 0.0K)
Checking Rule RegInputOutput-ML for module div (Rule 188 of total 263) .... done (Time = 0.00s, Memory = 0.0K)
Checking Rule STARC05-2.5.1.7 for module div (Rule 189 of total 263) .... done (Time = 0.00s, Memory = 0.0K)
Checking Rule STARC05-2.5.1.9 for module div (Rule 190 of total 263) .... done (Time = 0.00s, Memory = 0.0K)
Checking Rule Prereq_IntClock for module ViT_top (Rule 183 of total 263) .... done (Time = 0.00s, Memory = 0.0K)
Checking Rule W336 for module ViT_top (Rule 184 of total 263) .... done (Time = 0.00s, Memory = 0.0K)
Checking Rule W414 for module ViT_top (Rule 185 of total 263) .... done (Time = 0.00s, Memory = 0.0K)
Checking Rule W450L for module ViT_top (Rule 186 of total 263) .... done (Time = 0.00s, Memory = 0.0K)
Checking Rule HangingNetPreReq-ML for module ViT_top (Rule 187 of total 263) .... done (Time = 0.00s, Memory = 0.0K)
Checking Rule RegInputOutput-ML for module ViT_top (Rule 188 of total 263) .... done (Time = 0.00s, Memory = 0.0K)
Checking Rule STARC05-2.5.1.7 for module ViT_top (Rule 189 of total 263) .... done (Time = 0.00s, Memory = 0.0K)
Checking Rule STARC05-2.5.1.9 for module ViT_top (Rule 190 of total 263) .... done (Time = 0.00s, Memory = 0.0K)
Performing semantic checks on SGDC contents
Checking Rule SGDC_testmode03 (Rule 69 of total 263) .... done (Time = 0.00s, Memory = 0.0K)
Checking Rule _abstractPortSGDC (Rule 191 of total 263) .... done (Time = 0.00s, Memory = 0.0K)
Checking Rule SGDC_abstract_port03 (Rule 192 of total 263) .... done (Time = 0.00s, Memory = 0.0K)
Checking Rule SGDC_abstract_port04 (Rule 193 of total 263) .... done (Time = 0.00s, Memory = 0.0K)
Checking Rule SGDC_abstract_port05 (Rule 194 of total 263) .... done (Time = 0.00s, Memory = 0.0K)
Checking Rule SGDC_abstract_port07 (Rule 195 of total 263) .... done (Time = 0.00s, Memory = 0.0K)
Checking Rule SGDC_abstract_port08 (Rule 196 of total 263) .... done (Time = 0.00s, Memory = 0.0K)
Checking Rule SGDC_abstract_port10 (Rule 197 of total 263) .... done (Time = 0.00s, Memory = 0.0K)
Checking Rule SGDC_abstract_port11 (Rule 198 of total 263) .... done (Time = 0.00s, Memory = 0.0K)
Checking Rule SGDC_abstract_port12 (Rule 199 of total 263) .... done (Time = 0.00s, Memory = 0.0K)
Checking Rule SGDC_abstract_port13 (Rule 200 of total 263) .... done (Time = 0.00s, Memory = 0.0K)
Checking Rule ReportUngroup (Rule 201 of total 263) .... done (Time = 0.00s, Memory = 0.0K)
Checking Rule LINT_portReten (Rule 202 of total 263) .... done (Time = 0.00s, Memory = 0.0K)
Checking Rule SGDC_abstract_port21 (Rule 203 of total 263) .... done (Time = 0.00s, Memory = 0.0K)
Checking Rule InferLatch (Rule 204 of total 263) .... done (Time = 0.00s, Memory = 32.0K)
Checking Rule UndrivenInTerm-ML (Rule 205 of total 263) .... done (Time = 0.55s, Memory = 0.0K)
Checking Rule SGDC_assume_path05 (Rule 206 of total 263) .... done (Time = 0.00s, Memory = 0.0K)
 Flattening ViT_top (.lib instances separately flattened) ....
    79% completed (50000 instances created)
 Flattening completed
Checking Rule SGDC_set_case_analysis_LC (Rule 207 of total 263) .... done (Time = 0.00s, Memory = 0.0K)
Checking Rule BufClock (Rule 208 of total 263) .... done (Time = 0.49s, Memory = 2224.0K)
Checking Rule CombLoop (Rule 209 of total 263) .... done (Time = 0.30s, Memory = 1488.0K)
Checking Rule STARC05-2.5.1.2 (Rule 210 of total 263) .... done (Time = 0.00s, Memory = 0.0K)
Checking Rule STARC05-1.3.1.3 (Rule 211 of total 263) .... done (Time = 0.01s, Memory = 0.0K)
Checking Rule STARC05-1.4.3.4 (Rule 212 of total 263) .... done (Time = 0.01s, Memory = 8.0K)
Checking Rule FlopClockConstant (Rule 213 of total 263) .... done (Time = 0.14s, Memory = 1680.0K)
Checking Rule FlopSRConst (Rule 214 of total 263) .... done (Time = 0.01s, Memory = 0.0K)
Checking Rule FlopEConst (Rule 215 of total 263) .... done (Time = 0.01s, Memory = 0.0K)
Checking Rule checkPinConnectedToSupply (Rule 216 of total 263) .... done (Time = 0.05s, Memory = 0.0K)
Checking Rule W392 (Rule 217 of total 263) .... done (Time = 0.01s, Memory = 680.0K)
Checking Rule W415 (Rule 218 of total 263) .... done (Time = 0.17s, Memory = 0.0K)
Checking Rule LatchFeedback (Rule 219 of total 263) .... done (Time = 0.27s, Memory = 8.0K)
Checking Rule STARC05-2.4.1.5 (Rule 220 of total 263) .... done (Time = 0.00s, Memory = 0.0K)
Checking Rule STARC05-1.2.1.2 (Rule 221 of total 263) .... done (Time = 0.03s, Memory = 368.0K)
Checking Rule AnalyzeBBox (Rule 222 of total 263) .... done (Time = 0.00s, Memory = 0.0K)
Checking Rule ReportCheckDataSummary (Rule 67 of total 263) .... done (Time = 0.00s, Memory = 0.0K)

Generating data for Console...

SpyGlass Rule Checking Complete.

Generating moresimple report from './spyglass-1/lint/lint_rtl/spyglass.vdb' to './spyglass-1/lint/lint_rtl/spyglass_reports/moresimple.rpt' ....

Generating runsummary report from './spyglass-1/lint/lint_rtl/spyglass.vdb' ....

Generating no_msg_reporting_rules report from './spyglass-1/lint/lint_rtl/spyglass.vdb' to './spyglass-1/lint/lint_rtl/spyglass_reports/no_msg_reporting_rules.rpt' ....

Generating W415_Report report from './spyglass-1/lint/lint_rtl/spyglass.vdb' to './spyglass-1/lint/lint_rtl/spyglass_reports/lint/W415_Report.rpt' ....

Policy specific data (reports) are present in the directory './spyglass-1/lint/lint_rtl/spyglass_reports'.

SpyGlass critical reports for the current run are present in directory './spyglass-1/consolidated_reports/lint_lint_rtl/'.

---------------------------------------------------------------------------------------------
Results Summary:
---------------------------------------------------------------------------------------------
   Goal Run           :      lint/lint_rtl
   Command-line read  :      0 error,      0 warning,      0 information message 
   Design Read        :      0 error,      0 warning,      2 information messages
      Found 1 top module:
         ViT_top   (file: ../hdl/ViT_top.v)

   Blackbox Resolution:      0 error,      0 warning,      0 information message 
   SGDC Checks        :      0 error,      0 warning,      0 information message 
   Policy lint        :      0 error,      8 warnings,     0 information message 
   Policy starc2005   :      0 error,      3 warnings,     0 information message 
   -------------------------------------------------------------------------------------
   Total              :      0 error,     11 warnings,     2 information messages

  Total Number of Generated Messages     :        13 (0 error, 11 warnings, 2 Infos)
  Number of Reported Messages            :        13 (0 error, 11 warnings, 2 Infos)

---------------------------------------------------------------------------------------------


run_goal: info: updating spyglass.log with goal summary
---------------------------------------------------------------------------------------------------
Results Summary:
---------------------------------------------------------------------------------------------------
   Goal Run           :      lint/lint_rtl
   Top Module         :      ViT_top
---------------------------------------------------------------------------------------------------
   Reports Directory: 
   /home/u110/u110022124/ICLAB/EE4292_HW5/util/spyglass-1/consolidated_reports/lint_lint_rtl/ 

   SpyGlass LogFile: 
    /home/u110/u110022124/ICLAB/EE4292_HW5/util/spyglass-1/lint/lint_rtl/spyglass.log 

   Standard Reports: 
     moresimple.rpt          no_msg_reporting_rules.rpt       

   HTML report:
    /home/u110/u110022124/ICLAB/EE4292_HW5/util/spyglass-1/html_reports/goals_summary.html
  

   Technology Reports:  
     <Not Available>
   
   
---------------------------------------------------------------------------------------------------
   Goal Violation Summary:
       Waived   Messages:                      0 Errors,      0 Warnings,      0 Infos
       Reported Messages:         0 Fatals,    0 Errors,     11 Warnings,      2 Infos
---------------------------------------------------------------------------------------------------
   
---------------------------------------------------------------------------------------------------
 
run_goal: info: spyglass.log successfully updated with goal summary
run_goal: info: setting design top `ViT_top' as current_design
run_goal: warning: save/restore disabled for the currently selected goal, design query data is not saved
current_goal: info: loading goal `lint/lint_turbo_rtl' (in progress)
current_goal: info: finished loading goal `lint/lint_turbo_rtl' (ok)

INFO:    SpyGlass will run goal(s) 'lint/lint_turbo_rtl'.


RULE-CHECKING IN MIXED MODE
Loading spyglass (SpyGlass_vR-2020.12-SP2) ... (picked from /usr/cadtool/cad/synopsys/spyglass/2020.12-sp2/SPYGLASS_HOME/policies/spyglass)
Loading openmore (SpyGlass_vR-2020.12-SP2) ... (picked from /usr/cadtool/cad/synopsys/spyglass/2020.12-sp2/SPYGLASS_HOME/policies/openmore)
Loading starc (SpyGlass_vR-2020.12-SP2) ... (picked from /usr/cadtool/cad/synopsys/spyglass/2020.12-sp2/SPYGLASS_HOME/policies/starc)
Loading starc2005 (SpyGlass_vR-2020.12-SP2) ... (picked from /usr/cadtool/cad/synopsys/spyglass/2020.12-sp2/SPYGLASS_HOME/policies/starc2005)
Loading erc (SpyGlass_vR-2020.12-SP2) ... (picked from /usr/cadtool/cad/synopsys/spyglass/2020.12-sp2/SPYGLASS_HOME/policies/erc)
Loading simulation (SpyGlass_vR-2020.12-SP2) ... (picked from /usr/cadtool/cad/synopsys/spyglass/2020.12-sp2/SPYGLASS_HOME/policies/simulation)
Loading lint (SpyGlass_vR-2020.12-SP2) ... (picked from /usr/cadtool/cad/synopsys/spyglass/2020.12-sp2/SPYGLASS_HOME/policies/lint)
Loading latch (SpyGlass_vR-2020.12-SP2) ... (picked from /usr/cadtool/cad/synopsys/spyglass/2020.12-sp2/SPYGLASS_HOME/policies/latch)
Loading morelint (SpyGlass_vR-2020.12-SP2) ... (picked from /usr/cadtool/cad/synopsys/spyglass/2020.12-sp2/SPYGLASS_HOME/policies/morelint)
Loading timing (SpyGlass_vR-2020.12-SP2) ... (picked from /usr/cadtool/cad/synopsys/spyglass/2020.12-sp2/SPYGLASS_HOME/policies/timing)
Loading auto-verify (SpyGlass_vR-2020.12-SP2) ... (picked from /usr/cadtool/cad/synopsys/spyglass/2020.12-sp2/SPYGLASS_HOME/policies/auto-verify)
Loading starc2002 (SpyGlass_vR-2020.12-SP2) ... (picked from /usr/cadtool/cad/synopsys/spyglass/2020.12-sp2/SPYGLASS_HOME/policies/starc2002)
 Reading sgdc file "/usr/cadtool/cad/synopsys/spyglass/2020.12-sp2/SPYGLASS_HOME/auxi/policy_data/auto-verify/verif.sgdc" ...
Performing unification checks on SGDC... done

INFO [76]    Using './spyglass-1/WORK/64' as the Work Directory for 64bit precompiled dump.
Checking Rule PrecompileLibCheck01 (Rule 1 of total 323) .... done (Time = 0.00s, Memory = 0.0K)
Checking Rule PrecompileLibCheck02 (Rule 2 of total 323) .... done (Time = 0.00s, Memory = 0.0K)
Checking Rule PrecompileLibCheck03 (Rule 3 of total 323) .... done (Time = 0.00s, Memory = 0.0K)
Checking Rule PrecompileLibCheck04 (Rule 4 of total 323) .... done (Time = 0.00s, Memory = 0.0K)
Checking Rule ReportIgnoredOverlappingRules (Rule 5 of total 323) .... done (Time = 0.00s, Memory = 0.0K)
Checking Rule TurboModeStatus (Rule 6 of total 323) .... done (Time = 0.00s, Memory = 0.0K)
Checking Rule AbstractInterface (Rule 7 of total 323) .... done (Time = 0.00s, Memory = 0.0K)
Checking Rule SGDC_assume_path01 (Rule 8 of total 323) .... done (Time = 0.00s, Memory = 0.0K)
Checking Rule SGDC_sdcschema02 (Rule 9 of total 323) .... done (Time = 0.00s, Memory = 32.0K)
Checking Rule SGDC_clock05 (Rule 10 of total 323) .... done (Time = 0.00s, Memory = 0.0K)
Checking Rule SGDC_clock09 (Rule 11 of total 323) .... done (Time = 0.00s, Memory = 0.0K)
Checking Rule SGDC_force_ta05 (Rule 12 of total 323) .... done (Time = 0.00s, Memory = 0.0K)
Checking Rule SGDC_require_path03 (Rule 13 of total 323) .... done (Time = 0.00s, Memory = 8.0K)
Checking Rule SGDC_require_value03 (Rule 14 of total 323) .... done (Time = 0.00s, Memory = 0.0K)
Checking Rule SGDC_voltagedomain05 (Rule 15 of total 323) .... done (Time = 0.00s, Memory = 0.0K)
Checking Rule SGDC_voltagedomain06 (Rule 16 of total 323) .... done (Time = 0.00s, Memory = 8.0K)
Checking Rule SGDC_voltagedomain07 (Rule 17 of total 323) .... done (Time = 0.00s, Memory = 0.0K)
Checking Rule SGDC_powerdomainoutputs02 (Rule 18 of total 323) .... done (Time = 0.00s, Memory = 0.0K)
Checking Rule SGDC_supply01 (Rule 19 of total 323) .... done (Time = 0.00s, Memory = 8.0K)
Checking Rule SGDC_waive01 (Rule 20 of total 323) .... done (Time = 0.00s, Memory = 0.0K)
Checking Rule SGDC_waive02 (Rule 21 of total 323) .... done (Time = 0.00s, Memory = 0.0K)
Checking Rule SGDC_waive03 (Rule 22 of total 323) .... done (Time = 0.00s, Memory = 0.0K)
Checking Rule SGDC_waive04 (Rule 23 of total 323) .... done (Time = 0.00s, Memory = 0.0K)
Checking Rule SGDC_waive05 (Rule 24 of total 323) .... done (Time = 0.00s, Memory = 0.0K)
Checking Rule SGDC_waive06 (Rule 25 of total 323) .... done (Time = 0.00s, Memory = 0.0K)
Checking Rule SGDC_waive07 (Rule 26 of total 323) .... done (Time = 0.00s, Memory = 0.0K)
Checking Rule SGDC_waive08 (Rule 27 of total 323) .... done (Time = 0.00s, Memory = 0.0K)
Checking Rule SGDC_waive09 (Rule 28 of total 323) .... done (Time = 0.00s, Memory = 0.0K)
Checking Rule SGDC_waive10 (Rule 29 of total 323) .... done (Time = 0.00s, Memory = 0.0K)
Checking Rule SGDC_waive11 (Rule 30 of total 323) .... done (Time = 0.00s, Memory = 0.0K)
Checking Rule SGDC_waive12 (Rule 31 of total 323) .... done (Time = 0.00s, Memory = 0.0K)
Checking Rule SGDC_waive13 (Rule 32 of total 323) .... done (Time = 0.00s, Memory = 0.0K)
Checking Rule SGDC_waive21 (Rule 33 of total 323) .... done (Time = 0.00s, Memory = 0.0K)
Checking Rule SGDC_waive22 (Rule 34 of total 323) .... done (Time = 0.00s, Memory = 0.0K)
Checking Rule SGDC_waive30 (Rule 35 of total 323) .... done (Time = 0.00s, Memory = 0.0K)
Checking Rule SGDC_waive32 (Rule 36 of total 323) .... done (Time = 0.00s, Memory = 0.0K)
Checking Rule SGDC_waive33 (Rule 37 of total 323) .... done (Time = 0.00s, Memory = 0.0K)
Checking Rule SGDC_waive36 (Rule 38 of total 323) .... done (Time = 0.00s, Memory = 0.0K)
Checking Rule SGDC_waive38 (Rule 39 of total 323) .... done (Time = 0.00s, Memory = 0.0K)
Checking Rule SGDC_fifo01 (Rule 40 of total 323) .... done (Time = 0.00s, Memory = 0.0K)
Checking Rule SGDC_libgroup01 (Rule 41 of total 323) .... done (Time = 0.00s, Memory = 0.0K)
Checking Rule SGDC_libgroup02 (Rule 42 of total 323) .... done (Time = 0.00s, Memory = 0.0K)
Checking Rule SGDC_libgroup04 (Rule 43 of total 323) .... done (Time = 0.00s, Memory = 0.0K)
Checking Rule SGDC_power_data01 (Rule 44 of total 323) .... done (Time = 0.00s, Memory = 0.0K)
Checking Rule SGDC_ungroup01 (Rule 45 of total 323) .... done (Time = 0.00s, Memory = 0.0K)
Checking Rule SGDC_abstract_port06 (Rule 46 of total 323) .... done (Time = 0.00s, Memory = 0.0K)
Checking Rule SGDC_abstract_port14 (Rule 47 of total 323) .... done (Time = 0.00s, Memory = 0.0K)
Checking Rule SGDC_abstract_port15 (Rule 48 of total 323) .... done (Time = 0.00s, Memory = 16.0K)
Checking Rule SGDC_abstract_port18 (Rule 49 of total 323) .... done (Time = 0.00s, Memory = 0.0K)
Checking Rule sdc_init_rule (Rule 50 of total 323) .... done (Time = 0.00s, Memory = 0.0K)
Checking Rule CMD_ignorelibs01 (Rule 51 of total 323) .... done (Time = 0.00s, Memory = 0.0K)
Checking Rule ReportRuleNotRun (Rule 52 of total 323) .... done (Time = 0.02s, Memory = 0.0K)
Checking Rule STARC05-2.3.1.2c (Rule 53 of total 323) .... done (Time = 0.00s, Memory = 0.0K)
Checking Rule W442a (Rule 54 of total 323) .... done (Time = 0.00s, Memory = 0.0K)
Checking Rule W442b (Rule 55 of total 323) .... done (Time = 0.00s, Memory = 0.0K)
Checking Rule W442c (Rule 56 of total 323) .... done (Time = 0.00s, Memory = 0.0K)
Checking Rule W442f (Rule 57 of total 323) .... done (Time = 0.00s, Memory = 0.0K)
Checking Rule mixedsenselist (Rule 58 of total 323) .... done (Time = 0.00s, Memory = 0.0K)
Checking Rule badimplicitSM1 (Rule 59 of total 323) .... done (Time = 0.00s, Memory = 0.0K)
Checking Rule badimplicitSM2 (Rule 60 of total 323) .... done (Time = 0.00s, Memory = 0.0K)
Checking Rule badimplicitSM4 (Rule 61 of total 323) .... done (Time = 0.00s, Memory = 0.0K)
Checking Rule bothedges (Rule 62 of total 323) .... done (Time = 0.00s, Memory = 0.0K)
Checking Rule BlockHeader (Rule 63 of total 323) .... done (Time = 0.00s, Memory = 0.0K)
Checking Rule W421 (Rule 64 of total 323) .... done (Time = 0.00s, Memory = 0.0K)
Checking Rule Av_license01 (Rule 65 of total 323) .... done (Time = 0.00s, Memory = 0.0K)
Checking Rule Av_setup_checks01 (Rule 66 of total 323) .... done (Time = 0.01s, Memory = 48.0K)
Checking Rule Av_sanity01 (Rule 67 of total 323) .... done (Time = 0.00s, Memory = 0.0K)
Checking Rule STARC05-2.1.6.5 (Rule 68 of total 323) .... done (Time = 0.00s, Memory = 0.0K)
Checking Rule ReportStopSummary (Rule 69 of total 323) .... done (Time = 0.00s, Memory = 0.0K)
Checking Rule ReportIgnoreSummary (Rule 70 of total 323) .... done (Time = 0.00s, Memory = 0.0K)
 Analyzing source file "../hdl/ViT_top.v" ....
 Analyzing source file "../hdl/exp_lut.v" ....
 Analyzing source file "../hdl/div.v" ....
 Elaborating Top Verilog Design Unit 'ViT_top' .....
 done
Checking Rule ElabSummary (Rule 71 of total 323) .... done (Time = 0.01s, Memory = 0.0K)
Checking Rule ReportCheckDataSummary (Rule 72 of total 323) .... done (Time = 0.00s, Memory = 0.0K)
 Reading waiver file "./spyglass-1/lint/lint_turbo_rtl/spyglass_spysch/constraint/spg_autogenerated_waivers.sgdc" ...
 Generating WAIVER file "./spyglass-1/lint/lint_turbo_rtl/spyglass_spysch/waiver/pragma2Waiver.swl" from pragmas in HDL source files ....
Checking Rule DetectTopDesignUnits (Rule 73 of total 323)
 Detected 1 top level design units:
     ViT_top
 .... done (Time = 0.00s, Memory = 0.0K)
Performing semantic checks on SGDC contents
Checking Rule SGDC_testmode03 (Rule 74 of total 323) .... done (Time = 0.00s, Memory = 0.0K)
Checking Rule ReportObsoletePragmas (Rule 75 of total 323) .... done (Time = 0.00s, Memory = 0.0K)
Checking Rule checkSGDC_01 (Rule 76 of total 323) .... done (Time = 0.00s, Memory = 0.0K)
Checking Rule checkSGDC_03 (Rule 77 of total 323) .... done (Time = 0.00s, Memory = 0.0K)
Checking Rule checkSGDC_08 (Rule 78 of total 323) .... done (Time = 0.00s, Memory = 0.0K)
Checking Rule GenerateConfMap (Rule 79 of total 323) .... done (Time = 0.00s, Memory = 0.0K)
Checking Rule SGDC_memorywritepin04 (Rule 80 of total 323) .... done (Time = 0.00s, Memory = 0.0K)
Checking Rule SGDC_reset02 (Rule 81 of total 323) .... done (Time = 0.00s, Memory = 0.0K)
Checking Rule SGDC_reset03 (Rule 82 of total 323) .... done (Time = 0.00s, Memory = 0.0K)
Checking Rule SGDC_libgroup03 (Rule 83 of total 323) .... done (Time = 0.00s, Memory = 0.0K)
Checking Rule SGDC_ungroup02 (Rule 84 of total 323) .... done (Time = 0.00s, Memory = 0.0K)
Checking Rule HdlLibDuCheck (Rule 85 of total 323) .... done (Time = 0.00s, Memory = 0.0K)
Checking Rule RtlDesignInfo (Rule 86 of total 323) .... done (Time = 0.00s, Memory = 0.0K)
Checking Rule W339a (Rule 87 of total 323) .... done (Time = 0.00s, Memory = 0.0K)
Checking Rule W416 (Rule 88 of total 323) .... done (Time = 0.00s, Memory = 0.0K)
Checking Rule mixedsenselist (Rule 89 of total 323) .... done (Time = 0.00s, Memory = 0.0K)
Checking Rule W110a (Rule 90 of total 323) .... done (Time = 0.00s, Memory = 0.0K)
Checking Rule preReq_ConsCase (Rule 91 of total 323) .... done (Time = 0.00s, Memory = 0.0K)
Checking Rule CheckCelldefine (Rule 92 of total 323) .... done (Time = 0.00s, Memory = 0.0K)
Checking Rule SGDC_waive23 (Rule 93 of total 323) .... done (Time = 0.00s, Memory = 0.0K)
Checking Rule SGDC_waive26 (Rule 94 of total 323) .... done (Time = 0.00s, Memory = 0.0K)
Checking Rule SGDC_waive27 (Rule 95 of total 323) .... done (Time = 0.00s, Memory = 0.0K)
Checking Rule SGDC_waive29 (Rule 96 of total 323) .... done (Time = 0.00s, Memory = 0.0K)
Checking Rule STARC05-2.3.1.5b (Rule 97 of total 323) .... done (Time = 0.00s, Memory = 0.0K)
Checking Rule STARC05-2.3.3.1 (Rule 98 of total 323) .... done (Time = 0.00s, Memory = 0.0K)
Checking Rule STARC05-2.3.3.1 (Rule 99 of total 323) .... done (Time = 0.00s, Memory = 0.0K)
Checking Rule STARC05-2.11.3.1 (Rule 100 of total 323) .... done (Time = 0.00s, Memory = 0.0K)
Checking Rule W317 (Rule 101 of total 323) .... done (Time = 0.00s, Memory = 0.0K)
Checking Rule W422 (Rule 102 of total 323) .... done (Time = 0.01s, Memory = 0.0K)
Checking Rule W426 (Rule 103 of total 323) .... done (Time = 0.00s, Memory = 0.0K)
Checking Rule W480 (Rule 104 of total 323) .... done (Time = 0.00s, Memory = 0.0K)
Checking Rule W481a (Rule 105 of total 323) .... done (Time = 0.00s, Memory = 0.0K)
Checking Rule W481b (Rule 106 of total 323) .... done (Time = 0.00s, Memory = 0.0K)
Checking Rule W422 (Rule 107 of total 323) .... done (Time = 0.00s, Memory = 0.0K)
Checking Rule W292 (Rule 108 of total 323) .... done (Time = 0.00s, Memory = 0.0K)
Checking Rule W71 (Rule 109 of total 323) .... done (Time = 0.00s, Memory = 0.0K)
Checking Rule W287b (Rule 110 of total 323) .... done (Time = 0.00s, Memory = 8.0K)
Checking Rule W293 (Rule 111 of total 323) .... done (Time = 0.00s, Memory = 0.0K)
Checking Rule W398 (Rule 112 of total 323) .... done (Time = 0.00s, Memory = 0.0K)
Checking Rule W421 (Rule 113 of total 323) .... done (Time = 0.00s, Memory = 0.0K)
Checking Rule W424 (Rule 114 of total 323) .... done (Time = 0.00s, Memory = 0.0K)
Checking Rule W467 (Rule 115 of total 323) .... done (Time = 0.00s, Memory = 0.0K)
Checking Rule Prereqs_RegInputOutputs (Rule 116 of total 323) .... done (Time = 0.00s, Memory = 0.0K)
Checking Rule PragmaComments-ML (Rule 117 of total 323) .... done (Time = 0.00s, Memory = 8.0K)
Checking Rule PragmaComments-ML (Rule 118 of total 323) .... done (Time = 0.00s, Memory = 0.0K)
Checking Rule CheckDelayTimescale-ML (Rule 119 of total 323) .... done (Time = 0.01s, Memory = 0.0K)
Checking Rule Prereqs_CheckTimeUnitandPrecision-ML (Rule 120 of total 323) .... done (Time = 0.00s, Memory = 0.0K)
Checking ELABDU Rules for designUnit ViT_top
    Checking Rule Prereqs_InferLatch (Rule 121 of total 323) .... done (Time = 0.00s, Memory = 0.0K)
    Checking Rule STARC05-2.1.4.5 (Rule 122 of total 323) .... done (Time = 0.00s, Memory = 0.0K)
    Checking Rule STARC05-2.1.5.3 (Rule 123 of total 323) .... done (Time = 0.00s, Memory = 0.0K)
    Checking Rule STARC05-2.2.3.3 (Rule 124 of total 323) .... done (Time = 0.00s, Memory = 8.0K)
    Checking Rule STARC05-2.3.1.6 (Rule 125 of total 323) .... done (Time = 0.01s, Memory = 8.0K)
    Checking Rule STARC05-2.10.2.3 (Rule 126 of total 323) .... done (Time = 0.00s, Memory = 0.0K)
    Checking Rule STARC05-2.10.3.2a (Rule 127 of total 323) .... done (Time = 0.00s, Memory = 0.0K)
    Checking Rule STARC05-2.11.3.1 (Rule 128 of total 323) .... done (Time = 0.07s, Memory = 272.0K)
    Checking Rule STARC05-2.1.3.1 (Rule 129 of total 323) .... done (Time = 0.00s, Memory = 0.0K)
    Checking Rule STARC05-2.10.1.4a (Rule 130 of total 323) .... done (Time = 0.00s, Memory = 0.0K)
    Checking Rule STARC05-2.10.1.4b (Rule 131 of total 323) .... done (Time = 0.01s, Memory = 0.0K)
    Checking Rule sim_race02 (Rule 132 of total 323) .... done (Time = 0.60s, Memory = 272.0K)
    Checking Rule W110 (Rule 133 of total 323) .... done (Time = 0.00s, Memory = 0.0K)
    Checking Rule W122 (Rule 134 of total 323) .... done (Time = 0.00s, Memory = 0.0K)
    Checking Rule W496a (Rule 135 of total 323) .... done (Time = 0.01s, Memory = 8.0K)
    Checking Rule W496b (Rule 136 of total 323) .... done (Time = 0.00s, Memory = 0.0K)
    Checking Rule W19 (Rule 137 of total 323) .... done (Time = 0.00s, Memory = 16.0K)
    Checking Rule W66 (Rule 138 of total 323) .... done (Time = 0.00s, Memory = 0.0K)
    Checking Rule W116 (Rule 139 of total 323) .... done (Time = 0.00s, Memory = 0.0K)
    Checking Rule W123 (Rule 140 of total 323) .... done (Time = 0.05s, Memory = 112.0K)
    Checking Rule W156 (Rule 141 of total 323) .... done (Time = 0.00s, Memory = 0.0K)
    Checking Rule W215 (Rule 142 of total 323) .... done (Time = 0.01s, Memory = 0.0K)
    Checking Rule W216 (Rule 143 of total 323) .... done (Time = 0.00s, Memory = 0.0K)
    Checking Rule W218 (Rule 144 of total 323) .... done (Time = 0.00s, Memory = 0.0K)
    Checking Rule W224 (Rule 145 of total 323) .... done (Time = 0.00s, Memory = 0.0K)
    Checking Rule W263 (Rule 146 of total 323) .... done (Time = 0.00s, Memory = 0.0K)
    Checking Rule W289 (Rule 147 of total 323) .... done (Time = 0.01s, Memory = 0.0K)
    Checking Rule W337 (Rule 148 of total 323) .... done (Time = 0.00s, Memory = 0.0K)
    Checking Rule W416 (Rule 149 of total 323) .... done (Time = 0.00s, Memory = 0.0K)
    Checking Rule W352 (Rule 150 of total 323) .... done (Time = 0.00s, Memory = 0.0K)
    Checking Rule W362 (Rule 151 of total 323) .... done (Time = 0.00s, Memory = 0.0K)
    Checking Rule W415a (Rule 152 of total 323) .... done (Time = 0.04s, Memory = 32.0K)
    Checking Rule W486 (Rule 153 of total 323) .... done (Time = 0.00s, Memory = -8.0K)
    Checking Rule W499 (Rule 154 of total 323) .... done (Time = 0.00s, Memory = 8.0K)
    Checking Rule W502 (Rule 155 of total 323) .... done (Time = 0.00s, Memory = 0.0K)
    Checking Rule W116 (Rule 156 of total 323) .... done (Time = 0.00s, Memory = 0.0K)
    Checking Rule W122 (Rule 157 of total 323) .... done (Time = 0.00s, Memory = 0.0K)
    Checking Rule W123 (Rule 158 of total 323) .... done (Time = 0.00s, Memory = 0.0K)
    Checking Rule W156 (Rule 159 of total 323) .... done (Time = 0.00s, Memory = 0.0K)
    Checking Rule W71 (Rule 160 of total 323) .... done (Time = 0.02s, Memory = 0.0K)
    Checking Rule W240 (Rule 161 of total 323) .... done (Time = 0.00s, Memory = 0.0K)
    Checking Rule W240 (Rule 162 of total 323) .... done (Time = 0.00s, Memory = 0.0K)
    Checking Rule W287a (Rule 163 of total 323) .... done (Time = 0.02s, Memory = 8.0K)
    Checking Rule W293 (Rule 164 of total 323) .... done (Time = 0.00s, Memory = 0.0K)
    Checking Rule W398 (Rule 165 of total 323) .... done (Time = 0.01s, Memory = 0.0K)
    Checking Rule W424 (Rule 166 of total 323) .... done (Time = 0.00s, Memory = 0.0K)
    Checking Rule W467 (Rule 167 of total 323) .... done (Time = 0.00s, Memory = 0.0K)
    Checking Rule W505 (Rule 168 of total 323) .... done (Time = 0.00s, Memory = 0.0K)
    Checking Rule W505 (Rule 169 of total 323) .... done (Time = 0.00s, Memory = 0.0K)
    Checking Rule W528 (Rule 170 of total 323) .... done (Time = 0.00s, Memory = 0.0K)
    Checking Rule W528 (Rule 171 of total 323) .... done (Time = 0.00s, Memory = 576.0K)
    Checking Rule Prereqs_Usage (Rule 172 of total 323) .... done (Time = 0.00s, Memory = -48.0K)
    Checking Rule Prereqs_ConstantInput-ML (Rule 173 of total 323) .... done (Time = 0.00s, Memory = 0.0K)
    Checking Rule ReportPortInfo-ML (Rule 174 of total 323) .... done (Time = 0.11s, Memory = 24.0K)
    Checking Rule Prereqs_ReportPortInfo-ML (Rule 175 of total 323) .... done (Time = 0.00s, Memory = 0.0K)
    Checking Rule Prereqs_ReportPortInfo-ML (Rule 176 of total 323) .... done (Time = 0.00s, Memory = 0.0K)
    Checking Rule NoAssignX-ML (Rule 177 of total 323) .... done (Time = 0.01s, Memory = 0.0K)
    Checking Rule ParamWidthMismatch-ML (Rule 178 of total 323) .... done (Time = 0.00s, Memory = 0.0K)
    Checking Rule Postreqs_Usage_ML (Rule 179 of total 323) .... done (Time = 0.00s, Memory = 0.0K)
    Checking Rule NoXInCase-ML (Rule 180 of total 323) .... done (Time = 0.00s, Memory = 0.0K)
Checking ELABDU Rules for designUnit div
    Checking Rule Prereqs_InferLatch (Rule 121 of total 323) .... done (Time = 0.00s, Memory = 0.0K)
    Checking Rule STARC05-2.1.4.5 (Rule 122 of total 323) .... done (Time = 0.00s, Memory = 0.0K)
    Checking Rule STARC05-2.1.5.3 (Rule 123 of total 323) .... done (Time = 0.00s, Memory = 0.0K)
    Checking Rule STARC05-2.2.3.3 (Rule 124 of total 323) .... done (Time = 0.00s, Memory = 0.0K)
    Checking Rule STARC05-2.3.1.6 (Rule 125 of total 323) .... done (Time = 0.00s, Memory = 0.0K)
    Checking Rule STARC05-2.10.2.3 (Rule 126 of total 323) .... done (Time = 0.00s, Memory = 0.0K)
    Checking Rule STARC05-2.10.3.2a (Rule 127 of total 323) .... done (Time = 0.00s, Memory = 0.0K)
    Checking Rule STARC05-2.11.3.1 (Rule 128 of total 323) .... done (Time = 0.00s, Memory = 0.0K)
    Checking Rule STARC05-2.1.3.1 (Rule 129 of total 323) .... done (Time = 0.00s, Memory = 0.0K)
    Checking Rule STARC05-2.10.1.4a (Rule 130 of total 323) .... done (Time = 0.00s, Memory = 0.0K)
    Checking Rule STARC05-2.10.1.4b (Rule 131 of total 323) .... done (Time = 0.01s, Memory = 0.0K)
    Checking Rule sim_race02 (Rule 132 of total 323) .... done (Time = 0.02s, Memory = 0.0K)
    Checking Rule W110 (Rule 133 of total 323) .... done (Time = 0.00s, Memory = 0.0K)
    Checking Rule W122 (Rule 134 of total 323) .... done (Time = 0.00s, Memory = 0.0K)
    Checking Rule W496a (Rule 135 of total 323) .... done (Time = 0.00s, Memory = 0.0K)
    Checking Rule W496b (Rule 136 of total 323) .... done (Time = 0.00s, Memory = 0.0K)
    Checking Rule W19 (Rule 137 of total 323) .... done (Time = 0.00s, Memory = 0.0K)
    Checking Rule W66 (Rule 138 of total 323) .... done (Time = 0.00s, Memory = 0.0K)
    Checking Rule W116 (Rule 139 of total 323) .... done (Time = 0.00s, Memory = 0.0K)
    Checking Rule W123 (Rule 140 of total 323) .... done (Time = 0.01s, Memory = 24.0K)
    Checking Rule W156 (Rule 141 of total 323) .... done (Time = 0.00s, Memory = 0.0K)
    Checking Rule W215 (Rule 142 of total 323) .... done (Time = 0.00s, Memory = 0.0K)
    Checking Rule W216 (Rule 143 of total 323) .... done (Time = 0.00s, Memory = 0.0K)
    Checking Rule W218 (Rule 144 of total 323) .... done (Time = 0.00s, Memory = 0.0K)
    Checking Rule W224 (Rule 145 of total 323) .... done (Time = 0.00s, Memory = 0.0K)
    Checking Rule W263 (Rule 146 of total 323) .... done (Time = 0.00s, Memory = 0.0K)
    Checking Rule W289 (Rule 147 of total 323) .... done (Time = 0.00s, Memory = 0.0K)
    Checking Rule W337 (Rule 148 of total 323) .... done (Time = 0.00s, Memory = 0.0K)
    Checking Rule W416 (Rule 149 of total 323) .... done (Time = 0.00s, Memory = 0.0K)
    Checking Rule W352 (Rule 150 of total 323) .... done (Time = 0.00s, Memory = 0.0K)
    Checking Rule W362 (Rule 151 of total 323) .... done (Time = 0.00s, Memory = 0.0K)
    Checking Rule W415a (Rule 152 of total 323) .... done (Time = 0.02s, Memory = 16.0K)
    Checking Rule W486 (Rule 153 of total 323) .... done (Time = 0.00s, Memory = 0.0K)
    Checking Rule W499 (Rule 154 of total 323) .... done (Time = 0.00s, Memory = 0.0K)
    Checking Rule W502 (Rule 155 of total 323) .... done (Time = 0.00s, Memory = 0.0K)
    Checking Rule W116 (Rule 156 of total 323) .... done (Time = 0.00s, Memory = 0.0K)
    Checking Rule W122 (Rule 157 of total 323) .... done (Time = 0.00s, Memory = 0.0K)
    Checking Rule W123 (Rule 158 of total 323) .... done (Time = 0.00s, Memory = 0.0K)
    Checking Rule W156 (Rule 159 of total 323) .... done (Time = 0.00s, Memory = 0.0K)
    Checking Rule W71 (Rule 160 of total 323) .... done (Time = 0.00s, Memory = 0.0K)
    Checking Rule W240 (Rule 161 of total 323) .... done (Time = 0.00s, Memory = 0.0K)
    Checking Rule W240 (Rule 162 of total 323) .... done (Time = 0.00s, Memory = 0.0K)
    Checking Rule W287a (Rule 163 of total 323) .... done (Time = 0.00s, Memory = 0.0K)
    Checking Rule W293 (Rule 164 of total 323) .... done (Time = 0.00s, Memory = 0.0K)
    Checking Rule W398 (Rule 165 of total 323) .... done (Time = 0.00s, Memory = 0.0K)
    Checking Rule W424 (Rule 166 of total 323) .... done (Time = 0.00s, Memory = 0.0K)
    Checking Rule W467 (Rule 167 of total 323) .... done (Time = 0.00s, Memory = 0.0K)
    Checking Rule W505 (Rule 168 of total 323) .... done (Time = 0.00s, Memory = 0.0K)
    Checking Rule W505 (Rule 169 of total 323) .... done (Time = 0.00s, Memory = 0.0K)
    Checking Rule W528 (Rule 170 of total 323) .... done (Time = 0.00s, Memory = 0.0K)
    Checking Rule W528 (Rule 171 of total 323) .... done (Time = 0.00s, Memory = 576.0K)
    Checking Rule Prereqs_Usage (Rule 172 of total 323) .... done (Time = 0.00s, Memory = -16.0K)
    Checking Rule Prereqs_ConstantInput-ML (Rule 173 of total 323) .... done (Time = 0.00s, Memory = 0.0K)
    Checking Rule ReportPortInfo-ML (Rule 174 of total 323) .... done (Time = 0.00s, Memory = 0.0K)
    Checking Rule Prereqs_ReportPortInfo-ML (Rule 175 of total 323) .... done (Time = 0.00s, Memory = 0.0K)
    Checking Rule Prereqs_ReportPortInfo-ML (Rule 176 of total 323) .... done (Time = 0.00s, Memory = 0.0K)
    Checking Rule NoAssignX-ML (Rule 177 of total 323) .... done (Time = 0.00s, Memory = 0.0K)
    Checking Rule ParamWidthMismatch-ML (Rule 178 of total 323) .... done (Time = 0.00s, Memory = 0.0K)
    Checking Rule Postreqs_Usage_ML (Rule 179 of total 323) .... done (Time = 0.00s, Memory = 0.0K)
    Checking Rule NoXInCase-ML (Rule 180 of total 323) .... done (Time = 0.00s, Memory = 0.0K)
Checking ELABDU Rules for designUnit exp_lut
    Checking Rule Prereqs_InferLatch (Rule 121 of total 323) .... done (Time = 0.00s, Memory = 0.0K)
    Checking Rule STARC05-2.1.4.5 (Rule 122 of total 323) .... done (Time = 0.00s, Memory = 0.0K)
    Checking Rule STARC05-2.1.5.3 (Rule 123 of total 323) .... done (Time = 0.01s, Memory = 0.0K)
    Checking Rule STARC05-2.2.3.3 (Rule 124 of total 323) .... done (Time = 0.00s, Memory = -16.0K)
    Checking Rule STARC05-2.3.1.6 (Rule 125 of total 323) .... done (Time = 0.00s, Memory = 0.0K)
    Checking Rule STARC05-2.10.2.3 (Rule 126 of total 323) .... done (Time = 0.00s, Memory = 0.0K)
    Checking Rule STARC05-2.10.3.2a (Rule 127 of total 323) .... done (Time = 0.00s, Memory = 0.0K)
    Checking Rule STARC05-2.11.3.1 (Rule 128 of total 323) .... done (Time = 0.01s, Memory = 328.0K)
    Checking Rule STARC05-2.1.3.1 (Rule 129 of total 323) .... done (Time = 0.00s, Memory = 0.0K)
    Checking Rule STARC05-2.10.1.4a (Rule 130 of total 323) .... done (Time = 0.00s, Memory = 0.0K)
    Checking Rule STARC05-2.10.1.4b (Rule 131 of total 323) .... done (Time = 0.00s, Memory = 0.0K)
    Checking Rule sim_race02 (Rule 132 of total 323) .... done (Time = 0.01s, Memory = 256.0K)
    Checking Rule W110 (Rule 133 of total 323) .... done (Time = 0.00s, Memory = 0.0K)
    Checking Rule W122 (Rule 134 of total 323) .... done (Time = 0.00s, Memory = 0.0K)
    Checking Rule W496a (Rule 135 of total 323) .... done (Time = 0.00s, Memory = 0.0K)
    Checking Rule W496b (Rule 136 of total 323) .... done (Time = 0.00s, Memory = 0.0K)
    Checking Rule W19 (Rule 137 of total 323) .... done (Time = 0.00s, Memory = 0.0K)
    Checking Rule W66 (Rule 138 of total 323) .... done (Time = 0.00s, Memory = 0.0K)
    Checking Rule W116 (Rule 139 of total 323) .... done (Time = 0.00s, Memory = 0.0K)
    Checking Rule W123 (Rule 140 of total 323) .... done (Time = 0.00s, Memory = 16.0K)
    Checking Rule W156 (Rule 141 of total 323) .... done (Time = 0.00s, Memory = 0.0K)
    Checking Rule W215 (Rule 142 of total 323) .... done (Time = 0.01s, Memory = 0.0K)
    Checking Rule W216 (Rule 143 of total 323) .... done (Time = 0.00s, Memory = 0.0K)
    Checking Rule W218 (Rule 144 of total 323) .... done (Time = 0.00s, Memory = 0.0K)
    Checking Rule W224 (Rule 145 of total 323) .... done (Time = 0.00s, Memory = 0.0K)
    Checking Rule W263 (Rule 146 of total 323) .... done (Time = 0.00s, Memory = 0.0K)
    Checking Rule W289 (Rule 147 of total 323) .... done (Time = 0.00s, Memory = 0.0K)
    Checking Rule W337 (Rule 148 of total 323) .... done (Time = 0.00s, Memory = 0.0K)
    Checking Rule W416 (Rule 149 of total 323) .... done (Time = 0.00s, Memory = 0.0K)
    Checking Rule W352 (Rule 150 of total 323) .... done (Time = 0.00s, Memory = 0.0K)
    Checking Rule W362 (Rule 151 of total 323) .... done (Time = 0.00s, Memory = 0.0K)
    Checking Rule W415a (Rule 152 of total 323) .... done (Time = 0.02s, Memory = 8.0K)
    Checking Rule W486 (Rule 153 of total 323) .... done (Time = 0.00s, Memory = 0.0K)
    Checking Rule W499 (Rule 154 of total 323) .... done (Time = 0.00s, Memory = 0.0K)
    Checking Rule W502 (Rule 155 of total 323) .... done (Time = 0.00s, Memory = 0.0K)
    Checking Rule W116 (Rule 156 of total 323) .... done (Time = 0.00s, Memory = 0.0K)
    Checking Rule W122 (Rule 157 of total 323) .... done (Time = 0.00s, Memory = 0.0K)
    Checking Rule W123 (Rule 158 of total 323) .... done (Time = 0.00s, Memory = 0.0K)
    Checking Rule W156 (Rule 159 of total 323) .... done (Time = 0.00s, Memory = 0.0K)
    Checking Rule W71 (Rule 160 of total 323) .... done (Time = 0.01s, Memory = 0.0K)
    Checking Rule W240 (Rule 161 of total 323) .... done (Time = 0.00s, Memory = 0.0K)
    Checking Rule W240 (Rule 162 of total 323) .... done (Time = 0.00s, Memory = 0.0K)
    Checking Rule W287a (Rule 163 of total 323) .... done (Time = 0.00s, Memory = 0.0K)
    Checking Rule W293 (Rule 164 of total 323) .... done (Time = 0.00s, Memory = 0.0K)
    Checking Rule W398 (Rule 165 of total 323) .... done (Time = 0.03s, Memory = 0.0K)
    Checking Rule W424 (Rule 166 of total 323) .... done (Time = 0.01s, Memory = 0.0K)
    Checking Rule W467 (Rule 167 of total 323) .... done (Time = 0.00s, Memory = 0.0K)
    Checking Rule W505 (Rule 168 of total 323) .... done (Time = 0.01s, Memory = 0.0K)
    Checking Rule W505 (Rule 169 of total 323) .... done (Time = 0.00s, Memory = 0.0K)
    Checking Rule W528 (Rule 170 of total 323) .... done (Time = 0.00s, Memory = 0.0K)
    Checking Rule W528 (Rule 171 of total 323) .... done (Time = 0.00s, Memory = 576.0K)
    Checking Rule Prereqs_Usage (Rule 172 of total 323) .... done (Time = 0.00s, Memory = -16.0K)
    Checking Rule Prereqs_ConstantInput-ML (Rule 173 of total 323) .... done (Time = 0.00s, Memory = 0.0K)
    Checking Rule ReportPortInfo-ML (Rule 174 of total 323) .... done (Time = 0.00s, Memory = 0.0K)
    Checking Rule Prereqs_ReportPortInfo-ML (Rule 175 of total 323) .... done (Time = 0.00s, Memory = 0.0K)
    Checking Rule Prereqs_ReportPortInfo-ML (Rule 176 of total 323) .... done (Time = 0.00s, Memory = 0.0K)
    Checking Rule NoAssignX-ML (Rule 177 of total 323) .... done (Time = 0.00s, Memory = 0.0K)
    Checking Rule ParamWidthMismatch-ML (Rule 178 of total 323) .... done (Time = 0.00s, Memory = 0.0K)
    Checking Rule Postreqs_Usage_ML (Rule 179 of total 323) .... done (Time = 0.00s, Memory = 0.0K)
    Checking Rule NoXInCase-ML (Rule 180 of total 323) .... done (Time = 0.00s, Memory = 0.0K)
Checking ELABDU Rules for designUnit ViT_top
    Checking Rule Av_multitop01 (Rule 181 of total 323) .... done (Time = 0.00s, Memory = 0.0K)
    Checking Rule Av_multitop01 (Rule 182 of total 323) .... done (Time = 0.00s, Memory = 0.0K)
    Checking Rule InitState (Rule 183 of total 323) .... done (Time = 0.00s, Memory = 0.0K)
    Checking Rule InitState (Rule 184 of total 323) .... done (Time = 0.00s, Memory = 0.0K)
    Checking Rule Av_fsmreq01 (Rule 185 of total 323) .... done (Time = 0.00s, Memory = 0.0K)
    Checking Rule Av_fsmreq01 (Rule 186 of total 323) .... done (Time = 0.00s, Memory = 0.0K)
    Checking Rule Av_rstreq01 (Rule 187 of total 323) .... done (Time = 0.00s, Memory = 0.0K)
    Checking Rule Av_rstreq01 (Rule 188 of total 323) .... done (Time = 0.00s, Memory = 0.0K)
    Checking Rule Av_casereq01 (Rule 189 of total 323) .... done (Time = 0.00s, Memory = 0.0K)
    Checking Rule Av_deadreq01 (Rule 190 of total 323) .... done (Time = 0.00s, Memory = 0.0K)
    Checking Rule Av_deadreq01 (Rule 191 of total 323) .... done (Time = 0.00s, Memory = 0.0K)
    Checking Rule AnalyzeABV (Rule 192 of total 323) .... done (Time = 0.00s, Memory = 0.0K)
    Checking Rule veOperatorPreReq (Rule 193 of total 323) .... done (Time = 0.00s, Memory = 0.0K)
    Checking Rule veShiftOperatorPreReq (Rule 194 of total 323) .... done (Time = 0.00s, Memory = 0.0K)
    Checking Rule Av_dcreq01 (Rule 195 of total 323) .... done (Time = 0.00s, Memory = 0.0K)
    Checking Rule Av_dcreq01 (Rule 196 of total 323) .... done (Time = 0.00s, Memory = 0.0K)
    Checking Rule _chk_signed_unsigned_prereq (Rule 197 of total 323) .... done (Time = 0.00s, Memory = 0.0K)
    Checking Rule _width01_prereq (Rule 198 of total 323) .... done (Time = 0.00s, Memory = 0.0K)
    Checking Rule _width02_prereq (Rule 199 of total 323) .... done (Time = 0.00s, Memory = 0.0K)
    Checking Rule _width03_prereq (Rule 200 of total 323) .... done (Time = 0.00s, Memory = 0.0K)
    Checking Rule _width04_prereq (Rule 201 of total 323) .... done (Time = 0.00s, Memory = 0.0K)
    Checking Rule _signunsign01_prereq (Rule 202 of total 323) .... done (Time = 0.00s, Memory = 0.0K)
    Checking Rule _width05_prereq (Rule 203 of total 323) .... done (Time = 0.00s, Memory = 0.0K)
    Checking Rule _width_expr02_mismatch_prereq (Rule 204 of total 323) .... done (Time = 0.00s, Memory = 0.0K)
    Checking Rule _width_expr03_mismatch_prereq (Rule 205 of total 323) .... done (Time = 0.01s, Memory = 0.0K)
    Checking Rule _dontcare_mismatch_prereq (Rule 206 of total 323) .... done (Time = 0.00s, Memory = 0.0K)
    Checking Rule _case_default_redundant_prereq (Rule 207 of total 323) .... done (Time = 0.00s, Memory = 0.0K)
    Checking Rule _case_default_missing_prereq (Rule 208 of total 323) .... done (Time = 0.00s, Memory = 0.0K)
    Checking Rule _formallint_preReq (Rule 209 of total 323) .... done (Time = 0.00s, Memory = 0.0K)
    Checking Rule _avAddSynthNet (Rule 210 of total 323) .... done (Time = 0.00s, Memory = 0.0K)
Checking ELABDU Rules for designUnit div
    Checking Rule Av_multitop01 (Rule 181 of total 323) .... done (Time = 0.00s, Memory = 0.0K)
    Checking Rule Av_multitop01 (Rule 182 of total 323) .... done (Time = 0.00s, Memory = 0.0K)
    Checking Rule InitState (Rule 183 of total 323) .... done (Time = 0.00s, Memory = 0.0K)
    Checking Rule InitState (Rule 184 of total 323) .... done (Time = 0.00s, Memory = 0.0K)
    Checking Rule Av_fsmreq01 (Rule 185 of total 323) .... done (Time = 0.00s, Memory = 0.0K)
    Checking Rule Av_fsmreq01 (Rule 186 of total 323) .... done (Time = 0.00s, Memory = 0.0K)
    Checking Rule Av_rstreq01 (Rule 187 of total 323) .... done (Time = 0.00s, Memory = 0.0K)
    Checking Rule Av_rstreq01 (Rule 188 of total 323) .... done (Time = 0.00s, Memory = 0.0K)
    Checking Rule Av_casereq01 (Rule 189 of total 323) .... done (Time = 0.00s, Memory = 0.0K)
    Checking Rule Av_deadreq01 (Rule 190 of total 323) .... done (Time = 0.00s, Memory = 0.0K)
    Checking Rule Av_deadreq01 (Rule 191 of total 323) .... done (Time = 0.00s, Memory = 0.0K)
    Checking Rule AnalyzeABV (Rule 192 of total 323) .... done (Time = 0.00s, Memory = 0.0K)
    Checking Rule veOperatorPreReq (Rule 193 of total 323) .... done (Time = 0.00s, Memory = 0.0K)
    Checking Rule veShiftOperatorPreReq (Rule 194 of total 323) .... done (Time = 0.00s, Memory = 0.0K)
    Checking Rule Av_dcreq01 (Rule 195 of total 323) .... done (Time = 0.00s, Memory = 0.0K)
    Checking Rule Av_dcreq01 (Rule 196 of total 323) .... done (Time = 0.00s, Memory = 0.0K)
    Checking Rule _chk_signed_unsigned_prereq (Rule 197 of total 323) .... done (Time = 0.00s, Memory = 0.0K)
    Checking Rule _width01_prereq (Rule 198 of total 323) .... done (Time = 0.00s, Memory = 0.0K)
    Checking Rule _width02_prereq (Rule 199 of total 323) .... done (Time = 0.00s, Memory = 0.0K)
    Checking Rule _width03_prereq (Rule 200 of total 323) .... done (Time = 0.00s, Memory = 0.0K)
    Checking Rule _width04_prereq (Rule 201 of total 323) .... done (Time = 0.00s, Memory = 0.0K)
    Checking Rule _signunsign01_prereq (Rule 202 of total 323) .... done (Time = 0.00s, Memory = 0.0K)
    Checking Rule _width05_prereq (Rule 203 of total 323) .... done (Time = 0.00s, Memory = 0.0K)
    Checking Rule _width_expr02_mismatch_prereq (Rule 204 of total 323) .... done (Time = 0.00s, Memory = 0.0K)
    Checking Rule _width_expr03_mismatch_prereq (Rule 205 of total 323) .... done (Time = 0.00s, Memory = 0.0K)
    Checking Rule _dontcare_mismatch_prereq (Rule 206 of total 323) .... done (Time = 0.01s, Memory = 0.0K)
    Checking Rule _case_default_redundant_prereq (Rule 207 of total 323) .... done (Time = 0.00s, Memory = 0.0K)
    Checking Rule _case_default_missing_prereq (Rule 208 of total 323) .... done (Time = 0.00s, Memory = 0.0K)
    Checking Rule _formallint_preReq (Rule 209 of total 323) .... done (Time = 0.00s, Memory = 0.0K)
    Checking Rule _avAddSynthNet (Rule 210 of total 323) .... done (Time = 0.00s, Memory = 0.0K)
Checking ELABDU Rules for designUnit exp_lut
    Checking Rule Av_multitop01 (Rule 181 of total 323) .... done (Time = 0.00s, Memory = 0.0K)
    Checking Rule Av_multitop01 (Rule 182 of total 323) .... done (Time = 0.00s, Memory = 0.0K)
    Checking Rule InitState (Rule 183 of total 323) .... done (Time = 0.00s, Memory = 0.0K)
    Checking Rule InitState (Rule 184 of total 323) .... done (Time = 0.00s, Memory = 0.0K)
    Checking Rule Av_fsmreq01 (Rule 185 of total 323) .... done (Time = 0.00s, Memory = 0.0K)
    Checking Rule Av_fsmreq01 (Rule 186 of total 323) .... done (Time = 0.00s, Memory = 0.0K)
    Checking Rule Av_rstreq01 (Rule 187 of total 323) .... done (Time = 0.00s, Memory = 0.0K)
    Checking Rule Av_rstreq01 (Rule 188 of total 323) .... done (Time = 0.00s, Memory = 0.0K)
    Checking Rule Av_casereq01 (Rule 189 of total 323) .... done (Time = 0.00s, Memory = 0.0K)
    Checking Rule Av_deadreq01 (Rule 190 of total 323) .... done (Time = 0.00s, Memory = 0.0K)
    Checking Rule Av_deadreq01 (Rule 191 of total 323) .... done (Time = 0.00s, Memory = 0.0K)
    Checking Rule AnalyzeABV (Rule 192 of total 323) .... done (Time = 0.00s, Memory = 0.0K)
    Checking Rule veOperatorPreReq (Rule 193 of total 323) .... done (Time = 0.00s, Memory = 0.0K)
    Checking Rule veShiftOperatorPreReq (Rule 194 of total 323) .... done (Time = 0.00s, Memory = 0.0K)
    Checking Rule Av_dcreq01 (Rule 195 of total 323) .... done (Time = 0.00s, Memory = 0.0K)
    Checking Rule Av_dcreq01 (Rule 196 of total 323) .... done (Time = 0.00s, Memory = 0.0K)
    Checking Rule _chk_signed_unsigned_prereq (Rule 197 of total 323) .... done (Time = 0.00s, Memory = 0.0K)
    Checking Rule _width01_prereq (Rule 198 of total 323) .... done (Time = 0.00s, Memory = 0.0K)
    Checking Rule _width02_prereq (Rule 199 of total 323) .... done (Time = 0.00s, Memory = 0.0K)
    Checking Rule _width03_prereq (Rule 200 of total 323) .... done (Time = 0.00s, Memory = 0.0K)
    Checking Rule _width04_prereq (Rule 201 of total 323) .... done (Time = 0.00s, Memory = 0.0K)
    Checking Rule _signunsign01_prereq (Rule 202 of total 323) .... done (Time = 0.00s, Memory = 0.0K)
    Checking Rule _width05_prereq (Rule 203 of total 323) .... done (Time = 0.00s, Memory = 0.0K)
    Checking Rule _width_expr02_mismatch_prereq (Rule 204 of total 323) .... done (Time = 0.00s, Memory = 0.0K)
    Checking Rule _width_expr03_mismatch_prereq (Rule 205 of total 323) .... done (Time = 0.00s, Memory = 0.0K)
    Checking Rule _dontcare_mismatch_prereq (Rule 206 of total 323) .... done (Time = 0.00s, Memory = 0.0K)
    Checking Rule _case_default_redundant_prereq (Rule 207 of total 323) .... done (Time = 0.00s, Memory = 0.0K)
    Checking Rule _case_default_missing_prereq (Rule 208 of total 323) .... done (Time = 0.00s, Memory = 0.0K)
    Checking Rule _formallint_preReq (Rule 209 of total 323) .... done (Time = 0.00s, Memory = 0.0K)
    Checking Rule _avAddSynthNet (Rule 210 of total 323) .... done (Time = 0.00s, Memory = 0.0K)
Checking Lexical Rules for file ../hdl/ViT_top.v
    Checking Rule Av_complexity_req01 (Rule 211 of total 323) .... done (Time = 0.00s, Memory = 0.0K)
Checking Lexical Rules for file ../hdl/exp_lut.v
    Checking Rule Av_complexity_req01 (Rule 211 of total 323) .... done (Time = 0.00s, Memory = 0.0K)
Checking Lexical Rules for file ../hdl/div.v
    Checking Rule Av_complexity_req01 (Rule 211 of total 323) .... done (Time = 0.00s, Memory = 0.0K)
Checking Rule SGDC_waive24 (Rule 212 of total 323) .... done (Time = 0.00s, Memory = 0.0K)
Checking Rule SGDC_waive25 (Rule 213 of total 323) .... done (Time = 0.00s, Memory = 0.0K)
Checking Rule SGDC_waive31 (Rule 214 of total 323) .... done (Time = 0.00s, Memory = 0.0K)
Checking Rule SGDC_waive35 (Rule 215 of total 323) .... done (Time = 0.00s, Memory = 0.0K)
 Synthesizing module: exp_lut (elaborated name: exp_lut) ... (Module 1 of total 3)  done 
 Synthesizing module: div (elaborated name: div) ... (Module 2 of total 3)  done 
 Synthesizing module: ViT_top (elaborated name: ViT_top) ... (Module 3 of total 3)  done 
 Synthesis completed.
Checking Rule InferBlackBox (Rule 216 of total 323) .... done (Time = 0.04s, Memory = 0.0K)
Checking Rule checkCMD_mthresh (Rule 217 of total 323) .... done (Time = 0.00s, Memory = 0.0K)
Checking Rule SGDC_waive37 (Rule 218 of total 323) .... done (Time = 0.00s, Memory = -4096.0K)
Checking Rule Prereq_IntClock for module exp_lut (Rule 219 of total 323) .... done (Time = 0.00s, Memory = 0.0K)
Checking Rule W336 for module exp_lut (Rule 220 of total 323) .... done (Time = 0.00s, Memory = 0.0K)
Checking Rule W414 for module exp_lut (Rule 221 of total 323) .... done (Time = 0.00s, Memory = 0.0K)
Checking Rule W450L for module exp_lut (Rule 222 of total 323) .... done (Time = 0.00s, Memory = 0.0K)
Checking Rule HangingNetPreReq-ML for module exp_lut (Rule 223 of total 323) .... done (Time = 0.00s, Memory = 0.0K)
Checking Rule RegInputOutput-ML for module exp_lut (Rule 224 of total 323) .... done (Time = 0.00s, Memory = 0.0K)
Checking Rule Av_svasetup01 for module exp_lut (Rule 225 of total 323) .... done (Time = 0.00s, Memory = 0.0K)
Checking Rule Av_casereq02 for module exp_lut (Rule 226 of total 323) .... done (Time = 0.00s, Memory = 0.0K)
Checking Rule Av_deadfilter01 for module exp_lut (Rule 227 of total 323) .... done (Time = 0.00s, Memory = 0.0K)
Checking Rule Av_dcreq02 for module exp_lut (Rule 228 of total 323) .... done (Time = 0.00s, Memory = 0.0K)
Checking Rule Av_staticnetnreq01 for module exp_lut (Rule 229 of total 323) .... done (Time = 0.00s, Memory = 0.0K)
Checking Rule STARC05-2.5.1.7 for module exp_lut (Rule 230 of total 323) .... done (Time = 0.00s, Memory = 0.0K)
Checking Rule STARC05-2.5.1.9 for module exp_lut (Rule 231 of total 323) .... done (Time = 0.00s, Memory = 0.0K)
Checking Rule Prereq_IntClock for module div (Rule 219 of total 323) .... done (Time = 0.00s, Memory = 0.0K)
Checking Rule W336 for module div (Rule 220 of total 323) .... done (Time = 0.00s, Memory = 0.0K)
Checking Rule W414 for module div (Rule 221 of total 323) .... done (Time = 0.00s, Memory = 0.0K)
Checking Rule W450L for module div (Rule 222 of total 323) .... done (Time = 0.00s, Memory = 0.0K)
Checking Rule HangingNetPreReq-ML for module div (Rule 223 of total 323) .... done (Time = 0.00s, Memory = 0.0K)
Checking Rule RegInputOutput-ML for module div (Rule 224 of total 323) .... done (Time = 0.00s, Memory = 0.0K)
Checking Rule Av_svasetup01 for module div (Rule 225 of total 323) .... done (Time = 0.00s, Memory = 0.0K)
Checking Rule Av_casereq02 for module div (Rule 226 of total 323) .... done (Time = 0.00s, Memory = 0.0K)
Checking Rule Av_deadfilter01 for module div (Rule 227 of total 323) .... done (Time = 0.00s, Memory = 0.0K)
Checking Rule Av_dcreq02 for module div (Rule 228 of total 323) .... done (Time = 0.00s, Memory = 0.0K)
Checking Rule Av_staticnetnreq01 for module div (Rule 229 of total 323) .... done (Time = 0.00s, Memory = 0.0K)
Checking Rule STARC05-2.5.1.7 for module div (Rule 230 of total 323) .... done (Time = 0.00s, Memory = 0.0K)
Checking Rule STARC05-2.5.1.9 for module div (Rule 231 of total 323) .... done (Time = 0.00s, Memory = 0.0K)
Checking Rule Prereq_IntClock for module ViT_top (Rule 219 of total 323) .... done (Time = 0.00s, Memory = 0.0K)
Checking Rule W336 for module ViT_top (Rule 220 of total 323) .... done (Time = 0.00s, Memory = 0.0K)
Checking Rule W414 for module ViT_top (Rule 221 of total 323) .... done (Time = 0.00s, Memory = 0.0K)
Checking Rule W450L for module ViT_top (Rule 222 of total 323) .... done (Time = 0.00s, Memory = 0.0K)
Checking Rule HangingNetPreReq-ML for module ViT_top (Rule 223 of total 323) .... done (Time = 0.00s, Memory = 0.0K)
Checking Rule RegInputOutput-ML for module ViT_top (Rule 224 of total 323) .... done (Time = 0.00s, Memory = 0.0K)
Checking Rule Av_svasetup01 for module ViT_top (Rule 225 of total 323) .... done (Time = 0.00s, Memory = 0.0K)
Checking Rule Av_casereq02 for module ViT_top (Rule 226 of total 323) .... done (Time = 0.00s, Memory = 0.0K)
Checking Rule Av_deadfilter01 for module ViT_top (Rule 227 of total 323) .... done (Time = 0.00s, Memory = 0.0K)
Checking Rule Av_dcreq02 for module ViT_top (Rule 228 of total 323) .... done (Time = 0.00s, Memory = 0.0K)
Checking Rule Av_staticnetnreq01 for module ViT_top (Rule 229 of total 323) .... done (Time = 0.00s, Memory = 0.0K)
Checking Rule STARC05-2.5.1.7 for module ViT_top (Rule 230 of total 323) .... done (Time = 0.00s, Memory = 0.0K)
Checking Rule STARC05-2.5.1.9 for module ViT_top (Rule 231 of total 323) .... done (Time = 0.00s, Memory = 0.0K)
Performing semantic checks on SGDC contents
Checking Rule SGDC_testmode03 (Rule 74 of total 323) .... done (Time = 0.00s, Memory = 0.0K)
Checking Rule _abstractPortSGDC (Rule 232 of total 323) .... done (Time = 0.00s, Memory = 0.0K)
Checking Rule SGDC_abstract_port03 (Rule 233 of total 323) .... done (Time = 0.00s, Memory = 0.0K)
Checking Rule SGDC_abstract_port04 (Rule 234 of total 323) .... done (Time = 0.00s, Memory = 0.0K)
Checking Rule SGDC_abstract_port05 (Rule 235 of total 323) .... done (Time = 0.00s, Memory = 0.0K)
Checking Rule SGDC_abstract_port07 (Rule 236 of total 323) .... done (Time = 0.00s, Memory = 0.0K)
Checking Rule SGDC_abstract_port08 (Rule 237 of total 323) .... done (Time = 0.00s, Memory = 0.0K)
Checking Rule SGDC_abstract_port10 (Rule 238 of total 323) .... done (Time = 0.00s, Memory = 0.0K)
Checking Rule SGDC_abstract_port11 (Rule 239 of total 323) .... done (Time = 0.00s, Memory = 0.0K)
Checking Rule SGDC_abstract_port12 (Rule 240 of total 323) .... done (Time = 0.00s, Memory = 0.0K)
Checking Rule SGDC_abstract_port13 (Rule 241 of total 323) .... done (Time = 0.00s, Memory = 0.0K)
Checking Rule Av_complexity_req02 (Rule 242 of total 323) .... done (Time = 0.00s, Memory = 0.0K)
Checking Rule ReportUngroup (Rule 243 of total 323) .... done (Time = 0.00s, Memory = 0.0K)
Checking Rule LINT_portReten (Rule 244 of total 323) .... done (Time = 0.00s, Memory = 0.0K)
Checking Rule SGDC_abstract_port21 (Rule 245 of total 323) .... done (Time = 0.00s, Memory = 0.0K)
Checking Rule InferLatch (Rule 246 of total 323) .... done (Time = 0.01s, Memory = 32.0K)
Checking Rule UndrivenInTerm-ML (Rule 247 of total 323) .... done (Time = 0.55s, Memory = 0.0K)
Checking Rule Av_casereq03 (Rule 248 of total 323) .... done (Time = 0.00s, Memory = 0.0K)
Checking Rule SGDC_fsm_setup01 (Rule 249 of total 323) .... done (Time = 0.00s, Memory = 0.0K)
Checking Rule Av_PortRetention (Rule 250 of total 323) .... done (Time = 0.00s, Memory = 0.0K)
Checking Rule SGDC_assume_path05 (Rule 251 of total 323) .... done (Time = 0.00s, Memory = 0.0K)
 Flattening ViT_top (.lib instances separately flattened) ....
    79% completed (50000 instances created)
 Flattening completed
Checking Rule SGDC_set_case_analysis_LC (Rule 252 of total 323) .... done (Time = 0.00s, Memory = 0.0K)
Checking Rule Av_IpblockTaggedNet (Rule 253 of total 323) .... done (Time = 0.00s, Memory = 0.0K)
Checking Rule BufClock (Rule 254 of total 323) .... done (Time = 0.48s, Memory = 2216.0K)
Checking Rule CombLoop (Rule 255 of total 323) .... done (Time = 0.30s, Memory = 1504.0K)
Checking Rule STARC05-2.5.1.2 (Rule 256 of total 323) .... done (Time = 0.01s, Memory = 0.0K)
Checking Rule STARC05-1.3.1.3 (Rule 257 of total 323) .... done (Time = 0.00s, Memory = 0.0K)
Checking Rule STARC05-1.4.3.4 (Rule 258 of total 323) .... done (Time = 0.02s, Memory = 8.0K)
Checking Rule FlopClockConstant (Rule 259 of total 323) .... done (Time = 0.15s, Memory = 1720.0K)
Checking Rule FlopSRConst (Rule 260 of total 323) .... done (Time = 0.02s, Memory = 0.0K)
Checking Rule FlopEConst (Rule 261 of total 323) .... done (Time = 0.02s, Memory = 0.0K)
Checking Rule checkPinConnectedToSupply (Rule 262 of total 323) .... done (Time = 0.04s, Memory = 0.0K)
Checking Rule W392 (Rule 263 of total 323) .... done (Time = 0.01s, Memory = 680.0K)
Checking Rule W415 (Rule 264 of total 323) .... done (Time = 0.17s, Memory = 0.0K)
Checking Rule LatchFeedback (Rule 265 of total 323) .... done (Time = 0.28s, Memory = 0.0K)
Checking Rule Av_initseq01 (Rule 266 of total 323) .... done (Time = 0.00s, Memory = 0.0K)
Checking Rule Av_init01 (Rule 267 of total 323) .... done (Time = 0.00s, Memory = 0.0K)
Checking Rule SGDC_av_meta_design_hier01 (Rule 268 of total 323) .... done (Time = 0.00s, Memory = 0.0K)
Checking Rule Av_initstate01 (Rule 269 of total 323) .... done (Time = 0.00s, Memory = 0.0K)
Checking Rule Av_sanity02 (Rule 270 of total 323) .... done (Time = 0.00s, Memory = 0.0K)
Checking Rule Av_sanity06 (Rule 271 of total 323) .... done (Time = 0.00s, Memory = 0.0K)
Checking Rule _formal_anlysis_filter_prereq (Rule 272 of total 323) .... done (Time = 0.00s, Memory = 0.0K)
Checking Rule Av_fsmreq02 (Rule 273 of total 323) .... done (Time = 0.00s, Memory = 0.0K)
Checking Rule _fsm03_prereq (Rule 274 of total 323) .... done (Time = 0.00s, Memory = 0.0K)
Checking Rule _fsm_contr01 (Rule 275 of total 323) .... done (Time = 0.00s, Memory = 0.0K)
Checking Rule Av_report01 (Rule 276 of total 323) .... done (Time = 0.00s, Memory = 0.0K)
Checking Rule _advLintReport01 (Rule 277 of total 323) .... done (Time = 0.00s, Memory = 0.0K)
Checking Rule STARC05-2.4.1.5 (Rule 278 of total 323) .... done (Time = 0.00s, Memory = 0.0K)
Checking Rule STARC05-1.2.1.2 (Rule 279 of total 323) .... done (Time = 0.03s, Memory = 376.0K)
Checking Rule AnalyzeBBox (Rule 280 of total 323) .... done (Time = 0.00s, Memory = 0.0K)
Checking Rule ReportCheckDataSummary (Rule 72 of total 323) .... done (Time = 0.00s, Memory = 0.0K)

Generating data for Console...

SpyGlass Rule Checking Complete.

Generating moresimple report from './spyglass-1/lint/lint_turbo_rtl/spyglass.vdb' to './spyglass-1/lint/lint_turbo_rtl/spyglass_reports/moresimple.rpt' ....

Generating runsummary report from './spyglass-1/lint/lint_turbo_rtl/spyglass.vdb' ....

Generating moresimple_turbo report from './spyglass-1/lint/lint_turbo_rtl/spyglass.vdb' to './spyglass-1/lint/lint_turbo_rtl/spyglass_reports/moresimple_turbo.rpt' ....

Generating no_msg_reporting_rules report from './spyglass-1/lint/lint_turbo_rtl/spyglass.vdb' to './spyglass-1/lint/lint_turbo_rtl/spyglass_reports/no_msg_reporting_rules.rpt' ....

Generating ADV-LINT report from './spyglass-1/lint/lint_turbo_rtl/spyglass.vdb' to './spyglass-1/lint/lint_turbo_rtl/spyglass_reports/ADV-LINT.rpt' ....

Generating auto_verify report from './spyglass-1/lint/lint_turbo_rtl/spyglass.vdb' to './spyglass-1/lint/lint_turbo_rtl/spyglass_reports/auto_verify.rpt' ....

Generating W415_Report report from './spyglass-1/lint/lint_turbo_rtl/spyglass.vdb' to './spyglass-1/lint/lint_turbo_rtl/spyglass_reports/lint/W415_Report.rpt' ....

Policy specific data (reports) are present in the directory './spyglass-1/lint/lint_turbo_rtl/spyglass_reports'.

SpyGlass critical reports for the current run are present in directory './spyglass-1/consolidated_reports/lint_lint_turbo_rtl/'.

---------------------------------------------------------------------------------------------
Results Summary:
---------------------------------------------------------------------------------------------
   Goal Run           :      lint/lint_turbo_rtl
   Command-line read  :      0 error,      0 warning,      0 information message 
   Design Read        :      0 error,      0 warning,      3 information messages
      Found 1 top module:
         ViT_top   (file: ../hdl/ViT_top.v)

   Blackbox Resolution:      0 error,      0 warning,      0 information message 
   SGDC Checks        :      0 error,      0 warning,      0 information message 
   Policy lint        :      0 error,      1 warning,      0 information message 
   Policy starc2005   :      0 error,      3 warnings,     0 information message 
   -------------------------------------------------------------------------------------
   Total              :      0 error,      4 warnings,     3 information messages

  Total Number of Generated Primary Messages          :         7 (0 error, 4 warnings, 3 Infos, 0 Data)
  Total Number of Generated Secondary Messages        :         8 (0 error, 0 warning, 0 Info, 8 Data)
  Number of Reported Primary Messages                 :         7 (0 error, 4 warnings, 3 Infos, 0 Data)

---------------------------------------------------------------------------------------------


run_goal: info: updating spyglass.log with goal summary
---------------------------------------------------------------------------------------------------
Results Summary:
---------------------------------------------------------------------------------------------------
   Goal Run           :      lint/lint_turbo_rtl
   Top Module         :      ViT_top
---------------------------------------------------------------------------------------------------
   Reports Directory: 
   /home/u110/u110022124/ICLAB/EE4292_HW5/util/spyglass-1/consolidated_reports/lint_lint_turbo_rtl/ 

   SpyGlass LogFile: 
    /home/u110/u110022124/ICLAB/EE4292_HW5/util/spyglass-1/lint/lint_turbo_rtl/spyglass.log 

   Standard Reports: 
     moresimple.rpt          no_msg_reporting_rules.rpt       

   HTML report:
    /home/u110/u110022124/ICLAB/EE4292_HW5/util/spyglass-1/html_reports/goals_summary.html
  

   Technology Reports:  
     moresimple_turbo.rpt          ADV-LINT.rpt          auto_verify.rpt        
   
---------------------------------------------------------------------------------------------------
   Goal Violation Summary:
       Waived   Messages:                      0 Errors,      0 Warnings,      0 Infos
       Reported Messages:         0 Fatals,    0 Errors,      4 Warnings,      3 Infos
---------------------------------------------------------------------------------------------------
   
---------------------------------------------------------------------------------------------------
 
run_goal: info: spyglass.log successfully updated with goal summary
run_goal: warning: save/restore disabled for the currently selected goal, design query data is not saved
current_goal: info: loading goal `lint/lint_abstract' (in progress)
current_goal: info: finished loading goal `lint/lint_abstract' (ok)

INFO:    SpyGlass will run goal(s) 'lint/lint_abstract'.


RULE-CHECKING IN MIXED MODE
Loading spyglass (SpyGlass_vR-2020.12-SP2) ... (picked from /usr/cadtool/cad/synopsys/spyglass/2020.12-sp2/SPYGLASS_HOME/policies/spyglass)
Loading lint (SpyGlass_vR-2020.12-SP2) ... (picked from /usr/cadtool/cad/synopsys/spyglass/2020.12-sp2/SPYGLASS_HOME/policies/lint)

INFO [76]    Using './spyglass-1/WORK/64' as the Work Directory for 64bit precompiled dump.
Checking Rule PrecompileLibCheck01 (Rule 1 of total 132) .... done (Time = 0.00s, Memory = 0.0K)
Checking Rule PrecompileLibCheck02 (Rule 2 of total 132) .... done (Time = 0.00s, Memory = 0.0K)
Checking Rule PrecompileLibCheck03 (Rule 3 of total 132) .... done (Time = 0.00s, Memory = 0.0K)
Checking Rule PrecompileLibCheck04 (Rule 4 of total 132) .... done (Time = 0.00s, Memory = 0.0K)
Checking Rule AbstractInterface (Rule 5 of total 132) .... done (Time = 0.00s, Memory = 0.0K)
Checking Rule SGDC_assume_path01 (Rule 6 of total 132) .... done (Time = 0.00s, Memory = 0.0K)
Checking Rule SGDC_sdcschema02 (Rule 7 of total 132) .... done (Time = 0.00s, Memory = 32.0K)
Checking Rule SGDC_clock05 (Rule 8 of total 132) .... done (Time = 0.00s, Memory = 0.0K)
Checking Rule SGDC_clock09 (Rule 9 of total 132) .... done (Time = 0.00s, Memory = 0.0K)
Checking Rule SGDC_force_ta05 (Rule 10 of total 132) .... done (Time = 0.00s, Memory = 0.0K)
Checking Rule SGDC_require_path03 (Rule 11 of total 132) .... done (Time = 0.00s, Memory = 0.0K)
Checking Rule SGDC_require_value03 (Rule 12 of total 132) .... done (Time = 0.00s, Memory = 0.0K)
Checking Rule SGDC_voltagedomain05 (Rule 13 of total 132) .... done (Time = 0.00s, Memory = 8.0K)
Checking Rule SGDC_voltagedomain06 (Rule 14 of total 132) .... done (Time = 0.00s, Memory = 0.0K)
Checking Rule SGDC_voltagedomain07 (Rule 15 of total 132) .... done (Time = 0.00s, Memory = 8.0K)
Checking Rule SGDC_powerdomainoutputs02 (Rule 16 of total 132) .... done (Time = 0.00s, Memory = 8.0K)
Checking Rule SGDC_supply01 (Rule 17 of total 132) .... done (Time = 0.00s, Memory = 8.0K)
Checking Rule SGDC_waive01 (Rule 18 of total 132) .... done (Time = 0.00s, Memory = 0.0K)
Checking Rule SGDC_waive02 (Rule 19 of total 132) .... done (Time = 0.00s, Memory = 0.0K)
Checking Rule SGDC_waive03 (Rule 20 of total 132) .... done (Time = 0.00s, Memory = 0.0K)
Checking Rule SGDC_waive04 (Rule 21 of total 132) .... done (Time = 0.00s, Memory = 0.0K)
Checking Rule SGDC_waive05 (Rule 22 of total 132) .... done (Time = 0.00s, Memory = 0.0K)
Checking Rule SGDC_waive06 (Rule 23 of total 132) .... done (Time = 0.00s, Memory = 0.0K)
Checking Rule SGDC_waive07 (Rule 24 of total 132) .... done (Time = 0.00s, Memory = 0.0K)
Checking Rule SGDC_waive08 (Rule 25 of total 132) .... done (Time = 0.00s, Memory = 0.0K)
Checking Rule SGDC_waive09 (Rule 26 of total 132) .... done (Time = 0.00s, Memory = 0.0K)
Checking Rule SGDC_waive10 (Rule 27 of total 132) .... done (Time = 0.00s, Memory = 0.0K)
Checking Rule SGDC_waive11 (Rule 28 of total 132) .... done (Time = 0.00s, Memory = 0.0K)
Checking Rule SGDC_waive12 (Rule 29 of total 132) .... done (Time = 0.00s, Memory = 0.0K)
Checking Rule SGDC_waive13 (Rule 30 of total 132) .... done (Time = 0.00s, Memory = 0.0K)
Checking Rule SGDC_waive21 (Rule 31 of total 132) .... done (Time = 0.00s, Memory = 0.0K)
Checking Rule SGDC_waive22 (Rule 32 of total 132) .... done (Time = 0.00s, Memory = 0.0K)
Checking Rule SGDC_waive30 (Rule 33 of total 132) .... done (Time = 0.00s, Memory = 0.0K)
Checking Rule SGDC_waive32 (Rule 34 of total 132) .... done (Time = 0.00s, Memory = 0.0K)
Checking Rule SGDC_waive33 (Rule 35 of total 132) .... done (Time = 0.00s, Memory = 0.0K)
Checking Rule SGDC_waive36 (Rule 36 of total 132) .... done (Time = 0.00s, Memory = 0.0K)
Checking Rule SGDC_waive38 (Rule 37 of total 132) .... done (Time = 0.00s, Memory = 0.0K)
Checking Rule SGDC_fifo01 (Rule 38 of total 132) .... done (Time = 0.00s, Memory = 0.0K)
Checking Rule SGDC_libgroup01 (Rule 39 of total 132) .... done (Time = 0.00s, Memory = 0.0K)
Checking Rule SGDC_libgroup02 (Rule 40 of total 132) .... done (Time = 0.00s, Memory = 0.0K)
Checking Rule SGDC_libgroup04 (Rule 41 of total 132) .... done (Time = 0.00s, Memory = 0.0K)
Checking Rule SGDC_power_data01 (Rule 42 of total 132) .... done (Time = 0.00s, Memory = 8.0K)
Checking Rule SGDC_ungroup01 (Rule 43 of total 132) .... done (Time = 0.00s, Memory = 0.0K)
Checking Rule SGDC_abstract_port06 (Rule 44 of total 132) .... done (Time = 0.00s, Memory = 8.0K)
Checking Rule SGDC_abstract_port14 (Rule 45 of total 132) .... done (Time = 0.00s, Memory = 0.0K)
Checking Rule SGDC_abstract_port15 (Rule 46 of total 132) .... done (Time = 0.00s, Memory = 8.0K)
Checking Rule SGDC_abstract_port18 (Rule 47 of total 132) .... done (Time = 0.00s, Memory = 0.0K)
Checking Rule sdc_init_rule (Rule 48 of total 132) .... done (Time = 0.00s, Memory = 0.0K)
Checking Rule CMD_ignorelibs01 (Rule 49 of total 132) .... done (Time = 0.00s, Memory = 0.0K)
Checking Rule ReportRuleNotRun (Rule 50 of total 132) .... done (Time = 0.00s, Memory = 0.0K)
Checking Rule ReportStopSummary (Rule 51 of total 132) .... done (Time = 0.00s, Memory = 0.0K)
Checking Rule ReportIgnoreSummary (Rule 52 of total 132) .... done (Time = 0.00s, Memory = 0.0K)
 Analyzing source file "../hdl/ViT_top.v" ....
 Analyzing source file "../hdl/exp_lut.v" ....
 Analyzing source file "../hdl/div.v" ....
 Elaborating Top Verilog Design Unit 'ViT_top' .....
 done
Checking Rule ElabSummary (Rule 53 of total 132) .... done (Time = 0.00s, Memory = 0.0K)
Checking Rule ReportCheckDataSummary (Rule 54 of total 132) .... done (Time = 0.00s, Memory = 0.0K)
 Reading waiver file "./spyglass-1/lint/lint_abstract/spyglass_spysch/constraint/spg_autogenerated_waivers.sgdc" ...
 Generating SGDC file "./spyglass-1/lint/lint_abstract/spyglass_spysch/constraint/pragma2Constraint.sgdc" from pragmas in HDL source files ....
 Generating WAIVER file "./spyglass-1/lint/lint_abstract/spyglass_spysch/waiver/pragma2Waiver.swl" from pragmas in HDL source files ....
Checking Rule DetectTopDesignUnits (Rule 55 of total 132)
 Detected 1 top level design units:
     ViT_top
 .... done (Time = 0.00s, Memory = 0.0K)
Performing semantic checks on SGDC contents
Checking Rule SGDC_testmode03 (Rule 56 of total 132) .... done (Time = 0.00s, Memory = 0.0K)
Checking Rule ReportObsoletePragmas (Rule 57 of total 132) .... done (Time = 0.00s, Memory = 0.0K)
Checking Rule checkSGDC_01 (Rule 58 of total 132) .... done (Time = 0.00s, Memory = 0.0K)
Checking Rule checkSGDC_03 (Rule 59 of total 132) .... done (Time = 0.00s, Memory = 0.0K)
Checking Rule checkSGDC_08 (Rule 60 of total 132) .... done (Time = 0.00s, Memory = 0.0K)
Checking Rule GenerateConfMap (Rule 61 of total 132) .... done (Time = 0.00s, Memory = 0.0K)
Checking Rule SGDC_memorywritepin04 (Rule 62 of total 132) .... done (Time = 0.00s, Memory = 8.0K)
Checking Rule SGDC_reset02 (Rule 63 of total 132) .... done (Time = 0.00s, Memory = 8.0K)
Checking Rule SGDC_reset03 (Rule 64 of total 132) .... done (Time = 0.00s, Memory = 0.0K)
Checking Rule SGDC_libgroup03 (Rule 65 of total 132) .... done (Time = 0.00s, Memory = 0.0K)
Checking Rule SGDC_ungroup02 (Rule 66 of total 132) .... done (Time = 0.00s, Memory = 0.0K)
Checking Rule HdlLibDuCheck (Rule 67 of total 132) .... done (Time = 0.00s, Memory = 0.0K)
Checking Rule RtlDesignInfo (Rule 68 of total 132) .... done (Time = 0.00s, Memory = 0.0K)
Checking Rule CheckCelldefine (Rule 69 of total 132) .... done (Time = 0.00s, Memory = 0.0K)
Checking Rule SGDC_waive23 (Rule 70 of total 132) .... done (Time = 0.00s, Memory = 0.0K)
Checking Rule SGDC_waive26 (Rule 71 of total 132) .... done (Time = 0.00s, Memory = 8.0K)
Checking Rule SGDC_waive27 (Rule 72 of total 132) .... done (Time = 0.00s, Memory = 0.0K)
Checking Rule SGDC_waive29 (Rule 73 of total 132) .... done (Time = 0.00s, Memory = 0.0K)
Checking ELABDU Rules for designUnit ViT_top
Checking ELABDU Rules for designUnit div
Checking ELABDU Rules for designUnit exp_lut
Checking Rule SGDC_waive24 (Rule 74 of total 132) .... done (Time = 0.00s, Memory = 0.0K)
Checking Rule SGDC_waive25 (Rule 75 of total 132) .... done (Time = 0.00s, Memory = 0.0K)
Checking Rule SGDC_waive31 (Rule 76 of total 132) .... done (Time = 0.00s, Memory = 0.0K)
Checking Rule SGDC_waive35 (Rule 77 of total 132) .... done (Time = 0.00s, Memory = 0.0K)
 Synthesizing module: exp_lut (elaborated name: exp_lut) ... (Module 1 of total 3)  done 
 Synthesizing module: div (elaborated name: div) ... (Module 2 of total 3)  done 
 Synthesizing module: ViT_top (elaborated name: ViT_top) ... (Module 3 of total 3)  done 
 Synthesis completed.
Checking Rule InferBlackBox (Rule 78 of total 132) .... done (Time = 0.02s, Memory = 0.0K)
Checking Rule checkCMD_mthresh (Rule 79 of total 132) .... done (Time = 0.00s, Memory = 0.0K)
Checking Rule SGDC_waive37 (Rule 80 of total 132) .... done (Time = 0.00s, Memory = -4096.0K)
Performing semantic checks on SGDC contents
Checking Rule SGDC_testmode03 (Rule 56 of total 132) .... done (Time = 0.00s, Memory = 0.0K)
Checking Rule _abstractPortSGDC (Rule 81 of total 132) .... done (Time = 0.00s, Memory = 0.0K)
Checking Rule SGDC_abstract_port03 (Rule 82 of total 132) .... done (Time = 0.00s, Memory = 0.0K)
Checking Rule SGDC_abstract_port04 (Rule 83 of total 132) .... done (Time = 0.00s, Memory = 0.0K)
Checking Rule SGDC_abstract_port05 (Rule 84 of total 132) .... done (Time = 0.00s, Memory = 0.0K)
Checking Rule SGDC_abstract_port07 (Rule 85 of total 132) .... done (Time = 0.00s, Memory = 0.0K)
Checking Rule SGDC_abstract_port08 (Rule 86 of total 132) .... done (Time = 0.00s, Memory = 0.0K)
Checking Rule SGDC_abstract_port10 (Rule 87 of total 132) .... done (Time = 0.00s, Memory = 0.0K)
Checking Rule SGDC_abstract_port11 (Rule 88 of total 132) .... done (Time = 0.00s, Memory = 0.0K)
Checking Rule SGDC_abstract_port12 (Rule 89 of total 132) .... done (Time = 0.00s, Memory = 0.0K)
Checking Rule SGDC_abstract_port13 (Rule 90 of total 132) .... done (Time = 0.00s, Memory = 0.0K)
Checking Rule ReportUngroup (Rule 91 of total 132) .... done (Time = 0.00s, Memory = 0.0K)
Checking Rule SGDC_abstract_port21 (Rule 92 of total 132) .... done (Time = 0.00s, Memory = 0.0K)
Checking Rule SGDC_assume_path05 (Rule 93 of total 132) .... done (Time = 0.00s, Memory = 0.0K)
 Flattening ViT_top (.lib instances separately flattened) ....
    79% completed (50000 instances created)
 Flattening completed
Checking Rule SGDC_set_case_analysis_LC (Rule 94 of total 132) .... done (Time = 0.00s, Memory = 0.0K)
Checking Rule LINT_abstract01 (Rule 95 of total 132) .... done (Time = 2.96s, Memory = 5584.0K)
Checking Rule AnalyzeBBox (Rule 96 of total 132) .... done (Time = 0.00s, Memory = 0.0K)
Checking Rule ReportCheckDataSummary (Rule 54 of total 132) .... done (Time = 0.00s, Memory = 0.0K)

Generating data for Console...

SpyGlass Rule Checking Complete.

Generating moresimple report from './spyglass-1/lint/lint_abstract/spyglass.vdb' to './spyglass-1/lint/lint_abstract/spyglass_reports/moresimple.rpt' ....

Generating runsummary report from './spyglass-1/lint/lint_abstract/spyglass.vdb' ....

Generating no_msg_reporting_rules report from './spyglass-1/lint/lint_abstract/spyglass.vdb' to './spyglass-1/lint/lint_abstract/spyglass_reports/no_msg_reporting_rules.rpt' ....

Policy specific data (reports) are present in the directory './spyglass-1/lint/lint_abstract/spyglass_reports'.

SpyGlass critical reports for the current run are present in directory './spyglass-1/consolidated_reports/lint_lint_abstract/'.

---------------------------------------------------------------------------------------------
Results Summary:
---------------------------------------------------------------------------------------------
   Goal Run           :      lint/lint_abstract
   Command-line read  :      0 error,      0 warning,      0 information message 
   Design Read        :      0 error,      0 warning,      2 information messages
      Found 1 top module:
         ViT_top   (file: ../hdl/ViT_top.v)

   Blackbox Resolution:      0 error,      0 warning,      0 information message 
   SGDC Checks        :      0 error,      0 warning,      0 information message 
   Policy lint        :      0 error,      0 warning,      1 information message 
   -------------------------------------------------------------------------------------
   Total              :      0 error,      0 warning,      3 information messages

  Total Number of Generated Messages     :         3 (0 error, 0 warning, 3 Infos)
  Number of Reported Messages            :         3 (0 error, 0 warning, 3 Infos)

---------------------------------------------------------------------------------------------


run_goal: info: updating spyglass.log with goal summary
---------------------------------------------------------------------------------------------------
Results Summary:
---------------------------------------------------------------------------------------------------
   Goal Run           :      lint/lint_abstract
   Top Module         :      ViT_top
---------------------------------------------------------------------------------------------------
   Reports Directory: 
   /home/u110/u110022124/ICLAB/EE4292_HW5/util/spyglass-1/consolidated_reports/lint_lint_abstract/ 

   SpyGlass LogFile: 
    /home/u110/u110022124/ICLAB/EE4292_HW5/util/spyglass-1/lint/lint_abstract/spyglass.log 

   Standard Reports: 
     moresimple.rpt          no_msg_reporting_rules.rpt       

   HTML report:
    /home/u110/u110022124/ICLAB/EE4292_HW5/util/spyglass-1/html_reports/goals_summary.html
  

   Technology Reports:  
     <Not Available>
   
   
---------------------------------------------------------------------------------------------------
   Goal Violation Summary:
       Waived   Messages:                      0 Errors,      0 Warnings,      0 Infos
       Reported Messages:         0 Fatals,    0 Errors,      0 Warnings,      3 Infos
---------------------------------------------------------------------------------------------------
   
---------------------------------------------------------------------------------------------------
 
run_goal: info: spyglass.log successfully updated with goal summary
run_goal: warning: save/restore disabled for the currently selected goal, design query data is not saved
set_option: error: option name `design_top' not supported
current_goal: error: goal `lint/lint_functional_rtl' selection failed as no top has been specified
                     You can select a top by -
                     sg_shell> set_option top <top_name> # followed by current_goal command or set it during current_goal as
                     sg_shell> current_goal lint/lint_functional_rtl -top <top_name>
                     If you want to perform SpyGlass analysis on multiple tops, then additionally
                     specify '-alltop' option in your current_goal command

INFO:    SpyGlass will run goal(s) 'lint/lint_abstract'.


RULE-CHECKING IN MIXED MODE
Loading spyglass (SpyGlass_vR-2020.12-SP2) ... (picked from /usr/cadtool/cad/synopsys/spyglass/2020.12-sp2/SPYGLASS_HOME/policies/spyglass)
Loading lint (SpyGlass_vR-2020.12-SP2) ... (picked from /usr/cadtool/cad/synopsys/spyglass/2020.12-sp2/SPYGLASS_HOME/policies/lint)
 Reading sgdc file "./constraints.sgdc" ...
Performing unification checks on SGDC... done

INFO [76]    Using './spyglass-1/WORK/64' as the Work Directory for 64bit precompiled dump.
Checking Rule PrecompileLibCheck01 (Rule 1 of total 132) .... done (Time = 0.00s, Memory = 0.0K)
Checking Rule PrecompileLibCheck02 (Rule 2 of total 132) .... done (Time = 0.00s, Memory = 0.0K)
Checking Rule PrecompileLibCheck03 (Rule 3 of total 132) .... done (Time = 0.00s, Memory = 0.0K)
Checking Rule PrecompileLibCheck04 (Rule 4 of total 132) .... done (Time = 0.00s, Memory = 0.0K)
Checking Rule AbstractInterface (Rule 5 of total 132) .... done (Time = 0.00s, Memory = 0.0K)
Checking Rule SGDC_assume_path01 (Rule 6 of total 132) .... done (Time = 0.00s, Memory = 0.0K)
Checking Rule SGDC_sdcschema02 (Rule 7 of total 132) .... done (Time = 0.00s, Memory = 32.0K)
Checking Rule SGDC_clock05 (Rule 8 of total 132) .... done (Time = 0.00s, Memory = 0.0K)
Checking Rule SGDC_clock09 (Rule 9 of total 132) .... done (Time = 0.00s, Memory = 0.0K)
Checking Rule SGDC_force_ta05 (Rule 10 of total 132) .... done (Time = 0.00s, Memory = 0.0K)
Checking Rule SGDC_require_path03 (Rule 11 of total 132) .... done (Time = 0.00s, Memory = 0.0K)
Checking Rule SGDC_require_value03 (Rule 12 of total 132) .... done (Time = 0.00s, Memory = 0.0K)
Checking Rule SGDC_voltagedomain05 (Rule 13 of total 132) .... done (Time = 0.00s, Memory = 8.0K)
Checking Rule SGDC_voltagedomain06 (Rule 14 of total 132) .... done (Time = 0.00s, Memory = 8.0K)
Checking Rule SGDC_voltagedomain07 (Rule 15 of total 132) .... done (Time = 0.00s, Memory = 8.0K)
Checking Rule SGDC_powerdomainoutputs02 (Rule 16 of total 132) .... done (Time = 0.00s, Memory = 8.0K)
Checking Rule SGDC_supply01 (Rule 17 of total 132) .... done (Time = 0.00s, Memory = 0.0K)
Checking Rule SGDC_waive01 (Rule 18 of total 132) .... done (Time = 0.00s, Memory = 0.0K)
Checking Rule SGDC_waive02 (Rule 19 of total 132) .... done (Time = 0.00s, Memory = 0.0K)
Checking Rule SGDC_waive03 (Rule 20 of total 132) .... done (Time = 0.00s, Memory = 0.0K)
Checking Rule SGDC_waive04 (Rule 21 of total 132) .... done (Time = 0.00s, Memory = 0.0K)
Checking Rule SGDC_waive05 (Rule 22 of total 132) .... done (Time = 0.00s, Memory = 0.0K)
Checking Rule SGDC_waive06 (Rule 23 of total 132) .... done (Time = 0.00s, Memory = 0.0K)
Checking Rule SGDC_waive07 (Rule 24 of total 132) .... done (Time = 0.00s, Memory = 0.0K)
Checking Rule SGDC_waive08 (Rule 25 of total 132) .... done (Time = 0.00s, Memory = 0.0K)
Checking Rule SGDC_waive09 (Rule 26 of total 132) .... done (Time = 0.00s, Memory = 0.0K)
Checking Rule SGDC_waive10 (Rule 27 of total 132) .... done (Time = 0.00s, Memory = 0.0K)
Checking Rule SGDC_waive11 (Rule 28 of total 132) .... done (Time = 0.00s, Memory = 0.0K)
Checking Rule SGDC_waive12 (Rule 29 of total 132) .... done (Time = 0.00s, Memory = 0.0K)
Checking Rule SGDC_waive13 (Rule 30 of total 132) .... done (Time = 0.00s, Memory = 0.0K)
Checking Rule SGDC_waive21 (Rule 31 of total 132) .... done (Time = 0.00s, Memory = 0.0K)
Checking Rule SGDC_waive22 (Rule 32 of total 132) .... done (Time = 0.00s, Memory = 0.0K)
Checking Rule SGDC_waive30 (Rule 33 of total 132) .... done (Time = 0.00s, Memory = 0.0K)
Checking Rule SGDC_waive32 (Rule 34 of total 132) .... done (Time = 0.00s, Memory = 0.0K)
Checking Rule SGDC_waive33 (Rule 35 of total 132) .... done (Time = 0.00s, Memory = 0.0K)
Checking Rule SGDC_waive36 (Rule 36 of total 132) .... done (Time = 0.00s, Memory = 0.0K)
Checking Rule SGDC_waive38 (Rule 37 of total 132) .... done (Time = 0.00s, Memory = 0.0K)
Checking Rule SGDC_fifo01 (Rule 38 of total 132) .... done (Time = 0.00s, Memory = 0.0K)
Checking Rule SGDC_libgroup01 (Rule 39 of total 132) .... done (Time = 0.00s, Memory = 0.0K)
Checking Rule SGDC_libgroup02 (Rule 40 of total 132) .... done (Time = 0.00s, Memory = 0.0K)
Checking Rule SGDC_libgroup04 (Rule 41 of total 132) .... done (Time = 0.00s, Memory = 0.0K)
Checking Rule SGDC_power_data01 (Rule 42 of total 132) .... done (Time = 0.00s, Memory = 8.0K)
Checking Rule SGDC_ungroup01 (Rule 43 of total 132) .... done (Time = 0.00s, Memory = 0.0K)
Checking Rule SGDC_abstract_port06 (Rule 44 of total 132) .... done (Time = 0.00s, Memory = 16.0K)
Checking Rule SGDC_abstract_port14 (Rule 45 of total 132) .... done (Time = 0.00s, Memory = 0.0K)
Checking Rule SGDC_abstract_port15 (Rule 46 of total 132) .... done (Time = 0.00s, Memory = 0.0K)
Checking Rule SGDC_abstract_port18 (Rule 47 of total 132) .... done (Time = 0.00s, Memory = 0.0K)
Checking Rule sdc_init_rule (Rule 48 of total 132) .... done (Time = 0.00s, Memory = 0.0K)
Checking Rule CMD_ignorelibs01 (Rule 49 of total 132) .... done (Time = 0.00s, Memory = 0.0K)
Checking Rule ReportRuleNotRun (Rule 50 of total 132) .... done (Time = 0.00s, Memory = 0.0K)
Checking Rule ReportStopSummary (Rule 51 of total 132) .... done (Time = 0.00s, Memory = 0.0K)
Checking Rule ReportIgnoreSummary (Rule 52 of total 132) .... done (Time = 0.00s, Memory = 0.0K)
 Analyzing source file "../hdl/ViT_top.v" ....
 Analyzing source file "../hdl/exp_lut.v" ....
 Analyzing source file "../hdl/div.v" ....
 Elaborating Top Verilog Design Unit 'ViT_top' .....
 done
Checking Rule ElabSummary (Rule 53 of total 132) .... done (Time = 0.00s, Memory = 0.0K)
Checking Rule ReportCheckDataSummary (Rule 54 of total 132) .... done (Time = 0.00s, Memory = 0.0K)
 Reading waiver file "./spyglass-1/lint/lint_abstract/spyglass_spysch/constraint/spg_autogenerated_waivers.sgdc" ...
 Generating WAIVER file "./spyglass-1/lint/lint_abstract/spyglass_spysch/waiver/pragma2Waiver.swl" from pragmas in HDL source files ....
Checking Rule DetectTopDesignUnits (Rule 55 of total 132)
 Detected 1 top level design units:
     ViT_top
 .... done (Time = 0.00s, Memory = 0.0K)
Performing semantic checks on SGDC contents
Checking Rule SGDC_testmode03 (Rule 56 of total 132) .... done (Time = 0.00s, Memory = 0.0K)
Checking Rule ReportObsoletePragmas (Rule 57 of total 132) .... done (Time = 0.00s, Memory = 0.0K)
Checking Rule checkSGDC_01 (Rule 58 of total 132) .... done (Time = 0.00s, Memory = 0.0K)
Checking Rule checkSGDC_03 (Rule 59 of total 132) .... done (Time = 0.00s, Memory = 0.0K)
Checking Rule checkSGDC_08 (Rule 60 of total 132) .... done (Time = 0.00s, Memory = 0.0K)
Checking Rule GenerateConfMap (Rule 61 of total 132) .... done (Time = 0.00s, Memory = 0.0K)
Checking Rule SGDC_memorywritepin04 (Rule 62 of total 132) .... done (Time = 0.00s, Memory = 8.0K)
Checking Rule SGDC_reset02 (Rule 63 of total 132) .... done (Time = 0.00s, Memory = 8.0K)
Checking Rule SGDC_reset03 (Rule 64 of total 132) .... done (Time = 0.00s, Memory = 0.0K)
Checking Rule SGDC_libgroup03 (Rule 65 of total 132) .... done (Time = 0.00s, Memory = 0.0K)
Checking Rule SGDC_ungroup02 (Rule 66 of total 132) .... done (Time = 0.00s, Memory = 0.0K)
Checking Rule HdlLibDuCheck (Rule 67 of total 132) .... done (Time = 0.00s, Memory = 0.0K)
Checking Rule RtlDesignInfo (Rule 68 of total 132) .... done (Time = 0.00s, Memory = 0.0K)
Checking Rule CheckCelldefine (Rule 69 of total 132) .... done (Time = 0.00s, Memory = 0.0K)
Checking Rule SGDC_waive23 (Rule 70 of total 132) .... done (Time = 0.00s, Memory = 0.0K)
Checking Rule SGDC_waive26 (Rule 71 of total 132) .... done (Time = 0.00s, Memory = 0.0K)
Checking Rule SGDC_waive27 (Rule 72 of total 132) .... done (Time = 0.00s, Memory = 0.0K)
Checking Rule SGDC_waive29 (Rule 73 of total 132) .... done (Time = 0.00s, Memory = 0.0K)
Checking ELABDU Rules for designUnit ViT_top
Checking ELABDU Rules for designUnit div
Checking ELABDU Rules for designUnit exp_lut
Checking Rule SGDC_waive24 (Rule 74 of total 132) .... done (Time = 0.00s, Memory = 0.0K)
Checking Rule SGDC_waive25 (Rule 75 of total 132) .... done (Time = 0.00s, Memory = 0.0K)
Checking Rule SGDC_waive31 (Rule 76 of total 132) .... done (Time = 0.00s, Memory = 0.0K)
Checking Rule SGDC_waive35 (Rule 77 of total 132) .... done (Time = 0.00s, Memory = 0.0K)
 Synthesizing module: exp_lut (elaborated name: exp_lut) ... (Module 1 of total 3)  done 
 Synthesizing module: div (elaborated name: div) ... (Module 2 of total 3)  done 
 Synthesizing module: ViT_top (elaborated name: ViT_top) ... (Module 3 of total 3)  done 
 Synthesis completed.
Checking Rule InferBlackBox (Rule 78 of total 132) .... done (Time = 0.03s, Memory = 0.0K)
Checking Rule checkCMD_mthresh (Rule 79 of total 132) .... done (Time = 0.00s, Memory = 0.0K)
Checking Rule SGDC_waive37 (Rule 80 of total 132) .... done (Time = 0.00s, Memory = 0.0K)
Performing semantic checks on SGDC contents
Checking Rule SGDC_testmode03 (Rule 56 of total 132) .... done (Time = 0.00s, Memory = 0.0K)
Checking Rule _abstractPortSGDC (Rule 81 of total 132) .... done (Time = 0.00s, Memory = 0.0K)
Checking Rule SGDC_abstract_port03 (Rule 82 of total 132) .... done (Time = 0.00s, Memory = 0.0K)
Checking Rule SGDC_abstract_port04 (Rule 83 of total 132) .... done (Time = 0.00s, Memory = 0.0K)
Checking Rule SGDC_abstract_port05 (Rule 84 of total 132) .... done (Time = 0.00s, Memory = 0.0K)
Checking Rule SGDC_abstract_port07 (Rule 85 of total 132) .... done (Time = 0.00s, Memory = 0.0K)
Checking Rule SGDC_abstract_port08 (Rule 86 of total 132) .... done (Time = 0.00s, Memory = 0.0K)
Checking Rule SGDC_abstract_port10 (Rule 87 of total 132) .... done (Time = 0.00s, Memory = 0.0K)
Checking Rule SGDC_abstract_port11 (Rule 88 of total 132) .... done (Time = 0.00s, Memory = 0.0K)
Checking Rule SGDC_abstract_port12 (Rule 89 of total 132) .... done (Time = 0.00s, Memory = 0.0K)
Checking Rule SGDC_abstract_port13 (Rule 90 of total 132) .... done (Time = 0.00s, Memory = 0.0K)
Checking Rule ReportUngroup (Rule 91 of total 132) .... done (Time = 0.00s, Memory = 0.0K)
Checking Rule SGDC_abstract_port21 (Rule 92 of total 132) .... done (Time = 0.00s, Memory = 0.0K)
Checking Rule SGDC_assume_path05 (Rule 93 of total 132) .... done (Time = 0.00s, Memory = 0.0K)
 Flattening ViT_top (.lib instances separately flattened) ....
    79% completed (50000 instances created)
 Flattening completed
Checking Rule SGDC_set_case_analysis_LC (Rule 94 of total 132) .... done (Time = 0.00s, Memory = 0.0K)
Checking Rule LINT_abstract01 (Rule 95 of total 132) .... done (Time = 3.00s, Memory = 9888.0K)
Checking Rule AnalyzeBBox (Rule 96 of total 132) .... done (Time = 0.00s, Memory = 0.0K)
Checking Rule ReportCheckDataSummary (Rule 54 of total 132) .... done (Time = 0.00s, Memory = 0.0K)

Generating data for Console...

SpyGlass Rule Checking Complete.

Generating moresimple report from './spyglass-1/lint/lint_abstract/spyglass.vdb' to './spyglass-1/lint/lint_abstract/spyglass_reports/moresimple.rpt' ....

Generating runsummary report from './spyglass-1/lint/lint_abstract/spyglass.vdb' ....

Generating no_msg_reporting_rules report from './spyglass-1/lint/lint_abstract/spyglass.vdb' to './spyglass-1/lint/lint_abstract/spyglass_reports/no_msg_reporting_rules.rpt' ....

Policy specific data (reports) are present in the directory './spyglass-1/lint/lint_abstract/spyglass_reports'.

SpyGlass critical reports for the current run are present in directory './spyglass-1/consolidated_reports/lint_lint_abstract/'.

---------------------------------------------------------------------------------------------
Results Summary:
---------------------------------------------------------------------------------------------
   Goal Run           :      lint/lint_abstract
   Command-line read  :      0 error,      0 warning,      0 information message 
   Design Read        :      0 error,      0 warning,      2 information messages
      Found 1 top module:
         ViT_top   (file: ../hdl/ViT_top.v)

   Blackbox Resolution:      0 error,      0 warning,      0 information message 
   SGDC Checks        :      0 error,      0 warning,      0 information message 
   Policy lint        :      0 error,      0 warning,      1 information message 
   -------------------------------------------------------------------------------------
   Total              :      0 error,      0 warning,      3 information messages

  Total Number of Generated Messages     :         3 (0 error, 0 warning, 3 Infos)
  Number of Reported Messages            :         3 (0 error, 0 warning, 3 Infos)

---------------------------------------------------------------------------------------------


run_goal: info: updating spyglass.log with goal summary
---------------------------------------------------------------------------------------------------
Results Summary:
---------------------------------------------------------------------------------------------------
   Goal Run           :      lint/lint_abstract
   Top Module         :      ViT_top
---------------------------------------------------------------------------------------------------
   Reports Directory: 
   /home/u110/u110022124/ICLAB/EE4292_HW5/util/spyglass-1/consolidated_reports/lint_lint_abstract/ 

   SpyGlass LogFile: 
    /home/u110/u110022124/ICLAB/EE4292_HW5/util/spyglass-1/lint/lint_abstract/spyglass.log 

   Standard Reports: 
     moresimple.rpt          no_msg_reporting_rules.rpt       

   HTML report:
    /home/u110/u110022124/ICLAB/EE4292_HW5/util/spyglass-1/html_reports/goals_summary.html
  

   Technology Reports:  
     <Not Available>
   
   
---------------------------------------------------------------------------------------------------
   Goal Violation Summary:
       Waived   Messages:                      0 Errors,      0 Warnings,      0 Infos
       Reported Messages:         0 Fatals,    0 Errors,      0 Warnings,      3 Infos
---------------------------------------------------------------------------------------------------
   
---------------------------------------------------------------------------------------------------
 
run_goal: info: spyglass.log successfully updated with goal summary
run_goal: warning: save/restore disabled for the currently selected goal, design query data is not saved
