 
****************************************
Report : resources
Design : ViT_top
Version: R-2020.09-SP5
Date   : Tue Nov 18 17:36:04 2025
****************************************


Resource Report for this hierarchy in file ../hdl/ViT_top.v
=============================================================================
| Cell           | Module         | Parameters | Contained Operations       |
=============================================================================
| add_x_12       | DW01_inc       | width=4    | add_219 (ViT_top.v:219)    |
| add_x_13       | DW01_inc       | width=4    | add_251 (ViT_top.v:251)    |
| add_x_15       | DW01_inc       | width=4    | add_297 (ViT_top.v:297)    |
| add_x_18       | DW01_inc       | width=5    | add_304 (ViT_top.v:304)    |
| sub_x_26       | DW01_sub       | width=14   | sub_679 (ViT_top.v:679)    |
| sub_x_27       | DW01_sub       | width=14   | sub_679_I2 (ViT_top.v:679) |
| sub_x_28       | DW01_sub       | width=14   | sub_679_I3 (ViT_top.v:679) |
| sub_x_29       | DW01_sub       | width=14   | sub_679_I4 (ViT_top.v:679) |
| sub_x_30       | DW01_sub       | width=14   | sub_679_I5 (ViT_top.v:679) |
| sub_x_31       | DW01_sub       | width=14   | sub_679_I6 (ViT_top.v:679) |
| sub_x_32       | DW01_sub       | width=14   | sub_679_I7 (ViT_top.v:679) |
| sub_x_33       | DW01_sub       | width=14   | sub_679_I8 (ViT_top.v:679) |
| sub_x_34       | DW01_sub       | width=14   | sub_679_I9 (ViT_top.v:679) |
| sub_x_35       | DW01_sub       | width=14   | sub_679_I10 (ViT_top.v:679) |
| sub_x_36       | DW01_sub       | width=14   | sub_679_I11 (ViT_top.v:679) |
| sub_x_37       | DW01_sub       | width=14   | sub_679_I12 (ViT_top.v:679) |
| sub_x_38       | DW01_sub       | width=14   | sub_679_I13 (ViT_top.v:679) |
| sub_x_39       | DW01_sub       | width=14   | sub_679_I14 (ViT_top.v:679) |
| sub_x_40       | DW01_sub       | width=14   | sub_679_I15 (ViT_top.v:679) |
| sub_x_41       | DW01_sub       | width=14   | sub_679_I16 (ViT_top.v:679) |
| add_x_42       | DW01_inc       | width=14   | add_686 (ViT_top.v:686)    |
| add_x_43       | DW01_inc       | width=14   | add_686_I2 (ViT_top.v:686) |
| add_x_44       | DW01_inc       | width=14   | add_686_I3 (ViT_top.v:686) |
| add_x_45       | DW01_inc       | width=14   | add_686_I4 (ViT_top.v:686) |
| add_x_46       | DW01_inc       | width=14   | add_686_I5 (ViT_top.v:686) |
| add_x_47       | DW01_inc       | width=14   | add_686_I6 (ViT_top.v:686) |
| add_x_48       | DW01_inc       | width=14   | add_686_I7 (ViT_top.v:686) |
| add_x_49       | DW01_inc       | width=14   | add_686_I8 (ViT_top.v:686) |
| add_x_50       | DW01_inc       | width=14   | add_686_I9 (ViT_top.v:686) |
| add_x_51       | DW01_inc       | width=14   | add_686_I10 (ViT_top.v:686) |
| add_x_52       | DW01_inc       | width=14   | add_686_I11 (ViT_top.v:686) |
| add_x_53       | DW01_inc       | width=14   | add_686_I12 (ViT_top.v:686) |
| add_x_54       | DW01_inc       | width=14   | add_686_I13 (ViT_top.v:686) |
| add_x_55       | DW01_inc       | width=14   | add_686_I14 (ViT_top.v:686) |
| add_x_56       | DW01_inc       | width=14   | add_686_I15 (ViT_top.v:686) |
| add_x_57       | DW01_inc       | width=14   | add_686_I16 (ViT_top.v:686) |
| add_x_109      | DW01_add       | width=20   | add_1050 (ViT_top.v:1050)  |
| add_x_110      | DW01_add       | width=20   | add_1050_I2 (ViT_top.v:1050) |
| add_x_111      | DW01_add       | width=20   | add_1050_I3 (ViT_top.v:1050) |
| add_x_112      | DW01_add       | width=20   | add_1050_I4 (ViT_top.v:1050) |
| add_x_113      | DW01_add       | width=20   | add_1050_I5 (ViT_top.v:1050) |
| add_x_114      | DW01_add       | width=20   | add_1050_I6 (ViT_top.v:1050) |
| add_x_115      | DW01_add       | width=20   | add_1050_I7 (ViT_top.v:1050) |
| add_x_116      | DW01_add       | width=20   | add_1050_I8 (ViT_top.v:1050) |
| gt_x_117       | DW_cmp         | width=13   | gt_1068 (ViT_top.v:1068)   |
| lt_x_118       | DW_cmp         | width=13   | lt_1070 (ViT_top.v:1070)   |
| gt_x_119       | DW_cmp         | width=13   | gt_1068_I2 (ViT_top.v:1068) |
| lt_x_120       | DW_cmp         | width=13   | lt_1070_I2 (ViT_top.v:1070) |
| gt_x_121       | DW_cmp         | width=13   | gt_1068_I3 (ViT_top.v:1068) |
| lt_x_122       | DW_cmp         | width=13   | lt_1070_I3 (ViT_top.v:1070) |
| gt_x_123       | DW_cmp         | width=13   | gt_1068_I4 (ViT_top.v:1068) |
| lt_x_124       | DW_cmp         | width=13   | lt_1070_I4 (ViT_top.v:1070) |
| gt_x_125       | DW_cmp         | width=13   | gt_1068_I5 (ViT_top.v:1068) |
| lt_x_126       | DW_cmp         | width=13   | lt_1070_I5 (ViT_top.v:1070) |
| gt_x_127       | DW_cmp         | width=13   | gt_1068_I6 (ViT_top.v:1068) |
| lt_x_128       | DW_cmp         | width=13   | lt_1070_I6 (ViT_top.v:1070) |
| gt_x_129       | DW_cmp         | width=13   | gt_1068_I7 (ViT_top.v:1068) |
| lt_x_130       | DW_cmp         | width=13   | lt_1070_I7 (ViT_top.v:1070) |
| gt_x_131       | DW_cmp         | width=13   | gt_1068_I8 (ViT_top.v:1068) |
| lt_x_132       | DW_cmp         | width=13   | lt_1070_I8 (ViT_top.v:1070) |
| gt_x_149       | DW_cmp         | width=5    | gt_1149 (ViT_top.v:1149)   |
| add_x_150      | DW01_inc       | width=4    | add_1150 (ViT_top.v:1150)  |
| add_x_155      | DW01_inc       | width=3    | add_1167 (ViT_top.v:1167)  |
| add_x_157      | DW01_inc       | width=5    | add_1200 (ViT_top.v:1200)  |
| add_x_163      | DW01_inc       | width=5    | add_1312 (ViT_top.v:1312)  |
| add_x_237      | DW01_add       | width=20   | add_1473 (ViT_top.v:1473)  |
| add_x_238      | DW01_add       | width=20   | add_1474 (ViT_top.v:1474)  |
| add_x_239      | DW01_add       | width=20   | add_1475 (ViT_top.v:1475)  |
| add_x_240      | DW01_add       | width=20   | add_1476 (ViT_top.v:1476)  |
| gt_x_241       | DW_cmp         | width=13   | gt_1500 (ViT_top.v:1500)   |
| lt_x_242       | DW_cmp         | width=13   | lt_1502 (ViT_top.v:1502)   |
| gt_x_243       | DW_cmp         | width=13   | gt_1508 (ViT_top.v:1508)   |
| lt_x_244       | DW_cmp         | width=13   | lt_1510 (ViT_top.v:1510)   |
| gt_x_245       | DW_cmp         | width=13   | gt_1516 (ViT_top.v:1516)   |
| lt_x_246       | DW_cmp         | width=13   | lt_1518 (ViT_top.v:1518)   |
| gt_x_247       | DW_cmp         | width=13   | gt_1524 (ViT_top.v:1524)   |
| lt_x_248       | DW_cmp         | width=13   | lt_1526 (ViT_top.v:1526)   |
| add_x_254      | DW01_inc       | width=4    | add_1625 (ViT_top.v:1625)  |
| add_x_255      | DW01_inc       | width=3    | add_1626 (ViT_top.v:1626)  |
| add_x_256      | DW01_inc       | width=2    | add_1627 (ViT_top.v:1627)  |
| add_x_270      | DW01_inc       | width=4    | add_1821 (ViT_top.v:1821)  |
| add_x_272      | DW01_inc       | width=2    | add_1831 (ViT_top.v:1831)  |
| add_x_274      | DW01_inc       | width=4    | add_1854 (ViT_top.v:1854)  |
| add_x_77       | DW01_inc       | width=10   | add_967 (ViT_top.v:967)    |
|                |                |            | add_969_2 (ViT_top.v:969)  |
| add_x_78       | DW01_inc       | width=10   | add_967_I2 (ViT_top.v:967) |
|                |                |            | add_969_2_I2 (ViT_top.v:969) |
| add_x_79       | DW01_inc       | width=10   | add_967_I3 (ViT_top.v:967) |
|                |                |            | add_969_2_I3 (ViT_top.v:969) |
| add_x_80       | DW01_inc       | width=10   | add_967_I4 (ViT_top.v:967) |
|                |                |            | add_969_2_I4 (ViT_top.v:969) |
| add_x_81       | DW01_inc       | width=10   | add_967_I5 (ViT_top.v:967) |
|                |                |            | add_969_2_I5 (ViT_top.v:969) |
| add_x_82       | DW01_inc       | width=10   | add_967_I6 (ViT_top.v:967) |
|                |                |            | add_969_2_I6 (ViT_top.v:969) |
| add_x_83       | DW01_inc       | width=10   | add_967_I7 (ViT_top.v:967) |
|                |                |            | add_969_2_I7 (ViT_top.v:969) |
| add_x_84       | DW01_inc       | width=10   | add_967_I8 (ViT_top.v:967) |
|                |                |            | add_969_2_I8 (ViT_top.v:969) |
| add_x_159      | DW01_inc       | width=8    | add_1293 (ViT_top.v:1293)  |
|                |                |            | add_1300 (ViT_top.v:1300)  |
| DP_OP_749J1_122_4871            |            |                            |
|                | DP_OP_749J1_122_4871 |      |                            |
| DP_OP_750J1_123_1791            |            |                            |
|                | DP_OP_750J1_123_1791 |      |                            |
| DP_OP_751J1_124_5797            |            |                            |
|                | DP_OP_751J1_124_5797 |      |                            |
| DP_OP_752J1_125_5797            |            |                            |
|                | DP_OP_752J1_125_5797 |      |                            |
| DP_OP_753J1_126_5797            |            |                            |
|                | DP_OP_753J1_126_5797 |      |                            |
| DP_OP_754J1_127_5797            |            |                            |
|                | DP_OP_754J1_127_5797 |      |                            |
| DP_OP_197_151_8445              |            |                            |
|                | DP_OP_197_151_8445 |        |                            |
| DP_OP_196_150_180               |            |                            |
|                | DP_OP_196_150_180 |         |                            |
| DP_OP_195_149_2935              |            |                            |
|                | DP_OP_195_149_2935 |        |                            |
| DP_OP_194_148_6743              |            |                            |
|                | DP_OP_194_148_6743 |        |                            |
| DP_OP_193_147_9498              |            |                            |
|                | DP_OP_193_147_9498 |        |                            |
| DP_OP_192_146_1233              |            |                            |
|                | DP_OP_192_146_1233 |        |                            |
| DP_OP_191_145_3972              |            |                            |
|                | DP_OP_191_145_3972 |        |                            |
| DP_OP_190_144_7796              |            |                            |
|                | DP_OP_190_144_7796 |        |                            |
=============================================================================

Datapath Report for DP_OP_749J1_122_4871
==============================================================================
| Cell                 | Contained Operations                                |
==============================================================================
| DP_OP_749J1_122_4871 | add_575 (ViT_top.v:575) add_575_2 (ViT_top.v:575)   |
|                      | add_575_3 (ViT_top.v:575) add_575_4 (ViT_top.v:575) |
|                      | add_575_5 (ViT_top.v:575) add_575_6 (ViT_top.v:575) |
|                      | add_575_7 (ViT_top.v:575) add_575_8 (ViT_top.v:575) |
|                      | add_575_9 (ViT_top.v:575)                           |
|                      | add_575_10 (ViT_top.v:575)                          |
|                      | add_575_11 (ViT_top.v:575)                          |
|                      | add_575_12 (ViT_top.v:575)                          |
|                      | add_575_13 (ViT_top.v:575)                          |
|                      | add_575_14 (ViT_top.v:575)                          |
|                      | add_575_15 (ViT_top.v:575)                          |
==============================================================================

==============================================================================
|       |      | Data     |       |                                          |
| Var   | Type | Class    | Width | Expression                               |
==============================================================================
| I1    | PI   | Signed   | 10    |                                          |
| I2    | PI   | Signed   | 10    |                                          |
| I3    | PI   | Signed   | 10    |                                          |
| I4    | PI   | Signed   | 10    |                                          |
| I5    | PI   | Signed   | 10    |                                          |
| I6    | PI   | Signed   | 10    |                                          |
| I7    | PI   | Signed   | 10    |                                          |
| I8    | PI   | Signed   | 10    |                                          |
| I9    | PI   | Signed   | 10    |                                          |
| I10   | PI   | Signed   | 10    |                                          |
| I11   | PI   | Signed   | 10    |                                          |
| I12   | PI   | Signed   | 10    |                                          |
| I13   | PI   | Signed   | 10    |                                          |
| I14   | PI   | Signed   | 10    |                                          |
| I15   | PI   | Signed   | 10    |                                          |
| I16   | PI   | Signed   | 10    |                                          |
| O1    | PO   | Signed   | 14    | I1 + I2 + I3 + I4 + I5 + I6 + I7 + I8 + I9 + I10 + I11 + I12 + I13 + I14 + I15 + I16 (ViT_top.v:575) |
==============================================================================

Datapath Report for DP_OP_750J1_123_1791
==============================================================================
| Cell                 | Contained Operations                                |
==============================================================================
| DP_OP_750J1_123_1791 | add_689 (ViT_top.v:689) add_689_2 (ViT_top.v:689)   |
|                      | add_689_3 (ViT_top.v:689) add_689_4 (ViT_top.v:689) |
|                      | add_689_5 (ViT_top.v:689) add_689_6 (ViT_top.v:689) |
|                      | add_689_7 (ViT_top.v:689) add_689_8 (ViT_top.v:689) |
|                      | add_689_9 (ViT_top.v:689)                           |
|                      | add_689_10 (ViT_top.v:689)                          |
|                      | add_689_11 (ViT_top.v:689)                          |
|                      | add_689_12 (ViT_top.v:689)                          |
|                      | add_689_13 (ViT_top.v:689)                          |
|                      | add_689_14 (ViT_top.v:689)                          |
|                      | add_689_15 (ViT_top.v:689)                          |
|                      | sub_add_808 (ViT_top.v:808)                         |
|                      | add_808_ni (ViT_top.v:808)                          |
==============================================================================

==============================================================================
|       |      | Data     |       |                                          |
| Var   | Type | Class    | Width | Expression                               |
==============================================================================
| I1    | PI   | Unsigned | 14    |                                          |
| I2    | PI   | Unsigned | 14    |                                          |
| I3    | PI   | Unsigned | 14    |                                          |
| I4    | PI   | Unsigned | 14    |                                          |
| I5    | PI   | Unsigned | 14    |                                          |
| I6    | PI   | Unsigned | 14    |                                          |
| I7    | PI   | Unsigned | 14    |                                          |
| I8    | PI   | Unsigned | 14    |                                          |
| I9    | PI   | Unsigned | 14    |                                          |
| I10   | PI   | Unsigned | 14    |                                          |
| I11   | PI   | Unsigned | 14    |                                          |
| I12   | PI   | Unsigned | 14    |                                          |
| I13   | PI   | Unsigned | 14    |                                          |
| I14   | PI   | Unsigned | 14    |                                          |
| I15   | PI   | Unsigned | 14    |                                          |
| I16   | PI   | Unsigned | 14    |                                          |
| O1    | PO   | Unsigned | 18    | I1 + I2 + I3 + I4 + I5 + I6 + I7 + I8 + I9 + I10 + I11 + I12 + I13 + I14 + I15 + I16 (ViT_top.v:689) |
| O2    | PO   | Signed   | 18    | -O1 + $unsigned(18'b000000000000000000) (ViT_top.v:808) |
==============================================================================

Datapath Report for DP_OP_751J1_124_5797
==============================================================================
| Cell                 | Contained Operations                                |
==============================================================================
| DP_OP_751J1_124_5797 | mult_1384 (ViT_top.v:1384)                          |
|                      | add_1395 (ViT_top.v:1395)                           |
|                      | add_1395_2 (ViT_top.v:1395)                         |
|                      | add_1395_3 (ViT_top.v:1395)                         |
|                      | add_1395_4 (ViT_top.v:1395)                         |
|                      | add_1395_5 (ViT_top.v:1395)                         |
|                      | add_1395_6 (ViT_top.v:1395)                         |
|                      | add_1395_7 (ViT_top.v:1395)                         |
|                      | mult_1384_I2 (ViT_top.v:1384)                       |
|                      | mult_1384_I3 (ViT_top.v:1384)                       |
|                      | mult_1384_I4 (ViT_top.v:1384)                       |
|                      | mult_1384_I5 (ViT_top.v:1384)                       |
|                      | mult_1384_I6 (ViT_top.v:1384)                       |
|                      | mult_1384_I7 (ViT_top.v:1384)                       |
|                      | mult_1384_I8 (ViT_top.v:1384)                       |
|                      | add_1441 (ViT_top.v:1441)                           |
==============================================================================

==============================================================================
|       |      | Data     |       |                                          |
| Var   | Type | Class    | Width | Expression                               |
==============================================================================
| I1    | PI   | Signed   | 10    |                                          |
| I2    | PI   | Signed   | 10    |                                          |
| I3    | PI   | Signed   | 10    |                                          |
| I4    | PI   | Signed   | 10    |                                          |
| I5    | PI   | Signed   | 10    |                                          |
| I6    | PI   | Signed   | 10    |                                          |
| I7    | PI   | Signed   | 10    |                                          |
| I8    | PI   | Signed   | 10    |                                          |
| I9    | PI   | Signed   | 10    |                                          |
| I10   | PI   | Signed   | 10    |                                          |
| I11   | PI   | Signed   | 10    |                                          |
| I12   | PI   | Signed   | 10    |                                          |
| I13   | PI   | Signed   | 10    |                                          |
| I14   | PI   | Signed   | 10    |                                          |
| I15   | PI   | Signed   | 10    |                                          |
| I16   | PI   | Signed   | 10    |                                          |
| I17   | PI   | Signed   | 20    |                                          |
| T313  | IFO  | Signed   | 20    | I1 * I2 (ViT_top.v:1384)                 |
| T317  | IFO  | Signed   | 20    | I3 * I4 (ViT_top.v:1384)                 |
| T321  | IFO  | Signed   | 20    | I5 * I6 (ViT_top.v:1384)                 |
| T325  | IFO  | Signed   | 20    | I7 * I8 (ViT_top.v:1384)                 |
| T329  | IFO  | Signed   | 20    | I9 * I10 (ViT_top.v:1384)                |
| T333  | IFO  | Signed   | 20    | I11 * I12 (ViT_top.v:1384)               |
| T337  | IFO  | Signed   | 20    | I13 * I14 (ViT_top.v:1384)               |
| T341  | IFO  | Signed   | 20    | I15 * I16 (ViT_top.v:1384)               |
| O1    | PO   | Unsigned | 20    | T313 + T317 + T321 + T325 + T329 + T333 + T337 + T341 (ViT_top.v:1395) |
| O2    | PO   | Unsigned | 20    | O1 + I17 (ViT_top.v:1441)                |
==============================================================================

Datapath Report for DP_OP_752J1_125_5797
==============================================================================
| Cell                 | Contained Operations                                |
==============================================================================
| DP_OP_752J1_125_5797 | mult_1385 (ViT_top.v:1385)                          |
|                      | add_1400 (ViT_top.v:1400)                           |
|                      | add_1400_2 (ViT_top.v:1400)                         |
|                      | add_1400_3 (ViT_top.v:1400)                         |
|                      | add_1400_4 (ViT_top.v:1400)                         |
|                      | add_1400_5 (ViT_top.v:1400)                         |
|                      | add_1400_6 (ViT_top.v:1400)                         |
|                      | add_1400_7 (ViT_top.v:1400)                         |
|                      | mult_1385_I2 (ViT_top.v:1385)                       |
|                      | mult_1385_I3 (ViT_top.v:1385)                       |
|                      | mult_1385_I4 (ViT_top.v:1385)                       |
|                      | mult_1385_I5 (ViT_top.v:1385)                       |
|                      | mult_1385_I6 (ViT_top.v:1385)                       |
|                      | mult_1385_I7 (ViT_top.v:1385)                       |
|                      | mult_1385_I8 (ViT_top.v:1385)                       |
|                      | add_1442 (ViT_top.v:1442)                           |
==============================================================================

==============================================================================
|       |      | Data     |       |                                          |
| Var   | Type | Class    | Width | Expression                               |
==============================================================================
| I1    | PI   | Signed   | 10    |                                          |
| I2    | PI   | Signed   | 10    |                                          |
| I3    | PI   | Signed   | 10    |                                          |
| I4    | PI   | Signed   | 10    |                                          |
| I5    | PI   | Signed   | 10    |                                          |
| I6    | PI   | Signed   | 10    |                                          |
| I7    | PI   | Signed   | 10    |                                          |
| I8    | PI   | Signed   | 10    |                                          |
| I9    | PI   | Signed   | 10    |                                          |
| I10   | PI   | Signed   | 10    |                                          |
| I11   | PI   | Signed   | 10    |                                          |
| I12   | PI   | Signed   | 10    |                                          |
| I13   | PI   | Signed   | 10    |                                          |
| I14   | PI   | Signed   | 10    |                                          |
| I15   | PI   | Signed   | 10    |                                          |
| I16   | PI   | Signed   | 10    |                                          |
| I17   | PI   | Signed   | 20    |                                          |
| T314  | IFO  | Signed   | 20    | I1 * I2 (ViT_top.v:1385)                 |
| T318  | IFO  | Signed   | 20    | I3 * I4 (ViT_top.v:1385)                 |
| T322  | IFO  | Signed   | 20    | I5 * I6 (ViT_top.v:1385)                 |
| T326  | IFO  | Signed   | 20    | I7 * I8 (ViT_top.v:1385)                 |
| T330  | IFO  | Signed   | 20    | I9 * I10 (ViT_top.v:1385)                |
| T334  | IFO  | Signed   | 20    | I11 * I12 (ViT_top.v:1385)               |
| T338  | IFO  | Signed   | 20    | I13 * I14 (ViT_top.v:1385)               |
| T342  | IFO  | Signed   | 20    | I15 * I16 (ViT_top.v:1385)               |
| O1    | PO   | Unsigned | 20    | T314 + T318 + T322 + T326 + T330 + T334 + T338 + T342 (ViT_top.v:1400) |
| O2    | PO   | Unsigned | 20    | O1 + I17 (ViT_top.v:1442)                |
==============================================================================

Datapath Report for DP_OP_753J1_126_5797
==============================================================================
| Cell                 | Contained Operations                                |
==============================================================================
| DP_OP_753J1_126_5797 | mult_1386 (ViT_top.v:1386)                          |
|                      | add_1405 (ViT_top.v:1405)                           |
|                      | add_1405_2 (ViT_top.v:1405)                         |
|                      | add_1405_3 (ViT_top.v:1405)                         |
|                      | add_1405_4 (ViT_top.v:1405)                         |
|                      | add_1405_5 (ViT_top.v:1405)                         |
|                      | add_1405_6 (ViT_top.v:1405)                         |
|                      | add_1405_7 (ViT_top.v:1405)                         |
|                      | mult_1386_I2 (ViT_top.v:1386)                       |
|                      | mult_1386_I3 (ViT_top.v:1386)                       |
|                      | mult_1386_I4 (ViT_top.v:1386)                       |
|                      | mult_1386_I5 (ViT_top.v:1386)                       |
|                      | mult_1386_I6 (ViT_top.v:1386)                       |
|                      | mult_1386_I7 (ViT_top.v:1386)                       |
|                      | mult_1386_I8 (ViT_top.v:1386)                       |
|                      | add_1443 (ViT_top.v:1443)                           |
==============================================================================

==============================================================================
|       |      | Data     |       |                                          |
| Var   | Type | Class    | Width | Expression                               |
==============================================================================
| I1    | PI   | Signed   | 10    |                                          |
| I2    | PI   | Signed   | 10    |                                          |
| I3    | PI   | Signed   | 10    |                                          |
| I4    | PI   | Signed   | 10    |                                          |
| I5    | PI   | Signed   | 10    |                                          |
| I6    | PI   | Signed   | 10    |                                          |
| I7    | PI   | Signed   | 10    |                                          |
| I8    | PI   | Signed   | 10    |                                          |
| I9    | PI   | Signed   | 10    |                                          |
| I10   | PI   | Signed   | 10    |                                          |
| I11   | PI   | Signed   | 10    |                                          |
| I12   | PI   | Signed   | 10    |                                          |
| I13   | PI   | Signed   | 10    |                                          |
| I14   | PI   | Signed   | 10    |                                          |
| I15   | PI   | Signed   | 10    |                                          |
| I16   | PI   | Signed   | 10    |                                          |
| I17   | PI   | Signed   | 20    |                                          |
| T315  | IFO  | Signed   | 20    | I1 * I2 (ViT_top.v:1386)                 |
| T319  | IFO  | Signed   | 20    | I3 * I4 (ViT_top.v:1386)                 |
| T323  | IFO  | Signed   | 20    | I5 * I6 (ViT_top.v:1386)                 |
| T327  | IFO  | Signed   | 20    | I7 * I8 (ViT_top.v:1386)                 |
| T331  | IFO  | Signed   | 20    | I9 * I10 (ViT_top.v:1386)                |
| T335  | IFO  | Signed   | 20    | I11 * I12 (ViT_top.v:1386)               |
| T339  | IFO  | Signed   | 20    | I13 * I14 (ViT_top.v:1386)               |
| T343  | IFO  | Signed   | 20    | I15 * I16 (ViT_top.v:1386)               |
| O1    | PO   | Unsigned | 20    | T315 + T319 + T323 + T327 + T331 + T335 + T339 + T343 (ViT_top.v:1405) |
| O2    | PO   | Unsigned | 20    | O1 + I17 (ViT_top.v:1443)                |
==============================================================================

Datapath Report for DP_OP_754J1_127_5797
==============================================================================
| Cell                 | Contained Operations                                |
==============================================================================
| DP_OP_754J1_127_5797 | mult_1387 (ViT_top.v:1387)                          |
|                      | add_1410 (ViT_top.v:1410)                           |
|                      | add_1410_2 (ViT_top.v:1410)                         |
|                      | add_1410_3 (ViT_top.v:1410)                         |
|                      | add_1410_4 (ViT_top.v:1410)                         |
|                      | add_1410_5 (ViT_top.v:1410)                         |
|                      | add_1410_6 (ViT_top.v:1410)                         |
|                      | add_1410_7 (ViT_top.v:1410)                         |
|                      | mult_1387_I2 (ViT_top.v:1387)                       |
|                      | mult_1387_I3 (ViT_top.v:1387)                       |
|                      | mult_1387_I4 (ViT_top.v:1387)                       |
|                      | mult_1387_I5 (ViT_top.v:1387)                       |
|                      | mult_1387_I6 (ViT_top.v:1387)                       |
|                      | mult_1387_I7 (ViT_top.v:1387)                       |
|                      | mult_1387_I8 (ViT_top.v:1387)                       |
|                      | add_1444 (ViT_top.v:1444)                           |
==============================================================================

==============================================================================
|       |      | Data     |       |                                          |
| Var   | Type | Class    | Width | Expression                               |
==============================================================================
| I1    | PI   | Signed   | 10    |                                          |
| I2    | PI   | Signed   | 10    |                                          |
| I3    | PI   | Signed   | 10    |                                          |
| I4    | PI   | Signed   | 10    |                                          |
| I5    | PI   | Signed   | 10    |                                          |
| I6    | PI   | Signed   | 10    |                                          |
| I7    | PI   | Signed   | 10    |                                          |
| I8    | PI   | Signed   | 10    |                                          |
| I9    | PI   | Signed   | 10    |                                          |
| I10   | PI   | Signed   | 10    |                                          |
| I11   | PI   | Signed   | 10    |                                          |
| I12   | PI   | Signed   | 10    |                                          |
| I13   | PI   | Signed   | 10    |                                          |
| I14   | PI   | Signed   | 10    |                                          |
| I15   | PI   | Signed   | 10    |                                          |
| I16   | PI   | Signed   | 10    |                                          |
| I17   | PI   | Signed   | 20    |                                          |
| T316  | IFO  | Signed   | 20    | I1 * I2 (ViT_top.v:1387)                 |
| T320  | IFO  | Signed   | 20    | I3 * I4 (ViT_top.v:1387)                 |
| T324  | IFO  | Signed   | 20    | I5 * I6 (ViT_top.v:1387)                 |
| T328  | IFO  | Signed   | 20    | I7 * I8 (ViT_top.v:1387)                 |
| T332  | IFO  | Signed   | 20    | I9 * I10 (ViT_top.v:1387)                |
| T336  | IFO  | Signed   | 20    | I11 * I12 (ViT_top.v:1387)               |
| T340  | IFO  | Signed   | 20    | I13 * I14 (ViT_top.v:1387)               |
| T344  | IFO  | Signed   | 20    | I15 * I16 (ViT_top.v:1387)               |
| O1    | PO   | Unsigned | 20    | T316 + T320 + T324 + T328 + T332 + T336 + T340 + T344 (ViT_top.v:1410) |
| O2    | PO   | Unsigned | 20    | O1 + I17 (ViT_top.v:1444)                |
==============================================================================

Datapath Report for DP_OP_197_151_8445
==============================================================================
| Cell                 | Contained Operations                                |
==============================================================================
| DP_OP_197_151_8445   | mult_1018_I8 (ViT_top.v:1018)                       |
|                      | mult_1020_I8 (ViT_top.v:1020)                       |
|                      | add_1032_I8 (ViT_top.v:1032)                        |
|                      | add_1034_3_I8 (ViT_top.v:1034)                      |
==============================================================================

==============================================================================
|       |      | Data     |       |                                          |
| Var   | Type | Class    | Width | Expression                               |
==============================================================================
| I1    | PI   | Signed   | 10    |                                          |
| I2    | PI   | Signed   | 10    |                                          |
| I3    | PI   | Signed   | 16    |                                          |
| T185  | IFO  | Signed   | 20    | I1 * I2 ( ViT_top.v:1018 ViT_top.v:1020 ) |
| O1    | PO   | Signed   | 20    | T185 + I3 ( ViT_top.v:1032 ViT_top.v:1034 ) |
==============================================================================

Datapath Report for DP_OP_196_150_180
==============================================================================
| Cell                 | Contained Operations                                |
==============================================================================
| DP_OP_196_150_180    | mult_1018_I7 (ViT_top.v:1018)                       |
|                      | mult_1020_I7 (ViT_top.v:1020)                       |
|                      | add_1032_I7 (ViT_top.v:1032)                        |
|                      | add_1034_3_I7 (ViT_top.v:1034)                      |
==============================================================================

==============================================================================
|       |      | Data     |       |                                          |
| Var   | Type | Class    | Width | Expression                               |
==============================================================================
| I1    | PI   | Signed   | 10    |                                          |
| I2    | PI   | Signed   | 10    |                                          |
| I3    | PI   | Signed   | 16    |                                          |
| T184  | IFO  | Signed   | 20    | I1 * I2 ( ViT_top.v:1018 ViT_top.v:1020 ) |
| O1    | PO   | Signed   | 20    | T184 + I3 ( ViT_top.v:1032 ViT_top.v:1034 ) |
==============================================================================

Datapath Report for DP_OP_195_149_2935
==============================================================================
| Cell                 | Contained Operations                                |
==============================================================================
| DP_OP_195_149_2935   | mult_1018_I6 (ViT_top.v:1018)                       |
|                      | mult_1020_I6 (ViT_top.v:1020)                       |
|                      | add_1032_I6 (ViT_top.v:1032)                        |
|                      | add_1034_3_I6 (ViT_top.v:1034)                      |
==============================================================================

==============================================================================
|       |      | Data     |       |                                          |
| Var   | Type | Class    | Width | Expression                               |
==============================================================================
| I1    | PI   | Signed   | 10    |                                          |
| I2    | PI   | Signed   | 10    |                                          |
| I3    | PI   | Signed   | 16    |                                          |
| T183  | IFO  | Signed   | 20    | I1 * I2 ( ViT_top.v:1018 ViT_top.v:1020 ) |
| O1    | PO   | Signed   | 20    | T183 + I3 ( ViT_top.v:1032 ViT_top.v:1034 ) |
==============================================================================

Datapath Report for DP_OP_194_148_6743
==============================================================================
| Cell                 | Contained Operations                                |
==============================================================================
| DP_OP_194_148_6743   | mult_1018_I5 (ViT_top.v:1018)                       |
|                      | mult_1020_I5 (ViT_top.v:1020)                       |
|                      | add_1032_I5 (ViT_top.v:1032)                        |
|                      | add_1034_3_I5 (ViT_top.v:1034)                      |
==============================================================================

==============================================================================
|       |      | Data     |       |                                          |
| Var   | Type | Class    | Width | Expression                               |
==============================================================================
| I1    | PI   | Signed   | 10    |                                          |
| I2    | PI   | Signed   | 10    |                                          |
| I3    | PI   | Signed   | 16    |                                          |
| T182  | IFO  | Signed   | 20    | I1 * I2 ( ViT_top.v:1018 ViT_top.v:1020 ) |
| O1    | PO   | Signed   | 20    | T182 + I3 ( ViT_top.v:1032 ViT_top.v:1034 ) |
==============================================================================

Datapath Report for DP_OP_193_147_9498
==============================================================================
| Cell                 | Contained Operations                                |
==============================================================================
| DP_OP_193_147_9498   | mult_1018_I4 (ViT_top.v:1018)                       |
|                      | mult_1020_I4 (ViT_top.v:1020)                       |
|                      | add_1032_I4 (ViT_top.v:1032)                        |
|                      | add_1034_3_I4 (ViT_top.v:1034)                      |
==============================================================================

==============================================================================
|       |      | Data     |       |                                          |
| Var   | Type | Class    | Width | Expression                               |
==============================================================================
| I1    | PI   | Signed   | 10    |                                          |
| I2    | PI   | Signed   | 10    |                                          |
| I3    | PI   | Signed   | 16    |                                          |
| T181  | IFO  | Signed   | 20    | I1 * I2 ( ViT_top.v:1018 ViT_top.v:1020 ) |
| O1    | PO   | Signed   | 20    | T181 + I3 ( ViT_top.v:1032 ViT_top.v:1034 ) |
==============================================================================

Datapath Report for DP_OP_192_146_1233
==============================================================================
| Cell                 | Contained Operations                                |
==============================================================================
| DP_OP_192_146_1233   | mult_1018_I3 (ViT_top.v:1018)                       |
|                      | mult_1020_I3 (ViT_top.v:1020)                       |
|                      | add_1032_I3 (ViT_top.v:1032)                        |
|                      | add_1034_3_I3 (ViT_top.v:1034)                      |
==============================================================================

==============================================================================
|       |      | Data     |       |                                          |
| Var   | Type | Class    | Width | Expression                               |
==============================================================================
| I1    | PI   | Signed   | 10    |                                          |
| I2    | PI   | Signed   | 10    |                                          |
| I3    | PI   | Signed   | 16    |                                          |
| T180  | IFO  | Signed   | 20    | I1 * I2 ( ViT_top.v:1018 ViT_top.v:1020 ) |
| O1    | PO   | Signed   | 20    | T180 + I3 ( ViT_top.v:1032 ViT_top.v:1034 ) |
==============================================================================

Datapath Report for DP_OP_191_145_3972
==============================================================================
| Cell                 | Contained Operations                                |
==============================================================================
| DP_OP_191_145_3972   | mult_1018_I2 (ViT_top.v:1018)                       |
|                      | mult_1020_I2 (ViT_top.v:1020)                       |
|                      | add_1032_I2 (ViT_top.v:1032)                        |
|                      | add_1034_3_I2 (ViT_top.v:1034)                      |
==============================================================================

==============================================================================
|       |      | Data     |       |                                          |
| Var   | Type | Class    | Width | Expression                               |
==============================================================================
| I1    | PI   | Signed   | 10    |                                          |
| I2    | PI   | Signed   | 10    |                                          |
| I3    | PI   | Signed   | 16    |                                          |
| T179  | IFO  | Signed   | 20    | I1 * I2 ( ViT_top.v:1018 ViT_top.v:1020 ) |
| O1    | PO   | Signed   | 20    | T179 + I3 ( ViT_top.v:1032 ViT_top.v:1034 ) |
==============================================================================

Datapath Report for DP_OP_190_144_7796
==============================================================================
| Cell                 | Contained Operations                                |
==============================================================================
| DP_OP_190_144_7796   | mult_1018 (ViT_top.v:1018)                          |
|                      | mult_1020 (ViT_top.v:1020)                          |
|                      | add_1032 (ViT_top.v:1032)                           |
|                      | add_1034_3 (ViT_top.v:1034)                         |
==============================================================================

==============================================================================
|       |      | Data     |       |                                          |
| Var   | Type | Class    | Width | Expression                               |
==============================================================================
| I1    | PI   | Signed   | 10    |                                          |
| I2    | PI   | Signed   | 10    |                                          |
| I3    | PI   | Signed   | 16    |                                          |
| T178  | IFO  | Signed   | 20    | I1 * I2 ( ViT_top.v:1018 ViT_top.v:1020 ) |
| O1    | PO   | Signed   | 20    | T178 + I3 ( ViT_top.v:1032 ViT_top.v:1034 ) |
==============================================================================


Datapath Extraction Report

Information: Operator associated with resources 'sub_679 (ViT_top.v:679)' in design 'ViT_top' breaks the datapath extraction because there is leakage due to truncation on its fanout to operator of resources 'C8613 (ViT_top.v:686)'.  (HDL-120)

Information: Operator associated with resources 'sub_679_I2 (ViT_top.v:679)' in design 'ViT_top' breaks the datapath extraction because there is leakage due to truncation on its fanout to operator of resources 'C8614 (ViT_top.v:686)'.  (HDL-120)

Information: Operator associated with resources 'sub_679_I3 (ViT_top.v:679)' in design 'ViT_top' breaks the datapath extraction because there is leakage due to truncation on its fanout to operator of resources 'C8615 (ViT_top.v:686)'.  (HDL-120)

Information: Operator associated with resources 'sub_679_I4 (ViT_top.v:679)' in design 'ViT_top' breaks the datapath extraction because there is leakage due to truncation on its fanout to operator of resources 'C8616 (ViT_top.v:686)'.  (HDL-120)

Information: Operator associated with resources 'sub_679_I5 (ViT_top.v:679)' in design 'ViT_top' breaks the datapath extraction because there is leakage due to truncation on its fanout to operator of resources 'C8617 (ViT_top.v:686)'.  (HDL-120)

Information: Operator associated with resources 'sub_679_I6 (ViT_top.v:679)' in design 'ViT_top' breaks the datapath extraction because there is leakage due to truncation on its fanout to operator of resources 'C8618 (ViT_top.v:686)'.  (HDL-120)

Information: Operator associated with resources 'sub_679_I7 (ViT_top.v:679)' in design 'ViT_top' breaks the datapath extraction because there is leakage due to truncation on its fanout to operator of resources 'C8619 (ViT_top.v:686)'.  (HDL-120)

Information: Operator associated with resources 'sub_679_I8 (ViT_top.v:679)' in design 'ViT_top' breaks the datapath extraction because there is leakage due to truncation on its fanout to operator of resources 'C8620 (ViT_top.v:686)'.  (HDL-120)

Information: Operator associated with resources 'sub_679_I9 (ViT_top.v:679)' in design 'ViT_top' breaks the datapath extraction because there is leakage due to truncation on its fanout to operator of resources 'C8621 (ViT_top.v:686)'.  (HDL-120)

Information: Operator associated with resources 'sub_679_I10 (ViT_top.v:679)' in design 'ViT_top' breaks the datapath extraction because there is leakage due to truncation on its fanout to operator of resources 'C8622 (ViT_top.v:686)'.  (HDL-120)

Information: Operator associated with resources 'sub_679_I11 (ViT_top.v:679)' in design 'ViT_top' breaks the datapath extraction because there is leakage due to truncation on its fanout to operator of resources 'C8623 (ViT_top.v:686)'.  (HDL-120)

Information: Operator associated with resources 'sub_679_I12 (ViT_top.v:679)' in design 'ViT_top' breaks the datapath extraction because there is leakage due to truncation on its fanout to operator of resources 'C8624 (ViT_top.v:686)'.  (HDL-120)

Information: Operator associated with resources 'sub_679_I13 (ViT_top.v:679)' in design 'ViT_top' breaks the datapath extraction because there is leakage due to truncation on its fanout to operator of resources 'C8625 (ViT_top.v:686)'.  (HDL-120)

Information: Operator associated with resources 'sub_679_I14 (ViT_top.v:679)' in design 'ViT_top' breaks the datapath extraction because there is leakage due to truncation on its fanout to operator of resources 'C8626 (ViT_top.v:686)'.  (HDL-120)

Information: Operator associated with resources 'sub_679_I15 (ViT_top.v:679)' in design 'ViT_top' breaks the datapath extraction because there is leakage due to truncation on its fanout to operator of resources 'C8627 (ViT_top.v:686)'.  (HDL-120)

Information: Operator associated with resources 'sub_679_I16 (ViT_top.v:679)' in design 'ViT_top' breaks the datapath extraction because there is leakage due to truncation on its fanout to operator of resources 'C8628 (ViT_top.v:686)'.  (HDL-120)

Information: Operator associated with resources 'add_686 (ViT_top.v:686)' in design 'ViT_top' breaks the datapath extraction because there is leakage due to truncation on its fanout to operator of resources 'C8613 (ViT_top.v:686)'.  (HDL-120)

Information: Operator associated with resources 'add_686_I2 (ViT_top.v:686)' in design 'ViT_top' breaks the datapath extraction because there is leakage due to truncation on its fanout to operator of resources 'C8614 (ViT_top.v:686)'.  (HDL-120)

Information: Operator associated with resources 'add_686_I3 (ViT_top.v:686)' in design 'ViT_top' breaks the datapath extraction because there is leakage due to truncation on its fanout to operator of resources 'C8615 (ViT_top.v:686)'.  (HDL-120)

Information: Operator associated with resources 'add_686_I4 (ViT_top.v:686)' in design 'ViT_top' breaks the datapath extraction because there is leakage due to truncation on its fanout to operator of resources 'C8616 (ViT_top.v:686)'.  (HDL-120)

Information: Operator associated with resources 'add_686_I5 (ViT_top.v:686)' in design 'ViT_top' breaks the datapath extraction because there is leakage due to truncation on its fanout to operator of resources 'C8617 (ViT_top.v:686)'.  (HDL-120)

Information: Operator associated with resources 'add_686_I6 (ViT_top.v:686)' in design 'ViT_top' breaks the datapath extraction because there is leakage due to truncation on its fanout to operator of resources 'C8618 (ViT_top.v:686)'.  (HDL-120)

Information: Operator associated with resources 'add_686_I7 (ViT_top.v:686)' in design 'ViT_top' breaks the datapath extraction because there is leakage due to truncation on its fanout to operator of resources 'C8619 (ViT_top.v:686)'.  (HDL-120)

Information: Operator associated with resources 'add_686_I8 (ViT_top.v:686)' in design 'ViT_top' breaks the datapath extraction because there is leakage due to truncation on its fanout to operator of resources 'C8620 (ViT_top.v:686)'.  (HDL-120)

Information: Operator associated with resources 'add_686_I9 (ViT_top.v:686)' in design 'ViT_top' breaks the datapath extraction because there is leakage due to truncation on its fanout to operator of resources 'C8621 (ViT_top.v:686)'.  (HDL-120)

Information: Operator associated with resources 'add_686_I10 (ViT_top.v:686)' in design 'ViT_top' breaks the datapath extraction because there is leakage due to truncation on its fanout to operator of resources 'C8622 (ViT_top.v:686)'.  (HDL-120)

Information: Operator associated with resources 'add_686_I11 (ViT_top.v:686)' in design 'ViT_top' breaks the datapath extraction because there is leakage due to truncation on its fanout to operator of resources 'C8623 (ViT_top.v:686)'.  (HDL-120)

Information: Operator associated with resources 'add_686_I12 (ViT_top.v:686)' in design 'ViT_top' breaks the datapath extraction because there is leakage due to truncation on its fanout to operator of resources 'C8624 (ViT_top.v:686)'.  (HDL-120)

Information: Operator associated with resources 'add_686_I13 (ViT_top.v:686)' in design 'ViT_top' breaks the datapath extraction because there is leakage due to truncation on its fanout to operator of resources 'C8625 (ViT_top.v:686)'.  (HDL-120)

Information: Operator associated with resources 'add_686_I14 (ViT_top.v:686)' in design 'ViT_top' breaks the datapath extraction because there is leakage due to truncation on its fanout to operator of resources 'C8626 (ViT_top.v:686)'.  (HDL-120)

Information: Operator associated with resources 'add_686_I15 (ViT_top.v:686)' in design 'ViT_top' breaks the datapath extraction because there is leakage due to truncation on its fanout to operator of resources 'C8627 (ViT_top.v:686)'.  (HDL-120)

Information: Operator associated with resources 'add_686_I16 (ViT_top.v:686)' in design 'ViT_top' breaks the datapath extraction because there is leakage due to truncation on its fanout to operator of resources 'C8628 (ViT_top.v:686)'.  (HDL-120)

Information: Operator associated with resources 'add_967 (ViT_top.v:967) add_969_2 (ViT_top.v:969)' in design 'ViT_top' breaks the datapath extraction because there is leakage due to truncation on its fanout to operator of resources 'C8632 (ViT_top.v:967)'.  (HDL-120)

Information: Operator associated with resources 'add_967_I2 (ViT_top.v:967) add_969_2_I2 (ViT_top.v:969)' in design 'ViT_top' breaks the datapath extraction because there is leakage due to truncation on its fanout to operator of resources 'C8635 (ViT_top.v:967)'.  (HDL-120)

Information: Operator associated with resources 'add_967_I3 (ViT_top.v:967) add_969_2_I3 (ViT_top.v:969)' in design 'ViT_top' breaks the datapath extraction because there is leakage due to truncation on its fanout to operator of resources 'C8638 (ViT_top.v:967)'.  (HDL-120)

Information: Operator associated with resources 'add_967_I4 (ViT_top.v:967) add_969_2_I4 (ViT_top.v:969)' in design 'ViT_top' breaks the datapath extraction because there is leakage due to truncation on its fanout to operator of resources 'C8641 (ViT_top.v:967)'.  (HDL-120)

Information: Operator associated with resources 'add_967_I5 (ViT_top.v:967) add_969_2_I5 (ViT_top.v:969)' in design 'ViT_top' breaks the datapath extraction because there is leakage due to truncation on its fanout to operator of resources 'C8644 (ViT_top.v:967)'.  (HDL-120)

Information: Operator associated with resources 'add_967_I6 (ViT_top.v:967) add_969_2_I6 (ViT_top.v:969)' in design 'ViT_top' breaks the datapath extraction because there is leakage due to truncation on its fanout to operator of resources 'C8647 (ViT_top.v:967)'.  (HDL-120)

Information: Operator associated with resources 'add_967_I7 (ViT_top.v:967) add_969_2_I7 (ViT_top.v:969)' in design 'ViT_top' breaks the datapath extraction because there is leakage due to truncation on its fanout to operator of resources 'C8650 (ViT_top.v:967)'.  (HDL-120)

Information: Operator associated with resources 'add_967_I8 (ViT_top.v:967) add_969_2_I8 (ViT_top.v:969)' in design 'ViT_top' breaks the datapath extraction because there is leakage due to truncation on its fanout to operator of resources 'C8653 (ViT_top.v:967)'.  (HDL-120)

Information: Operator associated with resources 'gt_1068 (ViT_top.v:1068)' in design 'ViT_top' breaks the datapath extraction because there is leakage due to truncation on the fanout of its driver 'add_1050 (ViT_top.v:1050)'.  (HDL-120)

Information: Operator associated with resources 'gt_1068_I2 (ViT_top.v:1068)' in design 'ViT_top' breaks the datapath extraction because there is leakage due to truncation on the fanout of its driver 'add_1050_I2 (ViT_top.v:1050)'.  (HDL-120)

Information: Operator associated with resources 'gt_1068_I3 (ViT_top.v:1068)' in design 'ViT_top' breaks the datapath extraction because there is leakage due to truncation on the fanout of its driver 'add_1050_I3 (ViT_top.v:1050)'.  (HDL-120)

Information: Operator associated with resources 'gt_1068_I4 (ViT_top.v:1068)' in design 'ViT_top' breaks the datapath extraction because there is leakage due to truncation on the fanout of its driver 'add_1050_I4 (ViT_top.v:1050)'.  (HDL-120)

Information: Operator associated with resources 'gt_1068_I5 (ViT_top.v:1068)' in design 'ViT_top' breaks the datapath extraction because there is leakage due to truncation on the fanout of its driver 'add_1050_I5 (ViT_top.v:1050)'.  (HDL-120)

Information: Operator associated with resources 'gt_1068_I6 (ViT_top.v:1068)' in design 'ViT_top' breaks the datapath extraction because there is leakage due to truncation on the fanout of its driver 'add_1050_I6 (ViT_top.v:1050)'.  (HDL-120)

Information: Operator associated with resources 'gt_1068_I7 (ViT_top.v:1068)' in design 'ViT_top' breaks the datapath extraction because there is leakage due to truncation on the fanout of its driver 'add_1050_I7 (ViT_top.v:1050)'.  (HDL-120)

Information: Operator associated with resources 'gt_1068_I8 (ViT_top.v:1068)' in design 'ViT_top' breaks the datapath extraction because there is leakage due to truncation on the fanout of its driver 'add_1050_I8 (ViT_top.v:1050)'.  (HDL-120)

Information: Operator associated with resources 'gt_1500 (ViT_top.v:1500)' in design 'ViT_top' breaks the datapath extraction because there is leakage due to truncation on the fanout of its driver 'add_1473 (ViT_top.v:1473)'.  (HDL-120)

Information: Operator associated with resources 'gt_1508 (ViT_top.v:1508)' in design 'ViT_top' breaks the datapath extraction because there is leakage due to truncation on the fanout of its driver 'add_1474 (ViT_top.v:1474)'.  (HDL-120)

Information: Operator associated with resources 'gt_1516 (ViT_top.v:1516)' in design 'ViT_top' breaks the datapath extraction because there is leakage due to truncation on the fanout of its driver 'add_1475 (ViT_top.v:1475)'.  (HDL-120)

Information: Operator associated with resources 'gt_1524 (ViT_top.v:1524)' in design 'ViT_top' breaks the datapath extraction because there is leakage due to truncation on the fanout of its driver 'add_1476 (ViT_top.v:1476)'.  (HDL-120)


Implementation Report
===============================================================================
|                    |                  | Current            | Set            |
| Cell               | Module           | Implementation     | Implementation |
===============================================================================
| add_x_12           | DW01_inc         | apparch (area)     |                |
| add_x_13           | DW01_inc         | apparch (area)     |                |
| add_x_15           | DW01_inc         | apparch (area)     |                |
| add_x_18           | DW01_inc         | apparch (area)     |                |
| sub_x_26           | DW01_sub         | pparch (area,speed)                 |
| sub_x_27           | DW01_sub         | pparch (area,speed)                 |
| sub_x_28           | DW01_sub         | pparch (area,speed)                 |
| sub_x_29           | DW01_sub         | pparch (area,speed)                 |
| sub_x_30           | DW01_sub         | pparch (area,speed)                 |
| sub_x_31           | DW01_sub         | pparch (area,speed)                 |
| sub_x_32           | DW01_sub         | pparch (area,speed)                 |
| sub_x_33           | DW01_sub         | pparch (area,speed)                 |
| sub_x_34           | DW01_sub         | pparch (area,speed)                 |
| sub_x_35           | DW01_sub         | pparch (area,speed)                 |
| sub_x_36           | DW01_sub         | pparch (area,speed)                 |
| sub_x_37           | DW01_sub         | pparch (area,speed)                 |
| sub_x_38           | DW01_sub         | pparch (area,speed)                 |
| sub_x_39           | DW01_sub         | pparch (area,speed)                 |
| sub_x_40           | DW01_sub         | pparch (area,speed)                 |
| sub_x_41           | DW01_sub         | pparch (area,speed)                 |
| add_x_42           | DW01_inc         | apparch (area)     |                |
| add_x_43           | DW01_inc         | apparch (area)     |                |
| add_x_44           | DW01_inc         | apparch (area)     |                |
| add_x_45           | DW01_inc         | apparch (area)     |                |
| add_x_46           | DW01_inc         | apparch (area)     |                |
| add_x_47           | DW01_inc         | apparch (area)     |                |
| add_x_48           | DW01_inc         | apparch (area)     |                |
| add_x_49           | DW01_inc         | apparch (area)     |                |
| add_x_50           | DW01_inc         | apparch (area)     |                |
| add_x_51           | DW01_inc         | apparch (area)     |                |
| add_x_52           | DW01_inc         | apparch (area)     |                |
| add_x_53           | DW01_inc         | apparch (area)     |                |
| add_x_54           | DW01_inc         | apparch (area)     |                |
| add_x_55           | DW01_inc         | apparch (area)     |                |
| add_x_56           | DW01_inc         | apparch (area)     |                |
| add_x_57           | DW01_inc         | apparch (area)     |                |
| add_x_109          | DW01_add         | apparch (area)     |                |
| add_x_110          | DW01_add         | apparch (area)     |                |
| add_x_111          | DW01_add         | apparch (area)     |                |
| add_x_112          | DW01_add         | apparch (area)     |                |
| add_x_113          | DW01_add         | apparch (area)     |                |
| add_x_114          | DW01_add         | apparch (area)     |                |
| add_x_115          | DW01_add         | apparch (area)     |                |
| add_x_116          | DW01_add         | apparch (area)     |                |
| gt_x_117           | DW_cmp           | apparch (area)     |                |
| lt_x_118           | DW_cmp           | apparch (area)     |                |
| gt_x_119           | DW_cmp           | apparch (area)     |                |
| lt_x_120           | DW_cmp           | apparch (area)     |                |
| gt_x_121           | DW_cmp           | apparch (area)     |                |
| lt_x_122           | DW_cmp           | apparch (area)     |                |
| gt_x_123           | DW_cmp           | apparch (area)     |                |
| lt_x_124           | DW_cmp           | apparch (area)     |                |
| gt_x_125           | DW_cmp           | apparch (area)     |                |
| lt_x_126           | DW_cmp           | apparch (area)     |                |
| gt_x_127           | DW_cmp           | apparch (area)     |                |
| lt_x_128           | DW_cmp           | apparch (area)     |                |
| gt_x_129           | DW_cmp           | apparch (area)     |                |
| lt_x_130           | DW_cmp           | apparch (area)     |                |
| gt_x_131           | DW_cmp           | apparch (area)     |                |
| lt_x_132           | DW_cmp           | apparch (area)     |                |
| gt_x_149           | DW_cmp           | apparch (area)     |                |
| add_x_150          | DW01_inc         | apparch (area)     |                |
| add_x_155          | DW01_inc         | apparch (area)     |                |
| add_x_157          | DW01_inc         | apparch (area)     |                |
| add_x_163          | DW01_inc         | apparch (area)     |                |
| add_x_237          | DW01_add         | apparch (area)     |                |
| add_x_238          | DW01_add         | apparch (area)     |                |
| add_x_239          | DW01_add         | apparch (area)     |                |
| add_x_240          | DW01_add         | apparch (area)     |                |
| gt_x_241           | DW_cmp           | apparch (area)     |                |
| lt_x_242           | DW_cmp           | apparch (area)     |                |
| gt_x_243           | DW_cmp           | apparch (area)     |                |
| lt_x_244           | DW_cmp           | apparch (area)     |                |
| gt_x_245           | DW_cmp           | apparch (area)     |                |
| lt_x_246           | DW_cmp           | apparch (area)     |                |
| gt_x_247           | DW_cmp           | apparch (area)     |                |
| lt_x_248           | DW_cmp           | apparch (area)     |                |
| add_x_254          | DW01_inc         | apparch (area)     |                |
| add_x_255          | DW01_inc         | apparch (area)     |                |
| add_x_256          | DW01_inc         | apparch (area)     |                |
| add_x_270          | DW01_inc         | apparch (area)     |                |
| add_x_272          | DW01_inc         | apparch (area)     |                |
| add_x_274          | DW01_inc         | apparch (area)     |                |
| add_x_77           | DW01_inc         | apparch (area)     |                |
| add_x_78           | DW01_inc         | apparch (area)     |                |
| add_x_79           | DW01_inc         | apparch (area)     |                |
| add_x_80           | DW01_inc         | apparch (area)     |                |
| add_x_81           | DW01_inc         | apparch (area)     |                |
| add_x_82           | DW01_inc         | apparch (area)     |                |
| add_x_83           | DW01_inc         | apparch (area)     |                |
| add_x_84           | DW01_inc         | apparch (area)     |                |
| add_x_159          | DW01_inc         | apparch (area)     |                |
| DP_OP_749J1_122_4871                  |                    |                |
|                    | DP_OP_749J1_122_4871 | str (area)     |                |
| DP_OP_750J1_123_1791                  |                    |                |
|                    | DP_OP_750J1_123_1791 | str (area,speed)                |
| DP_OP_751J1_124_5797                  |                    |                |
|                    | DP_OP_751J1_124_5797 | str (area,speed)                |
|                    |                  | mult_arch: benc_radix4              |
| DP_OP_752J1_125_5797                  |                    |                |
|                    | DP_OP_752J1_125_5797 | str (area,speed)                |
|                    |                  | mult_arch: benc_radix4              |
| DP_OP_753J1_126_5797                  |                    |                |
|                    | DP_OP_753J1_126_5797 | str (area,speed)                |
|                    |                  | mult_arch: benc_radix4              |
| DP_OP_754J1_127_5797                  |                    |                |
|                    | DP_OP_754J1_127_5797 | str (area,speed)                |
|                    |                  | mult_arch: benc_radix4              |
| DP_OP_197_151_8445 | DP_OP_197_151_8445 | str (area,speed) |                |
|                    |                  | mult_arch: benc_radix4              |
| DP_OP_196_150_180  | DP_OP_196_150_180 | str (area,speed)  |                |
|                    |                  | mult_arch: benc_radix4              |
| DP_OP_195_149_2935 | DP_OP_195_149_2935 | str (area,speed) |                |
|                    |                  | mult_arch: benc_radix4              |
| DP_OP_194_148_6743 | DP_OP_194_148_6743 | str (area,speed) |                |
|                    |                  | mult_arch: benc_radix4              |
| DP_OP_193_147_9498 | DP_OP_193_147_9498 | str (area,speed) |                |
|                    |                  | mult_arch: benc_radix4              |
| DP_OP_192_146_1233 | DP_OP_192_146_1233 | str (area,speed) |                |
|                    |                  | mult_arch: benc_radix4              |
| DP_OP_191_145_3972 | DP_OP_191_145_3972 | str (area,speed) |                |
|                    |                  | mult_arch: benc_radix4              |
| DP_OP_190_144_7796 | DP_OP_190_144_7796 | str (area,speed) |                |
|                    |                  | mult_arch: benc_radix4              |
===============================================================================


Resource sharing reports are created during the compile command,
so the design must be compiled before resource sharing can be reported.
 
****************************************
Design : div_mydesign_0
****************************************

No implementations to report

No resource sharing information to report.
 
****************************************
Design : *SUB_UNS_OP_18_18_18
****************************************

No implementations to report

No resource sharing information to report.
 
****************************************
Design : DW01_sub_width18
****************************************

No implementations to report

No resource sharing information to report.
 
****************************************
Design : *GEQ_UNS_OP_19_18_1
****************************************

No implementations to report

No resource sharing information to report.
 
****************************************
Design : DW01_cmp2_width19
****************************************

No implementations to report

No resource sharing information to report.
 
****************************************
Design : *SUB_UNS_OP_18_18_18
****************************************

No implementations to report

No resource sharing information to report.
 
****************************************
Design : DW01_sub_width18
****************************************

No implementations to report

No resource sharing information to report.
 
****************************************
Design : *GEQ_UNS_OP_19_18_1
****************************************

No implementations to report

No resource sharing information to report.
 
****************************************
Design : DW01_cmp2_width19
****************************************

No implementations to report

No resource sharing information to report.
 
****************************************
Design : *SUB_UNS_OP_18_18_18
****************************************

No implementations to report

No resource sharing information to report.
 
****************************************
Design : DW01_sub_width18
****************************************

No implementations to report

No resource sharing information to report.
 
****************************************
Design : *GEQ_UNS_OP_19_18_1
****************************************

No implementations to report

No resource sharing information to report.
 
****************************************
Design : DW01_cmp2_width19
****************************************

No implementations to report

No resource sharing information to report.
 
****************************************
Design : *SUB_UNS_OP_18_18_18
****************************************

No implementations to report

No resource sharing information to report.
 
****************************************
Design : DW01_sub_width18
****************************************

No implementations to report

No resource sharing information to report.
 
****************************************
Design : *GEQ_UNS_OP_19_18_1
****************************************

No implementations to report

No resource sharing information to report.
 
****************************************
Design : DW01_cmp2_width19
****************************************

No implementations to report

No resource sharing information to report.
 
****************************************
Design : *SUB_UNS_OP_18_18_18
****************************************

No implementations to report

No resource sharing information to report.
 
****************************************
Design : DW01_sub_width18
****************************************

No implementations to report

No resource sharing information to report.
 
****************************************
Design : *GEQ_UNS_OP_19_18_1
****************************************

No implementations to report

No resource sharing information to report.
 
****************************************
Design : DW01_cmp2_width19
****************************************

No implementations to report

No resource sharing information to report.
 
****************************************
Design : *SUB_UNS_OP_18_18_18
****************************************

No implementations to report

No resource sharing information to report.
 
****************************************
Design : DW01_sub_width18
****************************************

No implementations to report

No resource sharing information to report.
 
****************************************
Design : *GEQ_UNS_OP_19_18_1
****************************************

No implementations to report

No resource sharing information to report.
 
****************************************
Design : DW01_cmp2_width19
****************************************

No implementations to report

No resource sharing information to report.
 
****************************************
Design : *SUB_UNS_OP_18_18_18
****************************************

No implementations to report

No resource sharing information to report.
 
****************************************
Design : DW01_sub_width18
****************************************

No implementations to report

No resource sharing information to report.
 
****************************************
Design : *GEQ_UNS_OP_19_18_1
****************************************

No implementations to report

No resource sharing information to report.
 
****************************************
Design : DW01_cmp2_width19
****************************************

No implementations to report

No resource sharing information to report.
 
****************************************
Design : *SUB_UNS_OP_18_18_18
****************************************

No implementations to report

No resource sharing information to report.
 
****************************************
Design : DW01_sub_width18
****************************************

No implementations to report

No resource sharing information to report.
 
****************************************
Design : *GEQ_UNS_OP_19_18_1
****************************************

No implementations to report

No resource sharing information to report.
 
****************************************
Design : DW01_cmp2_width19
****************************************

No implementations to report

No resource sharing information to report.
 
****************************************
Design : *SUB_UNS_OP_18_18_18
****************************************

No implementations to report

No resource sharing information to report.
 
****************************************
Design : DW01_sub_width18
****************************************

No implementations to report

No resource sharing information to report.
 
****************************************
Design : *GEQ_UNS_OP_19_18_1
****************************************

No implementations to report

No resource sharing information to report.
 
****************************************
Design : DW01_cmp2_width19
****************************************

No implementations to report

No resource sharing information to report.
 
****************************************
Design : *SUB_UNS_OP_18_18_18
****************************************

No implementations to report

No resource sharing information to report.
 
****************************************
Design : DW01_sub_width18
****************************************

No implementations to report

No resource sharing information to report.
 
****************************************
Design : *GEQ_UNS_OP_19_18_1
****************************************

No implementations to report

No resource sharing information to report.
 
****************************************
Design : DW01_cmp2_width19
****************************************

No implementations to report

No resource sharing information to report.
 
****************************************
Design : *SUB_UNS_OP_18_18_18
****************************************

No implementations to report

No resource sharing information to report.
 
****************************************
Design : DW01_sub_width18
****************************************

No implementations to report

No resource sharing information to report.
 
****************************************
Design : *GEQ_UNS_OP_19_18_1
****************************************

No implementations to report

No resource sharing information to report.
 
****************************************
Design : DW01_cmp2_width19
****************************************

No implementations to report

No resource sharing information to report.
 
****************************************
Design : *SUB_UNS_OP_18_18_18
****************************************

No implementations to report

No resource sharing information to report.
 
****************************************
Design : DW01_sub_width18
****************************************

No implementations to report

No resource sharing information to report.
 
****************************************
Design : *GEQ_UNS_OP_19_18_1
****************************************

No implementations to report

No resource sharing information to report.
 
****************************************
Design : DW01_cmp2_width19
****************************************

No implementations to report

No resource sharing information to report.
 
****************************************
Design : *SUB_UNS_OP_18_18_18
****************************************

No implementations to report

No resource sharing information to report.
 
****************************************
Design : DW01_sub_width18
****************************************

No implementations to report

No resource sharing information to report.
 
****************************************
Design : *GEQ_UNS_OP_19_18_1
****************************************

No implementations to report

No resource sharing information to report.
 
****************************************
Design : DW01_cmp2_width19
****************************************

No implementations to report

No resource sharing information to report.
 
****************************************
Design : *SUB_UNS_OP_18_18_18
****************************************

No implementations to report

No resource sharing information to report.
 
****************************************
Design : DW01_sub_width18
****************************************

No implementations to report

No resource sharing information to report.
 
****************************************
Design : *GEQ_UNS_OP_19_18_1
****************************************

No implementations to report

No resource sharing information to report.
 
****************************************
Design : DW01_cmp2_width19
****************************************

No implementations to report

No resource sharing information to report.
 
****************************************
Design : *SUB_UNS_OP_18_18_18
****************************************

No implementations to report

No resource sharing information to report.
 
****************************************
Design : DW01_sub_width18
****************************************

No implementations to report

No resource sharing information to report.
 
****************************************
Design : *GEQ_UNS_OP_19_18_1
****************************************

No implementations to report

No resource sharing information to report.
 
****************************************
Design : DW01_cmp2_width19
****************************************

No implementations to report

No resource sharing information to report.
 
****************************************
Design : *SUB_UNS_OP_18_18_18
****************************************

No implementations to report

No resource sharing information to report.
 
****************************************
Design : DW01_sub_width18
****************************************

No implementations to report

No resource sharing information to report.
 
****************************************
Design : *GEQ_UNS_OP_19_18_1
****************************************

No implementations to report

No resource sharing information to report.
 
****************************************
Design : DW01_cmp2_width19
****************************************

No implementations to report

No resource sharing information to report.
 
****************************************
Design : *SUB_UNS_OP_18_18_18
****************************************

No implementations to report

No resource sharing information to report.
 
****************************************
Design : DW01_sub_width18
****************************************

No implementations to report

No resource sharing information to report.
 
****************************************
Design : *GEQ_UNS_OP_19_18_1
****************************************

No implementations to report

No resource sharing information to report.
 
****************************************
Design : DW01_cmp2_width19
****************************************

No implementations to report

No resource sharing information to report.
 
****************************************
Design : *SUB_UNS_OP_18_18_18
****************************************

No implementations to report

No resource sharing information to report.
 
****************************************
Design : DW01_sub_width18
****************************************

No implementations to report

No resource sharing information to report.
 
****************************************
Design : *GEQ_UNS_OP_19_18_1
****************************************

No implementations to report

No resource sharing information to report.
 
****************************************
Design : DW01_cmp2_width19
****************************************

No implementations to report

No resource sharing information to report.
 
****************************************
Design : *SUB_UNS_OP_18_18_18
****************************************

No implementations to report

No resource sharing information to report.
 
****************************************
Design : DW01_sub_width18
****************************************

No implementations to report

No resource sharing information to report.
 
****************************************
Design : *GEQ_UNS_OP_19_18_1
****************************************

No implementations to report

No resource sharing information to report.
 
****************************************
Design : DW01_cmp2_width19
****************************************

No implementations to report

No resource sharing information to report.
 
****************************************
Design : *SUB_UNS_OP_18_18_18
****************************************

No implementations to report

No resource sharing information to report.
 
****************************************
Design : DW01_sub_width18
****************************************

No implementations to report

No resource sharing information to report.
 
****************************************
Design : *GEQ_UNS_OP_19_18_1
****************************************

No implementations to report

No resource sharing information to report.
 
****************************************
Design : DW01_cmp2_width19
****************************************

No implementations to report

No resource sharing information to report.
 
****************************************
Design : *SUB_UNS_OP_18_18_18
****************************************

No implementations to report

No resource sharing information to report.
 
****************************************
Design : DW01_sub_width18
****************************************

No implementations to report

No resource sharing information to report.
 
****************************************
Design : *GEQ_UNS_OP_19_18_1
****************************************

No implementations to report

No resource sharing information to report.
 
****************************************
Design : DW01_cmp2_width19
****************************************

No implementations to report

No resource sharing information to report.
 
****************************************
Design : *SUB_UNS_OP_18_18_18
****************************************

No implementations to report

No resource sharing information to report.
 
****************************************
Design : DW01_sub_width18
****************************************

No implementations to report

No resource sharing information to report.
 
****************************************
Design : *GEQ_UNS_OP_19_18_1
****************************************

No implementations to report

No resource sharing information to report.
 
****************************************
Design : DW01_cmp2_width19
****************************************

No implementations to report

No resource sharing information to report.
 
****************************************
Design : *SUB_UNS_OP_18_18_18
****************************************

No implementations to report

No resource sharing information to report.
 
****************************************
Design : DW01_sub_width18
****************************************

No implementations to report

No resource sharing information to report.
 
****************************************
Design : *GEQ_UNS_OP_19_18_1
****************************************

No implementations to report

No resource sharing information to report.
 
****************************************
Design : DW01_cmp2_width19
****************************************

No implementations to report

No resource sharing information to report.
 
****************************************
Design : *SUB_UNS_OP_1_18_18
****************************************

No implementations to report

No resource sharing information to report.
 
****************************************
Design : DW01_sub_width18
****************************************

No implementations to report

No resource sharing information to report.
 
****************************************
Design : *GEQ_UNS_OP_19_18_1
****************************************

No implementations to report

No resource sharing information to report.
 
****************************************
Design : DW01_cmp2_width19
****************************************

No implementations to report

Resource sharing reports are created during the compile command,
so the design must be compiled before resource sharing can be reported.
 
****************************************
Design : div_mydesign_1
****************************************

No implementations to report

No resource sharing information to report.
 
****************************************
Design : *SUB_UNS_OP_18_18_18
****************************************

No implementations to report

No resource sharing information to report.
 
****************************************
Design : DW01_sub_width18
****************************************

No implementations to report

No resource sharing information to report.
 
****************************************
Design : *GEQ_UNS_OP_19_18_1
****************************************

No implementations to report

No resource sharing information to report.
 
****************************************
Design : DW01_cmp2_width19
****************************************

No implementations to report

No resource sharing information to report.
 
****************************************
Design : *SUB_UNS_OP_18_18_18
****************************************

No implementations to report

No resource sharing information to report.
 
****************************************
Design : DW01_sub_width18
****************************************

No implementations to report

No resource sharing information to report.
 
****************************************
Design : *GEQ_UNS_OP_19_18_1
****************************************

No implementations to report

No resource sharing information to report.
 
****************************************
Design : DW01_cmp2_width19
****************************************

No implementations to report

No resource sharing information to report.
 
****************************************
Design : *SUB_UNS_OP_18_18_18
****************************************

No implementations to report

No resource sharing information to report.
 
****************************************
Design : DW01_sub_width18
****************************************

No implementations to report

No resource sharing information to report.
 
****************************************
Design : *GEQ_UNS_OP_19_18_1
****************************************

No implementations to report

No resource sharing information to report.
 
****************************************
Design : DW01_cmp2_width19
****************************************

No implementations to report

No resource sharing information to report.
 
****************************************
Design : *SUB_UNS_OP_18_18_18
****************************************

No implementations to report

No resource sharing information to report.
 
****************************************
Design : DW01_sub_width18
****************************************

No implementations to report

No resource sharing information to report.
 
****************************************
Design : *GEQ_UNS_OP_19_18_1
****************************************

No implementations to report

No resource sharing information to report.
 
****************************************
Design : DW01_cmp2_width19
****************************************

No implementations to report

No resource sharing information to report.
 
****************************************
Design : *SUB_UNS_OP_18_18_18
****************************************

No implementations to report

No resource sharing information to report.
 
****************************************
Design : DW01_sub_width18
****************************************

No implementations to report

No resource sharing information to report.
 
****************************************
Design : *GEQ_UNS_OP_19_18_1
****************************************

No implementations to report

No resource sharing information to report.
 
****************************************
Design : DW01_cmp2_width19
****************************************

No implementations to report

No resource sharing information to report.
 
****************************************
Design : *SUB_UNS_OP_18_18_18
****************************************

No implementations to report

No resource sharing information to report.
 
****************************************
Design : DW01_sub_width18
****************************************

No implementations to report

No resource sharing information to report.
 
****************************************
Design : *GEQ_UNS_OP_19_18_1
****************************************

No implementations to report

No resource sharing information to report.
 
****************************************
Design : DW01_cmp2_width19
****************************************

No implementations to report

No resource sharing information to report.
 
****************************************
Design : *SUB_UNS_OP_18_18_18
****************************************

No implementations to report

No resource sharing information to report.
 
****************************************
Design : DW01_sub_width18
****************************************

No implementations to report

No resource sharing information to report.
 
****************************************
Design : *GEQ_UNS_OP_19_18_1
****************************************

No implementations to report

No resource sharing information to report.
 
****************************************
Design : DW01_cmp2_width19
****************************************

No implementations to report

No resource sharing information to report.
 
****************************************
Design : *SUB_UNS_OP_18_18_18
****************************************

No implementations to report

No resource sharing information to report.
 
****************************************
Design : DW01_sub_width18
****************************************

No implementations to report

No resource sharing information to report.
 
****************************************
Design : *GEQ_UNS_OP_19_18_1
****************************************

No implementations to report

No resource sharing information to report.
 
****************************************
Design : DW01_cmp2_width19
****************************************

No implementations to report

No resource sharing information to report.
 
****************************************
Design : *SUB_UNS_OP_18_18_18
****************************************

No implementations to report

No resource sharing information to report.
 
****************************************
Design : DW01_sub_width18
****************************************

No implementations to report

No resource sharing information to report.
 
****************************************
Design : *GEQ_UNS_OP_19_18_1
****************************************

No implementations to report

No resource sharing information to report.
 
****************************************
Design : DW01_cmp2_width19
****************************************

No implementations to report

No resource sharing information to report.
 
****************************************
Design : *SUB_UNS_OP_18_18_18
****************************************

No implementations to report

No resource sharing information to report.
 
****************************************
Design : DW01_sub_width18
****************************************

No implementations to report

No resource sharing information to report.
 
****************************************
Design : *GEQ_UNS_OP_19_18_1
****************************************

No implementations to report

No resource sharing information to report.
 
****************************************
Design : DW01_cmp2_width19
****************************************

No implementations to report

No resource sharing information to report.
 
****************************************
Design : *SUB_UNS_OP_18_18_18
****************************************

No implementations to report

No resource sharing information to report.
 
****************************************
Design : DW01_sub_width18
****************************************

No implementations to report

No resource sharing information to report.
 
****************************************
Design : *GEQ_UNS_OP_19_18_1
****************************************

No implementations to report

No resource sharing information to report.
 
****************************************
Design : DW01_cmp2_width19
****************************************

No implementations to report

No resource sharing information to report.
 
****************************************
Design : *SUB_UNS_OP_18_18_18
****************************************

No implementations to report

No resource sharing information to report.
 
****************************************
Design : DW01_sub_width18
****************************************

No implementations to report

No resource sharing information to report.
 
****************************************
Design : *GEQ_UNS_OP_19_18_1
****************************************

No implementations to report

No resource sharing information to report.
 
****************************************
Design : DW01_cmp2_width19
****************************************

No implementations to report

No resource sharing information to report.
 
****************************************
Design : *SUB_UNS_OP_18_18_18
****************************************

No implementations to report

No resource sharing information to report.
 
****************************************
Design : DW01_sub_width18
****************************************

No implementations to report

No resource sharing information to report.
 
****************************************
Design : *GEQ_UNS_OP_19_18_1
****************************************

No implementations to report

No resource sharing information to report.
 
****************************************
Design : DW01_cmp2_width19
****************************************

No implementations to report

No resource sharing information to report.
 
****************************************
Design : *SUB_UNS_OP_18_18_18
****************************************

No implementations to report

No resource sharing information to report.
 
****************************************
Design : DW01_sub_width18
****************************************

No implementations to report

No resource sharing information to report.
 
****************************************
Design : *GEQ_UNS_OP_19_18_1
****************************************

No implementations to report

No resource sharing information to report.
 
****************************************
Design : DW01_cmp2_width19
****************************************

No implementations to report

No resource sharing information to report.
 
****************************************
Design : *SUB_UNS_OP_18_18_18
****************************************

No implementations to report

No resource sharing information to report.
 
****************************************
Design : DW01_sub_width18
****************************************

No implementations to report

No resource sharing information to report.
 
****************************************
Design : *GEQ_UNS_OP_19_18_1
****************************************

No implementations to report

No resource sharing information to report.
 
****************************************
Design : DW01_cmp2_width19
****************************************

No implementations to report

No resource sharing information to report.
 
****************************************
Design : *SUB_UNS_OP_18_18_18
****************************************

No implementations to report

No resource sharing information to report.
 
****************************************
Design : DW01_sub_width18
****************************************

No implementations to report

No resource sharing information to report.
 
****************************************
Design : *GEQ_UNS_OP_19_18_1
****************************************

No implementations to report

No resource sharing information to report.
 
****************************************
Design : DW01_cmp2_width19
****************************************

No implementations to report

No resource sharing information to report.
 
****************************************
Design : *SUB_UNS_OP_18_18_18
****************************************

No implementations to report

No resource sharing information to report.
 
****************************************
Design : DW01_sub_width18
****************************************

No implementations to report

No resource sharing information to report.
 
****************************************
Design : *GEQ_UNS_OP_19_18_1
****************************************

No implementations to report

No resource sharing information to report.
 
****************************************
Design : DW01_cmp2_width19
****************************************

No implementations to report

No resource sharing information to report.
 
****************************************
Design : *SUB_UNS_OP_18_18_18
****************************************

No implementations to report

No resource sharing information to report.
 
****************************************
Design : DW01_sub_width18
****************************************

No implementations to report

No resource sharing information to report.
 
****************************************
Design : *GEQ_UNS_OP_19_18_1
****************************************

No implementations to report

No resource sharing information to report.
 
****************************************
Design : DW01_cmp2_width19
****************************************

No implementations to report

No resource sharing information to report.
 
****************************************
Design : *SUB_UNS_OP_18_18_18
****************************************

No implementations to report

No resource sharing information to report.
 
****************************************
Design : DW01_sub_width18
****************************************

No implementations to report

No resource sharing information to report.
 
****************************************
Design : *GEQ_UNS_OP_19_18_1
****************************************

No implementations to report

No resource sharing information to report.
 
****************************************
Design : DW01_cmp2_width19
****************************************

No implementations to report

No resource sharing information to report.
 
****************************************
Design : *SUB_UNS_OP_18_18_18
****************************************

No implementations to report

No resource sharing information to report.
 
****************************************
Design : DW01_sub_width18
****************************************

No implementations to report

No resource sharing information to report.
 
****************************************
Design : *GEQ_UNS_OP_19_18_1
****************************************

No implementations to report

No resource sharing information to report.
 
****************************************
Design : DW01_cmp2_width19
****************************************

No implementations to report

No resource sharing information to report.
 
****************************************
Design : *SUB_UNS_OP_18_18_18
****************************************

No implementations to report

No resource sharing information to report.
 
****************************************
Design : DW01_sub_width18
****************************************

No implementations to report

No resource sharing information to report.
 
****************************************
Design : *GEQ_UNS_OP_19_18_1
****************************************

No implementations to report

No resource sharing information to report.
 
****************************************
Design : DW01_cmp2_width19
****************************************

No implementations to report

No resource sharing information to report.
 
****************************************
Design : *SUB_UNS_OP_18_18_18
****************************************

No implementations to report

No resource sharing information to report.
 
****************************************
Design : DW01_sub_width18
****************************************

No implementations to report

No resource sharing information to report.
 
****************************************
Design : *GEQ_UNS_OP_19_18_1
****************************************

No implementations to report

No resource sharing information to report.
 
****************************************
Design : DW01_cmp2_width19
****************************************

No implementations to report

No resource sharing information to report.
 
****************************************
Design : *SUB_UNS_OP_18_18_18
****************************************

No implementations to report

No resource sharing information to report.
 
****************************************
Design : DW01_sub_width18
****************************************

No implementations to report

No resource sharing information to report.
 
****************************************
Design : *GEQ_UNS_OP_19_18_1
****************************************

No implementations to report

No resource sharing information to report.
 
****************************************
Design : DW01_cmp2_width19
****************************************

No implementations to report

No resource sharing information to report.
 
****************************************
Design : *SUB_UNS_OP_1_18_18
****************************************

No implementations to report

No resource sharing information to report.
 
****************************************
Design : DW01_sub_width18
****************************************

No implementations to report

No resource sharing information to report.
 
****************************************
Design : *GEQ_UNS_OP_19_18_1
****************************************

No implementations to report

No resource sharing information to report.
 
****************************************
Design : DW01_cmp2_width19
****************************************

No implementations to report

Resource sharing reports are created during the compile command,
so the design must be compiled before resource sharing can be reported.
 
****************************************
Design : div_mydesign_2
****************************************

No implementations to report

No resource sharing information to report.
 
****************************************
Design : *SUB_UNS_OP_18_18_18
****************************************

No implementations to report

No resource sharing information to report.
 
****************************************
Design : DW01_sub_width18
****************************************

No implementations to report

No resource sharing information to report.
 
****************************************
Design : *GEQ_UNS_OP_19_18_1
****************************************

No implementations to report

No resource sharing information to report.
 
****************************************
Design : DW01_cmp2_width19
****************************************

No implementations to report

No resource sharing information to report.
 
****************************************
Design : *SUB_UNS_OP_18_18_18
****************************************

No implementations to report

No resource sharing information to report.
 
****************************************
Design : DW01_sub_width18
****************************************

No implementations to report

No resource sharing information to report.
 
****************************************
Design : *GEQ_UNS_OP_19_18_1
****************************************

No implementations to report

No resource sharing information to report.
 
****************************************
Design : DW01_cmp2_width19
****************************************

No implementations to report

No resource sharing information to report.
 
****************************************
Design : *SUB_UNS_OP_18_18_18
****************************************

No implementations to report

No resource sharing information to report.
 
****************************************
Design : DW01_sub_width18
****************************************

No implementations to report

No resource sharing information to report.
 
****************************************
Design : *GEQ_UNS_OP_19_18_1
****************************************

No implementations to report

No resource sharing information to report.
 
****************************************
Design : DW01_cmp2_width19
****************************************

No implementations to report

No resource sharing information to report.
 
****************************************
Design : *SUB_UNS_OP_18_18_18
****************************************

No implementations to report

No resource sharing information to report.
 
****************************************
Design : DW01_sub_width18
****************************************

No implementations to report

No resource sharing information to report.
 
****************************************
Design : *GEQ_UNS_OP_19_18_1
****************************************

No implementations to report

No resource sharing information to report.
 
****************************************
Design : DW01_cmp2_width19
****************************************

No implementations to report

No resource sharing information to report.
 
****************************************
Design : *SUB_UNS_OP_18_18_18
****************************************

No implementations to report

No resource sharing information to report.
 
****************************************
Design : DW01_sub_width18
****************************************

No implementations to report

No resource sharing information to report.
 
****************************************
Design : *GEQ_UNS_OP_19_18_1
****************************************

No implementations to report

No resource sharing information to report.
 
****************************************
Design : DW01_cmp2_width19
****************************************

No implementations to report

No resource sharing information to report.
 
****************************************
Design : *SUB_UNS_OP_18_18_18
****************************************

No implementations to report

No resource sharing information to report.
 
****************************************
Design : DW01_sub_width18
****************************************

No implementations to report

No resource sharing information to report.
 
****************************************
Design : *GEQ_UNS_OP_19_18_1
****************************************

No implementations to report

No resource sharing information to report.
 
****************************************
Design : DW01_cmp2_width19
****************************************

No implementations to report

No resource sharing information to report.
 
****************************************
Design : *SUB_UNS_OP_18_18_18
****************************************

No implementations to report

No resource sharing information to report.
 
****************************************
Design : DW01_sub_width18
****************************************

No implementations to report

No resource sharing information to report.
 
****************************************
Design : *GEQ_UNS_OP_19_18_1
****************************************

No implementations to report

No resource sharing information to report.
 
****************************************
Design : DW01_cmp2_width19
****************************************

No implementations to report

No resource sharing information to report.
 
****************************************
Design : *SUB_UNS_OP_18_18_18
****************************************

No implementations to report

No resource sharing information to report.
 
****************************************
Design : DW01_sub_width18
****************************************

No implementations to report

No resource sharing information to report.
 
****************************************
Design : *GEQ_UNS_OP_19_18_1
****************************************

No implementations to report

No resource sharing information to report.
 
****************************************
Design : DW01_cmp2_width19
****************************************

No implementations to report

No resource sharing information to report.
 
****************************************
Design : *SUB_UNS_OP_18_18_18
****************************************

No implementations to report

No resource sharing information to report.
 
****************************************
Design : DW01_sub_width18
****************************************

No implementations to report

No resource sharing information to report.
 
****************************************
Design : *GEQ_UNS_OP_19_18_1
****************************************

No implementations to report

No resource sharing information to report.
 
****************************************
Design : DW01_cmp2_width19
****************************************

No implementations to report

No resource sharing information to report.
 
****************************************
Design : *SUB_UNS_OP_18_18_18
****************************************

No implementations to report

No resource sharing information to report.
 
****************************************
Design : DW01_sub_width18
****************************************

No implementations to report

No resource sharing information to report.
 
****************************************
Design : *GEQ_UNS_OP_19_18_1
****************************************

No implementations to report

No resource sharing information to report.
 
****************************************
Design : DW01_cmp2_width19
****************************************

No implementations to report

No resource sharing information to report.
 
****************************************
Design : *SUB_UNS_OP_18_18_18
****************************************

No implementations to report

No resource sharing information to report.
 
****************************************
Design : DW01_sub_width18
****************************************

No implementations to report

No resource sharing information to report.
 
****************************************
Design : *GEQ_UNS_OP_19_18_1
****************************************

No implementations to report

No resource sharing information to report.
 
****************************************
Design : DW01_cmp2_width19
****************************************

No implementations to report

No resource sharing information to report.
 
****************************************
Design : *SUB_UNS_OP_18_18_18
****************************************

No implementations to report

No resource sharing information to report.
 
****************************************
Design : DW01_sub_width18
****************************************

No implementations to report

No resource sharing information to report.
 
****************************************
Design : *GEQ_UNS_OP_19_18_1
****************************************

No implementations to report

No resource sharing information to report.
 
****************************************
Design : DW01_cmp2_width19
****************************************

No implementations to report

No resource sharing information to report.
 
****************************************
Design : *SUB_UNS_OP_18_18_18
****************************************

No implementations to report

No resource sharing information to report.
 
****************************************
Design : DW01_sub_width18
****************************************

No implementations to report

No resource sharing information to report.
 
****************************************
Design : *GEQ_UNS_OP_19_18_1
****************************************

No implementations to report

No resource sharing information to report.
 
****************************************
Design : DW01_cmp2_width19
****************************************

No implementations to report

No resource sharing information to report.
 
****************************************
Design : *SUB_UNS_OP_18_18_18
****************************************

No implementations to report

No resource sharing information to report.
 
****************************************
Design : DW01_sub_width18
****************************************

No implementations to report

No resource sharing information to report.
 
****************************************
Design : *GEQ_UNS_OP_19_18_1
****************************************

No implementations to report

No resource sharing information to report.
 
****************************************
Design : DW01_cmp2_width19
****************************************

No implementations to report

No resource sharing information to report.
 
****************************************
Design : *SUB_UNS_OP_18_18_18
****************************************

No implementations to report

No resource sharing information to report.
 
****************************************
Design : DW01_sub_width18
****************************************

No implementations to report

No resource sharing information to report.
 
****************************************
Design : *GEQ_UNS_OP_19_18_1
****************************************

No implementations to report

No resource sharing information to report.
 
****************************************
Design : DW01_cmp2_width19
****************************************

No implementations to report

No resource sharing information to report.
 
****************************************
Design : *SUB_UNS_OP_18_18_18
****************************************

No implementations to report

No resource sharing information to report.
 
****************************************
Design : DW01_sub_width18
****************************************

No implementations to report

No resource sharing information to report.
 
****************************************
Design : *GEQ_UNS_OP_19_18_1
****************************************

No implementations to report

No resource sharing information to report.
 
****************************************
Design : DW01_cmp2_width19
****************************************

No implementations to report

No resource sharing information to report.
 
****************************************
Design : *SUB_UNS_OP_18_18_18
****************************************

No implementations to report

No resource sharing information to report.
 
****************************************
Design : DW01_sub_width18
****************************************

No implementations to report

No resource sharing information to report.
 
****************************************
Design : *GEQ_UNS_OP_19_18_1
****************************************

No implementations to report

No resource sharing information to report.
 
****************************************
Design : DW01_cmp2_width19
****************************************

No implementations to report

No resource sharing information to report.
 
****************************************
Design : *SUB_UNS_OP_18_18_18
****************************************

No implementations to report

No resource sharing information to report.
 
****************************************
Design : DW01_sub_width18
****************************************

No implementations to report

No resource sharing information to report.
 
****************************************
Design : *GEQ_UNS_OP_19_18_1
****************************************

No implementations to report

No resource sharing information to report.
 
****************************************
Design : DW01_cmp2_width19
****************************************

No implementations to report

No resource sharing information to report.
 
****************************************
Design : *SUB_UNS_OP_18_18_18
****************************************

No implementations to report

No resource sharing information to report.
 
****************************************
Design : DW01_sub_width18
****************************************

No implementations to report

No resource sharing information to report.
 
****************************************
Design : *GEQ_UNS_OP_19_18_1
****************************************

No implementations to report

No resource sharing information to report.
 
****************************************
Design : DW01_cmp2_width19
****************************************

No implementations to report

No resource sharing information to report.
 
****************************************
Design : *SUB_UNS_OP_18_18_18
****************************************

No implementations to report

No resource sharing information to report.
 
****************************************
Design : DW01_sub_width18
****************************************

No implementations to report

No resource sharing information to report.
 
****************************************
Design : *GEQ_UNS_OP_19_18_1
****************************************

No implementations to report

No resource sharing information to report.
 
****************************************
Design : DW01_cmp2_width19
****************************************

No implementations to report

No resource sharing information to report.
 
****************************************
Design : *SUB_UNS_OP_18_18_18
****************************************

No implementations to report

No resource sharing information to report.
 
****************************************
Design : DW01_sub_width18
****************************************

No implementations to report

No resource sharing information to report.
 
****************************************
Design : *GEQ_UNS_OP_19_18_1
****************************************

No implementations to report

No resource sharing information to report.
 
****************************************
Design : DW01_cmp2_width19
****************************************

No implementations to report

No resource sharing information to report.
 
****************************************
Design : *SUB_UNS_OP_18_18_18
****************************************

No implementations to report

No resource sharing information to report.
 
****************************************
Design : DW01_sub_width18
****************************************

No implementations to report

No resource sharing information to report.
 
****************************************
Design : *GEQ_UNS_OP_19_18_1
****************************************

No implementations to report

No resource sharing information to report.
 
****************************************
Design : DW01_cmp2_width19
****************************************

No implementations to report

No resource sharing information to report.
 
****************************************
Design : *SUB_UNS_OP_18_18_18
****************************************

No implementations to report

No resource sharing information to report.
 
****************************************
Design : DW01_sub_width18
****************************************

No implementations to report

No resource sharing information to report.
 
****************************************
Design : *GEQ_UNS_OP_19_18_1
****************************************

No implementations to report

No resource sharing information to report.
 
****************************************
Design : DW01_cmp2_width19
****************************************

No implementations to report

No resource sharing information to report.
 
****************************************
Design : *SUB_UNS_OP_1_18_18
****************************************

No implementations to report

No resource sharing information to report.
 
****************************************
Design : DW01_sub_width18
****************************************

No implementations to report

No resource sharing information to report.
 
****************************************
Design : *GEQ_UNS_OP_19_18_1
****************************************

No implementations to report

No resource sharing information to report.
 
****************************************
Design : DW01_cmp2_width19
****************************************

No implementations to report

Resource sharing reports are created during the compile command,
so the design must be compiled before resource sharing can be reported.
 
****************************************
Design : div_mydesign_3
****************************************

No implementations to report

No resource sharing information to report.
 
****************************************
Design : *SUB_UNS_OP_18_18_18
****************************************

No implementations to report

No resource sharing information to report.
 
****************************************
Design : DW01_sub_width18
****************************************

No implementations to report

No resource sharing information to report.
 
****************************************
Design : *GEQ_UNS_OP_19_18_1
****************************************

No implementations to report

No resource sharing information to report.
 
****************************************
Design : DW01_cmp2_width19
****************************************

No implementations to report

No resource sharing information to report.
 
****************************************
Design : *SUB_UNS_OP_18_18_18
****************************************

No implementations to report

No resource sharing information to report.
 
****************************************
Design : DW01_sub_width18
****************************************

No implementations to report

No resource sharing information to report.
 
****************************************
Design : *GEQ_UNS_OP_19_18_1
****************************************

No implementations to report

No resource sharing information to report.
 
****************************************
Design : DW01_cmp2_width19
****************************************

No implementations to report

No resource sharing information to report.
 
****************************************
Design : *SUB_UNS_OP_18_18_18
****************************************

No implementations to report

No resource sharing information to report.
 
****************************************
Design : DW01_sub_width18
****************************************

No implementations to report

No resource sharing information to report.
 
****************************************
Design : *GEQ_UNS_OP_19_18_1
****************************************

No implementations to report

No resource sharing information to report.
 
****************************************
Design : DW01_cmp2_width19
****************************************

No implementations to report

No resource sharing information to report.
 
****************************************
Design : *SUB_UNS_OP_18_18_18
****************************************

No implementations to report

No resource sharing information to report.
 
****************************************
Design : DW01_sub_width18
****************************************

No implementations to report

No resource sharing information to report.
 
****************************************
Design : *GEQ_UNS_OP_19_18_1
****************************************

No implementations to report

No resource sharing information to report.
 
****************************************
Design : DW01_cmp2_width19
****************************************

No implementations to report

No resource sharing information to report.
 
****************************************
Design : *SUB_UNS_OP_18_18_18
****************************************

No implementations to report

No resource sharing information to report.
 
****************************************
Design : DW01_sub_width18
****************************************

No implementations to report

No resource sharing information to report.
 
****************************************
Design : *GEQ_UNS_OP_19_18_1
****************************************

No implementations to report

No resource sharing information to report.
 
****************************************
Design : DW01_cmp2_width19
****************************************

No implementations to report

No resource sharing information to report.
 
****************************************
Design : *SUB_UNS_OP_18_18_18
****************************************

No implementations to report

No resource sharing information to report.
 
****************************************
Design : DW01_sub_width18
****************************************

No implementations to report

No resource sharing information to report.
 
****************************************
Design : *GEQ_UNS_OP_19_18_1
****************************************

No implementations to report

No resource sharing information to report.
 
****************************************
Design : DW01_cmp2_width19
****************************************

No implementations to report

No resource sharing information to report.
 
****************************************
Design : *SUB_UNS_OP_18_18_18
****************************************

No implementations to report

No resource sharing information to report.
 
****************************************
Design : DW01_sub_width18
****************************************

No implementations to report

No resource sharing information to report.
 
****************************************
Design : *GEQ_UNS_OP_19_18_1
****************************************

No implementations to report

No resource sharing information to report.
 
****************************************
Design : DW01_cmp2_width19
****************************************

No implementations to report

No resource sharing information to report.
 
****************************************
Design : *SUB_UNS_OP_18_18_18
****************************************

No implementations to report

No resource sharing information to report.
 
****************************************
Design : DW01_sub_width18
****************************************

No implementations to report

No resource sharing information to report.
 
****************************************
Design : *GEQ_UNS_OP_19_18_1
****************************************

No implementations to report

No resource sharing information to report.
 
****************************************
Design : DW01_cmp2_width19
****************************************

No implementations to report

No resource sharing information to report.
 
****************************************
Design : *SUB_UNS_OP_18_18_18
****************************************

No implementations to report

No resource sharing information to report.
 
****************************************
Design : DW01_sub_width18
****************************************

No implementations to report

No resource sharing information to report.
 
****************************************
Design : *GEQ_UNS_OP_19_18_1
****************************************

No implementations to report

No resource sharing information to report.
 
****************************************
Design : DW01_cmp2_width19
****************************************

No implementations to report

No resource sharing information to report.
 
****************************************
Design : *SUB_UNS_OP_18_18_18
****************************************

No implementations to report

No resource sharing information to report.
 
****************************************
Design : DW01_sub_width18
****************************************

No implementations to report

No resource sharing information to report.
 
****************************************
Design : *GEQ_UNS_OP_19_18_1
****************************************

No implementations to report

No resource sharing information to report.
 
****************************************
Design : DW01_cmp2_width19
****************************************

No implementations to report

No resource sharing information to report.
 
****************************************
Design : *SUB_UNS_OP_18_18_18
****************************************

No implementations to report

No resource sharing information to report.
 
****************************************
Design : DW01_sub_width18
****************************************

No implementations to report

No resource sharing information to report.
 
****************************************
Design : *GEQ_UNS_OP_19_18_1
****************************************

No implementations to report

No resource sharing information to report.
 
****************************************
Design : DW01_cmp2_width19
****************************************

No implementations to report

No resource sharing information to report.
 
****************************************
Design : *SUB_UNS_OP_18_18_18
****************************************

No implementations to report

No resource sharing information to report.
 
****************************************
Design : DW01_sub_width18
****************************************

No implementations to report

No resource sharing information to report.
 
****************************************
Design : *GEQ_UNS_OP_19_18_1
****************************************

No implementations to report

No resource sharing information to report.
 
****************************************
Design : DW01_cmp2_width19
****************************************

No implementations to report

No resource sharing information to report.
 
****************************************
Design : *SUB_UNS_OP_18_18_18
****************************************

No implementations to report

No resource sharing information to report.
 
****************************************
Design : DW01_sub_width18
****************************************

No implementations to report

No resource sharing information to report.
 
****************************************
Design : *GEQ_UNS_OP_19_18_1
****************************************

No implementations to report

No resource sharing information to report.
 
****************************************
Design : DW01_cmp2_width19
****************************************

No implementations to report

No resource sharing information to report.
 
****************************************
Design : *SUB_UNS_OP_18_18_18
****************************************

No implementations to report

No resource sharing information to report.
 
****************************************
Design : DW01_sub_width18
****************************************

No implementations to report

No resource sharing information to report.
 
****************************************
Design : *GEQ_UNS_OP_19_18_1
****************************************

No implementations to report

No resource sharing information to report.
 
****************************************
Design : DW01_cmp2_width19
****************************************

No implementations to report

No resource sharing information to report.
 
****************************************
Design : *SUB_UNS_OP_18_18_18
****************************************

No implementations to report

No resource sharing information to report.
 
****************************************
Design : DW01_sub_width18
****************************************

No implementations to report

No resource sharing information to report.
 
****************************************
Design : *GEQ_UNS_OP_19_18_1
****************************************

No implementations to report

No resource sharing information to report.
 
****************************************
Design : DW01_cmp2_width19
****************************************

No implementations to report

No resource sharing information to report.
 
****************************************
Design : *SUB_UNS_OP_18_18_18
****************************************

No implementations to report

No resource sharing information to report.
 
****************************************
Design : DW01_sub_width18
****************************************

No implementations to report

No resource sharing information to report.
 
****************************************
Design : *GEQ_UNS_OP_19_18_1
****************************************

No implementations to report

No resource sharing information to report.
 
****************************************
Design : DW01_cmp2_width19
****************************************

No implementations to report

No resource sharing information to report.
 
****************************************
Design : *SUB_UNS_OP_18_18_18
****************************************

No implementations to report

No resource sharing information to report.
 
****************************************
Design : DW01_sub_width18
****************************************

No implementations to report

No resource sharing information to report.
 
****************************************
Design : *GEQ_UNS_OP_19_18_1
****************************************

No implementations to report

No resource sharing information to report.
 
****************************************
Design : DW01_cmp2_width19
****************************************

No implementations to report

No resource sharing information to report.
 
****************************************
Design : *SUB_UNS_OP_18_18_18
****************************************

No implementations to report

No resource sharing information to report.
 
****************************************
Design : DW01_sub_width18
****************************************

No implementations to report

No resource sharing information to report.
 
****************************************
Design : *GEQ_UNS_OP_19_18_1
****************************************

No implementations to report

No resource sharing information to report.
 
****************************************
Design : DW01_cmp2_width19
****************************************

No implementations to report

No resource sharing information to report.
 
****************************************
Design : *SUB_UNS_OP_18_18_18
****************************************

No implementations to report

No resource sharing information to report.
 
****************************************
Design : DW01_sub_width18
****************************************

No implementations to report

No resource sharing information to report.
 
****************************************
Design : *GEQ_UNS_OP_19_18_1
****************************************

No implementations to report

No resource sharing information to report.
 
****************************************
Design : DW01_cmp2_width19
****************************************

No implementations to report

No resource sharing information to report.
 
****************************************
Design : *SUB_UNS_OP_18_18_18
****************************************

No implementations to report

No resource sharing information to report.
 
****************************************
Design : DW01_sub_width18
****************************************

No implementations to report

No resource sharing information to report.
 
****************************************
Design : *GEQ_UNS_OP_19_18_1
****************************************

No implementations to report

No resource sharing information to report.
 
****************************************
Design : DW01_cmp2_width19
****************************************

No implementations to report

No resource sharing information to report.
 
****************************************
Design : *SUB_UNS_OP_18_18_18
****************************************

No implementations to report

No resource sharing information to report.
 
****************************************
Design : DW01_sub_width18
****************************************

No implementations to report

No resource sharing information to report.
 
****************************************
Design : *GEQ_UNS_OP_19_18_1
****************************************

No implementations to report

No resource sharing information to report.
 
****************************************
Design : DW01_cmp2_width19
****************************************

No implementations to report

No resource sharing information to report.
 
****************************************
Design : *SUB_UNS_OP_18_18_18
****************************************

No implementations to report

No resource sharing information to report.
 
****************************************
Design : DW01_sub_width18
****************************************

No implementations to report

No resource sharing information to report.
 
****************************************
Design : *GEQ_UNS_OP_19_18_1
****************************************

No implementations to report

No resource sharing information to report.
 
****************************************
Design : DW01_cmp2_width19
****************************************

No implementations to report

No resource sharing information to report.
 
****************************************
Design : *SUB_UNS_OP_18_18_18
****************************************

No implementations to report

No resource sharing information to report.
 
****************************************
Design : DW01_sub_width18
****************************************

No implementations to report

No resource sharing information to report.
 
****************************************
Design : *GEQ_UNS_OP_19_18_1
****************************************

No implementations to report

No resource sharing information to report.
 
****************************************
Design : DW01_cmp2_width19
****************************************

No implementations to report

No resource sharing information to report.
 
****************************************
Design : *SUB_UNS_OP_1_18_18
****************************************

No implementations to report

No resource sharing information to report.
 
****************************************
Design : DW01_sub_width18
****************************************

No implementations to report

No resource sharing information to report.
 
****************************************
Design : *GEQ_UNS_OP_19_18_1
****************************************

No implementations to report

No resource sharing information to report.
 
****************************************
Design : DW01_cmp2_width19
****************************************

No implementations to report

Resource sharing reports are created during the compile command,
so the design must be compiled before resource sharing can be reported.
 
****************************************
Design : div_mydesign_4
****************************************

No implementations to report

No resource sharing information to report.
 
****************************************
Design : *SUB_UNS_OP_18_18_18
****************************************

No implementations to report

No resource sharing information to report.
 
****************************************
Design : DW01_sub_width18
****************************************

No implementations to report

No resource sharing information to report.
 
****************************************
Design : *GEQ_UNS_OP_19_18_1
****************************************

No implementations to report

No resource sharing information to report.
 
****************************************
Design : DW01_cmp2_width19
****************************************

No implementations to report

No resource sharing information to report.
 
****************************************
Design : *SUB_UNS_OP_18_18_18
****************************************

No implementations to report

No resource sharing information to report.
 
****************************************
Design : DW01_sub_width18
****************************************

No implementations to report

No resource sharing information to report.
 
****************************************
Design : *GEQ_UNS_OP_19_18_1
****************************************

No implementations to report

No resource sharing information to report.
 
****************************************
Design : DW01_cmp2_width19
****************************************

No implementations to report

No resource sharing information to report.
 
****************************************
Design : *SUB_UNS_OP_18_18_18
****************************************

No implementations to report

No resource sharing information to report.
 
****************************************
Design : DW01_sub_width18
****************************************

No implementations to report

No resource sharing information to report.
 
****************************************
Design : *GEQ_UNS_OP_19_18_1
****************************************

No implementations to report

No resource sharing information to report.
 
****************************************
Design : DW01_cmp2_width19
****************************************

No implementations to report

No resource sharing information to report.
 
****************************************
Design : *SUB_UNS_OP_18_18_18
****************************************

No implementations to report

No resource sharing information to report.
 
****************************************
Design : DW01_sub_width18
****************************************

No implementations to report

No resource sharing information to report.
 
****************************************
Design : *GEQ_UNS_OP_19_18_1
****************************************

No implementations to report

No resource sharing information to report.
 
****************************************
Design : DW01_cmp2_width19
****************************************

No implementations to report

No resource sharing information to report.
 
****************************************
Design : *SUB_UNS_OP_18_18_18
****************************************

No implementations to report

No resource sharing information to report.
 
****************************************
Design : DW01_sub_width18
****************************************

No implementations to report

No resource sharing information to report.
 
****************************************
Design : *GEQ_UNS_OP_19_18_1
****************************************

No implementations to report

No resource sharing information to report.
 
****************************************
Design : DW01_cmp2_width19
****************************************

No implementations to report

No resource sharing information to report.
 
****************************************
Design : *SUB_UNS_OP_18_18_18
****************************************

No implementations to report

No resource sharing information to report.
 
****************************************
Design : DW01_sub_width18
****************************************

No implementations to report

No resource sharing information to report.
 
****************************************
Design : *GEQ_UNS_OP_19_18_1
****************************************

No implementations to report

No resource sharing information to report.
 
****************************************
Design : DW01_cmp2_width19
****************************************

No implementations to report

No resource sharing information to report.
 
****************************************
Design : *SUB_UNS_OP_18_18_18
****************************************

No implementations to report

No resource sharing information to report.
 
****************************************
Design : DW01_sub_width18
****************************************

No implementations to report

No resource sharing information to report.
 
****************************************
Design : *GEQ_UNS_OP_19_18_1
****************************************

No implementations to report

No resource sharing information to report.
 
****************************************
Design : DW01_cmp2_width19
****************************************

No implementations to report

No resource sharing information to report.
 
****************************************
Design : *SUB_UNS_OP_18_18_18
****************************************

No implementations to report

No resource sharing information to report.
 
****************************************
Design : DW01_sub_width18
****************************************

No implementations to report

No resource sharing information to report.
 
****************************************
Design : *GEQ_UNS_OP_19_18_1
****************************************

No implementations to report

No resource sharing information to report.
 
****************************************
Design : DW01_cmp2_width19
****************************************

No implementations to report

No resource sharing information to report.
 
****************************************
Design : *SUB_UNS_OP_18_18_18
****************************************

No implementations to report

No resource sharing information to report.
 
****************************************
Design : DW01_sub_width18
****************************************

No implementations to report

No resource sharing information to report.
 
****************************************
Design : *GEQ_UNS_OP_19_18_1
****************************************

No implementations to report

No resource sharing information to report.
 
****************************************
Design : DW01_cmp2_width19
****************************************

No implementations to report

No resource sharing information to report.
 
****************************************
Design : *SUB_UNS_OP_18_18_18
****************************************

No implementations to report

No resource sharing information to report.
 
****************************************
Design : DW01_sub_width18
****************************************

No implementations to report

No resource sharing information to report.
 
****************************************
Design : *GEQ_UNS_OP_19_18_1
****************************************

No implementations to report

No resource sharing information to report.
 
****************************************
Design : DW01_cmp2_width19
****************************************

No implementations to report

No resource sharing information to report.
 
****************************************
Design : *SUB_UNS_OP_18_18_18
****************************************

No implementations to report

No resource sharing information to report.
 
****************************************
Design : DW01_sub_width18
****************************************

No implementations to report

No resource sharing information to report.
 
****************************************
Design : *GEQ_UNS_OP_19_18_1
****************************************

No implementations to report

No resource sharing information to report.
 
****************************************
Design : DW01_cmp2_width19
****************************************

No implementations to report

No resource sharing information to report.
 
****************************************
Design : *SUB_UNS_OP_18_18_18
****************************************

No implementations to report

No resource sharing information to report.
 
****************************************
Design : DW01_sub_width18
****************************************

No implementations to report

No resource sharing information to report.
 
****************************************
Design : *GEQ_UNS_OP_19_18_1
****************************************

No implementations to report

No resource sharing information to report.
 
****************************************
Design : DW01_cmp2_width19
****************************************

No implementations to report

No resource sharing information to report.
 
****************************************
Design : *SUB_UNS_OP_18_18_18
****************************************

No implementations to report

No resource sharing information to report.
 
****************************************
Design : DW01_sub_width18
****************************************

No implementations to report

No resource sharing information to report.
 
****************************************
Design : *GEQ_UNS_OP_19_18_1
****************************************

No implementations to report

No resource sharing information to report.
 
****************************************
Design : DW01_cmp2_width19
****************************************

No implementations to report

No resource sharing information to report.
 
****************************************
Design : *SUB_UNS_OP_18_18_18
****************************************

No implementations to report

No resource sharing information to report.
 
****************************************
Design : DW01_sub_width18
****************************************

No implementations to report

No resource sharing information to report.
 
****************************************
Design : *GEQ_UNS_OP_19_18_1
****************************************

No implementations to report

No resource sharing information to report.
 
****************************************
Design : DW01_cmp2_width19
****************************************

No implementations to report

No resource sharing information to report.
 
****************************************
Design : *SUB_UNS_OP_18_18_18
****************************************

No implementations to report

No resource sharing information to report.
 
****************************************
Design : DW01_sub_width18
****************************************

No implementations to report

No resource sharing information to report.
 
****************************************
Design : *GEQ_UNS_OP_19_18_1
****************************************

No implementations to report

No resource sharing information to report.
 
****************************************
Design : DW01_cmp2_width19
****************************************

No implementations to report

No resource sharing information to report.
 
****************************************
Design : *SUB_UNS_OP_18_18_18
****************************************

No implementations to report

No resource sharing information to report.
 
****************************************
Design : DW01_sub_width18
****************************************

No implementations to report

No resource sharing information to report.
 
****************************************
Design : *GEQ_UNS_OP_19_18_1
****************************************

No implementations to report

No resource sharing information to report.
 
****************************************
Design : DW01_cmp2_width19
****************************************

No implementations to report

No resource sharing information to report.
 
****************************************
Design : *SUB_UNS_OP_18_18_18
****************************************

No implementations to report

No resource sharing information to report.
 
****************************************
Design : DW01_sub_width18
****************************************

No implementations to report

No resource sharing information to report.
 
****************************************
Design : *GEQ_UNS_OP_19_18_1
****************************************

No implementations to report

No resource sharing information to report.
 
****************************************
Design : DW01_cmp2_width19
****************************************

No implementations to report

No resource sharing information to report.
 
****************************************
Design : *SUB_UNS_OP_18_18_18
****************************************

No implementations to report

No resource sharing information to report.
 
****************************************
Design : DW01_sub_width18
****************************************

No implementations to report

No resource sharing information to report.
 
****************************************
Design : *GEQ_UNS_OP_19_18_1
****************************************

No implementations to report

No resource sharing information to report.
 
****************************************
Design : DW01_cmp2_width19
****************************************

No implementations to report

No resource sharing information to report.
 
****************************************
Design : *SUB_UNS_OP_18_18_18
****************************************

No implementations to report

No resource sharing information to report.
 
****************************************
Design : DW01_sub_width18
****************************************

No implementations to report

No resource sharing information to report.
 
****************************************
Design : *GEQ_UNS_OP_19_18_1
****************************************

No implementations to report

No resource sharing information to report.
 
****************************************
Design : DW01_cmp2_width19
****************************************

No implementations to report

No resource sharing information to report.
 
****************************************
Design : *SUB_UNS_OP_18_18_18
****************************************

No implementations to report

No resource sharing information to report.
 
****************************************
Design : DW01_sub_width18
****************************************

No implementations to report

No resource sharing information to report.
 
****************************************
Design : *GEQ_UNS_OP_19_18_1
****************************************

No implementations to report

No resource sharing information to report.
 
****************************************
Design : DW01_cmp2_width19
****************************************

No implementations to report

No resource sharing information to report.
 
****************************************
Design : *SUB_UNS_OP_18_18_18
****************************************

No implementations to report

No resource sharing information to report.
 
****************************************
Design : DW01_sub_width18
****************************************

No implementations to report

No resource sharing information to report.
 
****************************************
Design : *GEQ_UNS_OP_19_18_1
****************************************

No implementations to report

No resource sharing information to report.
 
****************************************
Design : DW01_cmp2_width19
****************************************

No implementations to report

No resource sharing information to report.
 
****************************************
Design : *SUB_UNS_OP_18_18_18
****************************************

No implementations to report

No resource sharing information to report.
 
****************************************
Design : DW01_sub_width18
****************************************

No implementations to report

No resource sharing information to report.
 
****************************************
Design : *GEQ_UNS_OP_19_18_1
****************************************

No implementations to report

No resource sharing information to report.
 
****************************************
Design : DW01_cmp2_width19
****************************************

No implementations to report

No resource sharing information to report.
 
****************************************
Design : *SUB_UNS_OP_18_18_18
****************************************

No implementations to report

No resource sharing information to report.
 
****************************************
Design : DW01_sub_width18
****************************************

No implementations to report

No resource sharing information to report.
 
****************************************
Design : *GEQ_UNS_OP_19_18_1
****************************************

No implementations to report

No resource sharing information to report.
 
****************************************
Design : DW01_cmp2_width19
****************************************

No implementations to report

No resource sharing information to report.
 
****************************************
Design : *SUB_UNS_OP_1_18_18
****************************************

No implementations to report

No resource sharing information to report.
 
****************************************
Design : DW01_sub_width18
****************************************

No implementations to report

No resource sharing information to report.
 
****************************************
Design : *GEQ_UNS_OP_19_18_1
****************************************

No implementations to report

No resource sharing information to report.
 
****************************************
Design : DW01_cmp2_width19
****************************************

No implementations to report

Resource sharing reports are created during the compile command,
so the design must be compiled before resource sharing can be reported.
 
****************************************
Design : div_mydesign_5
****************************************

No implementations to report

No resource sharing information to report.
 
****************************************
Design : *SUB_UNS_OP_18_18_18
****************************************

No implementations to report

No resource sharing information to report.
 
****************************************
Design : DW01_sub_width18
****************************************

No implementations to report

No resource sharing information to report.
 
****************************************
Design : *GEQ_UNS_OP_19_18_1
****************************************

No implementations to report

No resource sharing information to report.
 
****************************************
Design : DW01_cmp2_width19
****************************************

No implementations to report

No resource sharing information to report.
 
****************************************
Design : *SUB_UNS_OP_18_18_18
****************************************

No implementations to report

No resource sharing information to report.
 
****************************************
Design : DW01_sub_width18
****************************************

No implementations to report

No resource sharing information to report.
 
****************************************
Design : *GEQ_UNS_OP_19_18_1
****************************************

No implementations to report

No resource sharing information to report.
 
****************************************
Design : DW01_cmp2_width19
****************************************

No implementations to report

No resource sharing information to report.
 
****************************************
Design : *SUB_UNS_OP_18_18_18
****************************************

No implementations to report

No resource sharing information to report.
 
****************************************
Design : DW01_sub_width18
****************************************

No implementations to report

No resource sharing information to report.
 
****************************************
Design : *GEQ_UNS_OP_19_18_1
****************************************

No implementations to report

No resource sharing information to report.
 
****************************************
Design : DW01_cmp2_width19
****************************************

No implementations to report

No resource sharing information to report.
 
****************************************
Design : *SUB_UNS_OP_18_18_18
****************************************

No implementations to report

No resource sharing information to report.
 
****************************************
Design : DW01_sub_width18
****************************************

No implementations to report

No resource sharing information to report.
 
****************************************
Design : *GEQ_UNS_OP_19_18_1
****************************************

No implementations to report

No resource sharing information to report.
 
****************************************
Design : DW01_cmp2_width19
****************************************

No implementations to report

No resource sharing information to report.
 
****************************************
Design : *SUB_UNS_OP_18_18_18
****************************************

No implementations to report

No resource sharing information to report.
 
****************************************
Design : DW01_sub_width18
****************************************

No implementations to report

No resource sharing information to report.
 
****************************************
Design : *GEQ_UNS_OP_19_18_1
****************************************

No implementations to report

No resource sharing information to report.
 
****************************************
Design : DW01_cmp2_width19
****************************************

No implementations to report

No resource sharing information to report.
 
****************************************
Design : *SUB_UNS_OP_18_18_18
****************************************

No implementations to report

No resource sharing information to report.
 
****************************************
Design : DW01_sub_width18
****************************************

No implementations to report

No resource sharing information to report.
 
****************************************
Design : *GEQ_UNS_OP_19_18_1
****************************************

No implementations to report

No resource sharing information to report.
 
****************************************
Design : DW01_cmp2_width19
****************************************

No implementations to report

No resource sharing information to report.
 
****************************************
Design : *SUB_UNS_OP_18_18_18
****************************************

No implementations to report

No resource sharing information to report.
 
****************************************
Design : DW01_sub_width18
****************************************

No implementations to report

No resource sharing information to report.
 
****************************************
Design : *GEQ_UNS_OP_19_18_1
****************************************

No implementations to report

No resource sharing information to report.
 
****************************************
Design : DW01_cmp2_width19
****************************************

No implementations to report

No resource sharing information to report.
 
****************************************
Design : *SUB_UNS_OP_18_18_18
****************************************

No implementations to report

No resource sharing information to report.
 
****************************************
Design : DW01_sub_width18
****************************************

No implementations to report

No resource sharing information to report.
 
****************************************
Design : *GEQ_UNS_OP_19_18_1
****************************************

No implementations to report

No resource sharing information to report.
 
****************************************
Design : DW01_cmp2_width19
****************************************

No implementations to report

No resource sharing information to report.
 
****************************************
Design : *SUB_UNS_OP_18_18_18
****************************************

No implementations to report

No resource sharing information to report.
 
****************************************
Design : DW01_sub_width18
****************************************

No implementations to report

No resource sharing information to report.
 
****************************************
Design : *GEQ_UNS_OP_19_18_1
****************************************

No implementations to report

No resource sharing information to report.
 
****************************************
Design : DW01_cmp2_width19
****************************************

No implementations to report

No resource sharing information to report.
 
****************************************
Design : *SUB_UNS_OP_18_18_18
****************************************

No implementations to report

No resource sharing information to report.
 
****************************************
Design : DW01_sub_width18
****************************************

No implementations to report

No resource sharing information to report.
 
****************************************
Design : *GEQ_UNS_OP_19_18_1
****************************************

No implementations to report

No resource sharing information to report.
 
****************************************
Design : DW01_cmp2_width19
****************************************

No implementations to report

No resource sharing information to report.
 
****************************************
Design : *SUB_UNS_OP_18_18_18
****************************************

No implementations to report

No resource sharing information to report.
 
****************************************
Design : DW01_sub_width18
****************************************

No implementations to report

No resource sharing information to report.
 
****************************************
Design : *GEQ_UNS_OP_19_18_1
****************************************

No implementations to report

No resource sharing information to report.
 
****************************************
Design : DW01_cmp2_width19
****************************************

No implementations to report

No resource sharing information to report.
 
****************************************
Design : *SUB_UNS_OP_18_18_18
****************************************

No implementations to report

No resource sharing information to report.
 
****************************************
Design : DW01_sub_width18
****************************************

No implementations to report

No resource sharing information to report.
 
****************************************
Design : *GEQ_UNS_OP_19_18_1
****************************************

No implementations to report

No resource sharing information to report.
 
****************************************
Design : DW01_cmp2_width19
****************************************

No implementations to report

No resource sharing information to report.
 
****************************************
Design : *SUB_UNS_OP_18_18_18
****************************************

No implementations to report

No resource sharing information to report.
 
****************************************
Design : DW01_sub_width18
****************************************

No implementations to report

No resource sharing information to report.
 
****************************************
Design : *GEQ_UNS_OP_19_18_1
****************************************

No implementations to report

No resource sharing information to report.
 
****************************************
Design : DW01_cmp2_width19
****************************************

No implementations to report

No resource sharing information to report.
 
****************************************
Design : *SUB_UNS_OP_18_18_18
****************************************

No implementations to report

No resource sharing information to report.
 
****************************************
Design : DW01_sub_width18
****************************************

No implementations to report

No resource sharing information to report.
 
****************************************
Design : *GEQ_UNS_OP_19_18_1
****************************************

No implementations to report

No resource sharing information to report.
 
****************************************
Design : DW01_cmp2_width19
****************************************

No implementations to report

No resource sharing information to report.
 
****************************************
Design : *SUB_UNS_OP_18_18_18
****************************************

No implementations to report

No resource sharing information to report.
 
****************************************
Design : DW01_sub_width18
****************************************

No implementations to report

No resource sharing information to report.
 
****************************************
Design : *GEQ_UNS_OP_19_18_1
****************************************

No implementations to report

No resource sharing information to report.
 
****************************************
Design : DW01_cmp2_width19
****************************************

No implementations to report

No resource sharing information to report.
 
****************************************
Design : *SUB_UNS_OP_18_18_18
****************************************

No implementations to report

No resource sharing information to report.
 
****************************************
Design : DW01_sub_width18
****************************************

No implementations to report

No resource sharing information to report.
 
****************************************
Design : *GEQ_UNS_OP_19_18_1
****************************************

No implementations to report

No resource sharing information to report.
 
****************************************
Design : DW01_cmp2_width19
****************************************

No implementations to report

No resource sharing information to report.
 
****************************************
Design : *SUB_UNS_OP_18_18_18
****************************************

No implementations to report

No resource sharing information to report.
 
****************************************
Design : DW01_sub_width18
****************************************

No implementations to report

No resource sharing information to report.
 
****************************************
Design : *GEQ_UNS_OP_19_18_1
****************************************

No implementations to report

No resource sharing information to report.
 
****************************************
Design : DW01_cmp2_width19
****************************************

No implementations to report

No resource sharing information to report.
 
****************************************
Design : *SUB_UNS_OP_18_18_18
****************************************

No implementations to report

No resource sharing information to report.
 
****************************************
Design : DW01_sub_width18
****************************************

No implementations to report

No resource sharing information to report.
 
****************************************
Design : *GEQ_UNS_OP_19_18_1
****************************************

No implementations to report

No resource sharing information to report.
 
****************************************
Design : DW01_cmp2_width19
****************************************

No implementations to report

No resource sharing information to report.
 
****************************************
Design : *SUB_UNS_OP_18_18_18
****************************************

No implementations to report

No resource sharing information to report.
 
****************************************
Design : DW01_sub_width18
****************************************

No implementations to report

No resource sharing information to report.
 
****************************************
Design : *GEQ_UNS_OP_19_18_1
****************************************

No implementations to report

No resource sharing information to report.
 
****************************************
Design : DW01_cmp2_width19
****************************************

No implementations to report

No resource sharing information to report.
 
****************************************
Design : *SUB_UNS_OP_18_18_18
****************************************

No implementations to report

No resource sharing information to report.
 
****************************************
Design : DW01_sub_width18
****************************************

No implementations to report

No resource sharing information to report.
 
****************************************
Design : *GEQ_UNS_OP_19_18_1
****************************************

No implementations to report

No resource sharing information to report.
 
****************************************
Design : DW01_cmp2_width19
****************************************

No implementations to report

No resource sharing information to report.
 
****************************************
Design : *SUB_UNS_OP_18_18_18
****************************************

No implementations to report

No resource sharing information to report.
 
****************************************
Design : DW01_sub_width18
****************************************

No implementations to report

No resource sharing information to report.
 
****************************************
Design : *GEQ_UNS_OP_19_18_1
****************************************

No implementations to report

No resource sharing information to report.
 
****************************************
Design : DW01_cmp2_width19
****************************************

No implementations to report

No resource sharing information to report.
 
****************************************
Design : *SUB_UNS_OP_18_18_18
****************************************

No implementations to report

No resource sharing information to report.
 
****************************************
Design : DW01_sub_width18
****************************************

No implementations to report

No resource sharing information to report.
 
****************************************
Design : *GEQ_UNS_OP_19_18_1
****************************************

No implementations to report

No resource sharing information to report.
 
****************************************
Design : DW01_cmp2_width19
****************************************

No implementations to report

No resource sharing information to report.
 
****************************************
Design : *SUB_UNS_OP_18_18_18
****************************************

No implementations to report

No resource sharing information to report.
 
****************************************
Design : DW01_sub_width18
****************************************

No implementations to report

No resource sharing information to report.
 
****************************************
Design : *GEQ_UNS_OP_19_18_1
****************************************

No implementations to report

No resource sharing information to report.
 
****************************************
Design : DW01_cmp2_width19
****************************************

No implementations to report

No resource sharing information to report.
 
****************************************
Design : *SUB_UNS_OP_1_18_18
****************************************

No implementations to report

No resource sharing information to report.
 
****************************************
Design : DW01_sub_width18
****************************************

No implementations to report

No resource sharing information to report.
 
****************************************
Design : *GEQ_UNS_OP_19_18_1
****************************************

No implementations to report

No resource sharing information to report.
 
****************************************
Design : DW01_cmp2_width19
****************************************

No implementations to report

Resource sharing reports are created during the compile command,
so the design must be compiled before resource sharing can be reported.
 
****************************************
Design : div_mydesign_6
****************************************

No implementations to report

No resource sharing information to report.
 
****************************************
Design : *SUB_UNS_OP_18_18_18
****************************************

No implementations to report

No resource sharing information to report.
 
****************************************
Design : DW01_sub_width18
****************************************

No implementations to report

No resource sharing information to report.
 
****************************************
Design : *GEQ_UNS_OP_19_18_1
****************************************

No implementations to report

No resource sharing information to report.
 
****************************************
Design : DW01_cmp2_width19
****************************************

No implementations to report

No resource sharing information to report.
 
****************************************
Design : *SUB_UNS_OP_18_18_18
****************************************

No implementations to report

No resource sharing information to report.
 
****************************************
Design : DW01_sub_width18
****************************************

No implementations to report

No resource sharing information to report.
 
****************************************
Design : *GEQ_UNS_OP_19_18_1
****************************************

No implementations to report

No resource sharing information to report.
 
****************************************
Design : DW01_cmp2_width19
****************************************

No implementations to report

No resource sharing information to report.
 
****************************************
Design : *SUB_UNS_OP_18_18_18
****************************************

No implementations to report

No resource sharing information to report.
 
****************************************
Design : DW01_sub_width18
****************************************

No implementations to report

No resource sharing information to report.
 
****************************************
Design : *GEQ_UNS_OP_19_18_1
****************************************

No implementations to report

No resource sharing information to report.
 
****************************************
Design : DW01_cmp2_width19
****************************************

No implementations to report

No resource sharing information to report.
 
****************************************
Design : *SUB_UNS_OP_18_18_18
****************************************

No implementations to report

No resource sharing information to report.
 
****************************************
Design : DW01_sub_width18
****************************************

No implementations to report

No resource sharing information to report.
 
****************************************
Design : *GEQ_UNS_OP_19_18_1
****************************************

No implementations to report

No resource sharing information to report.
 
****************************************
Design : DW01_cmp2_width19
****************************************

No implementations to report

No resource sharing information to report.
 
****************************************
Design : *SUB_UNS_OP_18_18_18
****************************************

No implementations to report

No resource sharing information to report.
 
****************************************
Design : DW01_sub_width18
****************************************

No implementations to report

No resource sharing information to report.
 
****************************************
Design : *GEQ_UNS_OP_19_18_1
****************************************

No implementations to report

No resource sharing information to report.
 
****************************************
Design : DW01_cmp2_width19
****************************************

No implementations to report

No resource sharing information to report.
 
****************************************
Design : *SUB_UNS_OP_18_18_18
****************************************

No implementations to report

No resource sharing information to report.
 
****************************************
Design : DW01_sub_width18
****************************************

No implementations to report

No resource sharing information to report.
 
****************************************
Design : *GEQ_UNS_OP_19_18_1
****************************************

No implementations to report

No resource sharing information to report.
 
****************************************
Design : DW01_cmp2_width19
****************************************

No implementations to report

No resource sharing information to report.
 
****************************************
Design : *SUB_UNS_OP_18_18_18
****************************************

No implementations to report

No resource sharing information to report.
 
****************************************
Design : DW01_sub_width18
****************************************

No implementations to report

No resource sharing information to report.
 
****************************************
Design : *GEQ_UNS_OP_19_18_1
****************************************

No implementations to report

No resource sharing information to report.
 
****************************************
Design : DW01_cmp2_width19
****************************************

No implementations to report

No resource sharing information to report.
 
****************************************
Design : *SUB_UNS_OP_18_18_18
****************************************

No implementations to report

No resource sharing information to report.
 
****************************************
Design : DW01_sub_width18
****************************************

No implementations to report

No resource sharing information to report.
 
****************************************
Design : *GEQ_UNS_OP_19_18_1
****************************************

No implementations to report

No resource sharing information to report.
 
****************************************
Design : DW01_cmp2_width19
****************************************

No implementations to report

No resource sharing information to report.
 
****************************************
Design : *SUB_UNS_OP_18_18_18
****************************************

No implementations to report

No resource sharing information to report.
 
****************************************
Design : DW01_sub_width18
****************************************

No implementations to report

No resource sharing information to report.
 
****************************************
Design : *GEQ_UNS_OP_19_18_1
****************************************

No implementations to report

No resource sharing information to report.
 
****************************************
Design : DW01_cmp2_width19
****************************************

No implementations to report

No resource sharing information to report.
 
****************************************
Design : *SUB_UNS_OP_18_18_18
****************************************

No implementations to report

No resource sharing information to report.
 
****************************************
Design : DW01_sub_width18
****************************************

No implementations to report

No resource sharing information to report.
 
****************************************
Design : *GEQ_UNS_OP_19_18_1
****************************************

No implementations to report

No resource sharing information to report.
 
****************************************
Design : DW01_cmp2_width19
****************************************

No implementations to report

No resource sharing information to report.
 
****************************************
Design : *SUB_UNS_OP_18_18_18
****************************************

No implementations to report

No resource sharing information to report.
 
****************************************
Design : DW01_sub_width18
****************************************

No implementations to report

No resource sharing information to report.
 
****************************************
Design : *GEQ_UNS_OP_19_18_1
****************************************

No implementations to report

No resource sharing information to report.
 
****************************************
Design : DW01_cmp2_width19
****************************************

No implementations to report

No resource sharing information to report.
 
****************************************
Design : *SUB_UNS_OP_18_18_18
****************************************

No implementations to report

No resource sharing information to report.
 
****************************************
Design : DW01_sub_width18
****************************************

No implementations to report

No resource sharing information to report.
 
****************************************
Design : *GEQ_UNS_OP_19_18_1
****************************************

No implementations to report

No resource sharing information to report.
 
****************************************
Design : DW01_cmp2_width19
****************************************

No implementations to report

No resource sharing information to report.
 
****************************************
Design : *SUB_UNS_OP_18_18_18
****************************************

No implementations to report

No resource sharing information to report.
 
****************************************
Design : DW01_sub_width18
****************************************

No implementations to report

No resource sharing information to report.
 
****************************************
Design : *GEQ_UNS_OP_19_18_1
****************************************

No implementations to report

No resource sharing information to report.
 
****************************************
Design : DW01_cmp2_width19
****************************************

No implementations to report

No resource sharing information to report.
 
****************************************
Design : *SUB_UNS_OP_18_18_18
****************************************

No implementations to report

No resource sharing information to report.
 
****************************************
Design : DW01_sub_width18
****************************************

No implementations to report

No resource sharing information to report.
 
****************************************
Design : *GEQ_UNS_OP_19_18_1
****************************************

No implementations to report

No resource sharing information to report.
 
****************************************
Design : DW01_cmp2_width19
****************************************

No implementations to report

No resource sharing information to report.
 
****************************************
Design : *SUB_UNS_OP_18_18_18
****************************************

No implementations to report

No resource sharing information to report.
 
****************************************
Design : DW01_sub_width18
****************************************

No implementations to report

No resource sharing information to report.
 
****************************************
Design : *GEQ_UNS_OP_19_18_1
****************************************

No implementations to report

No resource sharing information to report.
 
****************************************
Design : DW01_cmp2_width19
****************************************

No implementations to report

No resource sharing information to report.
 
****************************************
Design : *SUB_UNS_OP_18_18_18
****************************************

No implementations to report

No resource sharing information to report.
 
****************************************
Design : DW01_sub_width18
****************************************

No implementations to report

No resource sharing information to report.
 
****************************************
Design : *GEQ_UNS_OP_19_18_1
****************************************

No implementations to report

No resource sharing information to report.
 
****************************************
Design : DW01_cmp2_width19
****************************************

No implementations to report

No resource sharing information to report.
 
****************************************
Design : *SUB_UNS_OP_18_18_18
****************************************

No implementations to report

No resource sharing information to report.
 
****************************************
Design : DW01_sub_width18
****************************************

No implementations to report

No resource sharing information to report.
 
****************************************
Design : *GEQ_UNS_OP_19_18_1
****************************************

No implementations to report

No resource sharing information to report.
 
****************************************
Design : DW01_cmp2_width19
****************************************

No implementations to report

No resource sharing information to report.
 
****************************************
Design : *SUB_UNS_OP_18_18_18
****************************************

No implementations to report

No resource sharing information to report.
 
****************************************
Design : DW01_sub_width18
****************************************

No implementations to report

No resource sharing information to report.
 
****************************************
Design : *GEQ_UNS_OP_19_18_1
****************************************

No implementations to report

No resource sharing information to report.
 
****************************************
Design : DW01_cmp2_width19
****************************************

No implementations to report

No resource sharing information to report.
 
****************************************
Design : *SUB_UNS_OP_18_18_18
****************************************

No implementations to report

No resource sharing information to report.
 
****************************************
Design : DW01_sub_width18
****************************************

No implementations to report

No resource sharing information to report.
 
****************************************
Design : *GEQ_UNS_OP_19_18_1
****************************************

No implementations to report

No resource sharing information to report.
 
****************************************
Design : DW01_cmp2_width19
****************************************

No implementations to report

No resource sharing information to report.
 
****************************************
Design : *SUB_UNS_OP_18_18_18
****************************************

No implementations to report

No resource sharing information to report.
 
****************************************
Design : DW01_sub_width18
****************************************

No implementations to report

No resource sharing information to report.
 
****************************************
Design : *GEQ_UNS_OP_19_18_1
****************************************

No implementations to report

No resource sharing information to report.
 
****************************************
Design : DW01_cmp2_width19
****************************************

No implementations to report

No resource sharing information to report.
 
****************************************
Design : *SUB_UNS_OP_18_18_18
****************************************

No implementations to report

No resource sharing information to report.
 
****************************************
Design : DW01_sub_width18
****************************************

No implementations to report

No resource sharing information to report.
 
****************************************
Design : *GEQ_UNS_OP_19_18_1
****************************************

No implementations to report

No resource sharing information to report.
 
****************************************
Design : DW01_cmp2_width19
****************************************

No implementations to report

No resource sharing information to report.
 
****************************************
Design : *SUB_UNS_OP_18_18_18
****************************************

No implementations to report

No resource sharing information to report.
 
****************************************
Design : DW01_sub_width18
****************************************

No implementations to report

No resource sharing information to report.
 
****************************************
Design : *GEQ_UNS_OP_19_18_1
****************************************

No implementations to report

No resource sharing information to report.
 
****************************************
Design : DW01_cmp2_width19
****************************************

No implementations to report

No resource sharing information to report.
 
****************************************
Design : *SUB_UNS_OP_18_18_18
****************************************

No implementations to report

No resource sharing information to report.
 
****************************************
Design : DW01_sub_width18
****************************************

No implementations to report

No resource sharing information to report.
 
****************************************
Design : *GEQ_UNS_OP_19_18_1
****************************************

No implementations to report

No resource sharing information to report.
 
****************************************
Design : DW01_cmp2_width19
****************************************

No implementations to report

No resource sharing information to report.
 
****************************************
Design : *SUB_UNS_OP_1_18_18
****************************************

No implementations to report

No resource sharing information to report.
 
****************************************
Design : DW01_sub_width18
****************************************

No implementations to report

No resource sharing information to report.
 
****************************************
Design : *GEQ_UNS_OP_19_18_1
****************************************

No implementations to report

No resource sharing information to report.
 
****************************************
Design : DW01_cmp2_width19
****************************************

No implementations to report

Resource sharing reports are created during the compile command,
so the design must be compiled before resource sharing can be reported.
 
****************************************
Design : div_mydesign_7
****************************************

No implementations to report

No resource sharing information to report.
 
****************************************
Design : *SUB_UNS_OP_18_18_18
****************************************

No implementations to report

No resource sharing information to report.
 
****************************************
Design : DW01_sub_width18
****************************************

No implementations to report

No resource sharing information to report.
 
****************************************
Design : *GEQ_UNS_OP_19_18_1
****************************************

No implementations to report

No resource sharing information to report.
 
****************************************
Design : DW01_cmp2_width19
****************************************

No implementations to report

No resource sharing information to report.
 
****************************************
Design : *SUB_UNS_OP_18_18_18
****************************************

No implementations to report

No resource sharing information to report.
 
****************************************
Design : DW01_sub_width18
****************************************

No implementations to report

No resource sharing information to report.
 
****************************************
Design : *GEQ_UNS_OP_19_18_1
****************************************

No implementations to report

No resource sharing information to report.
 
****************************************
Design : DW01_cmp2_width19
****************************************

No implementations to report

No resource sharing information to report.
 
****************************************
Design : *SUB_UNS_OP_18_18_18
****************************************

No implementations to report

No resource sharing information to report.
 
****************************************
Design : DW01_sub_width18
****************************************

No implementations to report

No resource sharing information to report.
 
****************************************
Design : *GEQ_UNS_OP_19_18_1
****************************************

No implementations to report

No resource sharing information to report.
 
****************************************
Design : DW01_cmp2_width19
****************************************

No implementations to report

No resource sharing information to report.
 
****************************************
Design : *SUB_UNS_OP_18_18_18
****************************************

No implementations to report

No resource sharing information to report.
 
****************************************
Design : DW01_sub_width18
****************************************

No implementations to report

No resource sharing information to report.
 
****************************************
Design : *GEQ_UNS_OP_19_18_1
****************************************

No implementations to report

No resource sharing information to report.
 
****************************************
Design : DW01_cmp2_width19
****************************************

No implementations to report

No resource sharing information to report.
 
****************************************
Design : *SUB_UNS_OP_18_18_18
****************************************

No implementations to report

No resource sharing information to report.
 
****************************************
Design : DW01_sub_width18
****************************************

No implementations to report

No resource sharing information to report.
 
****************************************
Design : *GEQ_UNS_OP_19_18_1
****************************************

No implementations to report

No resource sharing information to report.
 
****************************************
Design : DW01_cmp2_width19
****************************************

No implementations to report

No resource sharing information to report.
 
****************************************
Design : *SUB_UNS_OP_18_18_18
****************************************

No implementations to report

No resource sharing information to report.
 
****************************************
Design : DW01_sub_width18
****************************************

No implementations to report

No resource sharing information to report.
 
****************************************
Design : *GEQ_UNS_OP_19_18_1
****************************************

No implementations to report

No resource sharing information to report.
 
****************************************
Design : DW01_cmp2_width19
****************************************

No implementations to report

No resource sharing information to report.
 
****************************************
Design : *SUB_UNS_OP_18_18_18
****************************************

No implementations to report

No resource sharing information to report.
 
****************************************
Design : DW01_sub_width18
****************************************

No implementations to report

No resource sharing information to report.
 
****************************************
Design : *GEQ_UNS_OP_19_18_1
****************************************

No implementations to report

No resource sharing information to report.
 
****************************************
Design : DW01_cmp2_width19
****************************************

No implementations to report

No resource sharing information to report.
 
****************************************
Design : *SUB_UNS_OP_18_18_18
****************************************

No implementations to report

No resource sharing information to report.
 
****************************************
Design : DW01_sub_width18
****************************************

No implementations to report

No resource sharing information to report.
 
****************************************
Design : *GEQ_UNS_OP_19_18_1
****************************************

No implementations to report

No resource sharing information to report.
 
****************************************
Design : DW01_cmp2_width19
****************************************

No implementations to report

No resource sharing information to report.
 
****************************************
Design : *SUB_UNS_OP_18_18_18
****************************************

No implementations to report

No resource sharing information to report.
 
****************************************
Design : DW01_sub_width18
****************************************

No implementations to report

No resource sharing information to report.
 
****************************************
Design : *GEQ_UNS_OP_19_18_1
****************************************

No implementations to report

No resource sharing information to report.
 
****************************************
Design : DW01_cmp2_width19
****************************************

No implementations to report

No resource sharing information to report.
 
****************************************
Design : *SUB_UNS_OP_18_18_18
****************************************

No implementations to report

No resource sharing information to report.
 
****************************************
Design : DW01_sub_width18
****************************************

No implementations to report

No resource sharing information to report.
 
****************************************
Design : *GEQ_UNS_OP_19_18_1
****************************************

No implementations to report

No resource sharing information to report.
 
****************************************
Design : DW01_cmp2_width19
****************************************

No implementations to report

No resource sharing information to report.
 
****************************************
Design : *SUB_UNS_OP_18_18_18
****************************************

No implementations to report

No resource sharing information to report.
 
****************************************
Design : DW01_sub_width18
****************************************

No implementations to report

No resource sharing information to report.
 
****************************************
Design : *GEQ_UNS_OP_19_18_1
****************************************

No implementations to report

No resource sharing information to report.
 
****************************************
Design : DW01_cmp2_width19
****************************************

No implementations to report

No resource sharing information to report.
 
****************************************
Design : *SUB_UNS_OP_18_18_18
****************************************

No implementations to report

No resource sharing information to report.
 
****************************************
Design : DW01_sub_width18
****************************************

No implementations to report

No resource sharing information to report.
 
****************************************
Design : *GEQ_UNS_OP_19_18_1
****************************************

No implementations to report

No resource sharing information to report.
 
****************************************
Design : DW01_cmp2_width19
****************************************

No implementations to report

No resource sharing information to report.
 
****************************************
Design : *SUB_UNS_OP_18_18_18
****************************************

No implementations to report

No resource sharing information to report.
 
****************************************
Design : DW01_sub_width18
****************************************

No implementations to report

No resource sharing information to report.
 
****************************************
Design : *GEQ_UNS_OP_19_18_1
****************************************

No implementations to report

No resource sharing information to report.
 
****************************************
Design : DW01_cmp2_width19
****************************************

No implementations to report

No resource sharing information to report.
 
****************************************
Design : *SUB_UNS_OP_18_18_18
****************************************

No implementations to report

No resource sharing information to report.
 
****************************************
Design : DW01_sub_width18
****************************************

No implementations to report

No resource sharing information to report.
 
****************************************
Design : *GEQ_UNS_OP_19_18_1
****************************************

No implementations to report

No resource sharing information to report.
 
****************************************
Design : DW01_cmp2_width19
****************************************

No implementations to report

No resource sharing information to report.
 
****************************************
Design : *SUB_UNS_OP_18_18_18
****************************************

No implementations to report

No resource sharing information to report.
 
****************************************
Design : DW01_sub_width18
****************************************

No implementations to report

No resource sharing information to report.
 
****************************************
Design : *GEQ_UNS_OP_19_18_1
****************************************

No implementations to report

No resource sharing information to report.
 
****************************************
Design : DW01_cmp2_width19
****************************************

No implementations to report

No resource sharing information to report.
 
****************************************
Design : *SUB_UNS_OP_18_18_18
****************************************

No implementations to report

No resource sharing information to report.
 
****************************************
Design : DW01_sub_width18
****************************************

No implementations to report

No resource sharing information to report.
 
****************************************
Design : *GEQ_UNS_OP_19_18_1
****************************************

No implementations to report

No resource sharing information to report.
 
****************************************
Design : DW01_cmp2_width19
****************************************

No implementations to report

No resource sharing information to report.
 
****************************************
Design : *SUB_UNS_OP_18_18_18
****************************************

No implementations to report

No resource sharing information to report.
 
****************************************
Design : DW01_sub_width18
****************************************

No implementations to report

No resource sharing information to report.
 
****************************************
Design : *GEQ_UNS_OP_19_18_1
****************************************

No implementations to report

No resource sharing information to report.
 
****************************************
Design : DW01_cmp2_width19
****************************************

No implementations to report

No resource sharing information to report.
 
****************************************
Design : *SUB_UNS_OP_18_18_18
****************************************

No implementations to report

No resource sharing information to report.
 
****************************************
Design : DW01_sub_width18
****************************************

No implementations to report

No resource sharing information to report.
 
****************************************
Design : *GEQ_UNS_OP_19_18_1
****************************************

No implementations to report

No resource sharing information to report.
 
****************************************
Design : DW01_cmp2_width19
****************************************

No implementations to report

No resource sharing information to report.
 
****************************************
Design : *SUB_UNS_OP_18_18_18
****************************************

No implementations to report

No resource sharing information to report.
 
****************************************
Design : DW01_sub_width18
****************************************

No implementations to report

No resource sharing information to report.
 
****************************************
Design : *GEQ_UNS_OP_19_18_1
****************************************

No implementations to report

No resource sharing information to report.
 
****************************************
Design : DW01_cmp2_width19
****************************************

No implementations to report

No resource sharing information to report.
 
****************************************
Design : *SUB_UNS_OP_18_18_18
****************************************

No implementations to report

No resource sharing information to report.
 
****************************************
Design : DW01_sub_width18
****************************************

No implementations to report

No resource sharing information to report.
 
****************************************
Design : *GEQ_UNS_OP_19_18_1
****************************************

No implementations to report

No resource sharing information to report.
 
****************************************
Design : DW01_cmp2_width19
****************************************

No implementations to report

No resource sharing information to report.
 
****************************************
Design : *SUB_UNS_OP_18_18_18
****************************************

No implementations to report

No resource sharing information to report.
 
****************************************
Design : DW01_sub_width18
****************************************

No implementations to report

No resource sharing information to report.
 
****************************************
Design : *GEQ_UNS_OP_19_18_1
****************************************

No implementations to report

No resource sharing information to report.
 
****************************************
Design : DW01_cmp2_width19
****************************************

No implementations to report

No resource sharing information to report.
 
****************************************
Design : *SUB_UNS_OP_18_18_18
****************************************

No implementations to report

No resource sharing information to report.
 
****************************************
Design : DW01_sub_width18
****************************************

No implementations to report

No resource sharing information to report.
 
****************************************
Design : *GEQ_UNS_OP_19_18_1
****************************************

No implementations to report

No resource sharing information to report.
 
****************************************
Design : DW01_cmp2_width19
****************************************

No implementations to report

No resource sharing information to report.
 
****************************************
Design : *SUB_UNS_OP_18_18_18
****************************************

No implementations to report

No resource sharing information to report.
 
****************************************
Design : DW01_sub_width18
****************************************

No implementations to report

No resource sharing information to report.
 
****************************************
Design : *GEQ_UNS_OP_19_18_1
****************************************

No implementations to report

No resource sharing information to report.
 
****************************************
Design : DW01_cmp2_width19
****************************************

No implementations to report

No resource sharing information to report.
 
****************************************
Design : *SUB_UNS_OP_1_18_18
****************************************

No implementations to report

No resource sharing information to report.
 
****************************************
Design : DW01_sub_width18
****************************************

No implementations to report

No resource sharing information to report.
 
****************************************
Design : *GEQ_UNS_OP_19_18_1
****************************************

No implementations to report

No resource sharing information to report.
 
****************************************
Design : DW01_cmp2_width19
****************************************

No implementations to report
1
