                          CONFORMAL (R)
                   Version 20.10-p100 (01-May-2020) (64 bit executable)
   Copyright (c) Cadence Design Systems, Inc., 1997-2019. All Rights Reserved


This program is proprietary and confidential information belonging to
Cadence Design Systems, Inc., and may be used and disclosed only as authorized
in a license agreement controlling such use and disclosure.

// Warning: This version is 1230 days old. You can download the latest version from http://downloads.cadence.com.

// Command: set parallel option -threads 1
// Number of threads is set to 1,1.
// Command: setenv TOP_DESIGN top_pipe
Set variable 'TOP_DESIGN' as 'top_pipe'
// Command: setenv RESRC_FILE ../../syn/report/report_resources_top_pipe.out
Set variable 'RESRC_FILE' as '../../syn/report/report_resources_top_pipe.out'
// Command: read design -file golden.f -golden -verilog2k
// Note: Process verilog command file golden.f
// Parsing file ../../hdl/CPU_define.v ...
// Parsing file ../../hdl/top.v ...
// Parsing file ../../hdl/top_pipe.v ...
// Parsing file ../../hdl/IF_stage.v ...
// Parsing file ../../hdl/IF_ID.v ...
// Parsing file ../../hdl/ID_stage.v ...
// Parsing file ../../hdl/controller.v ...
// Parsing file ../../hdl/regfile.v ...
// Parsing file ../../hdl/ID_EXE.v ...
// Parsing file ../../hdl/EXE_stage.v ...
// Parsing file ../../hdl/alu.v ...
// Parsing file ../../hdl/PC.v ...
// Parsing file ../../hdl/dsram.v ...
// Golden root module is set to 'top_pipe'
// Warning: (RTL1.5b) Potential loss of RHS msb or carry-out bit (occurrence:6)
// Warning: (RTL7.11b) Unsigned reference with index/part selection to a signed variable (occurrence:7)
// Warning: (RTL14) Signal has input but it has no output (occurrence:326)
// Warning: (RTL14.1) Fanout load of the signal is removed (occurrence:16)
// Note: (VLG9.2) The `define macro is used (occurrence:16)
// Warning: (DIR3.1) synthesis/translate/compile on/off directive is detected (occurrence:2)
// Warning: (DIR4.2) Design includes one or more HDL directives or pragmas that Conformal supports (occurrence:2)
// Warning: (HRC3.10a) An input port is declared, but it is not completely used in the module (occurrence:32)
// Warning: (HRC3.16) A wire is declared, but not used in the module (occurrence:21)
// Note: Read VERILOG design successfully
CPU time     : 0.48    seconds
Elapse time  : 1       seconds
Memory usage : 258.07  M bytes
// Command: read design -file revised.f -revised
// Note: Process verilog command file revised.f
// Parsing file ../../syn/netlist/top_pipe_syn.v ...
// Parsing file /usr/cadtool/GPDK45/gsclib045_svt_v4.4/gsclib045/verilog/slow_vdd1v2_basicCells.v ...
// Revised root module is set to 'top_pipe'
// Warning: (RTL14) Signal has input but it has no output (occurrence:11)
// Note: (HRC3.5b) Open output port connection is detected (occurrence:3384)
// Note: Read VERILOG design successfully
CPU time     : 1.87    seconds
Elapse time  : 3       seconds
Memory usage : 310.90  M bytes
// Command: report design data
============================================
Summary           Golden         Revised
============================================
Design-modules        16            2201
Library-cells       1697           39161
============================================
Primitives      Golden              Revised
============================================
INPUT               44                   44
OUTPUT              33                   33
--------------------------------------------
AND        *      2928                25992
BUF        *        11                 1818
DFF              17767                17767
DLAT       *         0                 2188
INV        *       151                20773
MUX        *     53286                    0
NAND       *         1                    0
NOR        *       321                    0
OR         *       291                11904
WIRE       *       190                    0
XNOR       *        30                    0
XOR        *       266                   79
------ word-level --------------------------
ADD        *         4                    0
EQ         *         1                    0
LT         *         1                    0
SLL        *         1                    0
SRA        *         1                    0
SUBTRACT   *         1                    0
WAND       *         1                    0
WINV       *         1                    0
WMUX       *      1673                    0
WOR        *         1                    0
WSEL       *        14                    0
WXOR       *         1                    0
--------------------------------------------
Total            75242                80521

// Command: report black box -detail
// Command: add renaming rule rule1 "%w_mydesign_%d$" "@1" -module -revised
// Command: uniquify -nolib -all -use_renaming_rule
Uniquified 2 instance(s) referring to module 'dsram' in Golden
Uniquified 1 module(s)
CPU time     : 2.04    seconds
Elapse time  : 3       seconds
Memory usage : 336.42  M bytes
// Command: set flatten model -gated_clock
// Command: set flatten model -seq_constant
// Command: set root module $TOP_DESIGN -golden
// Warning: Golden root module is already at 'top_pipe'
// Command: set root module $TOP_DESIGN -revised
// Warning: Revised root module is already at 'top_pipe'
// Command: dofile lec_hier_compare.do
// Command: write hier_compare dofile hier.do \
//              -prepend_string "analyze setup -verbose; \
//              analyze datapath -module -resourcefile $RESRC_FILE -effort medium -verbose; \
//              analyze datapath -flowgraph -verbose;" \
//              -append_string "analyze abort -compare" -replace
// Warning: Pairing module dsram_mydesign_1 in Golden and module dsram_mydesign_1 (renamed as dsram) in Revised
// Warning: Pairing module dsram_mydesign_0 in Golden and module dsram_mydesign_0 (renamed as dsram) in Revised
// Warning: Module 'SNPS_CLOCK_GATE_HIGH_PC_mydesign_1' exists in Revised only. Skip it for hierarchical comparison
// Warning: Module 'SNPS_CLOCK_GATE_HIGH_PC_mydesign_0' exists in Revised only. Skip it for hierarchical comparison
// Warning: Module 'SNPS_CLOCK_GATE_HIGH_dsram_mydesign_0_mydesign_1' exists in Revised only. Skip it for hierarchical comparison
// Warning: Module 'SNPS_CLOCK_GATE_HIGH_dsram_mydesign_0_mydesign_2' exists in Revised only. Skip it for hierarchical comparison
// Warning: Module 'SNPS_CLOCK_GATE_HIGH_dsram_mydesign_0_mydesign_3' exists in Revised only. Skip it for hierarchical comparison
// Warning: Module 'SNPS_CLOCK_GATE_HIGH_dsram_mydesign_0_mydesign_4' exists in Revised only. Skip it for hierarchical comparison
// Warning: Module 'SNPS_CLOCK_GATE_HIGH_dsram_mydesign_0_mydesign_5' exists in Revised only. Skip it for hierarchical comparison
// Warning: Module 'SNPS_CLOCK_GATE_HIGH_dsram_mydesign_0_mydesign_6' exists in Revised only. Skip it for hierarchical comparison
// Warning: Module 'SNPS_CLOCK_GATE_HIGH_dsram_mydesign_0_mydesign_7' exists in Revised only. Skip it for hierarchical comparison
// Warning: Module 'SNPS_CLOCK_GATE_HIGH_dsram_mydesign_0_mydesign_8' exists in Revised only. Skip it for hierarchical comparison
// Warning: Module 'SNPS_CLOCK_GATE_HIGH_dsram_mydesign_0_mydesign_9' exists in Revised only. Skip it for hierarchical comparison
// Warning: Module 'SNPS_CLOCK_GATE_HIGH_dsram_mydesign_0_mydesign_10' exists in Revised only. Skip it for hierarchical comparison
// Warning: Module 'SNPS_CLOCK_GATE_HIGH_dsram_mydesign_0_mydesign_11' exists in Revised only. Skip it for hierarchical comparison
// Warning: Module 'SNPS_CLOCK_GATE_HIGH_dsram_mydesign_0_mydesign_12' exists in Revised only. Skip it for hierarchical comparison
// Warning: Module 'SNPS_CLOCK_GATE_HIGH_dsram_mydesign_0_mydesign_13' exists in Revised only. Skip it for hierarchical comparison
// Warning: Module 'SNPS_CLOCK_GATE_HIGH_dsram_mydesign_0_mydesign_14' exists in Revised only. Skip it for hierarchical comparison
// Warning: Module 'SNPS_CLOCK_GATE_HIGH_dsram_mydesign_0_mydesign_15' exists in Revised only. Skip it for hierarchical comparison
// Warning: Module 'SNPS_CLOCK_GATE_HIGH_dsram_mydesign_0_mydesign_16' exists in Revised only. Skip it for hierarchical comparison
// Warning: Module 'SNPS_CLOCK_GATE_HIGH_dsram_mydesign_0_mydesign_17' exists in Revised only. Skip it for hierarchical comparison
// Warning: Module 'SNPS_CLOCK_GATE_HIGH_dsram_mydesign_0_mydesign_18' exists in Revised only. Skip it for hierarchical comparison
// Warning: Module 'SNPS_CLOCK_GATE_HIGH_dsram_mydesign_0_mydesign_19' exists in Revised only. Skip it for hierarchical comparison
// Warning: Module 'SNPS_CLOCK_GATE_HIGH_dsram_mydesign_0_mydesign_20' exists in Revised only. Skip it for hierarchical comparison
// Warning: Module 'SNPS_CLOCK_GATE_HIGH_dsram_mydesign_0_mydesign_21' exists in Revised only. Skip it for hierarchical comparison
// Warning: Module 'SNPS_CLOCK_GATE_HIGH_dsram_mydesign_0_mydesign_22' exists in Revised only. Skip it for hierarchical comparison
// Warning: Module 'SNPS_CLOCK_GATE_HIGH_dsram_mydesign_0_mydesign_23' exists in Revised only. Skip it for hierarchical comparison
// Warning: Module 'SNPS_CLOCK_GATE_HIGH_dsram_mydesign_0_mydesign_24' exists in Revised only. Skip it for hierarchical comparison
// Warning: Module 'SNPS_CLOCK_GATE_HIGH_dsram_mydesign_0_mydesign_25' exists in Revised only. Skip it for hierarchical comparison
// Warning: Module 'SNPS_CLOCK_GATE_HIGH_dsram_mydesign_0_mydesign_26' exists in Revised only. Skip it for hierarchical comparison
// Warning: Module 'SNPS_CLOCK_GATE_HIGH_dsram_mydesign_0_mydesign_27' exists in Revised only. Skip it for hierarchical comparison
// Warning: Module 'SNPS_CLOCK_GATE_HIGH_dsram_mydesign_0_mydesign_28' exists in Revised only. Skip it for hierarchical comparison
// Warning: Module 'SNPS_CLOCK_GATE_HIGH_dsram_mydesign_0_mydesign_29' exists in Revised only. Skip it for hierarchical comparison
// Warning: Module 'SNPS_CLOCK_GATE_HIGH_dsram_mydesign_0_mydesign_30' exists in Revised only. Skip it for hierarchical comparison
// Warning: Module 'SNPS_CLOCK_GATE_HIGH_dsram_mydesign_0_mydesign_31' exists in Revised only. Skip it for hierarchical comparison
// Warning: Module 'SNPS_CLOCK_GATE_HIGH_dsram_mydesign_0_mydesign_32' exists in Revised only. Skip it for hierarchical comparison
// Warning: Module 'SNPS_CLOCK_GATE_HIGH_dsram_mydesign_0_mydesign_33' exists in Revised only. Skip it for hierarchical comparison
// Warning: Module 'SNPS_CLOCK_GATE_HIGH_dsram_mydesign_0_mydesign_34' exists in Revised only. Skip it for hierarchical comparison
// Warning: Module 'SNPS_CLOCK_GATE_HIGH_dsram_mydesign_0_mydesign_35' exists in Revised only. Skip it for hierarchical comparison
// Warning: Module 'SNPS_CLOCK_GATE_HIGH_dsram_mydesign_0_mydesign_36' exists in Revised only. Skip it for hierarchical comparison
// Warning: Module 'SNPS_CLOCK_GATE_HIGH_dsram_mydesign_0_mydesign_37' exists in Revised only. Skip it for hierarchical comparison
// Warning: Module 'SNPS_CLOCK_GATE_HIGH_dsram_mydesign_0_mydesign_38' exists in Revised only. Skip it for hierarchical comparison
// Warning: Module 'SNPS_CLOCK_GATE_HIGH_dsram_mydesign_0_mydesign_39' exists in Revised only. Skip it for hierarchical comparison
// Warning: Module 'SNPS_CLOCK_GATE_HIGH_dsram_mydesign_0_mydesign_40' exists in Revised only. Skip it for hierarchical comparison
// Warning: Module 'SNPS_CLOCK_GATE_HIGH_dsram_mydesign_0_mydesign_41' exists in Revised only. Skip it for hierarchical comparison
// Warning: Module 'SNPS_CLOCK_GATE_HIGH_dsram_mydesign_0_mydesign_42' exists in Revised only. Skip it for hierarchical comparison
// Warning: Module 'SNPS_CLOCK_GATE_HIGH_dsram_mydesign_0_mydesign_43' exists in Revised only. Skip it for hierarchical comparison
// Warning: Module 'SNPS_CLOCK_GATE_HIGH_dsram_mydesign_0_mydesign_44' exists in Revised only. Skip it for hierarchical comparison
// Warning: Module 'SNPS_CLOCK_GATE_HIGH_dsram_mydesign_0_mydesign_45' exists in Revised only. Skip it for hierarchical comparison
// Warning: Module 'SNPS_CLOCK_GATE_HIGH_dsram_mydesign_0_mydesign_46' exists in Revised only. Skip it for hierarchical comparison
// Warning: Module 'SNPS_CLOCK_GATE_HIGH_dsram_mydesign_0_mydesign_47' exists in Revised only. Skip it for hierarchical comparison
// Warning: Module 'SNPS_CLOCK_GATE_HIGH_dsram_mydesign_0_mydesign_48' exists in Revised only. Skip it for hierarchical comparison
// Warning: Module 'SNPS_CLOCK_GATE_HIGH_dsram_mydesign_0_mydesign_49' exists in Revised only. Skip it for hierarchical comparison
// Warning: Module 'SNPS_CLOCK_GATE_HIGH_dsram_mydesign_0_mydesign_50' exists in Revised only. Skip it for hierarchical comparison
// Warning: Module 'SNPS_CLOCK_GATE_HIGH_dsram_mydesign_0_mydesign_51' exists in Revised only. Skip it for hierarchical comparison
// Warning: Module 'SNPS_CLOCK_GATE_HIGH_dsram_mydesign_0_mydesign_52' exists in Revised only. Skip it for hierarchical comparison
// Warning: Module 'SNPS_CLOCK_GATE_HIGH_dsram_mydesign_0_mydesign_53' exists in Revised only. Skip it for hierarchical comparison
// Warning: Module 'SNPS_CLOCK_GATE_HIGH_dsram_mydesign_0_mydesign_54' exists in Revised only. Skip it for hierarchical comparison
// Warning: Module 'SNPS_CLOCK_GATE_HIGH_dsram_mydesign_0_mydesign_55' exists in Revised only. Skip it for hierarchical comparison
// Warning: Module 'SNPS_CLOCK_GATE_HIGH_dsram_mydesign_0_mydesign_56' exists in Revised only. Skip it for hierarchical comparison
// Warning: Module 'SNPS_CLOCK_GATE_HIGH_dsram_mydesign_0_mydesign_57' exists in Revised only. Skip it for hierarchical comparison
// Warning: Module 'SNPS_CLOCK_GATE_HIGH_dsram_mydesign_0_mydesign_58' exists in Revised only. Skip it for hierarchical comparison
// Warning: Module 'SNPS_CLOCK_GATE_HIGH_dsram_mydesign_0_mydesign_59' exists in Revised only. Skip it for hierarchical comparison
// Warning: Module 'SNPS_CLOCK_GATE_HIGH_dsram_mydesign_0_mydesign_60' exists in Revised only. Skip it for hierarchical comparison
// Warning: Module 'SNPS_CLOCK_GATE_HIGH_dsram_mydesign_0_mydesign_61' exists in Revised only. Skip it for hierarchical comparison
// Warning: Module 'SNPS_CLOCK_GATE_HIGH_dsram_mydesign_0_mydesign_62' exists in Revised only. Skip it for hierarchical comparison
// Warning: Module 'SNPS_CLOCK_GATE_HIGH_dsram_mydesign_0_mydesign_63' exists in Revised only. Skip it for hierarchical comparison
// Warning: Module 'SNPS_CLOCK_GATE_HIGH_dsram_mydesign_0_mydesign_64' exists in Revised only. Skip it for hierarchical comparison
// Warning: Module 'SNPS_CLOCK_GATE_HIGH_dsram_mydesign_0_mydesign_65' exists in Revised only. Skip it for hierarchical comparison
// Warning: Module 'SNPS_CLOCK_GATE_HIGH_dsram_mydesign_0_mydesign_66' exists in Revised only. Skip it for hierarchical comparison
// Warning: Module 'SNPS_CLOCK_GATE_HIGH_dsram_mydesign_0_mydesign_67' exists in Revised only. Skip it for hierarchical comparison
// Warning: Module 'SNPS_CLOCK_GATE_HIGH_dsram_mydesign_0_mydesign_68' exists in Revised only. Skip it for hierarchical comparison
// Warning: Module 'SNPS_CLOCK_GATE_HIGH_dsram_mydesign_0_mydesign_69' exists in Revised only. Skip it for hierarchical comparison
// Warning: Module 'SNPS_CLOCK_GATE_HIGH_dsram_mydesign_0_mydesign_70' exists in Revised only. Skip it for hierarchical comparison
// Warning: Module 'SNPS_CLOCK_GATE_HIGH_dsram_mydesign_0_mydesign_71' exists in Revised only. Skip it for hierarchical comparison
// Warning: Module 'SNPS_CLOCK_GATE_HIGH_dsram_mydesign_0_mydesign_72' exists in Revised only. Skip it for hierarchical comparison
// Warning: Module 'SNPS_CLOCK_GATE_HIGH_dsram_mydesign_0_mydesign_73' exists in Revised only. Skip it for hierarchical comparison
// Warning: Module 'SNPS_CLOCK_GATE_HIGH_dsram_mydesign_0_mydesign_74' exists in Revised only. Skip it for hierarchical comparison
// Warning: Module 'SNPS_CLOCK_GATE_HIGH_dsram_mydesign_0_mydesign_75' exists in Revised only. Skip it for hierarchical comparison
// Warning: Module 'SNPS_CLOCK_GATE_HIGH_dsram_mydesign_0_mydesign_76' exists in Revised only. Skip it for hierarchical comparison
// Warning: Module 'SNPS_CLOCK_GATE_HIGH_dsram_mydesign_0_mydesign_77' exists in Revised only. Skip it for hierarchical comparison
// Warning: Module 'SNPS_CLOCK_GATE_HIGH_dsram_mydesign_0_mydesign_78' exists in Revised only. Skip it for hierarchical comparison
// Warning: Module 'SNPS_CLOCK_GATE_HIGH_dsram_mydesign_0_mydesign_79' exists in Revised only. Skip it for hierarchical comparison
// Warning: Module 'SNPS_CLOCK_GATE_HIGH_dsram_mydesign_0_mydesign_80' exists in Revised only. Skip it for hierarchical comparison
// Warning: Module 'SNPS_CLOCK_GATE_HIGH_dsram_mydesign_0_mydesign_81' exists in Revised only. Skip it for hierarchical comparison
// Warning: Module 'SNPS_CLOCK_GATE_HIGH_dsram_mydesign_0_mydesign_82' exists in Revised only. Skip it for hierarchical comparison
// Warning: Module 'SNPS_CLOCK_GATE_HIGH_dsram_mydesign_0_mydesign_83' exists in Revised only. Skip it for hierarchical comparison
// Warning: Module 'SNPS_CLOCK_GATE_HIGH_dsram_mydesign_0_mydesign_84' exists in Revised only. Skip it for hierarchical comparison
// Warning: Module 'SNPS_CLOCK_GATE_HIGH_dsram_mydesign_0_mydesign_85' exists in Revised only. Skip it for hierarchical comparison
// Warning: Module 'SNPS_CLOCK_GATE_HIGH_dsram_mydesign_0_mydesign_86' exists in Revised only. Skip it for hierarchical comparison
// Warning: Module 'SNPS_CLOCK_GATE_HIGH_dsram_mydesign_0_mydesign_87' exists in Revised only. Skip it for hierarchical comparison
// Warning: Module 'SNPS_CLOCK_GATE_HIGH_dsram_mydesign_0_mydesign_88' exists in Revised only. Skip it for hierarchical comparison
// Warning: Module 'SNPS_CLOCK_GATE_HIGH_dsram_mydesign_0_mydesign_89' exists in Revised only. Skip it for hierarchical comparison
// Warning: Module 'SNPS_CLOCK_GATE_HIGH_dsram_mydesign_0_mydesign_90' exists in Revised only. Skip it for hierarchical comparison
// Warning: Module 'SNPS_CLOCK_GATE_HIGH_dsram_mydesign_0_mydesign_91' exists in Revised only. Skip it for hierarchical comparison
// Warning: Module 'SNPS_CLOCK_GATE_HIGH_dsram_mydesign_0_mydesign_92' exists in Revised only. Skip it for hierarchical comparison
// Warning: Module 'SNPS_CLOCK_GATE_HIGH_dsram_mydesign_0_mydesign_93' exists in Revised only. Skip it for hierarchical comparison
// Warning: Module 'SNPS_CLOCK_GATE_HIGH_dsram_mydesign_0_mydesign_94' exists in Revised only. Skip it for hierarchical comparison
// Warning: Module 'SNPS_CLOCK_GATE_HIGH_dsram_mydesign_0_mydesign_95' exists in Revised only. Skip it for hierarchical comparison
// Warning: Module 'SNPS_CLOCK_GATE_HIGH_dsram_mydesign_0_mydesign_96' exists in Revised only. Skip it for hierarchical comparison
// Warning: Module 'SNPS_CLOCK_GATE_HIGH_dsram_mydesign_0_mydesign_97' exists in Revised only. Skip it for hierarchical comparison
// Warning: Module 'SNPS_CLOCK_GATE_HIGH_dsram_mydesign_0_mydesign_98' exists in Revised only. Skip it for hierarchical comparison
// Warning: Module 'SNPS_CLOCK_GATE_HIGH_dsram_mydesign_0_mydesign_99' exists in Revised only. Skip it for hierarchical comparison
// Warning: Module 'SNPS_CLOCK_GATE_HIGH_dsram_mydesign_0_mydesign_100' exists in Revised only. Skip it for hierarchical comparison
// Warning: Module 'SNPS_CLOCK_GATE_HIGH_dsram_mydesign_0_mydesign_101' exists in Revised only. Skip it for hierarchical comparison
// Warning: Module 'SNPS_CLOCK_GATE_HIGH_dsram_mydesign_0_mydesign_102' exists in Revised only. Skip it for hierarchical comparison
// Warning: Module 'SNPS_CLOCK_GATE_HIGH_dsram_mydesign_0_mydesign_103' exists in Revised only. Skip it for hierarchical comparison
// Warning: Module 'SNPS_CLOCK_GATE_HIGH_dsram_mydesign_0_mydesign_104' exists in Revised only. Skip it for hierarchical comparison
// Warning: Module 'SNPS_CLOCK_GATE_HIGH_dsram_mydesign_0_mydesign_105' exists in Revised only. Skip it for hierarchical comparison
// Warning: Module 'SNPS_CLOCK_GATE_HIGH_dsram_mydesign_0_mydesign_106' exists in Revised only. Skip it for hierarchical comparison
// Warning: Module 'SNPS_CLOCK_GATE_HIGH_dsram_mydesign_0_mydesign_107' exists in Revised only. Skip it for hierarchical comparison
// Warning: Module 'SNPS_CLOCK_GATE_HIGH_dsram_mydesign_0_mydesign_108' exists in Revised only. Skip it for hierarchical comparison
// Warning: Module 'SNPS_CLOCK_GATE_HIGH_dsram_mydesign_0_mydesign_109' exists in Revised only. Skip it for hierarchical comparison
// Warning: Module 'SNPS_CLOCK_GATE_HIGH_dsram_mydesign_0_mydesign_110' exists in Revised only. Skip it for hierarchical comparison
// Warning: Module 'SNPS_CLOCK_GATE_HIGH_dsram_mydesign_0_mydesign_111' exists in Revised only. Skip it for hierarchical comparison
// Warning: Module 'SNPS_CLOCK_GATE_HIGH_dsram_mydesign_0_mydesign_112' exists in Revised only. Skip it for hierarchical comparison
// Warning: Module 'SNPS_CLOCK_GATE_HIGH_dsram_mydesign_0_mydesign_113' exists in Revised only. Skip it for hierarchical comparison
// Warning: Module 'SNPS_CLOCK_GATE_HIGH_dsram_mydesign_0_mydesign_114' exists in Revised only. Skip it for hierarchical comparison
// Warning: Module 'SNPS_CLOCK_GATE_HIGH_dsram_mydesign_0_mydesign_115' exists in Revised only. Skip it for hierarchical comparison
// Warning: Module 'SNPS_CLOCK_GATE_HIGH_dsram_mydesign_0_mydesign_116' exists in Revised only. Skip it for hierarchical comparison
// Warning: Module 'SNPS_CLOCK_GATE_HIGH_dsram_mydesign_0_mydesign_117' exists in Revised only. Skip it for hierarchical comparison
// Warning: Module 'SNPS_CLOCK_GATE_HIGH_dsram_mydesign_0_mydesign_118' exists in Revised only. Skip it for hierarchical comparison
// Warning: Module 'SNPS_CLOCK_GATE_HIGH_dsram_mydesign_0_mydesign_119' exists in Revised only. Skip it for hierarchical comparison
// Warning: Module 'SNPS_CLOCK_GATE_HIGH_dsram_mydesign_0_mydesign_120' exists in Revised only. Skip it for hierarchical comparison
// Warning: Module 'SNPS_CLOCK_GATE_HIGH_dsram_mydesign_0_mydesign_121' exists in Revised only. Skip it for hierarchical comparison
// Warning: Module 'SNPS_CLOCK_GATE_HIGH_dsram_mydesign_0_mydesign_122' exists in Revised only. Skip it for hierarchical comparison
// Warning: Module 'SNPS_CLOCK_GATE_HIGH_dsram_mydesign_0_mydesign_123' exists in Revised only. Skip it for hierarchical comparison
// Warning: Module 'SNPS_CLOCK_GATE_HIGH_dsram_mydesign_0_mydesign_124' exists in Revised only. Skip it for hierarchical comparison
// Warning: Module 'SNPS_CLOCK_GATE_HIGH_dsram_mydesign_0_mydesign_125' exists in Revised only. Skip it for hierarchical comparison
// Warning: Module 'SNPS_CLOCK_GATE_HIGH_dsram_mydesign_0_mydesign_126' exists in Revised only. Skip it for hierarchical comparison
// Warning: Module 'SNPS_CLOCK_GATE_HIGH_dsram_mydesign_0_mydesign_127' exists in Revised only. Skip it for hierarchical comparison
// Warning: Module 'SNPS_CLOCK_GATE_HIGH_dsram_mydesign_0_mydesign_128' exists in Revised only. Skip it for hierarchical comparison
// Warning: Module 'SNPS_CLOCK_GATE_HIGH_dsram_mydesign_0_mydesign_129' exists in Revised only. Skip it for hierarchical comparison
// Warning: Module 'SNPS_CLOCK_GATE_HIGH_dsram_mydesign_0_mydesign_130' exists in Revised only. Skip it for hierarchical comparison
// Warning: Module 'SNPS_CLOCK_GATE_HIGH_dsram_mydesign_0_mydesign_131' exists in Revised only. Skip it for hierarchical comparison
// Warning: Module 'SNPS_CLOCK_GATE_HIGH_dsram_mydesign_0_mydesign_132' exists in Revised only. Skip it for hierarchical comparison
// Warning: Module 'SNPS_CLOCK_GATE_HIGH_dsram_mydesign_0_mydesign_133' exists in Revised only. Skip it for hierarchical comparison
// Warning: Module 'SNPS_CLOCK_GATE_HIGH_dsram_mydesign_0_mydesign_134' exists in Revised only. Skip it for hierarchical comparison
// Warning: Module 'SNPS_CLOCK_GATE_HIGH_dsram_mydesign_0_mydesign_135' exists in Revised only. Skip it for hierarchical comparison
// Warning: Module 'SNPS_CLOCK_GATE_HIGH_dsram_mydesign_0_mydesign_136' exists in Revised only. Skip it for hierarchical comparison
// Warning: Module 'SNPS_CLOCK_GATE_HIGH_dsram_mydesign_0_mydesign_137' exists in Revised only. Skip it for hierarchical comparison
// Warning: Module 'SNPS_CLOCK_GATE_HIGH_dsram_mydesign_0_mydesign_138' exists in Revised only. Skip it for hierarchical comparison
// Warning: Module 'SNPS_CLOCK_GATE_HIGH_dsram_mydesign_0_mydesign_139' exists in Revised only. Skip it for hierarchical comparison
// Warning: Module 'SNPS_CLOCK_GATE_HIGH_dsram_mydesign_0_mydesign_140' exists in Revised only. Skip it for hierarchical comparison
// Warning: Module 'SNPS_CLOCK_GATE_HIGH_dsram_mydesign_0_mydesign_141' exists in Revised only. Skip it for hierarchical comparison
// Warning: Module 'SNPS_CLOCK_GATE_HIGH_dsram_mydesign_0_mydesign_142' exists in Revised only. Skip it for hierarchical comparison
// Warning: Module 'SNPS_CLOCK_GATE_HIGH_dsram_mydesign_0_mydesign_143' exists in Revised only. Skip it for hierarchical comparison
// Warning: Module 'SNPS_CLOCK_GATE_HIGH_dsram_mydesign_0_mydesign_144' exists in Revised only. Skip it for hierarchical comparison
// Warning: Module 'SNPS_CLOCK_GATE_HIGH_dsram_mydesign_0_mydesign_145' exists in Revised only. Skip it for hierarchical comparison
// Warning: Module 'SNPS_CLOCK_GATE_HIGH_dsram_mydesign_0_mydesign_146' exists in Revised only. Skip it for hierarchical comparison
// Warning: Module 'SNPS_CLOCK_GATE_HIGH_dsram_mydesign_0_mydesign_147' exists in Revised only. Skip it for hierarchical comparison
// Warning: Module 'SNPS_CLOCK_GATE_HIGH_dsram_mydesign_0_mydesign_148' exists in Revised only. Skip it for hierarchical comparison
// Warning: Module 'SNPS_CLOCK_GATE_HIGH_dsram_mydesign_0_mydesign_149' exists in Revised only. Skip it for hierarchical comparison
// Warning: Module 'SNPS_CLOCK_GATE_HIGH_dsram_mydesign_0_mydesign_150' exists in Revised only. Skip it for hierarchical comparison
// Warning: Module 'SNPS_CLOCK_GATE_HIGH_dsram_mydesign_0_mydesign_151' exists in Revised only. Skip it for hierarchical comparison
// Warning: Module 'SNPS_CLOCK_GATE_HIGH_dsram_mydesign_0_mydesign_152' exists in Revised only. Skip it for hierarchical comparison
// Warning: Module 'SNPS_CLOCK_GATE_HIGH_dsram_mydesign_0_mydesign_153' exists in Revised only. Skip it for hierarchical comparison
// Warning: Module 'SNPS_CLOCK_GATE_HIGH_dsram_mydesign_0_mydesign_154' exists in Revised only. Skip it for hierarchical comparison
// Warning: Module 'SNPS_CLOCK_GATE_HIGH_dsram_mydesign_0_mydesign_155' exists in Revised only. Skip it for hierarchical comparison
// Warning: Module 'SNPS_CLOCK_GATE_HIGH_dsram_mydesign_0_mydesign_156' exists in Revised only. Skip it for hierarchical comparison
// Warning: Module 'SNPS_CLOCK_GATE_HIGH_dsram_mydesign_0_mydesign_157' exists in Revised only. Skip it for hierarchical comparison
// Warning: Module 'SNPS_CLOCK_GATE_HIGH_dsram_mydesign_0_mydesign_158' exists in Revised only. Skip it for hierarchical comparison
// Warning: Module 'SNPS_CLOCK_GATE_HIGH_dsram_mydesign_0_mydesign_159' exists in Revised only. Skip it for hierarchical comparison
// Warning: Module 'SNPS_CLOCK_GATE_HIGH_dsram_mydesign_0_mydesign_160' exists in Revised only. Skip it for hierarchical comparison
// Warning: Module 'SNPS_CLOCK_GATE_HIGH_dsram_mydesign_0_mydesign_161' exists in Revised only. Skip it for hierarchical comparison
// Warning: Module 'SNPS_CLOCK_GATE_HIGH_dsram_mydesign_0_mydesign_162' exists in Revised only. Skip it for hierarchical comparison
// Warning: Module 'SNPS_CLOCK_GATE_HIGH_dsram_mydesign_0_mydesign_163' exists in Revised only. Skip it for hierarchical comparison
// Warning: Module 'SNPS_CLOCK_GATE_HIGH_dsram_mydesign_0_mydesign_164' exists in Revised only. Skip it for hierarchical comparison
// Warning: Module 'SNPS_CLOCK_GATE_HIGH_dsram_mydesign_0_mydesign_165' exists in Revised only. Skip it for hierarchical comparison
// Warning: Module 'SNPS_CLOCK_GATE_HIGH_dsram_mydesign_0_mydesign_166' exists in Revised only. Skip it for hierarchical comparison
// Warning: Module 'SNPS_CLOCK_GATE_HIGH_dsram_mydesign_0_mydesign_167' exists in Revised only. Skip it for hierarchical comparison
// Warning: Module 'SNPS_CLOCK_GATE_HIGH_dsram_mydesign_0_mydesign_168' exists in Revised only. Skip it for hierarchical comparison
// Warning: Module 'SNPS_CLOCK_GATE_HIGH_dsram_mydesign_0_mydesign_169' exists in Revised only. Skip it for hierarchical comparison
// Warning: Module 'SNPS_CLOCK_GATE_HIGH_dsram_mydesign_0_mydesign_170' exists in Revised only. Skip it for hierarchical comparison
// Warning: Module 'SNPS_CLOCK_GATE_HIGH_dsram_mydesign_0_mydesign_171' exists in Revised only. Skip it for hierarchical comparison
// Warning: Module 'SNPS_CLOCK_GATE_HIGH_dsram_mydesign_0_mydesign_172' exists in Revised only. Skip it for hierarchical comparison
// Warning: Module 'SNPS_CLOCK_GATE_HIGH_dsram_mydesign_0_mydesign_173' exists in Revised only. Skip it for hierarchical comparison
// Warning: Module 'SNPS_CLOCK_GATE_HIGH_dsram_mydesign_0_mydesign_174' exists in Revised only. Skip it for hierarchical comparison
// Warning: Module 'SNPS_CLOCK_GATE_HIGH_dsram_mydesign_0_mydesign_175' exists in Revised only. Skip it for hierarchical comparison
// Warning: Module 'SNPS_CLOCK_GATE_HIGH_dsram_mydesign_0_mydesign_176' exists in Revised only. Skip it for hierarchical comparison
// Warning: Module 'SNPS_CLOCK_GATE_HIGH_dsram_mydesign_0_mydesign_177' exists in Revised only. Skip it for hierarchical comparison
// Warning: Module 'SNPS_CLOCK_GATE_HIGH_dsram_mydesign_0_mydesign_178' exists in Revised only. Skip it for hierarchical comparison
// Warning: Module 'SNPS_CLOCK_GATE_HIGH_dsram_mydesign_0_mydesign_179' exists in Revised only. Skip it for hierarchical comparison
// Warning: Module 'SNPS_CLOCK_GATE_HIGH_dsram_mydesign_0_mydesign_180' exists in Revised only. Skip it for hierarchical comparison
// Warning: Module 'SNPS_CLOCK_GATE_HIGH_dsram_mydesign_0_mydesign_181' exists in Revised only. Skip it for hierarchical comparison
// Warning: Module 'SNPS_CLOCK_GATE_HIGH_dsram_mydesign_0_mydesign_182' exists in Revised only. Skip it for hierarchical comparison
// Warning: Module 'SNPS_CLOCK_GATE_HIGH_dsram_mydesign_0_mydesign_183' exists in Revised only. Skip it for hierarchical comparison
// Warning: Module 'SNPS_CLOCK_GATE_HIGH_dsram_mydesign_0_mydesign_184' exists in Revised only. Skip it for hierarchical comparison
// Warning: Module 'SNPS_CLOCK_GATE_HIGH_dsram_mydesign_0_mydesign_185' exists in Revised only. Skip it for hierarchical comparison
// Warning: Module 'SNPS_CLOCK_GATE_HIGH_dsram_mydesign_0_mydesign_186' exists in Revised only. Skip it for hierarchical comparison
// Warning: Module 'SNPS_CLOCK_GATE_HIGH_dsram_mydesign_0_mydesign_187' exists in Revised only. Skip it for hierarchical comparison
// Warning: Module 'SNPS_CLOCK_GATE_HIGH_dsram_mydesign_0_mydesign_188' exists in Revised only. Skip it for hierarchical comparison
// Warning: Module 'SNPS_CLOCK_GATE_HIGH_dsram_mydesign_0_mydesign_189' exists in Revised only. Skip it for hierarchical comparison
// Warning: Module 'SNPS_CLOCK_GATE_HIGH_dsram_mydesign_0_mydesign_190' exists in Revised only. Skip it for hierarchical comparison
// Warning: Module 'SNPS_CLOCK_GATE_HIGH_dsram_mydesign_0_mydesign_191' exists in Revised only. Skip it for hierarchical comparison
// Warning: Module 'SNPS_CLOCK_GATE_HIGH_dsram_mydesign_0_mydesign_192' exists in Revised only. Skip it for hierarchical comparison
// Warning: Module 'SNPS_CLOCK_GATE_HIGH_dsram_mydesign_0_mydesign_193' exists in Revised only. Skip it for hierarchical comparison
// Warning: Module 'SNPS_CLOCK_GATE_HIGH_dsram_mydesign_0_mydesign_194' exists in Revised only. Skip it for hierarchical comparison
// Warning: Module 'SNPS_CLOCK_GATE_HIGH_dsram_mydesign_0_mydesign_195' exists in Revised only. Skip it for hierarchical comparison
// Warning: Module 'SNPS_CLOCK_GATE_HIGH_dsram_mydesign_0_mydesign_196' exists in Revised only. Skip it for hierarchical comparison
// Warning: Module 'SNPS_CLOCK_GATE_HIGH_dsram_mydesign_0_mydesign_197' exists in Revised only. Skip it for hierarchical comparison
// Warning: Module 'SNPS_CLOCK_GATE_HIGH_dsram_mydesign_0_mydesign_198' exists in Revised only. Skip it for hierarchical comparison
// Warning: Module 'SNPS_CLOCK_GATE_HIGH_dsram_mydesign_0_mydesign_199' exists in Revised only. Skip it for hierarchical comparison
// Warning: Module 'SNPS_CLOCK_GATE_HIGH_dsram_mydesign_0_mydesign_200' exists in Revised only. Skip it for hierarchical comparison
// Warning: Module 'SNPS_CLOCK_GATE_HIGH_dsram_mydesign_0_mydesign_201' exists in Revised only. Skip it for hierarchical comparison
// Warning: Module 'SNPS_CLOCK_GATE_HIGH_dsram_mydesign_0_mydesign_202' exists in Revised only. Skip it for hierarchical comparison
// Warning: Module 'SNPS_CLOCK_GATE_HIGH_dsram_mydesign_0_mydesign_203' exists in Revised only. Skip it for hierarchical comparison
// Warning: Module 'SNPS_CLOCK_GATE_HIGH_dsram_mydesign_0_mydesign_204' exists in Revised only. Skip it for hierarchical comparison
// Warning: Module 'SNPS_CLOCK_GATE_HIGH_dsram_mydesign_0_mydesign_205' exists in Revised only. Skip it for hierarchical comparison
// Warning: Module 'SNPS_CLOCK_GATE_HIGH_dsram_mydesign_0_mydesign_206' exists in Revised only. Skip it for hierarchical comparison
// Warning: Module 'SNPS_CLOCK_GATE_HIGH_dsram_mydesign_0_mydesign_207' exists in Revised only. Skip it for hierarchical comparison
// Warning: Module 'SNPS_CLOCK_GATE_HIGH_dsram_mydesign_0_mydesign_208' exists in Revised only. Skip it for hierarchical comparison
// Warning: Module 'SNPS_CLOCK_GATE_HIGH_dsram_mydesign_0_mydesign_209' exists in Revised only. Skip it for hierarchical comparison
// Warning: Module 'SNPS_CLOCK_GATE_HIGH_dsram_mydesign_0_mydesign_210' exists in Revised only. Skip it for hierarchical comparison
// Warning: Module 'SNPS_CLOCK_GATE_HIGH_dsram_mydesign_0_mydesign_211' exists in Revised only. Skip it for hierarchical comparison
// Warning: Module 'SNPS_CLOCK_GATE_HIGH_dsram_mydesign_0_mydesign_212' exists in Revised only. Skip it for hierarchical comparison
// Warning: Module 'SNPS_CLOCK_GATE_HIGH_dsram_mydesign_0_mydesign_213' exists in Revised only. Skip it for hierarchical comparison
// Warning: Module 'SNPS_CLOCK_GATE_HIGH_dsram_mydesign_0_mydesign_214' exists in Revised only. Skip it for hierarchical comparison
// Warning: Module 'SNPS_CLOCK_GATE_HIGH_dsram_mydesign_0_mydesign_215' exists in Revised only. Skip it for hierarchical comparison
// Warning: Module 'SNPS_CLOCK_GATE_HIGH_dsram_mydesign_0_mydesign_216' exists in Revised only. Skip it for hierarchical comparison
// Warning: Module 'SNPS_CLOCK_GATE_HIGH_dsram_mydesign_0_mydesign_217' exists in Revised only. Skip it for hierarchical comparison
// Warning: Module 'SNPS_CLOCK_GATE_HIGH_dsram_mydesign_0_mydesign_218' exists in Revised only. Skip it for hierarchical comparison
// Warning: Module 'SNPS_CLOCK_GATE_HIGH_dsram_mydesign_0_mydesign_219' exists in Revised only. Skip it for hierarchical comparison
// Warning: Module 'SNPS_CLOCK_GATE_HIGH_dsram_mydesign_0_mydesign_220' exists in Revised only. Skip it for hierarchical comparison
// Warning: Module 'SNPS_CLOCK_GATE_HIGH_dsram_mydesign_0_mydesign_221' exists in Revised only. Skip it for hierarchical comparison
// Warning: Module 'SNPS_CLOCK_GATE_HIGH_dsram_mydesign_0_mydesign_222' exists in Revised only. Skip it for hierarchical comparison
// Warning: Module 'SNPS_CLOCK_GATE_HIGH_dsram_mydesign_0_mydesign_223' exists in Revised only. Skip it for hierarchical comparison
// Warning: Module 'SNPS_CLOCK_GATE_HIGH_dsram_mydesign_0_mydesign_224' exists in Revised only. Skip it for hierarchical comparison
// Warning: Module 'SNPS_CLOCK_GATE_HIGH_dsram_mydesign_0_mydesign_225' exists in Revised only. Skip it for hierarchical comparison
// Warning: Module 'SNPS_CLOCK_GATE_HIGH_dsram_mydesign_0_mydesign_226' exists in Revised only. Skip it for hierarchical comparison
// Warning: Module 'SNPS_CLOCK_GATE_HIGH_dsram_mydesign_0_mydesign_227' exists in Revised only. Skip it for hierarchical comparison
// Warning: Module 'SNPS_CLOCK_GATE_HIGH_dsram_mydesign_0_mydesign_228' exists in Revised only. Skip it for hierarchical comparison
// Warning: Module 'SNPS_CLOCK_GATE_HIGH_dsram_mydesign_0_mydesign_229' exists in Revised only. Skip it for hierarchical comparison
// Warning: Module 'SNPS_CLOCK_GATE_HIGH_dsram_mydesign_0_mydesign_230' exists in Revised only. Skip it for hierarchical comparison
// Warning: Module 'SNPS_CLOCK_GATE_HIGH_dsram_mydesign_0_mydesign_231' exists in Revised only. Skip it for hierarchical comparison
// Warning: Module 'SNPS_CLOCK_GATE_HIGH_dsram_mydesign_0_mydesign_232' exists in Revised only. Skip it for hierarchical comparison
// Warning: Module 'SNPS_CLOCK_GATE_HIGH_dsram_mydesign_0_mydesign_233' exists in Revised only. Skip it for hierarchical comparison
// Warning: Module 'SNPS_CLOCK_GATE_HIGH_dsram_mydesign_0_mydesign_234' exists in Revised only. Skip it for hierarchical comparison
// Warning: Module 'SNPS_CLOCK_GATE_HIGH_dsram_mydesign_0_mydesign_235' exists in Revised only. Skip it for hierarchical comparison
// Warning: Module 'SNPS_CLOCK_GATE_HIGH_dsram_mydesign_0_mydesign_236' exists in Revised only. Skip it for hierarchical comparison
// Warning: Module 'SNPS_CLOCK_GATE_HIGH_dsram_mydesign_0_mydesign_237' exists in Revised only. Skip it for hierarchical comparison
// Warning: Module 'SNPS_CLOCK_GATE_HIGH_dsram_mydesign_0_mydesign_238' exists in Revised only. Skip it for hierarchical comparison
// Warning: Module 'SNPS_CLOCK_GATE_HIGH_dsram_mydesign_0_mydesign_239' exists in Revised only. Skip it for hierarchical comparison
// Warning: Module 'SNPS_CLOCK_GATE_HIGH_dsram_mydesign_0_mydesign_240' exists in Revised only. Skip it for hierarchical comparison
// Warning: Module 'SNPS_CLOCK_GATE_HIGH_dsram_mydesign_0_mydesign_241' exists in Revised only. Skip it for hierarchical comparison
// Warning: Module 'SNPS_CLOCK_GATE_HIGH_dsram_mydesign_0_mydesign_242' exists in Revised only. Skip it for hierarchical comparison
// Warning: Module 'SNPS_CLOCK_GATE_HIGH_dsram_mydesign_0_mydesign_243' exists in Revised only. Skip it for hierarchical comparison
// Warning: Module 'SNPS_CLOCK_GATE_HIGH_dsram_mydesign_0_mydesign_244' exists in Revised only. Skip it for hierarchical comparison
// Warning: Module 'SNPS_CLOCK_GATE_HIGH_dsram_mydesign_0_mydesign_245' exists in Revised only. Skip it for hierarchical comparison
// Warning: Module 'SNPS_CLOCK_GATE_HIGH_dsram_mydesign_0_mydesign_246' exists in Revised only. Skip it for hierarchical comparison
// Warning: Module 'SNPS_CLOCK_GATE_HIGH_dsram_mydesign_0_mydesign_247' exists in Revised only. Skip it for hierarchical comparison
// Warning: Module 'SNPS_CLOCK_GATE_HIGH_dsram_mydesign_0_mydesign_248' exists in Revised only. Skip it for hierarchical comparison
// Warning: Module 'SNPS_CLOCK_GATE_HIGH_dsram_mydesign_0_mydesign_249' exists in Revised only. Skip it for hierarchical comparison
// Warning: Module 'SNPS_CLOCK_GATE_HIGH_dsram_mydesign_0_mydesign_250' exists in Revised only. Skip it for hierarchical comparison
// Warning: Module 'SNPS_CLOCK_GATE_HIGH_dsram_mydesign_0_mydesign_251' exists in Revised only. Skip it for hierarchical comparison
// Warning: Module 'SNPS_CLOCK_GATE_HIGH_dsram_mydesign_0_mydesign_252' exists in Revised only. Skip it for hierarchical comparison
// Warning: Module 'SNPS_CLOCK_GATE_HIGH_dsram_mydesign_0_mydesign_253' exists in Revised only. Skip it for hierarchical comparison
// Warning: Module 'SNPS_CLOCK_GATE_HIGH_dsram_mydesign_0_mydesign_254' exists in Revised only. Skip it for hierarchical comparison
// Warning: Module 'SNPS_CLOCK_GATE_HIGH_dsram_mydesign_0_mydesign_255' exists in Revised only. Skip it for hierarchical comparison
// Warning: Module 'SNPS_CLOCK_GATE_HIGH_dsram_mydesign_0_mydesign_256' exists in Revised only. Skip it for hierarchical comparison
// Warning: Module 'SNPS_CLOCK_GATE_HIGH_dsram_mydesign_0_mydesign_257' exists in Revised only. Skip it for hierarchical comparison
// Warning: Module 'SNPS_CLOCK_GATE_HIGH_dsram_mydesign_0_mydesign_258' exists in Revised only. Skip it for hierarchical comparison
// Warning: Module 'SNPS_CLOCK_GATE_HIGH_dsram_mydesign_0_mydesign_259' exists in Revised only. Skip it for hierarchical comparison
// Warning: Module 'SNPS_CLOCK_GATE_HIGH_dsram_mydesign_0_mydesign_260' exists in Revised only. Skip it for hierarchical comparison
// Warning: Module 'SNPS_CLOCK_GATE_HIGH_dsram_mydesign_0_mydesign_261' exists in Revised only. Skip it for hierarchical comparison
// Warning: Module 'SNPS_CLOCK_GATE_HIGH_dsram_mydesign_0_mydesign_262' exists in Revised only. Skip it for hierarchical comparison
// Warning: Module 'SNPS_CLOCK_GATE_HIGH_dsram_mydesign_0_mydesign_263' exists in Revised only. Skip it for hierarchical comparison
// Warning: Module 'SNPS_CLOCK_GATE_HIGH_dsram_mydesign_0_mydesign_264' exists in Revised only. Skip it for hierarchical comparison
// Warning: Module 'SNPS_CLOCK_GATE_HIGH_dsram_mydesign_0_mydesign_265' exists in Revised only. Skip it for hierarchical comparison
// Warning: Module 'SNPS_CLOCK_GATE_HIGH_dsram_mydesign_0_mydesign_266' exists in Revised only. Skip it for hierarchical comparison
// Warning: Module 'SNPS_CLOCK_GATE_HIGH_dsram_mydesign_0_mydesign_267' exists in Revised only. Skip it for hierarchical comparison
// Warning: Module 'SNPS_CLOCK_GATE_HIGH_dsram_mydesign_0_mydesign_268' exists in Revised only. Skip it for hierarchical comparison
// Warning: Module 'SNPS_CLOCK_GATE_HIGH_dsram_mydesign_0_mydesign_269' exists in Revised only. Skip it for hierarchical comparison
// Warning: Module 'SNPS_CLOCK_GATE_HIGH_dsram_mydesign_0_mydesign_270' exists in Revised only. Skip it for hierarchical comparison
// Warning: Module 'SNPS_CLOCK_GATE_HIGH_dsram_mydesign_0_mydesign_271' exists in Revised only. Skip it for hierarchical comparison
// Warning: Module 'SNPS_CLOCK_GATE_HIGH_dsram_mydesign_0_mydesign_272' exists in Revised only. Skip it for hierarchical comparison
// Warning: Module 'SNPS_CLOCK_GATE_HIGH_dsram_mydesign_0_mydesign_273' exists in Revised only. Skip it for hierarchical comparison
// Warning: Module 'SNPS_CLOCK_GATE_HIGH_dsram_mydesign_0_mydesign_274' exists in Revised only. Skip it for hierarchical comparison
// Warning: Module 'SNPS_CLOCK_GATE_HIGH_dsram_mydesign_0_mydesign_275' exists in Revised only. Skip it for hierarchical comparison
// Warning: Module 'SNPS_CLOCK_GATE_HIGH_dsram_mydesign_0_mydesign_276' exists in Revised only. Skip it for hierarchical comparison
// Warning: Module 'SNPS_CLOCK_GATE_HIGH_dsram_mydesign_0_mydesign_277' exists in Revised only. Skip it for hierarchical comparison
// Warning: Module 'SNPS_CLOCK_GATE_HIGH_dsram_mydesign_0_mydesign_278' exists in Revised only. Skip it for hierarchical comparison
// Warning: Module 'SNPS_CLOCK_GATE_HIGH_dsram_mydesign_0_mydesign_279' exists in Revised only. Skip it for hierarchical comparison
// Warning: Module 'SNPS_CLOCK_GATE_HIGH_dsram_mydesign_0_mydesign_280' exists in Revised only. Skip it for hierarchical comparison
// Warning: Module 'SNPS_CLOCK_GATE_HIGH_dsram_mydesign_0_mydesign_281' exists in Revised only. Skip it for hierarchical comparison
// Warning: Module 'SNPS_CLOCK_GATE_HIGH_dsram_mydesign_0_mydesign_282' exists in Revised only. Skip it for hierarchical comparison
// Warning: Module 'SNPS_CLOCK_GATE_HIGH_dsram_mydesign_0_mydesign_283' exists in Revised only. Skip it for hierarchical comparison
// Warning: Module 'SNPS_CLOCK_GATE_HIGH_dsram_mydesign_0_mydesign_284' exists in Revised only. Skip it for hierarchical comparison
// Warning: Module 'SNPS_CLOCK_GATE_HIGH_dsram_mydesign_0_mydesign_285' exists in Revised only. Skip it for hierarchical comparison
// Warning: Module 'SNPS_CLOCK_GATE_HIGH_dsram_mydesign_0_mydesign_286' exists in Revised only. Skip it for hierarchical comparison
// Warning: Module 'SNPS_CLOCK_GATE_HIGH_dsram_mydesign_0_mydesign_287' exists in Revised only. Skip it for hierarchical comparison
// Warning: Module 'SNPS_CLOCK_GATE_HIGH_dsram_mydesign_0_mydesign_288' exists in Revised only. Skip it for hierarchical comparison
// Warning: Module 'SNPS_CLOCK_GATE_HIGH_dsram_mydesign_0_mydesign_289' exists in Revised only. Skip it for hierarchical comparison
// Warning: Module 'SNPS_CLOCK_GATE_HIGH_dsram_mydesign_0_mydesign_290' exists in Revised only. Skip it for hierarchical comparison
// Warning: Module 'SNPS_CLOCK_GATE_HIGH_dsram_mydesign_0_mydesign_291' exists in Revised only. Skip it for hierarchical comparison
// Warning: Module 'SNPS_CLOCK_GATE_HIGH_dsram_mydesign_0_mydesign_292' exists in Revised only. Skip it for hierarchical comparison
// Warning: Module 'SNPS_CLOCK_GATE_HIGH_dsram_mydesign_0_mydesign_293' exists in Revised only. Skip it for hierarchical comparison
// Warning: Module 'SNPS_CLOCK_GATE_HIGH_dsram_mydesign_0_mydesign_294' exists in Revised only. Skip it for hierarchical comparison
// Warning: Module 'SNPS_CLOCK_GATE_HIGH_dsram_mydesign_0_mydesign_295' exists in Revised only. Skip it for hierarchical comparison
// Warning: Module 'SNPS_CLOCK_GATE_HIGH_dsram_mydesign_0_mydesign_296' exists in Revised only. Skip it for hierarchical comparison
// Warning: Module 'SNPS_CLOCK_GATE_HIGH_dsram_mydesign_0_mydesign_297' exists in Revised only. Skip it for hierarchical comparison
// Warning: Module 'SNPS_CLOCK_GATE_HIGH_dsram_mydesign_0_mydesign_298' exists in Revised only. Skip it for hierarchical comparison
// Warning: Module 'SNPS_CLOCK_GATE_HIGH_dsram_mydesign_0_mydesign_299' exists in Revised only. Skip it for hierarchical comparison
// Warning: Module 'SNPS_CLOCK_GATE_HIGH_dsram_mydesign_0_mydesign_300' exists in Revised only. Skip it for hierarchical comparison
// Warning: Module 'SNPS_CLOCK_GATE_HIGH_dsram_mydesign_0_mydesign_301' exists in Revised only. Skip it for hierarchical comparison
// Warning: Module 'SNPS_CLOCK_GATE_HIGH_dsram_mydesign_0_mydesign_302' exists in Revised only. Skip it for hierarchical comparison
// Warning: Module 'SNPS_CLOCK_GATE_HIGH_dsram_mydesign_0_mydesign_303' exists in Revised only. Skip it for hierarchical comparison
// Warning: Module 'SNPS_CLOCK_GATE_HIGH_dsram_mydesign_0_mydesign_304' exists in Revised only. Skip it for hierarchical comparison
// Warning: Module 'SNPS_CLOCK_GATE_HIGH_dsram_mydesign_0_mydesign_305' exists in Revised only. Skip it for hierarchical comparison
// Warning: Module 'SNPS_CLOCK_GATE_HIGH_dsram_mydesign_0_mydesign_306' exists in Revised only. Skip it for hierarchical comparison
// Warning: Module 'SNPS_CLOCK_GATE_HIGH_dsram_mydesign_0_mydesign_307' exists in Revised only. Skip it for hierarchical comparison
// Warning: Module 'SNPS_CLOCK_GATE_HIGH_dsram_mydesign_0_mydesign_308' exists in Revised only. Skip it for hierarchical comparison
// Warning: Module 'SNPS_CLOCK_GATE_HIGH_dsram_mydesign_0_mydesign_309' exists in Revised only. Skip it for hierarchical comparison
// Warning: Module 'SNPS_CLOCK_GATE_HIGH_dsram_mydesign_0_mydesign_310' exists in Revised only. Skip it for hierarchical comparison
// Warning: Module 'SNPS_CLOCK_GATE_HIGH_dsram_mydesign_0_mydesign_311' exists in Revised only. Skip it for hierarchical comparison
// Warning: Module 'SNPS_CLOCK_GATE_HIGH_dsram_mydesign_0_mydesign_312' exists in Revised only. Skip it for hierarchical comparison
// Warning: Module 'SNPS_CLOCK_GATE_HIGH_dsram_mydesign_0_mydesign_313' exists in Revised only. Skip it for hierarchical comparison
// Warning: Module 'SNPS_CLOCK_GATE_HIGH_dsram_mydesign_0_mydesign_314' exists in Revised only. Skip it for hierarchical comparison
// Warning: Module 'SNPS_CLOCK_GATE_HIGH_dsram_mydesign_0_mydesign_315' exists in Revised only. Skip it for hierarchical comparison
// Warning: Module 'SNPS_CLOCK_GATE_HIGH_dsram_mydesign_0_mydesign_316' exists in Revised only. Skip it for hierarchical comparison
// Warning: Module 'SNPS_CLOCK_GATE_HIGH_dsram_mydesign_0_mydesign_317' exists in Revised only. Skip it for hierarchical comparison
// Warning: Module 'SNPS_CLOCK_GATE_HIGH_dsram_mydesign_0_mydesign_318' exists in Revised only. Skip it for hierarchical comparison
// Warning: Module 'SNPS_CLOCK_GATE_HIGH_dsram_mydesign_0_mydesign_319' exists in Revised only. Skip it for hierarchical comparison
// Warning: Module 'SNPS_CLOCK_GATE_HIGH_dsram_mydesign_0_mydesign_320' exists in Revised only. Skip it for hierarchical comparison
// Warning: Module 'SNPS_CLOCK_GATE_HIGH_dsram_mydesign_0_mydesign_321' exists in Revised only. Skip it for hierarchical comparison
// Warning: Module 'SNPS_CLOCK_GATE_HIGH_dsram_mydesign_0_mydesign_322' exists in Revised only. Skip it for hierarchical comparison
// Warning: Module 'SNPS_CLOCK_GATE_HIGH_dsram_mydesign_0_mydesign_323' exists in Revised only. Skip it for hierarchical comparison
// Warning: Module 'SNPS_CLOCK_GATE_HIGH_dsram_mydesign_0_mydesign_324' exists in Revised only. Skip it for hierarchical comparison
// Warning: Module 'SNPS_CLOCK_GATE_HIGH_dsram_mydesign_0_mydesign_325' exists in Revised only. Skip it for hierarchical comparison
// Warning: Module 'SNPS_CLOCK_GATE_HIGH_dsram_mydesign_0_mydesign_326' exists in Revised only. Skip it for hierarchical comparison
// Warning: Module 'SNPS_CLOCK_GATE_HIGH_dsram_mydesign_0_mydesign_327' exists in Revised only. Skip it for hierarchical comparison
// Warning: Module 'SNPS_CLOCK_GATE_HIGH_dsram_mydesign_0_mydesign_328' exists in Revised only. Skip it for hierarchical comparison
// Warning: Module 'SNPS_CLOCK_GATE_HIGH_dsram_mydesign_0_mydesign_329' exists in Revised only. Skip it for hierarchical comparison
// Warning: Module 'SNPS_CLOCK_GATE_HIGH_dsram_mydesign_0_mydesign_330' exists in Revised only. Skip it for hierarchical comparison
// Warning: Module 'SNPS_CLOCK_GATE_HIGH_dsram_mydesign_0_mydesign_331' exists in Revised only. Skip it for hierarchical comparison
// Warning: Module 'SNPS_CLOCK_GATE_HIGH_dsram_mydesign_0_mydesign_332' exists in Revised only. Skip it for hierarchical comparison
// Warning: Module 'SNPS_CLOCK_GATE_HIGH_dsram_mydesign_0_mydesign_333' exists in Revised only. Skip it for hierarchical comparison
// Warning: Module 'SNPS_CLOCK_GATE_HIGH_dsram_mydesign_0_mydesign_334' exists in Revised only. Skip it for hierarchical comparison
// Warning: Module 'SNPS_CLOCK_GATE_HIGH_dsram_mydesign_0_mydesign_335' exists in Revised only. Skip it for hierarchical comparison
// Warning: Module 'SNPS_CLOCK_GATE_HIGH_dsram_mydesign_0_mydesign_336' exists in Revised only. Skip it for hierarchical comparison
// Warning: Module 'SNPS_CLOCK_GATE_HIGH_dsram_mydesign_0_mydesign_337' exists in Revised only. Skip it for hierarchical comparison
// Warning: Module 'SNPS_CLOCK_GATE_HIGH_dsram_mydesign_0_mydesign_338' exists in Revised only. Skip it for hierarchical comparison
// Warning: Module 'SNPS_CLOCK_GATE_HIGH_dsram_mydesign_0_mydesign_339' exists in Revised only. Skip it for hierarchical comparison
// Warning: Module 'SNPS_CLOCK_GATE_HIGH_dsram_mydesign_0_mydesign_340' exists in Revised only. Skip it for hierarchical comparison
// Warning: Module 'SNPS_CLOCK_GATE_HIGH_dsram_mydesign_0_mydesign_341' exists in Revised only. Skip it for hierarchical comparison
// Warning: Module 'SNPS_CLOCK_GATE_HIGH_dsram_mydesign_0_mydesign_342' exists in Revised only. Skip it for hierarchical comparison
// Warning: Module 'SNPS_CLOCK_GATE_HIGH_dsram_mydesign_0_mydesign_343' exists in Revised only. Skip it for hierarchical comparison
// Warning: Module 'SNPS_CLOCK_GATE_HIGH_dsram_mydesign_0_mydesign_344' exists in Revised only. Skip it for hierarchical comparison
// Warning: Module 'SNPS_CLOCK_GATE_HIGH_dsram_mydesign_0_mydesign_345' exists in Revised only. Skip it for hierarchical comparison
// Warning: Module 'SNPS_CLOCK_GATE_HIGH_dsram_mydesign_0_mydesign_346' exists in Revised only. Skip it for hierarchical comparison
// Warning: Module 'SNPS_CLOCK_GATE_HIGH_dsram_mydesign_0_mydesign_347' exists in Revised only. Skip it for hierarchical comparison
// Warning: Module 'SNPS_CLOCK_GATE_HIGH_dsram_mydesign_0_mydesign_348' exists in Revised only. Skip it for hierarchical comparison
// Warning: Module 'SNPS_CLOCK_GATE_HIGH_dsram_mydesign_0_mydesign_349' exists in Revised only. Skip it for hierarchical comparison
// Warning: Module 'SNPS_CLOCK_GATE_HIGH_dsram_mydesign_0_mydesign_350' exists in Revised only. Skip it for hierarchical comparison
// Warning: Module 'SNPS_CLOCK_GATE_HIGH_dsram_mydesign_0_mydesign_351' exists in Revised only. Skip it for hierarchical comparison
// Warning: Module 'SNPS_CLOCK_GATE_HIGH_dsram_mydesign_0_mydesign_352' exists in Revised only. Skip it for hierarchical comparison
// Warning: Module 'SNPS_CLOCK_GATE_HIGH_dsram_mydesign_0_mydesign_353' exists in Revised only. Skip it for hierarchical comparison
// Warning: Module 'SNPS_CLOCK_GATE_HIGH_dsram_mydesign_0_mydesign_354' exists in Revised only. Skip it for hierarchical comparison
// Warning: Module 'SNPS_CLOCK_GATE_HIGH_dsram_mydesign_0_mydesign_355' exists in Revised only. Skip it for hierarchical comparison
// Warning: Module 'SNPS_CLOCK_GATE_HIGH_dsram_mydesign_0_mydesign_356' exists in Revised only. Skip it for hierarchical comparison
// Warning: Module 'SNPS_CLOCK_GATE_HIGH_dsram_mydesign_0_mydesign_357' exists in Revised only. Skip it for hierarchical comparison
// Warning: Module 'SNPS_CLOCK_GATE_HIGH_dsram_mydesign_0_mydesign_358' exists in Revised only. Skip it for hierarchical comparison
// Warning: Module 'SNPS_CLOCK_GATE_HIGH_dsram_mydesign_0_mydesign_359' exists in Revised only. Skip it for hierarchical comparison
// Warning: Module 'SNPS_CLOCK_GATE_HIGH_dsram_mydesign_0_mydesign_360' exists in Revised only. Skip it for hierarchical comparison
// Warning: Module 'SNPS_CLOCK_GATE_HIGH_dsram_mydesign_0_mydesign_361' exists in Revised only. Skip it for hierarchical comparison
// Warning: Module 'SNPS_CLOCK_GATE_HIGH_dsram_mydesign_0_mydesign_362' exists in Revised only. Skip it for hierarchical comparison
// Warning: Module 'SNPS_CLOCK_GATE_HIGH_dsram_mydesign_0_mydesign_363' exists in Revised only. Skip it for hierarchical comparison
// Warning: Module 'SNPS_CLOCK_GATE_HIGH_dsram_mydesign_0_mydesign_364' exists in Revised only. Skip it for hierarchical comparison
// Warning: Module 'SNPS_CLOCK_GATE_HIGH_dsram_mydesign_0_mydesign_365' exists in Revised only. Skip it for hierarchical comparison
// Warning: Module 'SNPS_CLOCK_GATE_HIGH_dsram_mydesign_0_mydesign_366' exists in Revised only. Skip it for hierarchical comparison
// Warning: Module 'SNPS_CLOCK_GATE_HIGH_dsram_mydesign_0_mydesign_367' exists in Revised only. Skip it for hierarchical comparison
// Warning: Module 'SNPS_CLOCK_GATE_HIGH_dsram_mydesign_0_mydesign_368' exists in Revised only. Skip it for hierarchical comparison
// Warning: Module 'SNPS_CLOCK_GATE_HIGH_dsram_mydesign_0_mydesign_369' exists in Revised only. Skip it for hierarchical comparison
// Warning: Module 'SNPS_CLOCK_GATE_HIGH_dsram_mydesign_0_mydesign_370' exists in Revised only. Skip it for hierarchical comparison
// Warning: Module 'SNPS_CLOCK_GATE_HIGH_dsram_mydesign_0_mydesign_371' exists in Revised only. Skip it for hierarchical comparison
// Warning: Module 'SNPS_CLOCK_GATE_HIGH_dsram_mydesign_0_mydesign_372' exists in Revised only. Skip it for hierarchical comparison
// Warning: Module 'SNPS_CLOCK_GATE_HIGH_dsram_mydesign_0_mydesign_373' exists in Revised only. Skip it for hierarchical comparison
// Warning: Module 'SNPS_CLOCK_GATE_HIGH_dsram_mydesign_0_mydesign_374' exists in Revised only. Skip it for hierarchical comparison
// Warning: Module 'SNPS_CLOCK_GATE_HIGH_dsram_mydesign_0_mydesign_375' exists in Revised only. Skip it for hierarchical comparison
// Warning: Module 'SNPS_CLOCK_GATE_HIGH_dsram_mydesign_0_mydesign_376' exists in Revised only. Skip it for hierarchical comparison
// Warning: Module 'SNPS_CLOCK_GATE_HIGH_dsram_mydesign_0_mydesign_377' exists in Revised only. Skip it for hierarchical comparison
// Warning: Module 'SNPS_CLOCK_GATE_HIGH_dsram_mydesign_0_mydesign_378' exists in Revised only. Skip it for hierarchical comparison
// Warning: Module 'SNPS_CLOCK_GATE_HIGH_dsram_mydesign_0_mydesign_379' exists in Revised only. Skip it for hierarchical comparison
// Warning: Module 'SNPS_CLOCK_GATE_HIGH_dsram_mydesign_0_mydesign_380' exists in Revised only. Skip it for hierarchical comparison
// Warning: Module 'SNPS_CLOCK_GATE_HIGH_dsram_mydesign_0_mydesign_381' exists in Revised only. Skip it for hierarchical comparison
// Warning: Module 'SNPS_CLOCK_GATE_HIGH_dsram_mydesign_0_mydesign_382' exists in Revised only. Skip it for hierarchical comparison
// Warning: Module 'SNPS_CLOCK_GATE_HIGH_dsram_mydesign_0_mydesign_383' exists in Revised only. Skip it for hierarchical comparison
// Warning: Module 'SNPS_CLOCK_GATE_HIGH_dsram_mydesign_0_mydesign_384' exists in Revised only. Skip it for hierarchical comparison
// Warning: Module 'SNPS_CLOCK_GATE_HIGH_dsram_mydesign_0_mydesign_385' exists in Revised only. Skip it for hierarchical comparison
// Warning: Module 'SNPS_CLOCK_GATE_HIGH_dsram_mydesign_0_mydesign_386' exists in Revised only. Skip it for hierarchical comparison
// Warning: Module 'SNPS_CLOCK_GATE_HIGH_dsram_mydesign_0_mydesign_387' exists in Revised only. Skip it for hierarchical comparison
// Warning: Module 'SNPS_CLOCK_GATE_HIGH_dsram_mydesign_0_mydesign_388' exists in Revised only. Skip it for hierarchical comparison
// Warning: Module 'SNPS_CLOCK_GATE_HIGH_dsram_mydesign_0_mydesign_389' exists in Revised only. Skip it for hierarchical comparison
// Warning: Module 'SNPS_CLOCK_GATE_HIGH_dsram_mydesign_0_mydesign_390' exists in Revised only. Skip it for hierarchical comparison
// Warning: Module 'SNPS_CLOCK_GATE_HIGH_dsram_mydesign_0_mydesign_391' exists in Revised only. Skip it for hierarchical comparison
// Warning: Module 'SNPS_CLOCK_GATE_HIGH_dsram_mydesign_0_mydesign_392' exists in Revised only. Skip it for hierarchical comparison
// Warning: Module 'SNPS_CLOCK_GATE_HIGH_dsram_mydesign_0_mydesign_393' exists in Revised only. Skip it for hierarchical comparison
// Warning: Module 'SNPS_CLOCK_GATE_HIGH_dsram_mydesign_0_mydesign_394' exists in Revised only. Skip it for hierarchical comparison
// Warning: Module 'SNPS_CLOCK_GATE_HIGH_dsram_mydesign_0_mydesign_395' exists in Revised only. Skip it for hierarchical comparison
// Warning: Module 'SNPS_CLOCK_GATE_HIGH_dsram_mydesign_0_mydesign_396' exists in Revised only. Skip it for hierarchical comparison
// Warning: Module 'SNPS_CLOCK_GATE_HIGH_dsram_mydesign_0_mydesign_397' exists in Revised only. Skip it for hierarchical comparison
// Warning: Module 'SNPS_CLOCK_GATE_HIGH_dsram_mydesign_0_mydesign_398' exists in Revised only. Skip it for hierarchical comparison
// Warning: Module 'SNPS_CLOCK_GATE_HIGH_dsram_mydesign_0_mydesign_399' exists in Revised only. Skip it for hierarchical comparison
// Warning: Module 'SNPS_CLOCK_GATE_HIGH_dsram_mydesign_0_mydesign_400' exists in Revised only. Skip it for hierarchical comparison
// Warning: Module 'SNPS_CLOCK_GATE_HIGH_dsram_mydesign_0_mydesign_401' exists in Revised only. Skip it for hierarchical comparison
// Warning: Module 'SNPS_CLOCK_GATE_HIGH_dsram_mydesign_0_mydesign_402' exists in Revised only. Skip it for hierarchical comparison
// Warning: Module 'SNPS_CLOCK_GATE_HIGH_dsram_mydesign_0_mydesign_403' exists in Revised only. Skip it for hierarchical comparison
// Warning: Module 'SNPS_CLOCK_GATE_HIGH_dsram_mydesign_0_mydesign_404' exists in Revised only. Skip it for hierarchical comparison
// Warning: Module 'SNPS_CLOCK_GATE_HIGH_dsram_mydesign_0_mydesign_405' exists in Revised only. Skip it for hierarchical comparison
// Warning: Module 'SNPS_CLOCK_GATE_HIGH_dsram_mydesign_0_mydesign_406' exists in Revised only. Skip it for hierarchical comparison
// Warning: Module 'SNPS_CLOCK_GATE_HIGH_dsram_mydesign_0_mydesign_407' exists in Revised only. Skip it for hierarchical comparison
// Warning: Module 'SNPS_CLOCK_GATE_HIGH_dsram_mydesign_0_mydesign_408' exists in Revised only. Skip it for hierarchical comparison
// Warning: Module 'SNPS_CLOCK_GATE_HIGH_dsram_mydesign_0_mydesign_409' exists in Revised only. Skip it for hierarchical comparison
// Warning: Module 'SNPS_CLOCK_GATE_HIGH_dsram_mydesign_0_mydesign_410' exists in Revised only. Skip it for hierarchical comparison
// Warning: Module 'SNPS_CLOCK_GATE_HIGH_dsram_mydesign_0_mydesign_411' exists in Revised only. Skip it for hierarchical comparison
// Warning: Module 'SNPS_CLOCK_GATE_HIGH_dsram_mydesign_0_mydesign_412' exists in Revised only. Skip it for hierarchical comparison
// Warning: Module 'SNPS_CLOCK_GATE_HIGH_dsram_mydesign_0_mydesign_413' exists in Revised only. Skip it for hierarchical comparison
// Warning: Module 'SNPS_CLOCK_GATE_HIGH_dsram_mydesign_0_mydesign_414' exists in Revised only. Skip it for hierarchical comparison
// Warning: Module 'SNPS_CLOCK_GATE_HIGH_dsram_mydesign_0_mydesign_415' exists in Revised only. Skip it for hierarchical comparison
// Warning: Module 'SNPS_CLOCK_GATE_HIGH_dsram_mydesign_0_mydesign_416' exists in Revised only. Skip it for hierarchical comparison
// Warning: Module 'SNPS_CLOCK_GATE_HIGH_dsram_mydesign_0_mydesign_417' exists in Revised only. Skip it for hierarchical comparison
// Warning: Module 'SNPS_CLOCK_GATE_HIGH_dsram_mydesign_0_mydesign_418' exists in Revised only. Skip it for hierarchical comparison
// Warning: Module 'SNPS_CLOCK_GATE_HIGH_dsram_mydesign_0_mydesign_419' exists in Revised only. Skip it for hierarchical comparison
// Warning: Module 'SNPS_CLOCK_GATE_HIGH_dsram_mydesign_0_mydesign_420' exists in Revised only. Skip it for hierarchical comparison
// Warning: Module 'SNPS_CLOCK_GATE_HIGH_dsram_mydesign_0_mydesign_421' exists in Revised only. Skip it for hierarchical comparison
// Warning: Module 'SNPS_CLOCK_GATE_HIGH_dsram_mydesign_0_mydesign_422' exists in Revised only. Skip it for hierarchical comparison
// Warning: Module 'SNPS_CLOCK_GATE_HIGH_dsram_mydesign_0_mydesign_423' exists in Revised only. Skip it for hierarchical comparison
// Warning: Module 'SNPS_CLOCK_GATE_HIGH_dsram_mydesign_0_mydesign_424' exists in Revised only. Skip it for hierarchical comparison
// Warning: Module 'SNPS_CLOCK_GATE_HIGH_dsram_mydesign_0_mydesign_425' exists in Revised only. Skip it for hierarchical comparison
// Warning: Module 'SNPS_CLOCK_GATE_HIGH_dsram_mydesign_0_mydesign_426' exists in Revised only. Skip it for hierarchical comparison
// Warning: Module 'SNPS_CLOCK_GATE_HIGH_dsram_mydesign_0_mydesign_427' exists in Revised only. Skip it for hierarchical comparison
// Warning: Module 'SNPS_CLOCK_GATE_HIGH_dsram_mydesign_0_mydesign_428' exists in Revised only. Skip it for hierarchical comparison
// Warning: Module 'SNPS_CLOCK_GATE_HIGH_dsram_mydesign_0_mydesign_429' exists in Revised only. Skip it for hierarchical comparison
// Warning: Module 'SNPS_CLOCK_GATE_HIGH_dsram_mydesign_0_mydesign_430' exists in Revised only. Skip it for hierarchical comparison
// Warning: Module 'SNPS_CLOCK_GATE_HIGH_dsram_mydesign_0_mydesign_431' exists in Revised only. Skip it for hierarchical comparison
// Warning: Module 'SNPS_CLOCK_GATE_HIGH_dsram_mydesign_0_mydesign_432' exists in Revised only. Skip it for hierarchical comparison
// Warning: Module 'SNPS_CLOCK_GATE_HIGH_dsram_mydesign_0_mydesign_433' exists in Revised only. Skip it for hierarchical comparison
// Warning: Module 'SNPS_CLOCK_GATE_HIGH_dsram_mydesign_0_mydesign_434' exists in Revised only. Skip it for hierarchical comparison
// Warning: Module 'SNPS_CLOCK_GATE_HIGH_dsram_mydesign_0_mydesign_435' exists in Revised only. Skip it for hierarchical comparison
// Warning: Module 'SNPS_CLOCK_GATE_HIGH_dsram_mydesign_0_mydesign_436' exists in Revised only. Skip it for hierarchical comparison
// Warning: Module 'SNPS_CLOCK_GATE_HIGH_dsram_mydesign_0_mydesign_437' exists in Revised only. Skip it for hierarchical comparison
// Warning: Module 'SNPS_CLOCK_GATE_HIGH_dsram_mydesign_0_mydesign_438' exists in Revised only. Skip it for hierarchical comparison
// Warning: Module 'SNPS_CLOCK_GATE_HIGH_dsram_mydesign_0_mydesign_439' exists in Revised only. Skip it for hierarchical comparison
// Warning: Module 'SNPS_CLOCK_GATE_HIGH_dsram_mydesign_0_mydesign_440' exists in Revised only. Skip it for hierarchical comparison
// Warning: Module 'SNPS_CLOCK_GATE_HIGH_dsram_mydesign_0_mydesign_441' exists in Revised only. Skip it for hierarchical comparison
// Warning: Module 'SNPS_CLOCK_GATE_HIGH_dsram_mydesign_0_mydesign_442' exists in Revised only. Skip it for hierarchical comparison
// Warning: Module 'SNPS_CLOCK_GATE_HIGH_dsram_mydesign_0_mydesign_443' exists in Revised only. Skip it for hierarchical comparison
// Warning: Module 'SNPS_CLOCK_GATE_HIGH_dsram_mydesign_0_mydesign_444' exists in Revised only. Skip it for hierarchical comparison
// Warning: Module 'SNPS_CLOCK_GATE_HIGH_dsram_mydesign_0_mydesign_445' exists in Revised only. Skip it for hierarchical comparison
// Warning: Module 'SNPS_CLOCK_GATE_HIGH_dsram_mydesign_0_mydesign_446' exists in Revised only. Skip it for hierarchical comparison
// Warning: Module 'SNPS_CLOCK_GATE_HIGH_dsram_mydesign_0_mydesign_447' exists in Revised only. Skip it for hierarchical comparison
// Warning: Module 'SNPS_CLOCK_GATE_HIGH_dsram_mydesign_0_mydesign_448' exists in Revised only. Skip it for hierarchical comparison
// Warning: Module 'SNPS_CLOCK_GATE_HIGH_dsram_mydesign_0_mydesign_449' exists in Revised only. Skip it for hierarchical comparison
// Warning: Module 'SNPS_CLOCK_GATE_HIGH_dsram_mydesign_0_mydesign_450' exists in Revised only. Skip it for hierarchical comparison
// Warning: Module 'SNPS_CLOCK_GATE_HIGH_dsram_mydesign_0_mydesign_451' exists in Revised only. Skip it for hierarchical comparison
// Warning: Module 'SNPS_CLOCK_GATE_HIGH_dsram_mydesign_0_mydesign_452' exists in Revised only. Skip it for hierarchical comparison
// Warning: Module 'SNPS_CLOCK_GATE_HIGH_dsram_mydesign_0_mydesign_453' exists in Revised only. Skip it for hierarchical comparison
// Warning: Module 'SNPS_CLOCK_GATE_HIGH_dsram_mydesign_0_mydesign_454' exists in Revised only. Skip it for hierarchical comparison
// Warning: Module 'SNPS_CLOCK_GATE_HIGH_dsram_mydesign_0_mydesign_455' exists in Revised only. Skip it for hierarchical comparison
// Warning: Module 'SNPS_CLOCK_GATE_HIGH_dsram_mydesign_0_mydesign_456' exists in Revised only. Skip it for hierarchical comparison
// Warning: Module 'SNPS_CLOCK_GATE_HIGH_dsram_mydesign_0_mydesign_457' exists in Revised only. Skip it for hierarchical comparison
// Warning: Module 'SNPS_CLOCK_GATE_HIGH_dsram_mydesign_0_mydesign_458' exists in Revised only. Skip it for hierarchical comparison
// Warning: Module 'SNPS_CLOCK_GATE_HIGH_dsram_mydesign_0_mydesign_459' exists in Revised only. Skip it for hierarchical comparison
// Warning: Module 'SNPS_CLOCK_GATE_HIGH_dsram_mydesign_0_mydesign_460' exists in Revised only. Skip it for hierarchical comparison
// Warning: Module 'SNPS_CLOCK_GATE_HIGH_dsram_mydesign_0_mydesign_461' exists in Revised only. Skip it for hierarchical comparison
// Warning: Module 'SNPS_CLOCK_GATE_HIGH_dsram_mydesign_0_mydesign_462' exists in Revised only. Skip it for hierarchical comparison
// Warning: Module 'SNPS_CLOCK_GATE_HIGH_dsram_mydesign_0_mydesign_463' exists in Revised only. Skip it for hierarchical comparison
// Warning: Module 'SNPS_CLOCK_GATE_HIGH_dsram_mydesign_0_mydesign_464' exists in Revised only. Skip it for hierarchical comparison
// Warning: Module 'SNPS_CLOCK_GATE_HIGH_dsram_mydesign_0_mydesign_465' exists in Revised only. Skip it for hierarchical comparison
// Warning: Module 'SNPS_CLOCK_GATE_HIGH_dsram_mydesign_0_mydesign_466' exists in Revised only. Skip it for hierarchical comparison
// Warning: Module 'SNPS_CLOCK_GATE_HIGH_dsram_mydesign_0_mydesign_467' exists in Revised only. Skip it for hierarchical comparison
// Warning: Module 'SNPS_CLOCK_GATE_HIGH_dsram_mydesign_0_mydesign_468' exists in Revised only. Skip it for hierarchical comparison
// Warning: Module 'SNPS_CLOCK_GATE_HIGH_dsram_mydesign_0_mydesign_469' exists in Revised only. Skip it for hierarchical comparison
// Warning: Module 'SNPS_CLOCK_GATE_HIGH_dsram_mydesign_0_mydesign_470' exists in Revised only. Skip it for hierarchical comparison
// Warning: Module 'SNPS_CLOCK_GATE_HIGH_dsram_mydesign_0_mydesign_471' exists in Revised only. Skip it for hierarchical comparison
// Warning: Module 'SNPS_CLOCK_GATE_HIGH_dsram_mydesign_0_mydesign_472' exists in Revised only. Skip it for hierarchical comparison
// Warning: Module 'SNPS_CLOCK_GATE_HIGH_dsram_mydesign_0_mydesign_473' exists in Revised only. Skip it for hierarchical comparison
// Warning: Module 'SNPS_CLOCK_GATE_HIGH_dsram_mydesign_0_mydesign_474' exists in Revised only. Skip it for hierarchical comparison
// Warning: Module 'SNPS_CLOCK_GATE_HIGH_dsram_mydesign_0_mydesign_475' exists in Revised only. Skip it for hierarchical comparison
// Warning: Module 'SNPS_CLOCK_GATE_HIGH_dsram_mydesign_0_mydesign_476' exists in Revised only. Skip it for hierarchical comparison
// Warning: Module 'SNPS_CLOCK_GATE_HIGH_dsram_mydesign_0_mydesign_477' exists in Revised only. Skip it for hierarchical comparison
// Warning: Module 'SNPS_CLOCK_GATE_HIGH_dsram_mydesign_0_mydesign_478' exists in Revised only. Skip it for hierarchical comparison
// Warning: Module 'SNPS_CLOCK_GATE_HIGH_dsram_mydesign_0_mydesign_479' exists in Revised only. Skip it for hierarchical comparison
// Warning: Module 'SNPS_CLOCK_GATE_HIGH_dsram_mydesign_0_mydesign_480' exists in Revised only. Skip it for hierarchical comparison
// Warning: Module 'SNPS_CLOCK_GATE_HIGH_dsram_mydesign_0_mydesign_481' exists in Revised only. Skip it for hierarchical comparison
// Warning: Module 'SNPS_CLOCK_GATE_HIGH_dsram_mydesign_0_mydesign_482' exists in Revised only. Skip it for hierarchical comparison
// Warning: Module 'SNPS_CLOCK_GATE_HIGH_dsram_mydesign_0_mydesign_483' exists in Revised only. Skip it for hierarchical comparison
// Warning: Module 'SNPS_CLOCK_GATE_HIGH_dsram_mydesign_0_mydesign_484' exists in Revised only. Skip it for hierarchical comparison
// Warning: Module 'SNPS_CLOCK_GATE_HIGH_dsram_mydesign_0_mydesign_485' exists in Revised only. Skip it for hierarchical comparison
// Warning: Module 'SNPS_CLOCK_GATE_HIGH_dsram_mydesign_0_mydesign_486' exists in Revised only. Skip it for hierarchical comparison
// Warning: Module 'SNPS_CLOCK_GATE_HIGH_dsram_mydesign_0_mydesign_487' exists in Revised only. Skip it for hierarchical comparison
// Warning: Module 'SNPS_CLOCK_GATE_HIGH_dsram_mydesign_0_mydesign_488' exists in Revised only. Skip it for hierarchical comparison
// Warning: Module 'SNPS_CLOCK_GATE_HIGH_dsram_mydesign_0_mydesign_489' exists in Revised only. Skip it for hierarchical comparison
// Warning: Module 'SNPS_CLOCK_GATE_HIGH_dsram_mydesign_0_mydesign_490' exists in Revised only. Skip it for hierarchical comparison
// Warning: Module 'SNPS_CLOCK_GATE_HIGH_dsram_mydesign_0_mydesign_491' exists in Revised only. Skip it for hierarchical comparison
// Warning: Module 'SNPS_CLOCK_GATE_HIGH_dsram_mydesign_0_mydesign_492' exists in Revised only. Skip it for hierarchical comparison
// Warning: Module 'SNPS_CLOCK_GATE_HIGH_dsram_mydesign_0_mydesign_493' exists in Revised only. Skip it for hierarchical comparison
// Warning: Module 'SNPS_CLOCK_GATE_HIGH_dsram_mydesign_0_mydesign_494' exists in Revised only. Skip it for hierarchical comparison
// Warning: Module 'SNPS_CLOCK_GATE_HIGH_dsram_mydesign_0_mydesign_495' exists in Revised only. Skip it for hierarchical comparison
// Warning: Module 'SNPS_CLOCK_GATE_HIGH_dsram_mydesign_0_mydesign_496' exists in Revised only. Skip it for hierarchical comparison
// Warning: Module 'SNPS_CLOCK_GATE_HIGH_dsram_mydesign_0_mydesign_497' exists in Revised only. Skip it for hierarchical comparison
// Warning: Module 'SNPS_CLOCK_GATE_HIGH_dsram_mydesign_0_mydesign_498' exists in Revised only. Skip it for hierarchical comparison
// Warning: Module 'SNPS_CLOCK_GATE_HIGH_dsram_mydesign_0_mydesign_499' exists in Revised only. Skip it for hierarchical comparison
// Warning: Module 'SNPS_CLOCK_GATE_HIGH_dsram_mydesign_0_mydesign_500' exists in Revised only. Skip it for hierarchical comparison
// Warning: Module 'SNPS_CLOCK_GATE_HIGH_dsram_mydesign_0_mydesign_501' exists in Revised only. Skip it for hierarchical comparison
// Warning: Module 'SNPS_CLOCK_GATE_HIGH_dsram_mydesign_0_mydesign_502' exists in Revised only. Skip it for hierarchical comparison
// Warning: Module 'SNPS_CLOCK_GATE_HIGH_dsram_mydesign_0_mydesign_503' exists in Revised only. Skip it for hierarchical comparison
// Warning: Module 'SNPS_CLOCK_GATE_HIGH_dsram_mydesign_0_mydesign_504' exists in Revised only. Skip it for hierarchical comparison
// Warning: Module 'SNPS_CLOCK_GATE_HIGH_dsram_mydesign_0_mydesign_505' exists in Revised only. Skip it for hierarchical comparison
// Warning: Module 'SNPS_CLOCK_GATE_HIGH_dsram_mydesign_0_mydesign_506' exists in Revised only. Skip it for hierarchical comparison
// Warning: Module 'SNPS_CLOCK_GATE_HIGH_dsram_mydesign_0_mydesign_507' exists in Revised only. Skip it for hierarchical comparison
// Warning: Module 'SNPS_CLOCK_GATE_HIGH_dsram_mydesign_0_mydesign_508' exists in Revised only. Skip it for hierarchical comparison
// Warning: Module 'SNPS_CLOCK_GATE_HIGH_dsram_mydesign_0_mydesign_509' exists in Revised only. Skip it for hierarchical comparison
// Warning: Module 'SNPS_CLOCK_GATE_HIGH_dsram_mydesign_0_mydesign_510' exists in Revised only. Skip it for hierarchical comparison
// Warning: Module 'SNPS_CLOCK_GATE_HIGH_dsram_mydesign_0_mydesign_511' exists in Revised only. Skip it for hierarchical comparison
// Warning: Module 'SNPS_CLOCK_GATE_HIGH_dsram_mydesign_0_mydesign_512' exists in Revised only. Skip it for hierarchical comparison
// Warning: Module 'SNPS_CLOCK_GATE_HIGH_dsram_mydesign_0_mydesign_513' exists in Revised only. Skip it for hierarchical comparison
// Warning: Module 'SNPS_CLOCK_GATE_HIGH_dsram_mydesign_0_mydesign_514' exists in Revised only. Skip it for hierarchical comparison
// Warning: Module 'SNPS_CLOCK_GATE_HIGH_dsram_mydesign_0_mydesign_515' exists in Revised only. Skip it for hierarchical comparison
// Warning: Module 'SNPS_CLOCK_GATE_HIGH_dsram_mydesign_0_mydesign_516' exists in Revised only. Skip it for hierarchical comparison
// Warning: Module 'SNPS_CLOCK_GATE_HIGH_dsram_mydesign_0_mydesign_517' exists in Revised only. Skip it for hierarchical comparison
// Warning: Module 'SNPS_CLOCK_GATE_HIGH_dsram_mydesign_0_mydesign_518' exists in Revised only. Skip it for hierarchical comparison
// Warning: Module 'SNPS_CLOCK_GATE_HIGH_dsram_mydesign_0_mydesign_519' exists in Revised only. Skip it for hierarchical comparison
// Warning: Module 'SNPS_CLOCK_GATE_HIGH_dsram_mydesign_0_mydesign_520' exists in Revised only. Skip it for hierarchical comparison
// Warning: Module 'SNPS_CLOCK_GATE_HIGH_dsram_mydesign_0_mydesign_521' exists in Revised only. Skip it for hierarchical comparison
// Warning: Module 'SNPS_CLOCK_GATE_HIGH_dsram_mydesign_0_mydesign_522' exists in Revised only. Skip it for hierarchical comparison
// Warning: Module 'SNPS_CLOCK_GATE_HIGH_dsram_mydesign_0_mydesign_523' exists in Revised only. Skip it for hierarchical comparison
// Warning: Module 'SNPS_CLOCK_GATE_HIGH_dsram_mydesign_0_mydesign_524' exists in Revised only. Skip it for hierarchical comparison
// Warning: Module 'SNPS_CLOCK_GATE_HIGH_dsram_mydesign_0_mydesign_525' exists in Revised only. Skip it for hierarchical comparison
// Warning: Module 'SNPS_CLOCK_GATE_HIGH_dsram_mydesign_0_mydesign_526' exists in Revised only. Skip it for hierarchical comparison
// Warning: Module 'SNPS_CLOCK_GATE_HIGH_dsram_mydesign_0_mydesign_527' exists in Revised only. Skip it for hierarchical comparison
// Warning: Module 'SNPS_CLOCK_GATE_HIGH_dsram_mydesign_0_mydesign_528' exists in Revised only. Skip it for hierarchical comparison
// Warning: Module 'SNPS_CLOCK_GATE_HIGH_dsram_mydesign_0_mydesign_529' exists in Revised only. Skip it for hierarchical comparison
// Warning: Module 'SNPS_CLOCK_GATE_HIGH_dsram_mydesign_0_mydesign_530' exists in Revised only. Skip it for hierarchical comparison
// Warning: Module 'SNPS_CLOCK_GATE_HIGH_dsram_mydesign_0_mydesign_531' exists in Revised only. Skip it for hierarchical comparison
// Warning: Module 'SNPS_CLOCK_GATE_HIGH_dsram_mydesign_0_mydesign_532' exists in Revised only. Skip it for hierarchical comparison
// Warning: Module 'SNPS_CLOCK_GATE_HIGH_dsram_mydesign_0_mydesign_533' exists in Revised only. Skip it for hierarchical comparison
// Warning: Module 'SNPS_CLOCK_GATE_HIGH_dsram_mydesign_0_mydesign_534' exists in Revised only. Skip it for hierarchical comparison
// Warning: Module 'SNPS_CLOCK_GATE_HIGH_dsram_mydesign_0_mydesign_535' exists in Revised only. Skip it for hierarchical comparison
// Warning: Module 'SNPS_CLOCK_GATE_HIGH_dsram_mydesign_0_mydesign_536' exists in Revised only. Skip it for hierarchical comparison
// Warning: Module 'SNPS_CLOCK_GATE_HIGH_dsram_mydesign_0_mydesign_537' exists in Revised only. Skip it for hierarchical comparison
// Warning: Module 'SNPS_CLOCK_GATE_HIGH_dsram_mydesign_0_mydesign_538' exists in Revised only. Skip it for hierarchical comparison
// Warning: Module 'SNPS_CLOCK_GATE_HIGH_dsram_mydesign_0_mydesign_539' exists in Revised only. Skip it for hierarchical comparison
// Warning: Module 'SNPS_CLOCK_GATE_HIGH_dsram_mydesign_0_mydesign_540' exists in Revised only. Skip it for hierarchical comparison
// Warning: Module 'SNPS_CLOCK_GATE_HIGH_dsram_mydesign_0_mydesign_541' exists in Revised only. Skip it for hierarchical comparison
// Warning: Module 'SNPS_CLOCK_GATE_HIGH_dsram_mydesign_0_mydesign_542' exists in Revised only. Skip it for hierarchical comparison
// Warning: Module 'SNPS_CLOCK_GATE_HIGH_dsram_mydesign_0_mydesign_543' exists in Revised only. Skip it for hierarchical comparison
// Warning: Module 'SNPS_CLOCK_GATE_HIGH_dsram_mydesign_0_mydesign_544' exists in Revised only. Skip it for hierarchical comparison
// Warning: Module 'SNPS_CLOCK_GATE_HIGH_dsram_mydesign_0_mydesign_545' exists in Revised only. Skip it for hierarchical comparison
// Warning: Module 'SNPS_CLOCK_GATE_HIGH_dsram_mydesign_0_mydesign_546' exists in Revised only. Skip it for hierarchical comparison
// Warning: Module 'SNPS_CLOCK_GATE_HIGH_dsram_mydesign_0_mydesign_547' exists in Revised only. Skip it for hierarchical comparison
// Warning: Module 'SNPS_CLOCK_GATE_HIGH_dsram_mydesign_0_mydesign_548' exists in Revised only. Skip it for hierarchical comparison
// Warning: Module 'SNPS_CLOCK_GATE_HIGH_dsram_mydesign_0_mydesign_549' exists in Revised only. Skip it for hierarchical comparison
// Warning: Module 'SNPS_CLOCK_GATE_HIGH_dsram_mydesign_0_mydesign_550' exists in Revised only. Skip it for hierarchical comparison
// Warning: Module 'SNPS_CLOCK_GATE_HIGH_dsram_mydesign_0_mydesign_551' exists in Revised only. Skip it for hierarchical comparison
// Warning: Module 'SNPS_CLOCK_GATE_HIGH_dsram_mydesign_0_mydesign_552' exists in Revised only. Skip it for hierarchical comparison
// Warning: Module 'SNPS_CLOCK_GATE_HIGH_dsram_mydesign_0_mydesign_553' exists in Revised only. Skip it for hierarchical comparison
// Warning: Module 'SNPS_CLOCK_GATE_HIGH_dsram_mydesign_0_mydesign_554' exists in Revised only. Skip it for hierarchical comparison
// Warning: Module 'SNPS_CLOCK_GATE_HIGH_dsram_mydesign_0_mydesign_555' exists in Revised only. Skip it for hierarchical comparison
// Warning: Module 'SNPS_CLOCK_GATE_HIGH_dsram_mydesign_0_mydesign_556' exists in Revised only. Skip it for hierarchical comparison
// Warning: Module 'SNPS_CLOCK_GATE_HIGH_dsram_mydesign_0_mydesign_557' exists in Revised only. Skip it for hierarchical comparison
// Warning: Module 'SNPS_CLOCK_GATE_HIGH_dsram_mydesign_0_mydesign_558' exists in Revised only. Skip it for hierarchical comparison
// Warning: Module 'SNPS_CLOCK_GATE_HIGH_dsram_mydesign_0_mydesign_559' exists in Revised only. Skip it for hierarchical comparison
// Warning: Module 'SNPS_CLOCK_GATE_HIGH_dsram_mydesign_0_mydesign_560' exists in Revised only. Skip it for hierarchical comparison
// Warning: Module 'SNPS_CLOCK_GATE_HIGH_dsram_mydesign_0_mydesign_561' exists in Revised only. Skip it for hierarchical comparison
// Warning: Module 'SNPS_CLOCK_GATE_HIGH_dsram_mydesign_0_mydesign_562' exists in Revised only. Skip it for hierarchical comparison
// Warning: Module 'SNPS_CLOCK_GATE_HIGH_dsram_mydesign_0_mydesign_563' exists in Revised only. Skip it for hierarchical comparison
// Warning: Module 'SNPS_CLOCK_GATE_HIGH_dsram_mydesign_0_mydesign_564' exists in Revised only. Skip it for hierarchical comparison
// Warning: Module 'SNPS_CLOCK_GATE_HIGH_dsram_mydesign_0_mydesign_565' exists in Revised only. Skip it for hierarchical comparison
// Warning: Module 'SNPS_CLOCK_GATE_HIGH_dsram_mydesign_0_mydesign_566' exists in Revised only. Skip it for hierarchical comparison
// Warning: Module 'SNPS_CLOCK_GATE_HIGH_dsram_mydesign_0_mydesign_567' exists in Revised only. Skip it for hierarchical comparison
// Warning: Module 'SNPS_CLOCK_GATE_HIGH_dsram_mydesign_0_mydesign_568' exists in Revised only. Skip it for hierarchical comparison
// Warning: Module 'SNPS_CLOCK_GATE_HIGH_dsram_mydesign_0_mydesign_569' exists in Revised only. Skip it for hierarchical comparison
// Warning: Module 'SNPS_CLOCK_GATE_HIGH_dsram_mydesign_0_mydesign_570' exists in Revised only. Skip it for hierarchical comparison
// Warning: Module 'SNPS_CLOCK_GATE_HIGH_dsram_mydesign_0_mydesign_571' exists in Revised only. Skip it for hierarchical comparison
// Warning: Module 'SNPS_CLOCK_GATE_HIGH_dsram_mydesign_0_mydesign_572' exists in Revised only. Skip it for hierarchical comparison
// Warning: Module 'SNPS_CLOCK_GATE_HIGH_dsram_mydesign_0_mydesign_573' exists in Revised only. Skip it for hierarchical comparison
// Warning: Module 'SNPS_CLOCK_GATE_HIGH_dsram_mydesign_0_mydesign_574' exists in Revised only. Skip it for hierarchical comparison
// Warning: Module 'SNPS_CLOCK_GATE_HIGH_dsram_mydesign_0_mydesign_575' exists in Revised only. Skip it for hierarchical comparison
// Warning: Module 'SNPS_CLOCK_GATE_HIGH_dsram_mydesign_0_mydesign_576' exists in Revised only. Skip it for hierarchical comparison
// Warning: Module 'SNPS_CLOCK_GATE_HIGH_dsram_mydesign_0_mydesign_577' exists in Revised only. Skip it for hierarchical comparison
// Warning: Module 'SNPS_CLOCK_GATE_HIGH_dsram_mydesign_0_mydesign_578' exists in Revised only. Skip it for hierarchical comparison
// Warning: Module 'SNPS_CLOCK_GATE_HIGH_dsram_mydesign_0_mydesign_579' exists in Revised only. Skip it for hierarchical comparison
// Warning: Module 'SNPS_CLOCK_GATE_HIGH_dsram_mydesign_0_mydesign_580' exists in Revised only. Skip it for hierarchical comparison
// Warning: Module 'SNPS_CLOCK_GATE_HIGH_dsram_mydesign_0_mydesign_581' exists in Revised only. Skip it for hierarchical comparison
// Warning: Module 'SNPS_CLOCK_GATE_HIGH_dsram_mydesign_0_mydesign_582' exists in Revised only. Skip it for hierarchical comparison
// Warning: Module 'SNPS_CLOCK_GATE_HIGH_dsram_mydesign_0_mydesign_583' exists in Revised only. Skip it for hierarchical comparison
// Warning: Module 'SNPS_CLOCK_GATE_HIGH_dsram_mydesign_0_mydesign_584' exists in Revised only. Skip it for hierarchical comparison
// Warning: Module 'SNPS_CLOCK_GATE_HIGH_dsram_mydesign_0_mydesign_585' exists in Revised only. Skip it for hierarchical comparison
// Warning: Module 'SNPS_CLOCK_GATE_HIGH_dsram_mydesign_0_mydesign_586' exists in Revised only. Skip it for hierarchical comparison
// Warning: Module 'SNPS_CLOCK_GATE_HIGH_dsram_mydesign_0_mydesign_587' exists in Revised only. Skip it for hierarchical comparison
// Warning: Module 'SNPS_CLOCK_GATE_HIGH_dsram_mydesign_0_mydesign_588' exists in Revised only. Skip it for hierarchical comparison
// Warning: Module 'SNPS_CLOCK_GATE_HIGH_dsram_mydesign_0_mydesign_589' exists in Revised only. Skip it for hierarchical comparison
// Warning: Module 'SNPS_CLOCK_GATE_HIGH_dsram_mydesign_0_mydesign_590' exists in Revised only. Skip it for hierarchical comparison
// Warning: Module 'SNPS_CLOCK_GATE_HIGH_dsram_mydesign_0_mydesign_591' exists in Revised only. Skip it for hierarchical comparison
// Warning: Module 'SNPS_CLOCK_GATE_HIGH_dsram_mydesign_0_mydesign_592' exists in Revised only. Skip it for hierarchical comparison
// Warning: Module 'SNPS_CLOCK_GATE_HIGH_dsram_mydesign_0_mydesign_593' exists in Revised only. Skip it for hierarchical comparison
// Warning: Module 'SNPS_CLOCK_GATE_HIGH_dsram_mydesign_0_mydesign_594' exists in Revised only. Skip it for hierarchical comparison
// Warning: Module 'SNPS_CLOCK_GATE_HIGH_dsram_mydesign_0_mydesign_595' exists in Revised only. Skip it for hierarchical comparison
// Warning: Module 'SNPS_CLOCK_GATE_HIGH_dsram_mydesign_0_mydesign_596' exists in Revised only. Skip it for hierarchical comparison
// Warning: Module 'SNPS_CLOCK_GATE_HIGH_dsram_mydesign_0_mydesign_597' exists in Revised only. Skip it for hierarchical comparison
// Warning: Module 'SNPS_CLOCK_GATE_HIGH_dsram_mydesign_0_mydesign_598' exists in Revised only. Skip it for hierarchical comparison
// Warning: Module 'SNPS_CLOCK_GATE_HIGH_dsram_mydesign_0_mydesign_599' exists in Revised only. Skip it for hierarchical comparison
// Warning: Module 'SNPS_CLOCK_GATE_HIGH_dsram_mydesign_0_mydesign_600' exists in Revised only. Skip it for hierarchical comparison
// Warning: Module 'SNPS_CLOCK_GATE_HIGH_dsram_mydesign_0_mydesign_601' exists in Revised only. Skip it for hierarchical comparison
// Warning: Module 'SNPS_CLOCK_GATE_HIGH_dsram_mydesign_0_mydesign_602' exists in Revised only. Skip it for hierarchical comparison
// Warning: Module 'SNPS_CLOCK_GATE_HIGH_dsram_mydesign_0_mydesign_603' exists in Revised only. Skip it for hierarchical comparison
// Warning: Module 'SNPS_CLOCK_GATE_HIGH_dsram_mydesign_0_mydesign_604' exists in Revised only. Skip it for hierarchical comparison
// Warning: Module 'SNPS_CLOCK_GATE_HIGH_dsram_mydesign_0_mydesign_605' exists in Revised only. Skip it for hierarchical comparison
// Warning: Module 'SNPS_CLOCK_GATE_HIGH_dsram_mydesign_0_mydesign_606' exists in Revised only. Skip it for hierarchical comparison
// Warning: Module 'SNPS_CLOCK_GATE_HIGH_dsram_mydesign_0_mydesign_607' exists in Revised only. Skip it for hierarchical comparison
// Warning: Module 'SNPS_CLOCK_GATE_HIGH_dsram_mydesign_0_mydesign_608' exists in Revised only. Skip it for hierarchical comparison
// Warning: Module 'SNPS_CLOCK_GATE_HIGH_dsram_mydesign_0_mydesign_609' exists in Revised only. Skip it for hierarchical comparison
// Warning: Module 'SNPS_CLOCK_GATE_HIGH_dsram_mydesign_0_mydesign_610' exists in Revised only. Skip it for hierarchical comparison
// Warning: Module 'SNPS_CLOCK_GATE_HIGH_dsram_mydesign_0_mydesign_611' exists in Revised only. Skip it for hierarchical comparison
// Warning: Module 'SNPS_CLOCK_GATE_HIGH_dsram_mydesign_0_mydesign_612' exists in Revised only. Skip it for hierarchical comparison
// Warning: Module 'SNPS_CLOCK_GATE_HIGH_dsram_mydesign_0_mydesign_613' exists in Revised only. Skip it for hierarchical comparison
// Warning: Module 'SNPS_CLOCK_GATE_HIGH_dsram_mydesign_0_mydesign_614' exists in Revised only. Skip it for hierarchical comparison
// Warning: Module 'SNPS_CLOCK_GATE_HIGH_dsram_mydesign_0_mydesign_615' exists in Revised only. Skip it for hierarchical comparison
// Warning: Module 'SNPS_CLOCK_GATE_HIGH_dsram_mydesign_0_mydesign_616' exists in Revised only. Skip it for hierarchical comparison
// Warning: Module 'SNPS_CLOCK_GATE_HIGH_dsram_mydesign_0_mydesign_617' exists in Revised only. Skip it for hierarchical comparison
// Warning: Module 'SNPS_CLOCK_GATE_HIGH_dsram_mydesign_0_mydesign_618' exists in Revised only. Skip it for hierarchical comparison
// Warning: Module 'SNPS_CLOCK_GATE_HIGH_dsram_mydesign_0_mydesign_619' exists in Revised only. Skip it for hierarchical comparison
// Warning: Module 'SNPS_CLOCK_GATE_HIGH_dsram_mydesign_0_mydesign_620' exists in Revised only. Skip it for hierarchical comparison
// Warning: Module 'SNPS_CLOCK_GATE_HIGH_dsram_mydesign_0_mydesign_621' exists in Revised only. Skip it for hierarchical comparison
// Warning: Module 'SNPS_CLOCK_GATE_HIGH_dsram_mydesign_0_mydesign_622' exists in Revised only. Skip it for hierarchical comparison
// Warning: Module 'SNPS_CLOCK_GATE_HIGH_dsram_mydesign_0_mydesign_623' exists in Revised only. Skip it for hierarchical comparison
// Warning: Module 'SNPS_CLOCK_GATE_HIGH_dsram_mydesign_0_mydesign_624' exists in Revised only. Skip it for hierarchical comparison
// Warning: Module 'SNPS_CLOCK_GATE_HIGH_dsram_mydesign_0_mydesign_625' exists in Revised only. Skip it for hierarchical comparison
// Warning: Module 'SNPS_CLOCK_GATE_HIGH_dsram_mydesign_0_mydesign_626' exists in Revised only. Skip it for hierarchical comparison
// Warning: Module 'SNPS_CLOCK_GATE_HIGH_dsram_mydesign_0_mydesign_627' exists in Revised only. Skip it for hierarchical comparison
// Warning: Module 'SNPS_CLOCK_GATE_HIGH_dsram_mydesign_0_mydesign_628' exists in Revised only. Skip it for hierarchical comparison
// Warning: Module 'SNPS_CLOCK_GATE_HIGH_dsram_mydesign_0_mydesign_629' exists in Revised only. Skip it for hierarchical comparison
// Warning: Module 'SNPS_CLOCK_GATE_HIGH_dsram_mydesign_0_mydesign_630' exists in Revised only. Skip it for hierarchical comparison
// Warning: Module 'SNPS_CLOCK_GATE_HIGH_dsram_mydesign_0_mydesign_631' exists in Revised only. Skip it for hierarchical comparison
// Warning: Module 'SNPS_CLOCK_GATE_HIGH_dsram_mydesign_0_mydesign_632' exists in Revised only. Skip it for hierarchical comparison
// Warning: Module 'SNPS_CLOCK_GATE_HIGH_dsram_mydesign_0_mydesign_633' exists in Revised only. Skip it for hierarchical comparison
// Warning: Module 'SNPS_CLOCK_GATE_HIGH_dsram_mydesign_0_mydesign_634' exists in Revised only. Skip it for hierarchical comparison
// Warning: Module 'SNPS_CLOCK_GATE_HIGH_dsram_mydesign_0_mydesign_635' exists in Revised only. Skip it for hierarchical comparison
// Warning: Module 'SNPS_CLOCK_GATE_HIGH_dsram_mydesign_0_mydesign_636' exists in Revised only. Skip it for hierarchical comparison
// Warning: Module 'SNPS_CLOCK_GATE_HIGH_dsram_mydesign_0_mydesign_637' exists in Revised only. Skip it for hierarchical comparison
// Warning: Module 'SNPS_CLOCK_GATE_HIGH_dsram_mydesign_0_mydesign_638' exists in Revised only. Skip it for hierarchical comparison
// Warning: Module 'SNPS_CLOCK_GATE_HIGH_dsram_mydesign_0_mydesign_639' exists in Revised only. Skip it for hierarchical comparison
// Warning: Module 'SNPS_CLOCK_GATE_HIGH_dsram_mydesign_0_mydesign_640' exists in Revised only. Skip it for hierarchical comparison
// Warning: Module 'SNPS_CLOCK_GATE_HIGH_dsram_mydesign_0_mydesign_641' exists in Revised only. Skip it for hierarchical comparison
// Warning: Module 'SNPS_CLOCK_GATE_HIGH_dsram_mydesign_0_mydesign_642' exists in Revised only. Skip it for hierarchical comparison
// Warning: Module 'SNPS_CLOCK_GATE_HIGH_dsram_mydesign_0_mydesign_643' exists in Revised only. Skip it for hierarchical comparison
// Warning: Module 'SNPS_CLOCK_GATE_HIGH_dsram_mydesign_0_mydesign_644' exists in Revised only. Skip it for hierarchical comparison
// Warning: Module 'SNPS_CLOCK_GATE_HIGH_dsram_mydesign_0_mydesign_645' exists in Revised only. Skip it for hierarchical comparison
// Warning: Module 'SNPS_CLOCK_GATE_HIGH_dsram_mydesign_0_mydesign_646' exists in Revised only. Skip it for hierarchical comparison
// Warning: Module 'SNPS_CLOCK_GATE_HIGH_dsram_mydesign_0_mydesign_647' exists in Revised only. Skip it for hierarchical comparison
// Warning: Module 'SNPS_CLOCK_GATE_HIGH_dsram_mydesign_0_mydesign_648' exists in Revised only. Skip it for hierarchical comparison
// Warning: Module 'SNPS_CLOCK_GATE_HIGH_dsram_mydesign_0_mydesign_649' exists in Revised only. Skip it for hierarchical comparison
// Warning: Module 'SNPS_CLOCK_GATE_HIGH_dsram_mydesign_0_mydesign_650' exists in Revised only. Skip it for hierarchical comparison
// Warning: Module 'SNPS_CLOCK_GATE_HIGH_dsram_mydesign_0_mydesign_651' exists in Revised only. Skip it for hierarchical comparison
// Warning: Module 'SNPS_CLOCK_GATE_HIGH_dsram_mydesign_0_mydesign_652' exists in Revised only. Skip it for hierarchical comparison
// Warning: Module 'SNPS_CLOCK_GATE_HIGH_dsram_mydesign_0_mydesign_653' exists in Revised only. Skip it for hierarchical comparison
// Warning: Module 'SNPS_CLOCK_GATE_HIGH_dsram_mydesign_0_mydesign_654' exists in Revised only. Skip it for hierarchical comparison
// Warning: Module 'SNPS_CLOCK_GATE_HIGH_dsram_mydesign_0_mydesign_655' exists in Revised only. Skip it for hierarchical comparison
// Warning: Module 'SNPS_CLOCK_GATE_HIGH_dsram_mydesign_0_mydesign_656' exists in Revised only. Skip it for hierarchical comparison
// Warning: Module 'SNPS_CLOCK_GATE_HIGH_dsram_mydesign_0_mydesign_657' exists in Revised only. Skip it for hierarchical comparison
// Warning: Module 'SNPS_CLOCK_GATE_HIGH_dsram_mydesign_0_mydesign_658' exists in Revised only. Skip it for hierarchical comparison
// Warning: Module 'SNPS_CLOCK_GATE_HIGH_dsram_mydesign_0_mydesign_659' exists in Revised only. Skip it for hierarchical comparison
// Warning: Module 'SNPS_CLOCK_GATE_HIGH_dsram_mydesign_0_mydesign_660' exists in Revised only. Skip it for hierarchical comparison
// Warning: Module 'SNPS_CLOCK_GATE_HIGH_dsram_mydesign_0_mydesign_661' exists in Revised only. Skip it for hierarchical comparison
// Warning: Module 'SNPS_CLOCK_GATE_HIGH_dsram_mydesign_0_mydesign_662' exists in Revised only. Skip it for hierarchical comparison
// Warning: Module 'SNPS_CLOCK_GATE_HIGH_dsram_mydesign_0_mydesign_663' exists in Revised only. Skip it for hierarchical comparison
// Warning: Module 'SNPS_CLOCK_GATE_HIGH_dsram_mydesign_0_mydesign_664' exists in Revised only. Skip it for hierarchical comparison
// Warning: Module 'SNPS_CLOCK_GATE_HIGH_dsram_mydesign_0_mydesign_665' exists in Revised only. Skip it for hierarchical comparison
// Warning: Module 'SNPS_CLOCK_GATE_HIGH_dsram_mydesign_0_mydesign_666' exists in Revised only. Skip it for hierarchical comparison
// Warning: Module 'SNPS_CLOCK_GATE_HIGH_dsram_mydesign_0_mydesign_667' exists in Revised only. Skip it for hierarchical comparison
// Warning: Module 'SNPS_CLOCK_GATE_HIGH_dsram_mydesign_0_mydesign_668' exists in Revised only. Skip it for hierarchical comparison
// Warning: Module 'SNPS_CLOCK_GATE_HIGH_dsram_mydesign_0_mydesign_669' exists in Revised only. Skip it for hierarchical comparison
// Warning: Module 'SNPS_CLOCK_GATE_HIGH_dsram_mydesign_0_mydesign_670' exists in Revised only. Skip it for hierarchical comparison
// Warning: Module 'SNPS_CLOCK_GATE_HIGH_dsram_mydesign_0_mydesign_671' exists in Revised only. Skip it for hierarchical comparison
// Warning: Module 'SNPS_CLOCK_GATE_HIGH_dsram_mydesign_0_mydesign_672' exists in Revised only. Skip it for hierarchical comparison
// Warning: Module 'SNPS_CLOCK_GATE_HIGH_dsram_mydesign_0_mydesign_673' exists in Revised only. Skip it for hierarchical comparison
// Warning: Module 'SNPS_CLOCK_GATE_HIGH_dsram_mydesign_0_mydesign_674' exists in Revised only. Skip it for hierarchical comparison
// Warning: Module 'SNPS_CLOCK_GATE_HIGH_dsram_mydesign_0_mydesign_675' exists in Revised only. Skip it for hierarchical comparison
// Warning: Module 'SNPS_CLOCK_GATE_HIGH_dsram_mydesign_0_mydesign_676' exists in Revised only. Skip it for hierarchical comparison
// Warning: Module 'SNPS_CLOCK_GATE_HIGH_dsram_mydesign_0_mydesign_677' exists in Revised only. Skip it for hierarchical comparison
// Warning: Module 'SNPS_CLOCK_GATE_HIGH_dsram_mydesign_0_mydesign_678' exists in Revised only. Skip it for hierarchical comparison
// Warning: Module 'SNPS_CLOCK_GATE_HIGH_dsram_mydesign_0_mydesign_679' exists in Revised only. Skip it for hierarchical comparison
// Warning: Module 'SNPS_CLOCK_GATE_HIGH_dsram_mydesign_0_mydesign_680' exists in Revised only. Skip it for hierarchical comparison
// Warning: Module 'SNPS_CLOCK_GATE_HIGH_dsram_mydesign_0_mydesign_681' exists in Revised only. Skip it for hierarchical comparison
// Warning: Module 'SNPS_CLOCK_GATE_HIGH_dsram_mydesign_0_mydesign_682' exists in Revised only. Skip it for hierarchical comparison
// Warning: Module 'SNPS_CLOCK_GATE_HIGH_dsram_mydesign_0_mydesign_683' exists in Revised only. Skip it for hierarchical comparison
// Warning: Module 'SNPS_CLOCK_GATE_HIGH_dsram_mydesign_0_mydesign_684' exists in Revised only. Skip it for hierarchical comparison
// Warning: Module 'SNPS_CLOCK_GATE_HIGH_dsram_mydesign_0_mydesign_685' exists in Revised only. Skip it for hierarchical comparison
// Warning: Module 'SNPS_CLOCK_GATE_HIGH_dsram_mydesign_0_mydesign_686' exists in Revised only. Skip it for hierarchical comparison
// Warning: Module 'SNPS_CLOCK_GATE_HIGH_dsram_mydesign_0_mydesign_687' exists in Revised only. Skip it for hierarchical comparison
// Warning: Module 'SNPS_CLOCK_GATE_HIGH_dsram_mydesign_0_mydesign_688' exists in Revised only. Skip it for hierarchical comparison
// Warning: Module 'SNPS_CLOCK_GATE_HIGH_dsram_mydesign_0_mydesign_689' exists in Revised only. Skip it for hierarchical comparison
// Warning: Module 'SNPS_CLOCK_GATE_HIGH_dsram_mydesign_0_mydesign_690' exists in Revised only. Skip it for hierarchical comparison
// Warning: Module 'SNPS_CLOCK_GATE_HIGH_dsram_mydesign_0_mydesign_691' exists in Revised only. Skip it for hierarchical comparison
// Warning: Module 'SNPS_CLOCK_GATE_HIGH_dsram_mydesign_0_mydesign_692' exists in Revised only. Skip it for hierarchical comparison
// Warning: Module 'SNPS_CLOCK_GATE_HIGH_dsram_mydesign_0_mydesign_693' exists in Revised only. Skip it for hierarchical comparison
// Warning: Module 'SNPS_CLOCK_GATE_HIGH_dsram_mydesign_0_mydesign_694' exists in Revised only. Skip it for hierarchical comparison
// Warning: Module 'SNPS_CLOCK_GATE_HIGH_dsram_mydesign_0_mydesign_695' exists in Revised only. Skip it for hierarchical comparison
// Warning: Module 'SNPS_CLOCK_GATE_HIGH_dsram_mydesign_0_mydesign_696' exists in Revised only. Skip it for hierarchical comparison
// Warning: Module 'SNPS_CLOCK_GATE_HIGH_dsram_mydesign_0_mydesign_697' exists in Revised only. Skip it for hierarchical comparison
// Warning: Module 'SNPS_CLOCK_GATE_HIGH_dsram_mydesign_0_mydesign_698' exists in Revised only. Skip it for hierarchical comparison
// Warning: Module 'SNPS_CLOCK_GATE_HIGH_dsram_mydesign_0_mydesign_699' exists in Revised only. Skip it for hierarchical comparison
// Warning: Module 'SNPS_CLOCK_GATE_HIGH_dsram_mydesign_0_mydesign_700' exists in Revised only. Skip it for hierarchical comparison
// Warning: Module 'SNPS_CLOCK_GATE_HIGH_dsram_mydesign_0_mydesign_701' exists in Revised only. Skip it for hierarchical comparison
// Warning: Module 'SNPS_CLOCK_GATE_HIGH_dsram_mydesign_0_mydesign_702' exists in Revised only. Skip it for hierarchical comparison
// Warning: Module 'SNPS_CLOCK_GATE_HIGH_dsram_mydesign_0_mydesign_703' exists in Revised only. Skip it for hierarchical comparison
// Warning: Module 'SNPS_CLOCK_GATE_HIGH_dsram_mydesign_0_mydesign_704' exists in Revised only. Skip it for hierarchical comparison
// Warning: Module 'SNPS_CLOCK_GATE_HIGH_dsram_mydesign_0_mydesign_705' exists in Revised only. Skip it for hierarchical comparison
// Warning: Module 'SNPS_CLOCK_GATE_HIGH_dsram_mydesign_0_mydesign_706' exists in Revised only. Skip it for hierarchical comparison
// Warning: Module 'SNPS_CLOCK_GATE_HIGH_dsram_mydesign_0_mydesign_707' exists in Revised only. Skip it for hierarchical comparison
// Warning: Module 'SNPS_CLOCK_GATE_HIGH_dsram_mydesign_0_mydesign_708' exists in Revised only. Skip it for hierarchical comparison
// Warning: Module 'SNPS_CLOCK_GATE_HIGH_dsram_mydesign_0_mydesign_709' exists in Revised only. Skip it for hierarchical comparison
// Warning: Module 'SNPS_CLOCK_GATE_HIGH_dsram_mydesign_0_mydesign_710' exists in Revised only. Skip it for hierarchical comparison
// Warning: Module 'SNPS_CLOCK_GATE_HIGH_dsram_mydesign_0_mydesign_711' exists in Revised only. Skip it for hierarchical comparison
// Warning: Module 'SNPS_CLOCK_GATE_HIGH_dsram_mydesign_0_mydesign_712' exists in Revised only. Skip it for hierarchical comparison
// Warning: Module 'SNPS_CLOCK_GATE_HIGH_dsram_mydesign_0_mydesign_713' exists in Revised only. Skip it for hierarchical comparison
// Warning: Module 'SNPS_CLOCK_GATE_HIGH_dsram_mydesign_0_mydesign_714' exists in Revised only. Skip it for hierarchical comparison
// Warning: Module 'SNPS_CLOCK_GATE_HIGH_dsram_mydesign_0_mydesign_715' exists in Revised only. Skip it for hierarchical comparison
// Warning: Module 'SNPS_CLOCK_GATE_HIGH_dsram_mydesign_0_mydesign_716' exists in Revised only. Skip it for hierarchical comparison
// Warning: Module 'SNPS_CLOCK_GATE_HIGH_dsram_mydesign_0_mydesign_717' exists in Revised only. Skip it for hierarchical comparison
// Warning: Module 'SNPS_CLOCK_GATE_HIGH_dsram_mydesign_0_mydesign_718' exists in Revised only. Skip it for hierarchical comparison
// Warning: Module 'SNPS_CLOCK_GATE_HIGH_dsram_mydesign_0_mydesign_719' exists in Revised only. Skip it for hierarchical comparison
// Warning: Module 'SNPS_CLOCK_GATE_HIGH_dsram_mydesign_0_mydesign_720' exists in Revised only. Skip it for hierarchical comparison
// Warning: Module 'SNPS_CLOCK_GATE_HIGH_dsram_mydesign_0_mydesign_721' exists in Revised only. Skip it for hierarchical comparison
// Warning: Module 'SNPS_CLOCK_GATE_HIGH_dsram_mydesign_0_mydesign_722' exists in Revised only. Skip it for hierarchical comparison
// Warning: Module 'SNPS_CLOCK_GATE_HIGH_dsram_mydesign_0_mydesign_723' exists in Revised only. Skip it for hierarchical comparison
// Warning: Module 'SNPS_CLOCK_GATE_HIGH_dsram_mydesign_0_mydesign_724' exists in Revised only. Skip it for hierarchical comparison
// Warning: Module 'SNPS_CLOCK_GATE_HIGH_dsram_mydesign_0_mydesign_725' exists in Revised only. Skip it for hierarchical comparison
// Warning: Module 'SNPS_CLOCK_GATE_HIGH_dsram_mydesign_0_mydesign_726' exists in Revised only. Skip it for hierarchical comparison
// Warning: Module 'SNPS_CLOCK_GATE_HIGH_dsram_mydesign_0_mydesign_727' exists in Revised only. Skip it for hierarchical comparison
// Warning: Module 'SNPS_CLOCK_GATE_HIGH_dsram_mydesign_0_mydesign_728' exists in Revised only. Skip it for hierarchical comparison
// Warning: Module 'SNPS_CLOCK_GATE_HIGH_dsram_mydesign_0_mydesign_729' exists in Revised only. Skip it for hierarchical comparison
// Warning: Module 'SNPS_CLOCK_GATE_HIGH_dsram_mydesign_0_mydesign_730' exists in Revised only. Skip it for hierarchical comparison
// Warning: Module 'SNPS_CLOCK_GATE_HIGH_dsram_mydesign_0_mydesign_731' exists in Revised only. Skip it for hierarchical comparison
// Warning: Module 'SNPS_CLOCK_GATE_HIGH_dsram_mydesign_0_mydesign_732' exists in Revised only. Skip it for hierarchical comparison
// Warning: Module 'SNPS_CLOCK_GATE_HIGH_dsram_mydesign_0_mydesign_733' exists in Revised only. Skip it for hierarchical comparison
// Warning: Module 'SNPS_CLOCK_GATE_HIGH_dsram_mydesign_0_mydesign_734' exists in Revised only. Skip it for hierarchical comparison
// Warning: Module 'SNPS_CLOCK_GATE_HIGH_dsram_mydesign_0_mydesign_735' exists in Revised only. Skip it for hierarchical comparison
// Warning: Module 'SNPS_CLOCK_GATE_HIGH_dsram_mydesign_0_mydesign_736' exists in Revised only. Skip it for hierarchical comparison
// Warning: Module 'SNPS_CLOCK_GATE_HIGH_dsram_mydesign_0_mydesign_737' exists in Revised only. Skip it for hierarchical comparison
// Warning: Module 'SNPS_CLOCK_GATE_HIGH_dsram_mydesign_0_mydesign_738' exists in Revised only. Skip it for hierarchical comparison
// Warning: Module 'SNPS_CLOCK_GATE_HIGH_dsram_mydesign_0_mydesign_739' exists in Revised only. Skip it for hierarchical comparison
// Warning: Module 'SNPS_CLOCK_GATE_HIGH_dsram_mydesign_0_mydesign_740' exists in Revised only. Skip it for hierarchical comparison
// Warning: Module 'SNPS_CLOCK_GATE_HIGH_dsram_mydesign_0_mydesign_741' exists in Revised only. Skip it for hierarchical comparison
// Warning: Module 'SNPS_CLOCK_GATE_HIGH_dsram_mydesign_0_mydesign_742' exists in Revised only. Skip it for hierarchical comparison
// Warning: Module 'SNPS_CLOCK_GATE_HIGH_dsram_mydesign_0_mydesign_743' exists in Revised only. Skip it for hierarchical comparison
// Warning: Module 'SNPS_CLOCK_GATE_HIGH_dsram_mydesign_0_mydesign_744' exists in Revised only. Skip it for hierarchical comparison
// Warning: Module 'SNPS_CLOCK_GATE_HIGH_dsram_mydesign_0_mydesign_745' exists in Revised only. Skip it for hierarchical comparison
// Warning: Module 'SNPS_CLOCK_GATE_HIGH_dsram_mydesign_0_mydesign_746' exists in Revised only. Skip it for hierarchical comparison
// Warning: Module 'SNPS_CLOCK_GATE_HIGH_dsram_mydesign_0_mydesign_747' exists in Revised only. Skip it for hierarchical comparison
// Warning: Module 'SNPS_CLOCK_GATE_HIGH_dsram_mydesign_0_mydesign_748' exists in Revised only. Skip it for hierarchical comparison
// Warning: Module 'SNPS_CLOCK_GATE_HIGH_dsram_mydesign_0_mydesign_749' exists in Revised only. Skip it for hierarchical comparison
// Warning: Module 'SNPS_CLOCK_GATE_HIGH_dsram_mydesign_0_mydesign_750' exists in Revised only. Skip it for hierarchical comparison
// Warning: Module 'SNPS_CLOCK_GATE_HIGH_dsram_mydesign_0_mydesign_751' exists in Revised only. Skip it for hierarchical comparison
// Warning: Module 'SNPS_CLOCK_GATE_HIGH_dsram_mydesign_0_mydesign_752' exists in Revised only. Skip it for hierarchical comparison
// Warning: Module 'SNPS_CLOCK_GATE_HIGH_dsram_mydesign_0_mydesign_753' exists in Revised only. Skip it for hierarchical comparison
// Warning: Module 'SNPS_CLOCK_GATE_HIGH_dsram_mydesign_0_mydesign_754' exists in Revised only. Skip it for hierarchical comparison
// Warning: Module 'SNPS_CLOCK_GATE_HIGH_dsram_mydesign_0_mydesign_755' exists in Revised only. Skip it for hierarchical comparison
// Warning: Module 'SNPS_CLOCK_GATE_HIGH_dsram_mydesign_0_mydesign_756' exists in Revised only. Skip it for hierarchical comparison
// Warning: Module 'SNPS_CLOCK_GATE_HIGH_dsram_mydesign_0_mydesign_757' exists in Revised only. Skip it for hierarchical comparison
// Warning: Module 'SNPS_CLOCK_GATE_HIGH_dsram_mydesign_0_mydesign_758' exists in Revised only. Skip it for hierarchical comparison
// Warning: Module 'SNPS_CLOCK_GATE_HIGH_dsram_mydesign_0_mydesign_759' exists in Revised only. Skip it for hierarchical comparison
// Warning: Module 'SNPS_CLOCK_GATE_HIGH_dsram_mydesign_0_mydesign_760' exists in Revised only. Skip it for hierarchical comparison
// Warning: Module 'SNPS_CLOCK_GATE_HIGH_dsram_mydesign_0_mydesign_761' exists in Revised only. Skip it for hierarchical comparison
// Warning: Module 'SNPS_CLOCK_GATE_HIGH_dsram_mydesign_0_mydesign_762' exists in Revised only. Skip it for hierarchical comparison
// Warning: Module 'SNPS_CLOCK_GATE_HIGH_dsram_mydesign_0_mydesign_763' exists in Revised only. Skip it for hierarchical comparison
// Warning: Module 'SNPS_CLOCK_GATE_HIGH_dsram_mydesign_0_mydesign_764' exists in Revised only. Skip it for hierarchical comparison
// Warning: Module 'SNPS_CLOCK_GATE_HIGH_dsram_mydesign_0_mydesign_765' exists in Revised only. Skip it for hierarchical comparison
// Warning: Module 'SNPS_CLOCK_GATE_HIGH_dsram_mydesign_0_mydesign_766' exists in Revised only. Skip it for hierarchical comparison
// Warning: Module 'SNPS_CLOCK_GATE_HIGH_dsram_mydesign_0_mydesign_767' exists in Revised only. Skip it for hierarchical comparison
// Warning: Module 'SNPS_CLOCK_GATE_HIGH_dsram_mydesign_0_mydesign_768' exists in Revised only. Skip it for hierarchical comparison
// Warning: Module 'SNPS_CLOCK_GATE_HIGH_dsram_mydesign_0_mydesign_769' exists in Revised only. Skip it for hierarchical comparison
// Warning: Module 'SNPS_CLOCK_GATE_HIGH_dsram_mydesign_0_mydesign_770' exists in Revised only. Skip it for hierarchical comparison
// Warning: Module 'SNPS_CLOCK_GATE_HIGH_dsram_mydesign_0_mydesign_771' exists in Revised only. Skip it for hierarchical comparison
// Warning: Module 'SNPS_CLOCK_GATE_HIGH_dsram_mydesign_0_mydesign_772' exists in Revised only. Skip it for hierarchical comparison
// Warning: Module 'SNPS_CLOCK_GATE_HIGH_dsram_mydesign_0_mydesign_773' exists in Revised only. Skip it for hierarchical comparison
// Warning: Module 'SNPS_CLOCK_GATE_HIGH_dsram_mydesign_0_mydesign_774' exists in Revised only. Skip it for hierarchical comparison
// Warning: Module 'SNPS_CLOCK_GATE_HIGH_dsram_mydesign_0_mydesign_775' exists in Revised only. Skip it for hierarchical comparison
// Warning: Module 'SNPS_CLOCK_GATE_HIGH_dsram_mydesign_0_mydesign_776' exists in Revised only. Skip it for hierarchical comparison
// Warning: Module 'SNPS_CLOCK_GATE_HIGH_dsram_mydesign_0_mydesign_777' exists in Revised only. Skip it for hierarchical comparison
// Warning: Module 'SNPS_CLOCK_GATE_HIGH_dsram_mydesign_0_mydesign_778' exists in Revised only. Skip it for hierarchical comparison
// Warning: Module 'SNPS_CLOCK_GATE_HIGH_dsram_mydesign_0_mydesign_779' exists in Revised only. Skip it for hierarchical comparison
// Warning: Module 'SNPS_CLOCK_GATE_HIGH_dsram_mydesign_0_mydesign_780' exists in Revised only. Skip it for hierarchical comparison
// Warning: Module 'SNPS_CLOCK_GATE_HIGH_dsram_mydesign_0_mydesign_781' exists in Revised only. Skip it for hierarchical comparison
// Warning: Module 'SNPS_CLOCK_GATE_HIGH_dsram_mydesign_0_mydesign_782' exists in Revised only. Skip it for hierarchical comparison
// Warning: Module 'SNPS_CLOCK_GATE_HIGH_dsram_mydesign_0_mydesign_783' exists in Revised only. Skip it for hierarchical comparison
// Warning: Module 'SNPS_CLOCK_GATE_HIGH_dsram_mydesign_0_mydesign_784' exists in Revised only. Skip it for hierarchical comparison
// Warning: Module 'SNPS_CLOCK_GATE_HIGH_dsram_mydesign_0_mydesign_785' exists in Revised only. Skip it for hierarchical comparison
// Warning: Module 'SNPS_CLOCK_GATE_HIGH_dsram_mydesign_0_mydesign_786' exists in Revised only. Skip it for hierarchical comparison
// Warning: Module 'SNPS_CLOCK_GATE_HIGH_dsram_mydesign_0_mydesign_787' exists in Revised only. Skip it for hierarchical comparison
// Warning: Module 'SNPS_CLOCK_GATE_HIGH_dsram_mydesign_0_mydesign_788' exists in Revised only. Skip it for hierarchical comparison
// Warning: Module 'SNPS_CLOCK_GATE_HIGH_dsram_mydesign_0_mydesign_789' exists in Revised only. Skip it for hierarchical comparison
// Warning: Module 'SNPS_CLOCK_GATE_HIGH_dsram_mydesign_0_mydesign_790' exists in Revised only. Skip it for hierarchical comparison
// Warning: Module 'SNPS_CLOCK_GATE_HIGH_dsram_mydesign_0_mydesign_791' exists in Revised only. Skip it for hierarchical comparison
// Warning: Module 'SNPS_CLOCK_GATE_HIGH_dsram_mydesign_0_mydesign_792' exists in Revised only. Skip it for hierarchical comparison
// Warning: Module 'SNPS_CLOCK_GATE_HIGH_dsram_mydesign_0_mydesign_793' exists in Revised only. Skip it for hierarchical comparison
// Warning: Module 'SNPS_CLOCK_GATE_HIGH_dsram_mydesign_0_mydesign_794' exists in Revised only. Skip it for hierarchical comparison
// Warning: Module 'SNPS_CLOCK_GATE_HIGH_dsram_mydesign_0_mydesign_795' exists in Revised only. Skip it for hierarchical comparison
// Warning: Module 'SNPS_CLOCK_GATE_HIGH_dsram_mydesign_0_mydesign_796' exists in Revised only. Skip it for hierarchical comparison
// Warning: Module 'SNPS_CLOCK_GATE_HIGH_dsram_mydesign_0_mydesign_797' exists in Revised only. Skip it for hierarchical comparison
// Warning: Module 'SNPS_CLOCK_GATE_HIGH_dsram_mydesign_0_mydesign_798' exists in Revised only. Skip it for hierarchical comparison
// Warning: Module 'SNPS_CLOCK_GATE_HIGH_dsram_mydesign_0_mydesign_799' exists in Revised only. Skip it for hierarchical comparison
// Warning: Module 'SNPS_CLOCK_GATE_HIGH_dsram_mydesign_0_mydesign_800' exists in Revised only. Skip it for hierarchical comparison
// Warning: Module 'SNPS_CLOCK_GATE_HIGH_dsram_mydesign_0_mydesign_801' exists in Revised only. Skip it for hierarchical comparison
// Warning: Module 'SNPS_CLOCK_GATE_HIGH_dsram_mydesign_0_mydesign_802' exists in Revised only. Skip it for hierarchical comparison
// Warning: Module 'SNPS_CLOCK_GATE_HIGH_dsram_mydesign_0_mydesign_803' exists in Revised only. Skip it for hierarchical comparison
// Warning: Module 'SNPS_CLOCK_GATE_HIGH_dsram_mydesign_0_mydesign_804' exists in Revised only. Skip it for hierarchical comparison
// Warning: Module 'SNPS_CLOCK_GATE_HIGH_dsram_mydesign_0_mydesign_805' exists in Revised only. Skip it for hierarchical comparison
// Warning: Module 'SNPS_CLOCK_GATE_HIGH_dsram_mydesign_0_mydesign_806' exists in Revised only. Skip it for hierarchical comparison
// Warning: Module 'SNPS_CLOCK_GATE_HIGH_dsram_mydesign_0_mydesign_807' exists in Revised only. Skip it for hierarchical comparison
// Warning: Module 'SNPS_CLOCK_GATE_HIGH_dsram_mydesign_0_mydesign_808' exists in Revised only. Skip it for hierarchical comparison
// Warning: Module 'SNPS_CLOCK_GATE_HIGH_dsram_mydesign_0_mydesign_809' exists in Revised only. Skip it for hierarchical comparison
// Warning: Module 'SNPS_CLOCK_GATE_HIGH_dsram_mydesign_0_mydesign_810' exists in Revised only. Skip it for hierarchical comparison
// Warning: Module 'SNPS_CLOCK_GATE_HIGH_dsram_mydesign_0_mydesign_811' exists in Revised only. Skip it for hierarchical comparison
// Warning: Module 'SNPS_CLOCK_GATE_HIGH_dsram_mydesign_0_mydesign_812' exists in Revised only. Skip it for hierarchical comparison
// Warning: Module 'SNPS_CLOCK_GATE_HIGH_dsram_mydesign_0_mydesign_813' exists in Revised only. Skip it for hierarchical comparison
// Warning: Module 'SNPS_CLOCK_GATE_HIGH_dsram_mydesign_0_mydesign_814' exists in Revised only. Skip it for hierarchical comparison
// Warning: Module 'SNPS_CLOCK_GATE_HIGH_dsram_mydesign_0_mydesign_815' exists in Revised only. Skip it for hierarchical comparison
// Warning: Module 'SNPS_CLOCK_GATE_HIGH_dsram_mydesign_0_mydesign_816' exists in Revised only. Skip it for hierarchical comparison
// Warning: Module 'SNPS_CLOCK_GATE_HIGH_dsram_mydesign_0_mydesign_817' exists in Revised only. Skip it for hierarchical comparison
// Warning: Module 'SNPS_CLOCK_GATE_HIGH_dsram_mydesign_0_mydesign_818' exists in Revised only. Skip it for hierarchical comparison
// Warning: Module 'SNPS_CLOCK_GATE_HIGH_dsram_mydesign_0_mydesign_819' exists in Revised only. Skip it for hierarchical comparison
// Warning: Module 'SNPS_CLOCK_GATE_HIGH_dsram_mydesign_0_mydesign_820' exists in Revised only. Skip it for hierarchical comparison
// Warning: Module 'SNPS_CLOCK_GATE_HIGH_dsram_mydesign_0_mydesign_821' exists in Revised only. Skip it for hierarchical comparison
// Warning: Module 'SNPS_CLOCK_GATE_HIGH_dsram_mydesign_0_mydesign_822' exists in Revised only. Skip it for hierarchical comparison
// Warning: Module 'SNPS_CLOCK_GATE_HIGH_dsram_mydesign_0_mydesign_823' exists in Revised only. Skip it for hierarchical comparison
// Warning: Module 'SNPS_CLOCK_GATE_HIGH_dsram_mydesign_0_mydesign_824' exists in Revised only. Skip it for hierarchical comparison
// Warning: Module 'SNPS_CLOCK_GATE_HIGH_dsram_mydesign_0_mydesign_825' exists in Revised only. Skip it for hierarchical comparison
// Warning: Module 'SNPS_CLOCK_GATE_HIGH_dsram_mydesign_0_mydesign_826' exists in Revised only. Skip it for hierarchical comparison
// Warning: Module 'SNPS_CLOCK_GATE_HIGH_dsram_mydesign_0_mydesign_827' exists in Revised only. Skip it for hierarchical comparison
// Warning: Module 'SNPS_CLOCK_GATE_HIGH_dsram_mydesign_0_mydesign_828' exists in Revised only. Skip it for hierarchical comparison
// Warning: Module 'SNPS_CLOCK_GATE_HIGH_dsram_mydesign_0_mydesign_829' exists in Revised only. Skip it for hierarchical comparison
// Warning: Module 'SNPS_CLOCK_GATE_HIGH_dsram_mydesign_0_mydesign_830' exists in Revised only. Skip it for hierarchical comparison
// Warning: Module 'SNPS_CLOCK_GATE_HIGH_dsram_mydesign_0_mydesign_831' exists in Revised only. Skip it for hierarchical comparison
// Warning: Module 'SNPS_CLOCK_GATE_HIGH_dsram_mydesign_0_mydesign_832' exists in Revised only. Skip it for hierarchical comparison
// Warning: Module 'SNPS_CLOCK_GATE_HIGH_dsram_mydesign_0_mydesign_833' exists in Revised only. Skip it for hierarchical comparison
// Warning: Module 'SNPS_CLOCK_GATE_HIGH_dsram_mydesign_0_mydesign_834' exists in Revised only. Skip it for hierarchical comparison
// Warning: Module 'SNPS_CLOCK_GATE_HIGH_dsram_mydesign_0_mydesign_835' exists in Revised only. Skip it for hierarchical comparison
// Warning: Module 'SNPS_CLOCK_GATE_HIGH_dsram_mydesign_0_mydesign_836' exists in Revised only. Skip it for hierarchical comparison
// Warning: Module 'SNPS_CLOCK_GATE_HIGH_dsram_mydesign_0_mydesign_837' exists in Revised only. Skip it for hierarchical comparison
// Warning: Module 'SNPS_CLOCK_GATE_HIGH_dsram_mydesign_0_mydesign_838' exists in Revised only. Skip it for hierarchical comparison
// Warning: Module 'SNPS_CLOCK_GATE_HIGH_dsram_mydesign_0_mydesign_839' exists in Revised only. Skip it for hierarchical comparison
// Warning: Module 'SNPS_CLOCK_GATE_HIGH_dsram_mydesign_0_mydesign_840' exists in Revised only. Skip it for hierarchical comparison
// Warning: Module 'SNPS_CLOCK_GATE_HIGH_dsram_mydesign_0_mydesign_841' exists in Revised only. Skip it for hierarchical comparison
// Warning: Module 'SNPS_CLOCK_GATE_HIGH_dsram_mydesign_0_mydesign_842' exists in Revised only. Skip it for hierarchical comparison
// Warning: Module 'SNPS_CLOCK_GATE_HIGH_dsram_mydesign_0_mydesign_843' exists in Revised only. Skip it for hierarchical comparison
// Warning: Module 'SNPS_CLOCK_GATE_HIGH_dsram_mydesign_0_mydesign_844' exists in Revised only. Skip it for hierarchical comparison
// Warning: Module 'SNPS_CLOCK_GATE_HIGH_dsram_mydesign_0_mydesign_845' exists in Revised only. Skip it for hierarchical comparison
// Warning: Module 'SNPS_CLOCK_GATE_HIGH_dsram_mydesign_0_mydesign_846' exists in Revised only. Skip it for hierarchical comparison
// Warning: Module 'SNPS_CLOCK_GATE_HIGH_dsram_mydesign_0_mydesign_847' exists in Revised only. Skip it for hierarchical comparison
// Warning: Module 'SNPS_CLOCK_GATE_HIGH_dsram_mydesign_0_mydesign_848' exists in Revised only. Skip it for hierarchical comparison
// Warning: Module 'SNPS_CLOCK_GATE_HIGH_dsram_mydesign_0_mydesign_849' exists in Revised only. Skip it for hierarchical comparison
// Warning: Module 'SNPS_CLOCK_GATE_HIGH_dsram_mydesign_0_mydesign_850' exists in Revised only. Skip it for hierarchical comparison
// Warning: Module 'SNPS_CLOCK_GATE_HIGH_dsram_mydesign_0_mydesign_851' exists in Revised only. Skip it for hierarchical comparison
// Warning: Module 'SNPS_CLOCK_GATE_HIGH_dsram_mydesign_0_mydesign_852' exists in Revised only. Skip it for hierarchical comparison
// Warning: Module 'SNPS_CLOCK_GATE_HIGH_dsram_mydesign_0_mydesign_853' exists in Revised only. Skip it for hierarchical comparison
// Warning: Module 'SNPS_CLOCK_GATE_HIGH_dsram_mydesign_0_mydesign_854' exists in Revised only. Skip it for hierarchical comparison
// Warning: Module 'SNPS_CLOCK_GATE_HIGH_dsram_mydesign_0_mydesign_855' exists in Revised only. Skip it for hierarchical comparison
// Warning: Module 'SNPS_CLOCK_GATE_HIGH_dsram_mydesign_0_mydesign_856' exists in Revised only. Skip it for hierarchical comparison
// Warning: Module 'SNPS_CLOCK_GATE_HIGH_dsram_mydesign_0_mydesign_857' exists in Revised only. Skip it for hierarchical comparison
// Warning: Module 'SNPS_CLOCK_GATE_HIGH_dsram_mydesign_0_mydesign_858' exists in Revised only. Skip it for hierarchical comparison
// Warning: Module 'SNPS_CLOCK_GATE_HIGH_dsram_mydesign_0_mydesign_859' exists in Revised only. Skip it for hierarchical comparison
// Warning: Module 'SNPS_CLOCK_GATE_HIGH_dsram_mydesign_0_mydesign_860' exists in Revised only. Skip it for hierarchical comparison
// Warning: Module 'SNPS_CLOCK_GATE_HIGH_dsram_mydesign_0_mydesign_861' exists in Revised only. Skip it for hierarchical comparison
// Warning: Module 'SNPS_CLOCK_GATE_HIGH_dsram_mydesign_0_mydesign_862' exists in Revised only. Skip it for hierarchical comparison
// Warning: Module 'SNPS_CLOCK_GATE_HIGH_dsram_mydesign_0_mydesign_863' exists in Revised only. Skip it for hierarchical comparison
// Warning: Module 'SNPS_CLOCK_GATE_HIGH_dsram_mydesign_0_mydesign_864' exists in Revised only. Skip it for hierarchical comparison
// Warning: Module 'SNPS_CLOCK_GATE_HIGH_dsram_mydesign_0_mydesign_865' exists in Revised only. Skip it for hierarchical comparison
// Warning: Module 'SNPS_CLOCK_GATE_HIGH_dsram_mydesign_0_mydesign_866' exists in Revised only. Skip it for hierarchical comparison
// Warning: Module 'SNPS_CLOCK_GATE_HIGH_dsram_mydesign_0_mydesign_867' exists in Revised only. Skip it for hierarchical comparison
// Warning: Module 'SNPS_CLOCK_GATE_HIGH_dsram_mydesign_0_mydesign_868' exists in Revised only. Skip it for hierarchical comparison
// Warning: Module 'SNPS_CLOCK_GATE_HIGH_dsram_mydesign_0_mydesign_869' exists in Revised only. Skip it for hierarchical comparison
// Warning: Module 'SNPS_CLOCK_GATE_HIGH_dsram_mydesign_0_mydesign_870' exists in Revised only. Skip it for hierarchical comparison
// Warning: Module 'SNPS_CLOCK_GATE_HIGH_dsram_mydesign_0_mydesign_871' exists in Revised only. Skip it for hierarchical comparison
// Warning: Module 'SNPS_CLOCK_GATE_HIGH_dsram_mydesign_0_mydesign_872' exists in Revised only. Skip it for hierarchical comparison
// Warning: Module 'SNPS_CLOCK_GATE_HIGH_dsram_mydesign_0_mydesign_873' exists in Revised only. Skip it for hierarchical comparison
// Warning: Module 'SNPS_CLOCK_GATE_HIGH_dsram_mydesign_0_mydesign_874' exists in Revised only. Skip it for hierarchical comparison
// Warning: Module 'SNPS_CLOCK_GATE_HIGH_dsram_mydesign_0_mydesign_875' exists in Revised only. Skip it for hierarchical comparison
// Warning: Module 'SNPS_CLOCK_GATE_HIGH_dsram_mydesign_0_mydesign_876' exists in Revised only. Skip it for hierarchical comparison
// Warning: Module 'SNPS_CLOCK_GATE_HIGH_dsram_mydesign_0_mydesign_877' exists in Revised only. Skip it for hierarchical comparison
// Warning: Module 'SNPS_CLOCK_GATE_HIGH_dsram_mydesign_0_mydesign_878' exists in Revised only. Skip it for hierarchical comparison
// Warning: Module 'SNPS_CLOCK_GATE_HIGH_dsram_mydesign_0_mydesign_879' exists in Revised only. Skip it for hierarchical comparison
// Warning: Module 'SNPS_CLOCK_GATE_HIGH_dsram_mydesign_0_mydesign_880' exists in Revised only. Skip it for hierarchical comparison
// Warning: Module 'SNPS_CLOCK_GATE_HIGH_dsram_mydesign_0_mydesign_881' exists in Revised only. Skip it for hierarchical comparison
// Warning: Module 'SNPS_CLOCK_GATE_HIGH_dsram_mydesign_0_mydesign_882' exists in Revised only. Skip it for hierarchical comparison
// Warning: Module 'SNPS_CLOCK_GATE_HIGH_dsram_mydesign_0_mydesign_883' exists in Revised only. Skip it for hierarchical comparison
// Warning: Module 'SNPS_CLOCK_GATE_HIGH_dsram_mydesign_0_mydesign_884' exists in Revised only. Skip it for hierarchical comparison
// Warning: Module 'SNPS_CLOCK_GATE_HIGH_dsram_mydesign_0_mydesign_885' exists in Revised only. Skip it for hierarchical comparison
// Warning: Module 'SNPS_CLOCK_GATE_HIGH_dsram_mydesign_0_mydesign_886' exists in Revised only. Skip it for hierarchical comparison
// Warning: Module 'SNPS_CLOCK_GATE_HIGH_dsram_mydesign_0_mydesign_887' exists in Revised only. Skip it for hierarchical comparison
// Warning: Module 'SNPS_CLOCK_GATE_HIGH_dsram_mydesign_0_mydesign_888' exists in Revised only. Skip it for hierarchical comparison
// Warning: Module 'SNPS_CLOCK_GATE_HIGH_dsram_mydesign_0_mydesign_889' exists in Revised only. Skip it for hierarchical comparison
// Warning: Module 'SNPS_CLOCK_GATE_HIGH_dsram_mydesign_0_mydesign_890' exists in Revised only. Skip it for hierarchical comparison
// Warning: Module 'SNPS_CLOCK_GATE_HIGH_dsram_mydesign_0_mydesign_891' exists in Revised only. Skip it for hierarchical comparison
// Warning: Module 'SNPS_CLOCK_GATE_HIGH_dsram_mydesign_0_mydesign_892' exists in Revised only. Skip it for hierarchical comparison
// Warning: Module 'SNPS_CLOCK_GATE_HIGH_dsram_mydesign_0_mydesign_893' exists in Revised only. Skip it for hierarchical comparison
// Warning: Module 'SNPS_CLOCK_GATE_HIGH_dsram_mydesign_0_mydesign_894' exists in Revised only. Skip it for hierarchical comparison
// Warning: Module 'SNPS_CLOCK_GATE_HIGH_dsram_mydesign_0_mydesign_895' exists in Revised only. Skip it for hierarchical comparison
// Warning: Module 'SNPS_CLOCK_GATE_HIGH_dsram_mydesign_0_mydesign_896' exists in Revised only. Skip it for hierarchical comparison
// Warning: Module 'SNPS_CLOCK_GATE_HIGH_dsram_mydesign_0_mydesign_897' exists in Revised only. Skip it for hierarchical comparison
// Warning: Module 'SNPS_CLOCK_GATE_HIGH_dsram_mydesign_0_mydesign_898' exists in Revised only. Skip it for hierarchical comparison
// Warning: Module 'SNPS_CLOCK_GATE_HIGH_dsram_mydesign_0_mydesign_899' exists in Revised only. Skip it for hierarchical comparison
// Warning: Module 'SNPS_CLOCK_GATE_HIGH_dsram_mydesign_0_mydesign_900' exists in Revised only. Skip it for hierarchical comparison
// Warning: Module 'SNPS_CLOCK_GATE_HIGH_dsram_mydesign_0_mydesign_901' exists in Revised only. Skip it for hierarchical comparison
// Warning: Module 'SNPS_CLOCK_GATE_HIGH_dsram_mydesign_0_mydesign_902' exists in Revised only. Skip it for hierarchical comparison
// Warning: Module 'SNPS_CLOCK_GATE_HIGH_dsram_mydesign_0_mydesign_903' exists in Revised only. Skip it for hierarchical comparison
// Warning: Module 'SNPS_CLOCK_GATE_HIGH_dsram_mydesign_0_mydesign_904' exists in Revised only. Skip it for hierarchical comparison
// Warning: Module 'SNPS_CLOCK_GATE_HIGH_dsram_mydesign_0_mydesign_905' exists in Revised only. Skip it for hierarchical comparison
// Warning: Module 'SNPS_CLOCK_GATE_HIGH_dsram_mydesign_0_mydesign_906' exists in Revised only. Skip it for hierarchical comparison
// Warning: Module 'SNPS_CLOCK_GATE_HIGH_dsram_mydesign_0_mydesign_907' exists in Revised only. Skip it for hierarchical comparison
// Warning: Module 'SNPS_CLOCK_GATE_HIGH_dsram_mydesign_0_mydesign_908' exists in Revised only. Skip it for hierarchical comparison
// Warning: Module 'SNPS_CLOCK_GATE_HIGH_dsram_mydesign_0_mydesign_909' exists in Revised only. Skip it for hierarchical comparison
// Warning: Module 'SNPS_CLOCK_GATE_HIGH_dsram_mydesign_0_mydesign_910' exists in Revised only. Skip it for hierarchical comparison
// Warning: Module 'SNPS_CLOCK_GATE_HIGH_dsram_mydesign_0_mydesign_911' exists in Revised only. Skip it for hierarchical comparison
// Warning: Module 'SNPS_CLOCK_GATE_HIGH_dsram_mydesign_0_mydesign_912' exists in Revised only. Skip it for hierarchical comparison
// Warning: Module 'SNPS_CLOCK_GATE_HIGH_dsram_mydesign_0_mydesign_913' exists in Revised only. Skip it for hierarchical comparison
// Warning: Module 'SNPS_CLOCK_GATE_HIGH_dsram_mydesign_0_mydesign_914' exists in Revised only. Skip it for hierarchical comparison
// Warning: Module 'SNPS_CLOCK_GATE_HIGH_dsram_mydesign_0_mydesign_915' exists in Revised only. Skip it for hierarchical comparison
// Warning: Module 'SNPS_CLOCK_GATE_HIGH_dsram_mydesign_0_mydesign_916' exists in Revised only. Skip it for hierarchical comparison
// Warning: Module 'SNPS_CLOCK_GATE_HIGH_dsram_mydesign_0_mydesign_917' exists in Revised only. Skip it for hierarchical comparison
// Warning: Module 'SNPS_CLOCK_GATE_HIGH_dsram_mydesign_0_mydesign_918' exists in Revised only. Skip it for hierarchical comparison
// Warning: Module 'SNPS_CLOCK_GATE_HIGH_dsram_mydesign_0_mydesign_919' exists in Revised only. Skip it for hierarchical comparison
// Warning: Module 'SNPS_CLOCK_GATE_HIGH_dsram_mydesign_0_mydesign_920' exists in Revised only. Skip it for hierarchical comparison
// Warning: Module 'SNPS_CLOCK_GATE_HIGH_dsram_mydesign_0_mydesign_921' exists in Revised only. Skip it for hierarchical comparison
// Warning: Module 'SNPS_CLOCK_GATE_HIGH_dsram_mydesign_0_mydesign_922' exists in Revised only. Skip it for hierarchical comparison
// Warning: Module 'SNPS_CLOCK_GATE_HIGH_dsram_mydesign_0_mydesign_923' exists in Revised only. Skip it for hierarchical comparison
// Warning: Module 'SNPS_CLOCK_GATE_HIGH_dsram_mydesign_0_mydesign_924' exists in Revised only. Skip it for hierarchical comparison
// Warning: Module 'SNPS_CLOCK_GATE_HIGH_dsram_mydesign_0_mydesign_925' exists in Revised only. Skip it for hierarchical comparison
// Warning: Module 'SNPS_CLOCK_GATE_HIGH_dsram_mydesign_0_mydesign_926' exists in Revised only. Skip it for hierarchical comparison
// Warning: Module 'SNPS_CLOCK_GATE_HIGH_dsram_mydesign_0_mydesign_927' exists in Revised only. Skip it for hierarchical comparison
// Warning: Module 'SNPS_CLOCK_GATE_HIGH_dsram_mydesign_0_mydesign_928' exists in Revised only. Skip it for hierarchical comparison
// Warning: Module 'SNPS_CLOCK_GATE_HIGH_dsram_mydesign_0_mydesign_929' exists in Revised only. Skip it for hierarchical comparison
// Warning: Module 'SNPS_CLOCK_GATE_HIGH_dsram_mydesign_0_mydesign_930' exists in Revised only. Skip it for hierarchical comparison
// Warning: Module 'SNPS_CLOCK_GATE_HIGH_dsram_mydesign_0_mydesign_931' exists in Revised only. Skip it for hierarchical comparison
// Warning: Module 'SNPS_CLOCK_GATE_HIGH_dsram_mydesign_0_mydesign_932' exists in Revised only. Skip it for hierarchical comparison
// Warning: Module 'SNPS_CLOCK_GATE_HIGH_dsram_mydesign_0_mydesign_933' exists in Revised only. Skip it for hierarchical comparison
// Warning: Module 'SNPS_CLOCK_GATE_HIGH_dsram_mydesign_0_mydesign_934' exists in Revised only. Skip it for hierarchical comparison
// Warning: Module 'SNPS_CLOCK_GATE_HIGH_dsram_mydesign_0_mydesign_935' exists in Revised only. Skip it for hierarchical comparison
// Warning: Module 'SNPS_CLOCK_GATE_HIGH_dsram_mydesign_0_mydesign_936' exists in Revised only. Skip it for hierarchical comparison
// Warning: Module 'SNPS_CLOCK_GATE_HIGH_dsram_mydesign_0_mydesign_937' exists in Revised only. Skip it for hierarchical comparison
// Warning: Module 'SNPS_CLOCK_GATE_HIGH_dsram_mydesign_0_mydesign_938' exists in Revised only. Skip it for hierarchical comparison
// Warning: Module 'SNPS_CLOCK_GATE_HIGH_dsram_mydesign_0_mydesign_939' exists in Revised only. Skip it for hierarchical comparison
// Warning: Module 'SNPS_CLOCK_GATE_HIGH_dsram_mydesign_0_mydesign_940' exists in Revised only. Skip it for hierarchical comparison
// Warning: Module 'SNPS_CLOCK_GATE_HIGH_dsram_mydesign_0_mydesign_941' exists in Revised only. Skip it for hierarchical comparison
// Warning: Module 'SNPS_CLOCK_GATE_HIGH_dsram_mydesign_0_mydesign_942' exists in Revised only. Skip it for hierarchical comparison
// Warning: Module 'SNPS_CLOCK_GATE_HIGH_dsram_mydesign_0_mydesign_943' exists in Revised only. Skip it for hierarchical comparison
// Warning: Module 'SNPS_CLOCK_GATE_HIGH_dsram_mydesign_0_mydesign_944' exists in Revised only. Skip it for hierarchical comparison
// Warning: Module 'SNPS_CLOCK_GATE_HIGH_dsram_mydesign_0_mydesign_945' exists in Revised only. Skip it for hierarchical comparison
// Warning: Module 'SNPS_CLOCK_GATE_HIGH_dsram_mydesign_0_mydesign_946' exists in Revised only. Skip it for hierarchical comparison
// Warning: Module 'SNPS_CLOCK_GATE_HIGH_dsram_mydesign_0_mydesign_947' exists in Revised only. Skip it for hierarchical comparison
// Warning: Module 'SNPS_CLOCK_GATE_HIGH_dsram_mydesign_0_mydesign_948' exists in Revised only. Skip it for hierarchical comparison
// Warning: Module 'SNPS_CLOCK_GATE_HIGH_dsram_mydesign_0_mydesign_949' exists in Revised only. Skip it for hierarchical comparison
// Warning: Module 'SNPS_CLOCK_GATE_HIGH_dsram_mydesign_0_mydesign_950' exists in Revised only. Skip it for hierarchical comparison
// Warning: Module 'SNPS_CLOCK_GATE_HIGH_dsram_mydesign_0_mydesign_951' exists in Revised only. Skip it for hierarchical comparison
// Warning: Module 'SNPS_CLOCK_GATE_HIGH_dsram_mydesign_0_mydesign_952' exists in Revised only. Skip it for hierarchical comparison
// Warning: Module 'SNPS_CLOCK_GATE_HIGH_dsram_mydesign_0_mydesign_953' exists in Revised only. Skip it for hierarchical comparison
// Warning: Module 'SNPS_CLOCK_GATE_HIGH_dsram_mydesign_0_mydesign_954' exists in Revised only. Skip it for hierarchical comparison
// Warning: Module 'SNPS_CLOCK_GATE_HIGH_dsram_mydesign_0_mydesign_955' exists in Revised only. Skip it for hierarchical comparison
// Warning: Module 'SNPS_CLOCK_GATE_HIGH_dsram_mydesign_0_mydesign_956' exists in Revised only. Skip it for hierarchical comparison
// Warning: Module 'SNPS_CLOCK_GATE_HIGH_dsram_mydesign_0_mydesign_957' exists in Revised only. Skip it for hierarchical comparison
// Warning: Module 'SNPS_CLOCK_GATE_HIGH_dsram_mydesign_0_mydesign_958' exists in Revised only. Skip it for hierarchical comparison
// Warning: Module 'SNPS_CLOCK_GATE_HIGH_dsram_mydesign_0_mydesign_959' exists in Revised only. Skip it for hierarchical comparison
// Warning: Module 'SNPS_CLOCK_GATE_HIGH_dsram_mydesign_0_mydesign_960' exists in Revised only. Skip it for hierarchical comparison
// Warning: Module 'SNPS_CLOCK_GATE_HIGH_dsram_mydesign_0_mydesign_961' exists in Revised only. Skip it for hierarchical comparison
// Warning: Module 'SNPS_CLOCK_GATE_HIGH_dsram_mydesign_0_mydesign_962' exists in Revised only. Skip it for hierarchical comparison
// Warning: Module 'SNPS_CLOCK_GATE_HIGH_dsram_mydesign_0_mydesign_963' exists in Revised only. Skip it for hierarchical comparison
// Warning: Module 'SNPS_CLOCK_GATE_HIGH_dsram_mydesign_0_mydesign_964' exists in Revised only. Skip it for hierarchical comparison
// Warning: Module 'SNPS_CLOCK_GATE_HIGH_dsram_mydesign_0_mydesign_965' exists in Revised only. Skip it for hierarchical comparison
// Warning: Module 'SNPS_CLOCK_GATE_HIGH_dsram_mydesign_0_mydesign_966' exists in Revised only. Skip it for hierarchical comparison
// Warning: Module 'SNPS_CLOCK_GATE_HIGH_dsram_mydesign_0_mydesign_967' exists in Revised only. Skip it for hierarchical comparison
// Warning: Module 'SNPS_CLOCK_GATE_HIGH_dsram_mydesign_0_mydesign_968' exists in Revised only. Skip it for hierarchical comparison
// Warning: Module 'SNPS_CLOCK_GATE_HIGH_dsram_mydesign_0_mydesign_969' exists in Revised only. Skip it for hierarchical comparison
// Warning: Module 'SNPS_CLOCK_GATE_HIGH_dsram_mydesign_0_mydesign_970' exists in Revised only. Skip it for hierarchical comparison
// Warning: Module 'SNPS_CLOCK_GATE_HIGH_dsram_mydesign_0_mydesign_971' exists in Revised only. Skip it for hierarchical comparison
// Warning: Module 'SNPS_CLOCK_GATE_HIGH_dsram_mydesign_0_mydesign_972' exists in Revised only. Skip it for hierarchical comparison
// Warning: Module 'SNPS_CLOCK_GATE_HIGH_dsram_mydesign_0_mydesign_973' exists in Revised only. Skip it for hierarchical comparison
// Warning: Module 'SNPS_CLOCK_GATE_HIGH_dsram_mydesign_0_mydesign_974' exists in Revised only. Skip it for hierarchical comparison
// Warning: Module 'SNPS_CLOCK_GATE_HIGH_dsram_mydesign_0_mydesign_975' exists in Revised only. Skip it for hierarchical comparison
// Warning: Module 'SNPS_CLOCK_GATE_HIGH_dsram_mydesign_0_mydesign_976' exists in Revised only. Skip it for hierarchical comparison
// Warning: Module 'SNPS_CLOCK_GATE_HIGH_dsram_mydesign_0_mydesign_977' exists in Revised only. Skip it for hierarchical comparison
// Warning: Module 'SNPS_CLOCK_GATE_HIGH_dsram_mydesign_0_mydesign_978' exists in Revised only. Skip it for hierarchical comparison
// Warning: Module 'SNPS_CLOCK_GATE_HIGH_dsram_mydesign_0_mydesign_979' exists in Revised only. Skip it for hierarchical comparison
// Warning: Module 'SNPS_CLOCK_GATE_HIGH_dsram_mydesign_0_mydesign_980' exists in Revised only. Skip it for hierarchical comparison
// Warning: Module 'SNPS_CLOCK_GATE_HIGH_dsram_mydesign_0_mydesign_981' exists in Revised only. Skip it for hierarchical comparison
// Warning: Module 'SNPS_CLOCK_GATE_HIGH_dsram_mydesign_0_mydesign_982' exists in Revised only. Skip it for hierarchical comparison
// Warning: Module 'SNPS_CLOCK_GATE_HIGH_dsram_mydesign_0_mydesign_983' exists in Revised only. Skip it for hierarchical comparison
// Warning: Module 'SNPS_CLOCK_GATE_HIGH_dsram_mydesign_0_mydesign_984' exists in Revised only. Skip it for hierarchical comparison
// Warning: Module 'SNPS_CLOCK_GATE_HIGH_dsram_mydesign_0_mydesign_985' exists in Revised only. Skip it for hierarchical comparison
// Warning: Module 'SNPS_CLOCK_GATE_HIGH_dsram_mydesign_0_mydesign_986' exists in Revised only. Skip it for hierarchical comparison
// Warning: Module 'SNPS_CLOCK_GATE_HIGH_dsram_mydesign_0_mydesign_987' exists in Revised only. Skip it for hierarchical comparison
// Warning: Module 'SNPS_CLOCK_GATE_HIGH_dsram_mydesign_0_mydesign_988' exists in Revised only. Skip it for hierarchical comparison
// Warning: Module 'SNPS_CLOCK_GATE_HIGH_dsram_mydesign_0_mydesign_989' exists in Revised only. Skip it for hierarchical comparison
// Warning: Module 'SNPS_CLOCK_GATE_HIGH_dsram_mydesign_0_mydesign_990' exists in Revised only. Skip it for hierarchical comparison
// Warning: Module 'SNPS_CLOCK_GATE_HIGH_dsram_mydesign_0_mydesign_991' exists in Revised only. Skip it for hierarchical comparison
// Warning: Module 'SNPS_CLOCK_GATE_HIGH_dsram_mydesign_0_mydesign_992' exists in Revised only. Skip it for hierarchical comparison
// Warning: Module 'SNPS_CLOCK_GATE_HIGH_dsram_mydesign_0_mydesign_993' exists in Revised only. Skip it for hierarchical comparison
// Warning: Module 'SNPS_CLOCK_GATE_HIGH_dsram_mydesign_0_mydesign_994' exists in Revised only. Skip it for hierarchical comparison
// Warning: Module 'SNPS_CLOCK_GATE_HIGH_dsram_mydesign_0_mydesign_995' exists in Revised only. Skip it for hierarchical comparison
// Warning: Module 'SNPS_CLOCK_GATE_HIGH_dsram_mydesign_0_mydesign_996' exists in Revised only. Skip it for hierarchical comparison
// Warning: Module 'SNPS_CLOCK_GATE_HIGH_dsram_mydesign_0_mydesign_997' exists in Revised only. Skip it for hierarchical comparison
// Warning: Module 'SNPS_CLOCK_GATE_HIGH_dsram_mydesign_0_mydesign_998' exists in Revised only. Skip it for hierarchical comparison
// Warning: Module 'SNPS_CLOCK_GATE_HIGH_dsram_mydesign_0_mydesign_999' exists in Revised only. Skip it for hierarchical comparison
// Warning: Module 'SNPS_CLOCK_GATE_HIGH_dsram_mydesign_0_mydesign_1000' exists in Revised only. Skip it for hierarchical comparison
// Warning: Module 'SNPS_CLOCK_GATE_HIGH_dsram_mydesign_0_mydesign_1001' exists in Revised only. Skip it for hierarchical comparison
// Warning: Module 'SNPS_CLOCK_GATE_HIGH_dsram_mydesign_0_mydesign_1002' exists in Revised only. Skip it for hierarchical comparison
// Warning: Module 'SNPS_CLOCK_GATE_HIGH_dsram_mydesign_0_mydesign_1003' exists in Revised only. Skip it for hierarchical comparison
// Warning: Module 'SNPS_CLOCK_GATE_HIGH_dsram_mydesign_0_mydesign_1004' exists in Revised only. Skip it for hierarchical comparison
// Warning: Module 'SNPS_CLOCK_GATE_HIGH_dsram_mydesign_0_mydesign_1005' exists in Revised only. Skip it for hierarchical comparison
// Warning: Module 'SNPS_CLOCK_GATE_HIGH_dsram_mydesign_0_mydesign_1006' exists in Revised only. Skip it for hierarchical comparison
// Warning: Module 'SNPS_CLOCK_GATE_HIGH_dsram_mydesign_0_mydesign_1007' exists in Revised only. Skip it for hierarchical comparison
// Warning: Module 'SNPS_CLOCK_GATE_HIGH_dsram_mydesign_0_mydesign_1008' exists in Revised only. Skip it for hierarchical comparison
// Warning: Module 'SNPS_CLOCK_GATE_HIGH_dsram_mydesign_0_mydesign_1009' exists in Revised only. Skip it for hierarchical comparison
// Warning: Module 'SNPS_CLOCK_GATE_HIGH_dsram_mydesign_0_mydesign_1010' exists in Revised only. Skip it for hierarchical comparison
// Warning: Module 'SNPS_CLOCK_GATE_HIGH_dsram_mydesign_0_mydesign_1011' exists in Revised only. Skip it for hierarchical comparison
// Warning: Module 'SNPS_CLOCK_GATE_HIGH_dsram_mydesign_0_mydesign_1012' exists in Revised only. Skip it for hierarchical comparison
// Warning: Module 'SNPS_CLOCK_GATE_HIGH_dsram_mydesign_0_mydesign_1013' exists in Revised only. Skip it for hierarchical comparison
// Warning: Module 'SNPS_CLOCK_GATE_HIGH_dsram_mydesign_0_mydesign_1014' exists in Revised only. Skip it for hierarchical comparison
// Warning: Module 'SNPS_CLOCK_GATE_HIGH_dsram_mydesign_0_mydesign_1015' exists in Revised only. Skip it for hierarchical comparison
// Warning: Module 'SNPS_CLOCK_GATE_HIGH_dsram_mydesign_0_mydesign_1016' exists in Revised only. Skip it for hierarchical comparison
// Warning: Module 'SNPS_CLOCK_GATE_HIGH_dsram_mydesign_0_mydesign_1017' exists in Revised only. Skip it for hierarchical comparison
// Warning: Module 'SNPS_CLOCK_GATE_HIGH_dsram_mydesign_0_mydesign_1018' exists in Revised only. Skip it for hierarchical comparison
// Warning: Module 'SNPS_CLOCK_GATE_HIGH_dsram_mydesign_0_mydesign_1019' exists in Revised only. Skip it for hierarchical comparison
// Warning: Module 'SNPS_CLOCK_GATE_HIGH_dsram_mydesign_0_mydesign_1020' exists in Revised only. Skip it for hierarchical comparison
// Warning: Module 'SNPS_CLOCK_GATE_HIGH_dsram_mydesign_0_mydesign_1021' exists in Revised only. Skip it for hierarchical comparison
// Warning: Module 'SNPS_CLOCK_GATE_HIGH_dsram_mydesign_0_mydesign_1022' exists in Revised only. Skip it for hierarchical comparison
// Warning: Module 'SNPS_CLOCK_GATE_HIGH_dsram_mydesign_0_mydesign_1023' exists in Revised only. Skip it for hierarchical comparison
// Warning: Module 'SNPS_CLOCK_GATE_HIGH_dsram_mydesign_0_mydesign_1024' exists in Revised only. Skip it for hierarchical comparison
// Warning: Module 'SNPS_CLOCK_GATE_HIGH_dsram_mydesign_0_mydesign_1025' exists in Revised only. Skip it for hierarchical comparison
// Warning: Module 'SNPS_CLOCK_GATE_HIGH_dsram_mydesign_0_mydesign_1026' exists in Revised only. Skip it for hierarchical comparison
// Warning: Module 'SNPS_CLOCK_GATE_HIGH_dsram_mydesign_0_mydesign_1027' exists in Revised only. Skip it for hierarchical comparison
// Warning: Module 'SNPS_CLOCK_GATE_HIGH_dsram_mydesign_0_mydesign_0' exists in Revised only. Skip it for hierarchical comparison
// Warning: Module 'SNPS_CLOCK_GATE_HIGH_dsram_mydesign_0_mydesign_1028' exists in Revised only. Skip it for hierarchical comparison
// Warning: Module 'SNPS_CLOCK_GATE_HIGH_dsram_mydesign_0_mydesign_1029' exists in Revised only. Skip it for hierarchical comparison
// Warning: Module 'SNPS_CLOCK_GATE_HIGH_dsram_mydesign_0_mydesign_1030' exists in Revised only. Skip it for hierarchical comparison
// Warning: Module 'SNPS_CLOCK_GATE_HIGH_dsram_mydesign_0_mydesign_1031' exists in Revised only. Skip it for hierarchical comparison
// Warning: Module 'SNPS_CLOCK_GATE_HIGH_dsram_mydesign_0_mydesign_1032' exists in Revised only. Skip it for hierarchical comparison
// Warning: Module 'SNPS_CLOCK_GATE_HIGH_dsram_mydesign_0_mydesign_1033' exists in Revised only. Skip it for hierarchical comparison
// Warning: Module 'SNPS_CLOCK_GATE_HIGH_dsram_mydesign_0_mydesign_1034' exists in Revised only. Skip it for hierarchical comparison
// Warning: Module 'SNPS_CLOCK_GATE_HIGH_dsram_mydesign_0_mydesign_1035' exists in Revised only. Skip it for hierarchical comparison
// Warning: Module 'SNPS_CLOCK_GATE_HIGH_dsram_mydesign_0_mydesign_1036' exists in Revised only. Skip it for hierarchical comparison
// Warning: Module 'SNPS_CLOCK_GATE_HIGH_dsram_mydesign_0_mydesign_1037' exists in Revised only. Skip it for hierarchical comparison
// Warning: Module 'SNPS_CLOCK_GATE_HIGH_dsram_mydesign_0_mydesign_1038' exists in Revised only. Skip it for hierarchical comparison
// Warning: Module 'SNPS_CLOCK_GATE_HIGH_dsram_mydesign_0_mydesign_1039' exists in Revised only. Skip it for hierarchical comparison
// Warning: Module 'SNPS_CLOCK_GATE_HIGH_dsram_mydesign_0_mydesign_1040' exists in Revised only. Skip it for hierarchical comparison
// Warning: Module 'SNPS_CLOCK_GATE_HIGH_dsram_mydesign_0_mydesign_1041' exists in Revised only. Skip it for hierarchical comparison
// Warning: Module 'SNPS_CLOCK_GATE_HIGH_dsram_mydesign_0_mydesign_1042' exists in Revised only. Skip it for hierarchical comparison
// Warning: Module 'SNPS_CLOCK_GATE_HIGH_dsram_mydesign_0_mydesign_1043' exists in Revised only. Skip it for hierarchical comparison
// Warning: Module 'SNPS_CLOCK_GATE_HIGH_dsram_mydesign_0_mydesign_1044' exists in Revised only. Skip it for hierarchical comparison
// Warning: Module 'SNPS_CLOCK_GATE_HIGH_dsram_mydesign_0_mydesign_1045' exists in Revised only. Skip it for hierarchical comparison
// Warning: Module 'SNPS_CLOCK_GATE_HIGH_dsram_mydesign_0_mydesign_1046' exists in Revised only. Skip it for hierarchical comparison
// Warning: Module 'SNPS_CLOCK_GATE_HIGH_dsram_mydesign_0_mydesign_1047' exists in Revised only. Skip it for hierarchical comparison
// Warning: Module 'SNPS_CLOCK_GATE_HIGH_dsram_mydesign_0_mydesign_1048' exists in Revised only. Skip it for hierarchical comparison
// Warning: Module 'SNPS_CLOCK_GATE_HIGH_dsram_mydesign_0_mydesign_1049' exists in Revised only. Skip it for hierarchical comparison
// Warning: Module 'SNPS_CLOCK_GATE_HIGH_dsram_mydesign_0_mydesign_1050' exists in Revised only. Skip it for hierarchical comparison
// Warning: Module 'SNPS_CLOCK_GATE_HIGH_dsram_mydesign_0_mydesign_1051' exists in Revised only. Skip it for hierarchical comparison
// Warning: Module 'SNPS_CLOCK_GATE_HIGH_dsram_mydesign_0_mydesign_1052' exists in Revised only. Skip it for hierarchical comparison
// Warning: Module 'SNPS_CLOCK_GATE_HIGH_dsram_mydesign_0_mydesign_1053' exists in Revised only. Skip it for hierarchical comparison
// Warning: Module 'SNPS_CLOCK_GATE_HIGH_dsram_mydesign_0_mydesign_1054' exists in Revised only. Skip it for hierarchical comparison
// Warning: Module 'SNPS_CLOCK_GATE_HIGH_dsram_mydesign_0_mydesign_1055' exists in Revised only. Skip it for hierarchical comparison
// Warning: Module 'SNPS_CLOCK_GATE_HIGH_dsram_mydesign_0_mydesign_1056' exists in Revised only. Skip it for hierarchical comparison
// Warning: Module 'SNPS_CLOCK_GATE_HIGH_dsram_mydesign_0_mydesign_1057' exists in Revised only. Skip it for hierarchical comparison
// Warning: Module 'SNPS_CLOCK_GATE_HIGH_dsram_mydesign_0_mydesign_1058' exists in Revised only. Skip it for hierarchical comparison
// Warning: Module 'SNPS_CLOCK_GATE_HIGH_dsram_mydesign_0_mydesign_1059' exists in Revised only. Skip it for hierarchical comparison
// Warning: Module 'SNPS_CLOCK_GATE_HIGH_dsram_mydesign_0_mydesign_1060' exists in Revised only. Skip it for hierarchical comparison
// Warning: Module 'SNPS_CLOCK_GATE_HIGH_dsram_mydesign_0_mydesign_1061' exists in Revised only. Skip it for hierarchical comparison
// Warning: Module 'SNPS_CLOCK_GATE_HIGH_dsram_mydesign_0_mydesign_1062' exists in Revised only. Skip it for hierarchical comparison
// Warning: Module 'SNPS_CLOCK_GATE_HIGH_dsram_mydesign_0_mydesign_1063' exists in Revised only. Skip it for hierarchical comparison
// Warning: Module 'SNPS_CLOCK_GATE_HIGH_dsram_mydesign_0_mydesign_1064' exists in Revised only. Skip it for hierarchical comparison
// Warning: Module 'SNPS_CLOCK_GATE_HIGH_dsram_mydesign_0_mydesign_1065' exists in Revised only. Skip it for hierarchical comparison
// Warning: Module 'SNPS_CLOCK_GATE_HIGH_dsram_mydesign_0_mydesign_1066' exists in Revised only. Skip it for hierarchical comparison
// Warning: Module 'SNPS_CLOCK_GATE_HIGH_dsram_mydesign_0_mydesign_1067' exists in Revised only. Skip it for hierarchical comparison
// Warning: Module 'SNPS_CLOCK_GATE_HIGH_dsram_mydesign_0_mydesign_1068' exists in Revised only. Skip it for hierarchical comparison
// Warning: Module 'SNPS_CLOCK_GATE_HIGH_dsram_mydesign_0_mydesign_1069' exists in Revised only. Skip it for hierarchical comparison
// Warning: Module 'SNPS_CLOCK_GATE_HIGH_dsram_mydesign_0_mydesign_1070' exists in Revised only. Skip it for hierarchical comparison
// Warning: Module 'SNPS_CLOCK_GATE_HIGH_dsram_mydesign_0_mydesign_1071' exists in Revised only. Skip it for hierarchical comparison
// Warning: Module 'SNPS_CLOCK_GATE_HIGH_dsram_mydesign_0_mydesign_1072' exists in Revised only. Skip it for hierarchical comparison
// Warning: Module 'SNPS_CLOCK_GATE_HIGH_dsram_mydesign_0_mydesign_1073' exists in Revised only. Skip it for hierarchical comparison
// Warning: Module 'SNPS_CLOCK_GATE_HIGH_dsram_mydesign_0_mydesign_1074' exists in Revised only. Skip it for hierarchical comparison
// Warning: Module 'SNPS_CLOCK_GATE_HIGH_dsram_mydesign_0_mydesign_1075' exists in Revised only. Skip it for hierarchical comparison
// Warning: Module 'SNPS_CLOCK_GATE_HIGH_dsram_mydesign_0_mydesign_1076' exists in Revised only. Skip it for hierarchical comparison
// Warning: Module 'SNPS_CLOCK_GATE_HIGH_dsram_mydesign_0_mydesign_1077' exists in Revised only. Skip it for hierarchical comparison
// Warning: Module 'SNPS_CLOCK_GATE_HIGH_dsram_mydesign_0_mydesign_1078' exists in Revised only. Skip it for hierarchical comparison
// Warning: Module 'SNPS_CLOCK_GATE_HIGH_dsram_mydesign_0_mydesign_1079' exists in Revised only. Skip it for hierarchical comparison
// Warning: Module 'SNPS_CLOCK_GATE_HIGH_dsram_mydesign_0_mydesign_1080' exists in Revised only. Skip it for hierarchical comparison
// Warning: Module 'SNPS_CLOCK_GATE_HIGH_dsram_mydesign_0_mydesign_1081' exists in Revised only. Skip it for hierarchical comparison
// Warning: Module 'SNPS_CLOCK_GATE_HIGH_dsram_mydesign_0_mydesign_1082' exists in Revised only. Skip it for hierarchical comparison
// Warning: Module 'SNPS_CLOCK_GATE_HIGH_dsram_mydesign_0_mydesign_1083' exists in Revised only. Skip it for hierarchical comparison
// Warning: Module 'SNPS_CLOCK_GATE_HIGH_dsram_mydesign_0_mydesign_1084' exists in Revised only. Skip it for hierarchical comparison
// Warning: Module 'SNPS_CLOCK_GATE_HIGH_dsram_mydesign_0_mydesign_1085' exists in Revised only. Skip it for hierarchical comparison
// Warning: Module 'SNPS_CLOCK_GATE_HIGH_dsram_mydesign_0_mydesign_1086' exists in Revised only. Skip it for hierarchical comparison
// Warning: Module 'SNPS_CLOCK_GATE_HIGH_dsram_mydesign_0_mydesign_1087' exists in Revised only. Skip it for hierarchical comparison
// Warning: Module 'SNPS_CLOCK_GATE_HIGH_dsram_mydesign_0_mydesign_1088' exists in Revised only. Skip it for hierarchical comparison
// Warning: Module 'SNPS_CLOCK_GATE_HIGH_dsram_mydesign_0_mydesign_1089' exists in Revised only. Skip it for hierarchical comparison
// Warning: Module 'SNPS_CLOCK_GATE_HIGH_dsram_mydesign_0_mydesign_1090' exists in Revised only. Skip it for hierarchical comparison
// Warning: Module 'SNPS_CLOCK_GATE_HIGH_dsram_mydesign_0_mydesign_1091' exists in Revised only. Skip it for hierarchical comparison
// Warning: Module 'SNPS_CLOCK_GATE_HIGH_dsram_mydesign_0_mydesign_1092' exists in Revised only. Skip it for hierarchical comparison
// Warning: Module 'SNPS_CLOCK_GATE_HIGH_dsram_mydesign_0_mydesign_1093' exists in Revised only. Skip it for hierarchical comparison
// Warning: Module 'SNPS_CLOCK_GATE_HIGH_dsram_mydesign_0_mydesign_1094' exists in Revised only. Skip it for hierarchical comparison
// Warning: Module 'SNPS_CLOCK_GATE_HIGH_dsram_mydesign_0_mydesign_1095' exists in Revised only. Skip it for hierarchical comparison
// Warning: Module 'SNPS_CLOCK_GATE_HIGH_dsram_mydesign_0_mydesign_1096' exists in Revised only. Skip it for hierarchical comparison
// Warning: Module 'SNPS_CLOCK_GATE_HIGH_dsram_mydesign_0_mydesign_1097' exists in Revised only. Skip it for hierarchical comparison
// Warning: Module 'SNPS_CLOCK_GATE_HIGH_dsram_mydesign_0_mydesign_1098' exists in Revised only. Skip it for hierarchical comparison
// Warning: Module 'SNPS_CLOCK_GATE_HIGH_dsram_mydesign_0_mydesign_1099' exists in Revised only. Skip it for hierarchical comparison
// Warning: Module 'SNPS_CLOCK_GATE_HIGH_dsram_mydesign_0_mydesign_1100' exists in Revised only. Skip it for hierarchical comparison
// Warning: Module 'SNPS_CLOCK_GATE_HIGH_dsram_mydesign_0_mydesign_1101' exists in Revised only. Skip it for hierarchical comparison
// Warning: Module 'SNPS_CLOCK_GATE_HIGH_dsram_mydesign_0_mydesign_1102' exists in Revised only. Skip it for hierarchical comparison
// Warning: Module 'SNPS_CLOCK_GATE_HIGH_dsram_mydesign_0_mydesign_1103' exists in Revised only. Skip it for hierarchical comparison
// Warning: Module 'SNPS_CLOCK_GATE_HIGH_dsram_mydesign_0_mydesign_1104' exists in Revised only. Skip it for hierarchical comparison
// Warning: Module 'SNPS_CLOCK_GATE_HIGH_dsram_mydesign_0_mydesign_1105' exists in Revised only. Skip it for hierarchical comparison
// Warning: Module 'SNPS_CLOCK_GATE_HIGH_dsram_mydesign_0_mydesign_1106' exists in Revised only. Skip it for hierarchical comparison
// Warning: Module 'SNPS_CLOCK_GATE_HIGH_dsram_mydesign_0_mydesign_1107' exists in Revised only. Skip it for hierarchical comparison
// Warning: Module 'SNPS_CLOCK_GATE_HIGH_dsram_mydesign_0_mydesign_1108' exists in Revised only. Skip it for hierarchical comparison
// Warning: Module 'SNPS_CLOCK_GATE_HIGH_dsram_mydesign_0_mydesign_1109' exists in Revised only. Skip it for hierarchical comparison
// Warning: Module 'SNPS_CLOCK_GATE_HIGH_dsram_mydesign_0_mydesign_1110' exists in Revised only. Skip it for hierarchical comparison
// Warning: Module 'SNPS_CLOCK_GATE_HIGH_dsram_mydesign_0_mydesign_1111' exists in Revised only. Skip it for hierarchical comparison
// Warning: Module 'SNPS_CLOCK_GATE_HIGH_dsram_mydesign_0_mydesign_1112' exists in Revised only. Skip it for hierarchical comparison
// Warning: Module 'SNPS_CLOCK_GATE_HIGH_dsram_mydesign_0_mydesign_1113' exists in Revised only. Skip it for hierarchical comparison
// Warning: Module 'SNPS_CLOCK_GATE_HIGH_dsram_mydesign_0_mydesign_1114' exists in Revised only. Skip it for hierarchical comparison
// Warning: Module 'SNPS_CLOCK_GATE_HIGH_dsram_mydesign_0_mydesign_1115' exists in Revised only. Skip it for hierarchical comparison
// Warning: Module 'SNPS_CLOCK_GATE_HIGH_dsram_mydesign_0_mydesign_1116' exists in Revised only. Skip it for hierarchical comparison
// Warning: Module 'SNPS_CLOCK_GATE_HIGH_dsram_mydesign_0_mydesign_1117' exists in Revised only. Skip it for hierarchical comparison
// Warning: Module 'SNPS_CLOCK_GATE_HIGH_dsram_mydesign_0_mydesign_1118' exists in Revised only. Skip it for hierarchical comparison
// Warning: Module 'SNPS_CLOCK_GATE_HIGH_dsram_mydesign_0_mydesign_1119' exists in Revised only. Skip it for hierarchical comparison
// Warning: Module 'SNPS_CLOCK_GATE_HIGH_dsram_mydesign_0_mydesign_1120' exists in Revised only. Skip it for hierarchical comparison
// Warning: Module 'SNPS_CLOCK_GATE_HIGH_dsram_mydesign_0_mydesign_1121' exists in Revised only. Skip it for hierarchical comparison
// Warning: Module 'SNPS_CLOCK_GATE_HIGH_dsram_mydesign_0_mydesign_1122' exists in Revised only. Skip it for hierarchical comparison
// Warning: Module 'SNPS_CLOCK_GATE_HIGH_dsram_mydesign_0_mydesign_1123' exists in Revised only. Skip it for hierarchical comparison
// Warning: Module 'SNPS_CLOCK_GATE_HIGH_dsram_mydesign_0_mydesign_1124' exists in Revised only. Skip it for hierarchical comparison
// Warning: Module 'SNPS_CLOCK_GATE_HIGH_dsram_mydesign_0_mydesign_1125' exists in Revised only. Skip it for hierarchical comparison
// Warning: Module 'SNPS_CLOCK_GATE_HIGH_dsram_mydesign_0_mydesign_1126' exists in Revised only. Skip it for hierarchical comparison
// Warning: Module 'SNPS_CLOCK_GATE_HIGH_dsram_mydesign_0_mydesign_1127' exists in Revised only. Skip it for hierarchical comparison
// Warning: Module 'SNPS_CLOCK_GATE_HIGH_dsram_mydesign_0_mydesign_1128' exists in Revised only. Skip it for hierarchical comparison
// Warning: Module 'SNPS_CLOCK_GATE_HIGH_dsram_mydesign_0_mydesign_1129' exists in Revised only. Skip it for hierarchical comparison
// Warning: Module 'SNPS_CLOCK_GATE_HIGH_dsram_mydesign_0_mydesign_1130' exists in Revised only. Skip it for hierarchical comparison
// Warning: Module 'SNPS_CLOCK_GATE_HIGH_dsram_mydesign_0_mydesign_1131' exists in Revised only. Skip it for hierarchical comparison
// Warning: Module 'SNPS_CLOCK_GATE_HIGH_dsram_mydesign_0_mydesign_1132' exists in Revised only. Skip it for hierarchical comparison
// Warning: Module 'SNPS_CLOCK_GATE_HIGH_dsram_mydesign_0_mydesign_1133' exists in Revised only. Skip it for hierarchical comparison
// Warning: Module 'SNPS_CLOCK_GATE_HIGH_dsram_mydesign_0_mydesign_1134' exists in Revised only. Skip it for hierarchical comparison
// Warning: Module 'SNPS_CLOCK_GATE_HIGH_dsram_mydesign_0_mydesign_1135' exists in Revised only. Skip it for hierarchical comparison
// Warning: Module 'SNPS_CLOCK_GATE_HIGH_dsram_mydesign_0_mydesign_1136' exists in Revised only. Skip it for hierarchical comparison
// Warning: Module 'SNPS_CLOCK_GATE_HIGH_dsram_mydesign_0_mydesign_1137' exists in Revised only. Skip it for hierarchical comparison
// Warning: Module 'SNPS_CLOCK_GATE_HIGH_dsram_mydesign_0_mydesign_1138' exists in Revised only. Skip it for hierarchical comparison
// Warning: Module 'SNPS_CLOCK_GATE_HIGH_dsram_mydesign_0_mydesign_1139' exists in Revised only. Skip it for hierarchical comparison
// Warning: Module 'SNPS_CLOCK_GATE_HIGH_dsram_mydesign_0_mydesign_1140' exists in Revised only. Skip it for hierarchical comparison
// Warning: Module 'SNPS_CLOCK_GATE_HIGH_dsram_mydesign_0_mydesign_1141' exists in Revised only. Skip it for hierarchical comparison
// Warning: Module 'SNPS_CLOCK_GATE_HIGH_dsram_mydesign_0_mydesign_1142' exists in Revised only. Skip it for hierarchical comparison
// Warning: Module 'SNPS_CLOCK_GATE_HIGH_dsram_mydesign_0_mydesign_1143' exists in Revised only. Skip it for hierarchical comparison
// Warning: Module 'SNPS_CLOCK_GATE_HIGH_dsram_mydesign_0_mydesign_1144' exists in Revised only. Skip it for hierarchical comparison
// Warning: Module 'SNPS_CLOCK_GATE_HIGH_dsram_mydesign_0_mydesign_1145' exists in Revised only. Skip it for hierarchical comparison
// Warning: Module 'SNPS_CLOCK_GATE_HIGH_dsram_mydesign_0_mydesign_1146' exists in Revised only. Skip it for hierarchical comparison
// Warning: Module 'SNPS_CLOCK_GATE_HIGH_dsram_mydesign_0_mydesign_1147' exists in Revised only. Skip it for hierarchical comparison
// Warning: Module 'SNPS_CLOCK_GATE_HIGH_dsram_mydesign_0_mydesign_1148' exists in Revised only. Skip it for hierarchical comparison
// Warning: Module 'SNPS_CLOCK_GATE_HIGH_dsram_mydesign_0_mydesign_1149' exists in Revised only. Skip it for hierarchical comparison
// Warning: Module 'SNPS_CLOCK_GATE_HIGH_dsram_mydesign_0_mydesign_1150' exists in Revised only. Skip it for hierarchical comparison
// Warning: Module 'SNPS_CLOCK_GATE_HIGH_dsram_mydesign_0_mydesign_1151' exists in Revised only. Skip it for hierarchical comparison
// Warning: Module 'SNPS_CLOCK_GATE_HIGH_dsram_mydesign_0_mydesign_1152' exists in Revised only. Skip it for hierarchical comparison
// Warning: Module 'SNPS_CLOCK_GATE_HIGH_dsram_mydesign_0_mydesign_1153' exists in Revised only. Skip it for hierarchical comparison
// Warning: Module 'SNPS_CLOCK_GATE_HIGH_dsram_mydesign_0_mydesign_1154' exists in Revised only. Skip it for hierarchical comparison
// Warning: Module 'SNPS_CLOCK_GATE_HIGH_dsram_mydesign_0_mydesign_1155' exists in Revised only. Skip it for hierarchical comparison
// Warning: Module 'SNPS_CLOCK_GATE_HIGH_dsram_mydesign_0_mydesign_1156' exists in Revised only. Skip it for hierarchical comparison
// Warning: Module 'SNPS_CLOCK_GATE_HIGH_dsram_mydesign_0_mydesign_1157' exists in Revised only. Skip it for hierarchical comparison
// Warning: Module 'SNPS_CLOCK_GATE_HIGH_dsram_mydesign_0_mydesign_1158' exists in Revised only. Skip it for hierarchical comparison
// Warning: Module 'SNPS_CLOCK_GATE_HIGH_dsram_mydesign_0_mydesign_1159' exists in Revised only. Skip it for hierarchical comparison
// Warning: Module 'SNPS_CLOCK_GATE_HIGH_dsram_mydesign_0_mydesign_1160' exists in Revised only. Skip it for hierarchical comparison
// Warning: Module 'SNPS_CLOCK_GATE_HIGH_dsram_mydesign_0_mydesign_1161' exists in Revised only. Skip it for hierarchical comparison
// Warning: Module 'SNPS_CLOCK_GATE_HIGH_dsram_mydesign_0_mydesign_1162' exists in Revised only. Skip it for hierarchical comparison
// Warning: Module 'SNPS_CLOCK_GATE_HIGH_dsram_mydesign_0_mydesign_1163' exists in Revised only. Skip it for hierarchical comparison
// Warning: Module 'SNPS_CLOCK_GATE_HIGH_dsram_mydesign_0_mydesign_1164' exists in Revised only. Skip it for hierarchical comparison
// Warning: Module 'SNPS_CLOCK_GATE_HIGH_dsram_mydesign_0_mydesign_1165' exists in Revised only. Skip it for hierarchical comparison
// Warning: Module 'SNPS_CLOCK_GATE_HIGH_dsram_mydesign_0_mydesign_1166' exists in Revised only. Skip it for hierarchical comparison
// Warning: Module 'SNPS_CLOCK_GATE_HIGH_dsram_mydesign_0_mydesign_1167' exists in Revised only. Skip it for hierarchical comparison
// Warning: Module 'SNPS_CLOCK_GATE_HIGH_dsram_mydesign_0_mydesign_1168' exists in Revised only. Skip it for hierarchical comparison
// Warning: Module 'SNPS_CLOCK_GATE_HIGH_dsram_mydesign_0_mydesign_1169' exists in Revised only. Skip it for hierarchical comparison
// Warning: Module 'SNPS_CLOCK_GATE_HIGH_dsram_mydesign_0_mydesign_1170' exists in Revised only. Skip it for hierarchical comparison
// Warning: Module 'SNPS_CLOCK_GATE_HIGH_dsram_mydesign_0_mydesign_1171' exists in Revised only. Skip it for hierarchical comparison
// Warning: Module 'SNPS_CLOCK_GATE_HIGH_dsram_mydesign_0_mydesign_1172' exists in Revised only. Skip it for hierarchical comparison
// Warning: Module 'SNPS_CLOCK_GATE_HIGH_dsram_mydesign_0_mydesign_1173' exists in Revised only. Skip it for hierarchical comparison
// Warning: Module 'SNPS_CLOCK_GATE_HIGH_dsram_mydesign_0_mydesign_1174' exists in Revised only. Skip it for hierarchical comparison
// Warning: Module 'SNPS_CLOCK_GATE_HIGH_dsram_mydesign_0_mydesign_1175' exists in Revised only. Skip it for hierarchical comparison
// Warning: Module 'SNPS_CLOCK_GATE_HIGH_dsram_mydesign_0_mydesign_1176' exists in Revised only. Skip it for hierarchical comparison
// Warning: Module 'SNPS_CLOCK_GATE_HIGH_dsram_mydesign_0_mydesign_1177' exists in Revised only. Skip it for hierarchical comparison
// Warning: Module 'SNPS_CLOCK_GATE_HIGH_dsram_mydesign_0_mydesign_1178' exists in Revised only. Skip it for hierarchical comparison
// Warning: Module 'SNPS_CLOCK_GATE_HIGH_dsram_mydesign_0_mydesign_1179' exists in Revised only. Skip it for hierarchical comparison
// Warning: Module 'SNPS_CLOCK_GATE_HIGH_dsram_mydesign_0_mydesign_1180' exists in Revised only. Skip it for hierarchical comparison
// Warning: Module 'SNPS_CLOCK_GATE_HIGH_dsram_mydesign_0_mydesign_1181' exists in Revised only. Skip it for hierarchical comparison
// Warning: Module 'SNPS_CLOCK_GATE_HIGH_dsram_mydesign_0_mydesign_1182' exists in Revised only. Skip it for hierarchical comparison
// Warning: Module 'SNPS_CLOCK_GATE_HIGH_dsram_mydesign_0_mydesign_1183' exists in Revised only. Skip it for hierarchical comparison
// Warning: Module 'SNPS_CLOCK_GATE_HIGH_dsram_mydesign_0_mydesign_1184' exists in Revised only. Skip it for hierarchical comparison
// Warning: Module 'SNPS_CLOCK_GATE_HIGH_dsram_mydesign_0_mydesign_1185' exists in Revised only. Skip it for hierarchical comparison
// Warning: Module 'SNPS_CLOCK_GATE_HIGH_dsram_mydesign_0_mydesign_1186' exists in Revised only. Skip it for hierarchical comparison
// Warning: Module 'SNPS_CLOCK_GATE_HIGH_dsram_mydesign_0_mydesign_1187' exists in Revised only. Skip it for hierarchical comparison
// Warning: Module 'SNPS_CLOCK_GATE_HIGH_dsram_mydesign_0_mydesign_1188' exists in Revised only. Skip it for hierarchical comparison
// Warning: Module 'SNPS_CLOCK_GATE_HIGH_dsram_mydesign_0_mydesign_1189' exists in Revised only. Skip it for hierarchical comparison
// Warning: Module 'SNPS_CLOCK_GATE_HIGH_dsram_mydesign_0_mydesign_1190' exists in Revised only. Skip it for hierarchical comparison
// Warning: Module 'SNPS_CLOCK_GATE_HIGH_dsram_mydesign_0_mydesign_1191' exists in Revised only. Skip it for hierarchical comparison
// Warning: Module 'SNPS_CLOCK_GATE_HIGH_dsram_mydesign_0_mydesign_1192' exists in Revised only. Skip it for hierarchical comparison
// Warning: Module 'SNPS_CLOCK_GATE_HIGH_dsram_mydesign_0_mydesign_1193' exists in Revised only. Skip it for hierarchical comparison
// Warning: Module 'SNPS_CLOCK_GATE_HIGH_dsram_mydesign_0_mydesign_1194' exists in Revised only. Skip it for hierarchical comparison
// Warning: Module 'SNPS_CLOCK_GATE_HIGH_dsram_mydesign_0_mydesign_1195' exists in Revised only. Skip it for hierarchical comparison
// Warning: Module 'SNPS_CLOCK_GATE_HIGH_dsram_mydesign_0_mydesign_1196' exists in Revised only. Skip it for hierarchical comparison
// Warning: Module 'SNPS_CLOCK_GATE_HIGH_dsram_mydesign_0_mydesign_1197' exists in Revised only. Skip it for hierarchical comparison
// Warning: Module 'SNPS_CLOCK_GATE_HIGH_dsram_mydesign_0_mydesign_1198' exists in Revised only. Skip it for hierarchical comparison
// Warning: Module 'SNPS_CLOCK_GATE_HIGH_dsram_mydesign_0_mydesign_1199' exists in Revised only. Skip it for hierarchical comparison
// Warning: Module 'SNPS_CLOCK_GATE_HIGH_dsram_mydesign_0_mydesign_1200' exists in Revised only. Skip it for hierarchical comparison
// Warning: Module 'SNPS_CLOCK_GATE_HIGH_dsram_mydesign_0_mydesign_1201' exists in Revised only. Skip it for hierarchical comparison
// Warning: Module 'SNPS_CLOCK_GATE_HIGH_dsram_mydesign_0_mydesign_1202' exists in Revised only. Skip it for hierarchical comparison
// Warning: Module 'SNPS_CLOCK_GATE_HIGH_dsram_mydesign_0_mydesign_1203' exists in Revised only. Skip it for hierarchical comparison
// Warning: Module 'SNPS_CLOCK_GATE_HIGH_dsram_mydesign_0_mydesign_1204' exists in Revised only. Skip it for hierarchical comparison
// Warning: Module 'SNPS_CLOCK_GATE_HIGH_dsram_mydesign_0_mydesign_1205' exists in Revised only. Skip it for hierarchical comparison
// Warning: Module 'SNPS_CLOCK_GATE_HIGH_dsram_mydesign_0_mydesign_1206' exists in Revised only. Skip it for hierarchical comparison
// Warning: Module 'SNPS_CLOCK_GATE_HIGH_dsram_mydesign_0_mydesign_1207' exists in Revised only. Skip it for hierarchical comparison
// Warning: Module 'SNPS_CLOCK_GATE_HIGH_dsram_mydesign_0_mydesign_1208' exists in Revised only. Skip it for hierarchical comparison
// Warning: Module 'SNPS_CLOCK_GATE_HIGH_dsram_mydesign_0_mydesign_1209' exists in Revised only. Skip it for hierarchical comparison
// Warning: Module 'SNPS_CLOCK_GATE_HIGH_dsram_mydesign_0_mydesign_1210' exists in Revised only. Skip it for hierarchical comparison
// Warning: Module 'SNPS_CLOCK_GATE_HIGH_dsram_mydesign_0_mydesign_1211' exists in Revised only. Skip it for hierarchical comparison
// Warning: Module 'SNPS_CLOCK_GATE_HIGH_dsram_mydesign_0_mydesign_1212' exists in Revised only. Skip it for hierarchical comparison
// Warning: Module 'SNPS_CLOCK_GATE_HIGH_dsram_mydesign_0_mydesign_1213' exists in Revised only. Skip it for hierarchical comparison
// Warning: Module 'SNPS_CLOCK_GATE_HIGH_dsram_mydesign_0_mydesign_1214' exists in Revised only. Skip it for hierarchical comparison
// Warning: Module 'SNPS_CLOCK_GATE_HIGH_dsram_mydesign_0_mydesign_1215' exists in Revised only. Skip it for hierarchical comparison
// Warning: Module 'SNPS_CLOCK_GATE_HIGH_dsram_mydesign_0_mydesign_1216' exists in Revised only. Skip it for hierarchical comparison
// Warning: Module 'SNPS_CLOCK_GATE_HIGH_dsram_mydesign_0_mydesign_1217' exists in Revised only. Skip it for hierarchical comparison
// Warning: Module 'SNPS_CLOCK_GATE_HIGH_dsram_mydesign_0_mydesign_1218' exists in Revised only. Skip it for hierarchical comparison
// Warning: Module 'SNPS_CLOCK_GATE_HIGH_dsram_mydesign_0_mydesign_1219' exists in Revised only. Skip it for hierarchical comparison
// Warning: Module 'SNPS_CLOCK_GATE_HIGH_dsram_mydesign_0_mydesign_1220' exists in Revised only. Skip it for hierarchical comparison
// Warning: Module 'SNPS_CLOCK_GATE_HIGH_dsram_mydesign_0_mydesign_1221' exists in Revised only. Skip it for hierarchical comparison
// Warning: Module 'SNPS_CLOCK_GATE_HIGH_dsram_mydesign_0_mydesign_1222' exists in Revised only. Skip it for hierarchical comparison
// Warning: Module 'SNPS_CLOCK_GATE_HIGH_dsram_mydesign_0_mydesign_1223' exists in Revised only. Skip it for hierarchical comparison
// Warning: Module 'SNPS_CLOCK_GATE_HIGH_dsram_mydesign_0_mydesign_1224' exists in Revised only. Skip it for hierarchical comparison
// Warning: Module 'SNPS_CLOCK_GATE_HIGH_dsram_mydesign_0_mydesign_1225' exists in Revised only. Skip it for hierarchical comparison
// Warning: Module 'SNPS_CLOCK_GATE_HIGH_dsram_mydesign_0_mydesign_1226' exists in Revised only. Skip it for hierarchical comparison
// Warning: Module 'SNPS_CLOCK_GATE_HIGH_dsram_mydesign_0_mydesign_1227' exists in Revised only. Skip it for hierarchical comparison
// Warning: Module 'SNPS_CLOCK_GATE_HIGH_dsram_mydesign_0_mydesign_1228' exists in Revised only. Skip it for hierarchical comparison
// Warning: Module 'SNPS_CLOCK_GATE_HIGH_dsram_mydesign_0_mydesign_1229' exists in Revised only. Skip it for hierarchical comparison
// Warning: Module 'SNPS_CLOCK_GATE_HIGH_dsram_mydesign_0_mydesign_1230' exists in Revised only. Skip it for hierarchical comparison
// Warning: Module 'SNPS_CLOCK_GATE_HIGH_dsram_mydesign_0_mydesign_1231' exists in Revised only. Skip it for hierarchical comparison
// Warning: Module 'SNPS_CLOCK_GATE_HIGH_dsram_mydesign_0_mydesign_1232' exists in Revised only. Skip it for hierarchical comparison
// Warning: Module 'SNPS_CLOCK_GATE_HIGH_dsram_mydesign_0_mydesign_1233' exists in Revised only. Skip it for hierarchical comparison
// Warning: Module 'SNPS_CLOCK_GATE_HIGH_dsram_mydesign_0_mydesign_1234' exists in Revised only. Skip it for hierarchical comparison
// Warning: Module 'SNPS_CLOCK_GATE_HIGH_dsram_mydesign_0_mydesign_1235' exists in Revised only. Skip it for hierarchical comparison
// Warning: Module 'SNPS_CLOCK_GATE_HIGH_dsram_mydesign_0_mydesign_1236' exists in Revised only. Skip it for hierarchical comparison
// Warning: Module 'SNPS_CLOCK_GATE_HIGH_dsram_mydesign_0_mydesign_1237' exists in Revised only. Skip it for hierarchical comparison
// Warning: Module 'SNPS_CLOCK_GATE_HIGH_dsram_mydesign_0_mydesign_1238' exists in Revised only. Skip it for hierarchical comparison
// Warning: Module 'SNPS_CLOCK_GATE_HIGH_dsram_mydesign_0_mydesign_1239' exists in Revised only. Skip it for hierarchical comparison
// Warning: Module 'SNPS_CLOCK_GATE_HIGH_dsram_mydesign_0_mydesign_1240' exists in Revised only. Skip it for hierarchical comparison
// Warning: Module 'SNPS_CLOCK_GATE_HIGH_dsram_mydesign_0_mydesign_1241' exists in Revised only. Skip it for hierarchical comparison
// Warning: Module 'SNPS_CLOCK_GATE_HIGH_dsram_mydesign_0_mydesign_1242' exists in Revised only. Skip it for hierarchical comparison
// Warning: Module 'SNPS_CLOCK_GATE_HIGH_dsram_mydesign_0_mydesign_1243' exists in Revised only. Skip it for hierarchical comparison
// Warning: Module 'SNPS_CLOCK_GATE_HIGH_dsram_mydesign_0_mydesign_1244' exists in Revised only. Skip it for hierarchical comparison
// Warning: Module 'SNPS_CLOCK_GATE_HIGH_dsram_mydesign_0_mydesign_1245' exists in Revised only. Skip it for hierarchical comparison
// Warning: Module 'SNPS_CLOCK_GATE_HIGH_dsram_mydesign_0_mydesign_1246' exists in Revised only. Skip it for hierarchical comparison
// Warning: Module 'SNPS_CLOCK_GATE_HIGH_dsram_mydesign_0_mydesign_1247' exists in Revised only. Skip it for hierarchical comparison
// Warning: Module 'SNPS_CLOCK_GATE_HIGH_dsram_mydesign_0_mydesign_1248' exists in Revised only. Skip it for hierarchical comparison
// Warning: Module 'SNPS_CLOCK_GATE_HIGH_dsram_mydesign_0_mydesign_1249' exists in Revised only. Skip it for hierarchical comparison
// Warning: Module 'SNPS_CLOCK_GATE_HIGH_dsram_mydesign_0_mydesign_1250' exists in Revised only. Skip it for hierarchical comparison
// Warning: Module 'SNPS_CLOCK_GATE_HIGH_dsram_mydesign_0_mydesign_1251' exists in Revised only. Skip it for hierarchical comparison
// Warning: Module 'SNPS_CLOCK_GATE_HIGH_dsram_mydesign_0_mydesign_1252' exists in Revised only. Skip it for hierarchical comparison
// Warning: Module 'SNPS_CLOCK_GATE_HIGH_dsram_mydesign_0_mydesign_1253' exists in Revised only. Skip it for hierarchical comparison
// Warning: Module 'SNPS_CLOCK_GATE_HIGH_dsram_mydesign_0_mydesign_1254' exists in Revised only. Skip it for hierarchical comparison
// Warning: Module 'SNPS_CLOCK_GATE_HIGH_dsram_mydesign_0_mydesign_1255' exists in Revised only. Skip it for hierarchical comparison
// Warning: Module 'SNPS_CLOCK_GATE_HIGH_dsram_mydesign_0_mydesign_1256' exists in Revised only. Skip it for hierarchical comparison
// Warning: Module 'SNPS_CLOCK_GATE_HIGH_dsram_mydesign_0_mydesign_1257' exists in Revised only. Skip it for hierarchical comparison
// Warning: Module 'SNPS_CLOCK_GATE_HIGH_dsram_mydesign_0_mydesign_1258' exists in Revised only. Skip it for hierarchical comparison
// Warning: Module 'SNPS_CLOCK_GATE_HIGH_dsram_mydesign_0_mydesign_1259' exists in Revised only. Skip it for hierarchical comparison
// Warning: Module 'SNPS_CLOCK_GATE_HIGH_dsram_mydesign_0_mydesign_1260' exists in Revised only. Skip it for hierarchical comparison
// Warning: Module 'SNPS_CLOCK_GATE_HIGH_dsram_mydesign_0_mydesign_1261' exists in Revised only. Skip it for hierarchical comparison
// Warning: Module 'SNPS_CLOCK_GATE_HIGH_dsram_mydesign_0_mydesign_1262' exists in Revised only. Skip it for hierarchical comparison
// Warning: Module 'SNPS_CLOCK_GATE_HIGH_dsram_mydesign_0_mydesign_1263' exists in Revised only. Skip it for hierarchical comparison
// Warning: Module 'SNPS_CLOCK_GATE_HIGH_dsram_mydesign_0_mydesign_1264' exists in Revised only. Skip it for hierarchical comparison
// Warning: Module 'SNPS_CLOCK_GATE_HIGH_dsram_mydesign_0_mydesign_1265' exists in Revised only. Skip it for hierarchical comparison
// Warning: Module 'SNPS_CLOCK_GATE_HIGH_dsram_mydesign_0_mydesign_1266' exists in Revised only. Skip it for hierarchical comparison
// Warning: Module 'SNPS_CLOCK_GATE_HIGH_dsram_mydesign_0_mydesign_1267' exists in Revised only. Skip it for hierarchical comparison
// Warning: Module 'SNPS_CLOCK_GATE_HIGH_dsram_mydesign_0_mydesign_1268' exists in Revised only. Skip it for hierarchical comparison
// Warning: Module 'SNPS_CLOCK_GATE_HIGH_dsram_mydesign_0_mydesign_1269' exists in Revised only. Skip it for hierarchical comparison
// Warning: Module 'SNPS_CLOCK_GATE_HIGH_dsram_mydesign_0_mydesign_1270' exists in Revised only. Skip it for hierarchical comparison
// Warning: Module 'SNPS_CLOCK_GATE_HIGH_dsram_mydesign_0_mydesign_1271' exists in Revised only. Skip it for hierarchical comparison
// Warning: Module 'SNPS_CLOCK_GATE_HIGH_dsram_mydesign_0_mydesign_1272' exists in Revised only. Skip it for hierarchical comparison
// Warning: Module 'SNPS_CLOCK_GATE_HIGH_dsram_mydesign_0_mydesign_1273' exists in Revised only. Skip it for hierarchical comparison
// Warning: Module 'SNPS_CLOCK_GATE_HIGH_dsram_mydesign_0_mydesign_1274' exists in Revised only. Skip it for hierarchical comparison
// Warning: Module 'SNPS_CLOCK_GATE_HIGH_dsram_mydesign_0_mydesign_1275' exists in Revised only. Skip it for hierarchical comparison
// Warning: Module 'SNPS_CLOCK_GATE_HIGH_dsram_mydesign_0_mydesign_1276' exists in Revised only. Skip it for hierarchical comparison
// Warning: Module 'SNPS_CLOCK_GATE_HIGH_dsram_mydesign_0_mydesign_1277' exists in Revised only. Skip it for hierarchical comparison
// Warning: Module 'SNPS_CLOCK_GATE_HIGH_dsram_mydesign_0_mydesign_1278' exists in Revised only. Skip it for hierarchical comparison
// Warning: Module 'SNPS_CLOCK_GATE_HIGH_dsram_mydesign_0_mydesign_1279' exists in Revised only. Skip it for hierarchical comparison
// Warning: Module 'SNPS_CLOCK_GATE_HIGH_dsram_mydesign_0_mydesign_1280' exists in Revised only. Skip it for hierarchical comparison
// Warning: Module 'SNPS_CLOCK_GATE_HIGH_dsram_mydesign_0_mydesign_1281' exists in Revised only. Skip it for hierarchical comparison
// Warning: Module 'SNPS_CLOCK_GATE_HIGH_dsram_mydesign_0_mydesign_1282' exists in Revised only. Skip it for hierarchical comparison
// Warning: Module 'SNPS_CLOCK_GATE_HIGH_dsram_mydesign_0_mydesign_1283' exists in Revised only. Skip it for hierarchical comparison
// Warning: Module 'SNPS_CLOCK_GATE_HIGH_dsram_mydesign_0_mydesign_1284' exists in Revised only. Skip it for hierarchical comparison
// Warning: Module 'SNPS_CLOCK_GATE_HIGH_dsram_mydesign_0_mydesign_1285' exists in Revised only. Skip it for hierarchical comparison
// Warning: Module 'SNPS_CLOCK_GATE_HIGH_dsram_mydesign_0_mydesign_1286' exists in Revised only. Skip it for hierarchical comparison
// Warning: Module 'SNPS_CLOCK_GATE_HIGH_dsram_mydesign_0_mydesign_1287' exists in Revised only. Skip it for hierarchical comparison
// Warning: Module 'SNPS_CLOCK_GATE_HIGH_dsram_mydesign_0_mydesign_1288' exists in Revised only. Skip it for hierarchical comparison
// Warning: Module 'SNPS_CLOCK_GATE_HIGH_dsram_mydesign_0_mydesign_1289' exists in Revised only. Skip it for hierarchical comparison
// Warning: Module 'SNPS_CLOCK_GATE_HIGH_dsram_mydesign_0_mydesign_1290' exists in Revised only. Skip it for hierarchical comparison
// Warning: Module 'SNPS_CLOCK_GATE_HIGH_dsram_mydesign_0_mydesign_1291' exists in Revised only. Skip it for hierarchical comparison
// Warning: Module 'SNPS_CLOCK_GATE_HIGH_dsram_mydesign_0_mydesign_1292' exists in Revised only. Skip it for hierarchical comparison
// Warning: Module 'SNPS_CLOCK_GATE_HIGH_dsram_mydesign_0_mydesign_1293' exists in Revised only. Skip it for hierarchical comparison
// Warning: Module 'SNPS_CLOCK_GATE_HIGH_dsram_mydesign_0_mydesign_1294' exists in Revised only. Skip it for hierarchical comparison
// Warning: Module 'SNPS_CLOCK_GATE_HIGH_dsram_mydesign_0_mydesign_1295' exists in Revised only. Skip it for hierarchical comparison
// Warning: Module 'SNPS_CLOCK_GATE_HIGH_dsram_mydesign_0_mydesign_1296' exists in Revised only. Skip it for hierarchical comparison
// Warning: Module 'SNPS_CLOCK_GATE_HIGH_dsram_mydesign_0_mydesign_1297' exists in Revised only. Skip it for hierarchical comparison
// Warning: Module 'SNPS_CLOCK_GATE_HIGH_dsram_mydesign_0_mydesign_1298' exists in Revised only. Skip it for hierarchical comparison
// Warning: Module 'SNPS_CLOCK_GATE_HIGH_dsram_mydesign_0_mydesign_1299' exists in Revised only. Skip it for hierarchical comparison
// Warning: Module 'SNPS_CLOCK_GATE_HIGH_dsram_mydesign_0_mydesign_1300' exists in Revised only. Skip it for hierarchical comparison
// Warning: Module 'SNPS_CLOCK_GATE_HIGH_dsram_mydesign_0_mydesign_1301' exists in Revised only. Skip it for hierarchical comparison
// Warning: Module 'SNPS_CLOCK_GATE_HIGH_dsram_mydesign_0_mydesign_1302' exists in Revised only. Skip it for hierarchical comparison
// Warning: Module 'SNPS_CLOCK_GATE_HIGH_dsram_mydesign_0_mydesign_1303' exists in Revised only. Skip it for hierarchical comparison
// Warning: Module 'SNPS_CLOCK_GATE_HIGH_dsram_mydesign_0_mydesign_1304' exists in Revised only. Skip it for hierarchical comparison
// Warning: Module 'SNPS_CLOCK_GATE_HIGH_dsram_mydesign_0_mydesign_1305' exists in Revised only. Skip it for hierarchical comparison
// Warning: Module 'SNPS_CLOCK_GATE_HIGH_dsram_mydesign_0_mydesign_1306' exists in Revised only. Skip it for hierarchical comparison
// Warning: Module 'SNPS_CLOCK_GATE_HIGH_dsram_mydesign_0_mydesign_1307' exists in Revised only. Skip it for hierarchical comparison
// Warning: Module 'SNPS_CLOCK_GATE_HIGH_dsram_mydesign_0_mydesign_1308' exists in Revised only. Skip it for hierarchical comparison
// Warning: Module 'SNPS_CLOCK_GATE_HIGH_dsram_mydesign_0_mydesign_1309' exists in Revised only. Skip it for hierarchical comparison
// Warning: Module 'SNPS_CLOCK_GATE_HIGH_dsram_mydesign_0_mydesign_1310' exists in Revised only. Skip it for hierarchical comparison
// Warning: Module 'SNPS_CLOCK_GATE_HIGH_dsram_mydesign_0_mydesign_1311' exists in Revised only. Skip it for hierarchical comparison
// Warning: Module 'SNPS_CLOCK_GATE_HIGH_dsram_mydesign_0_mydesign_1312' exists in Revised only. Skip it for hierarchical comparison
// Warning: Module 'SNPS_CLOCK_GATE_HIGH_dsram_mydesign_0_mydesign_1313' exists in Revised only. Skip it for hierarchical comparison
// Warning: Module 'SNPS_CLOCK_GATE_HIGH_dsram_mydesign_0_mydesign_1314' exists in Revised only. Skip it for hierarchical comparison
// Warning: Module 'SNPS_CLOCK_GATE_HIGH_dsram_mydesign_0_mydesign_1315' exists in Revised only. Skip it for hierarchical comparison
// Warning: Module 'SNPS_CLOCK_GATE_HIGH_dsram_mydesign_0_mydesign_1316' exists in Revised only. Skip it for hierarchical comparison
// Warning: Module 'SNPS_CLOCK_GATE_HIGH_dsram_mydesign_0_mydesign_1317' exists in Revised only. Skip it for hierarchical comparison
// Warning: Module 'SNPS_CLOCK_GATE_HIGH_dsram_mydesign_0_mydesign_1318' exists in Revised only. Skip it for hierarchical comparison
// Warning: Module 'SNPS_CLOCK_GATE_HIGH_dsram_mydesign_0_mydesign_1319' exists in Revised only. Skip it for hierarchical comparison
// Warning: Module 'SNPS_CLOCK_GATE_HIGH_dsram_mydesign_0_mydesign_1320' exists in Revised only. Skip it for hierarchical comparison
// Warning: Module 'SNPS_CLOCK_GATE_HIGH_dsram_mydesign_0_mydesign_1321' exists in Revised only. Skip it for hierarchical comparison
// Warning: Module 'SNPS_CLOCK_GATE_HIGH_dsram_mydesign_0_mydesign_1322' exists in Revised only. Skip it for hierarchical comparison
// Warning: Module 'SNPS_CLOCK_GATE_HIGH_dsram_mydesign_0_mydesign_1323' exists in Revised only. Skip it for hierarchical comparison
// Warning: Module 'SNPS_CLOCK_GATE_HIGH_dsram_mydesign_0_mydesign_1324' exists in Revised only. Skip it for hierarchical comparison
// Warning: Module 'SNPS_CLOCK_GATE_HIGH_dsram_mydesign_0_mydesign_1325' exists in Revised only. Skip it for hierarchical comparison
// Warning: Module 'SNPS_CLOCK_GATE_HIGH_dsram_mydesign_0_mydesign_1326' exists in Revised only. Skip it for hierarchical comparison
// Warning: Module 'SNPS_CLOCK_GATE_HIGH_dsram_mydesign_0_mydesign_1327' exists in Revised only. Skip it for hierarchical comparison
// Warning: Module 'SNPS_CLOCK_GATE_HIGH_dsram_mydesign_0_mydesign_1328' exists in Revised only. Skip it for hierarchical comparison
// Warning: Module 'SNPS_CLOCK_GATE_HIGH_dsram_mydesign_0_mydesign_1329' exists in Revised only. Skip it for hierarchical comparison
// Warning: Module 'SNPS_CLOCK_GATE_HIGH_dsram_mydesign_0_mydesign_1330' exists in Revised only. Skip it for hierarchical comparison
// Warning: Module 'SNPS_CLOCK_GATE_HIGH_dsram_mydesign_0_mydesign_1331' exists in Revised only. Skip it for hierarchical comparison
// Warning: Module 'SNPS_CLOCK_GATE_HIGH_dsram_mydesign_0_mydesign_1332' exists in Revised only. Skip it for hierarchical comparison
// Warning: Module 'SNPS_CLOCK_GATE_HIGH_dsram_mydesign_0_mydesign_1333' exists in Revised only. Skip it for hierarchical comparison
// Warning: Module 'SNPS_CLOCK_GATE_HIGH_dsram_mydesign_0_mydesign_1334' exists in Revised only. Skip it for hierarchical comparison
// Warning: Module 'SNPS_CLOCK_GATE_HIGH_dsram_mydesign_0_mydesign_1335' exists in Revised only. Skip it for hierarchical comparison
// Warning: Module 'SNPS_CLOCK_GATE_HIGH_dsram_mydesign_0_mydesign_1336' exists in Revised only. Skip it for hierarchical comparison
// Warning: Module 'SNPS_CLOCK_GATE_HIGH_dsram_mydesign_0_mydesign_1337' exists in Revised only. Skip it for hierarchical comparison
// Warning: Module 'SNPS_CLOCK_GATE_HIGH_dsram_mydesign_0_mydesign_1338' exists in Revised only. Skip it for hierarchical comparison
// Warning: Module 'SNPS_CLOCK_GATE_HIGH_dsram_mydesign_0_mydesign_1339' exists in Revised only. Skip it for hierarchical comparison
// Warning: Module 'SNPS_CLOCK_GATE_HIGH_dsram_mydesign_0_mydesign_1340' exists in Revised only. Skip it for hierarchical comparison
// Warning: Module 'SNPS_CLOCK_GATE_HIGH_dsram_mydesign_0_mydesign_1341' exists in Revised only. Skip it for hierarchical comparison
// Warning: Module 'SNPS_CLOCK_GATE_HIGH_dsram_mydesign_0_mydesign_1342' exists in Revised only. Skip it for hierarchical comparison
// Warning: Module 'SNPS_CLOCK_GATE_HIGH_dsram_mydesign_0_mydesign_1343' exists in Revised only. Skip it for hierarchical comparison
// Warning: Module 'SNPS_CLOCK_GATE_HIGH_dsram_mydesign_0_mydesign_1344' exists in Revised only. Skip it for hierarchical comparison
// Warning: Module 'SNPS_CLOCK_GATE_HIGH_dsram_mydesign_0_mydesign_1345' exists in Revised only. Skip it for hierarchical comparison
// Warning: Module 'SNPS_CLOCK_GATE_HIGH_dsram_mydesign_0_mydesign_1346' exists in Revised only. Skip it for hierarchical comparison
// Warning: Module 'SNPS_CLOCK_GATE_HIGH_dsram_mydesign_0_mydesign_1347' exists in Revised only. Skip it for hierarchical comparison
// Warning: Module 'SNPS_CLOCK_GATE_HIGH_dsram_mydesign_0_mydesign_1348' exists in Revised only. Skip it for hierarchical comparison
// Warning: Module 'SNPS_CLOCK_GATE_HIGH_dsram_mydesign_0_mydesign_1349' exists in Revised only. Skip it for hierarchical comparison
// Warning: Module 'SNPS_CLOCK_GATE_HIGH_dsram_mydesign_0_mydesign_1350' exists in Revised only. Skip it for hierarchical comparison
// Warning: Module 'SNPS_CLOCK_GATE_HIGH_dsram_mydesign_0_mydesign_1351' exists in Revised only. Skip it for hierarchical comparison
// Warning: Module 'SNPS_CLOCK_GATE_HIGH_dsram_mydesign_0_mydesign_1352' exists in Revised only. Skip it for hierarchical comparison
// Warning: Module 'SNPS_CLOCK_GATE_HIGH_dsram_mydesign_0_mydesign_1353' exists in Revised only. Skip it for hierarchical comparison
// Warning: Module 'SNPS_CLOCK_GATE_HIGH_dsram_mydesign_0_mydesign_1354' exists in Revised only. Skip it for hierarchical comparison
// Warning: Module 'SNPS_CLOCK_GATE_HIGH_dsram_mydesign_0_mydesign_1355' exists in Revised only. Skip it for hierarchical comparison
// Warning: Module 'SNPS_CLOCK_GATE_HIGH_dsram_mydesign_0_mydesign_1356' exists in Revised only. Skip it for hierarchical comparison
// Warning: Module 'SNPS_CLOCK_GATE_HIGH_dsram_mydesign_0_mydesign_1357' exists in Revised only. Skip it for hierarchical comparison
// Warning: Module 'SNPS_CLOCK_GATE_HIGH_dsram_mydesign_0_mydesign_1358' exists in Revised only. Skip it for hierarchical comparison
// Warning: Module 'SNPS_CLOCK_GATE_HIGH_dsram_mydesign_0_mydesign_1359' exists in Revised only. Skip it for hierarchical comparison
// Warning: Module 'SNPS_CLOCK_GATE_HIGH_dsram_mydesign_0_mydesign_1360' exists in Revised only. Skip it for hierarchical comparison
// Warning: Module 'SNPS_CLOCK_GATE_HIGH_dsram_mydesign_0_mydesign_1361' exists in Revised only. Skip it for hierarchical comparison
// Warning: Module 'SNPS_CLOCK_GATE_HIGH_dsram_mydesign_0_mydesign_1362' exists in Revised only. Skip it for hierarchical comparison
// Warning: Module 'SNPS_CLOCK_GATE_HIGH_dsram_mydesign_0_mydesign_1363' exists in Revised only. Skip it for hierarchical comparison
// Warning: Module 'SNPS_CLOCK_GATE_HIGH_dsram_mydesign_0_mydesign_1364' exists in Revised only. Skip it for hierarchical comparison
// Warning: Module 'SNPS_CLOCK_GATE_HIGH_dsram_mydesign_0_mydesign_1365' exists in Revised only. Skip it for hierarchical comparison
// Warning: Module 'SNPS_CLOCK_GATE_HIGH_dsram_mydesign_0_mydesign_1366' exists in Revised only. Skip it for hierarchical comparison
// Warning: Module 'SNPS_CLOCK_GATE_HIGH_dsram_mydesign_0_mydesign_1367' exists in Revised only. Skip it for hierarchical comparison
// Warning: Module 'SNPS_CLOCK_GATE_HIGH_dsram_mydesign_0_mydesign_1368' exists in Revised only. Skip it for hierarchical comparison
// Warning: Module 'SNPS_CLOCK_GATE_HIGH_dsram_mydesign_0_mydesign_1369' exists in Revised only. Skip it for hierarchical comparison
// Warning: Module 'SNPS_CLOCK_GATE_HIGH_dsram_mydesign_0_mydesign_1370' exists in Revised only. Skip it for hierarchical comparison
// Warning: Module 'SNPS_CLOCK_GATE_HIGH_dsram_mydesign_0_mydesign_1371' exists in Revised only. Skip it for hierarchical comparison
// Warning: Module 'SNPS_CLOCK_GATE_HIGH_dsram_mydesign_0_mydesign_1372' exists in Revised only. Skip it for hierarchical comparison
// Warning: Module 'SNPS_CLOCK_GATE_HIGH_dsram_mydesign_0_mydesign_1373' exists in Revised only. Skip it for hierarchical comparison
// Warning: Module 'SNPS_CLOCK_GATE_HIGH_dsram_mydesign_0_mydesign_1374' exists in Revised only. Skip it for hierarchical comparison
// Warning: Module 'SNPS_CLOCK_GATE_HIGH_dsram_mydesign_0_mydesign_1375' exists in Revised only. Skip it for hierarchical comparison
// Warning: Module 'SNPS_CLOCK_GATE_HIGH_dsram_mydesign_0_mydesign_1376' exists in Revised only. Skip it for hierarchical comparison
// Warning: Module 'SNPS_CLOCK_GATE_HIGH_dsram_mydesign_0_mydesign_1377' exists in Revised only. Skip it for hierarchical comparison
// Warning: Module 'SNPS_CLOCK_GATE_HIGH_dsram_mydesign_0_mydesign_1378' exists in Revised only. Skip it for hierarchical comparison
// Warning: Module 'SNPS_CLOCK_GATE_HIGH_dsram_mydesign_0_mydesign_1379' exists in Revised only. Skip it for hierarchical comparison
// Warning: Module 'SNPS_CLOCK_GATE_HIGH_dsram_mydesign_0_mydesign_1380' exists in Revised only. Skip it for hierarchical comparison
// Warning: Module 'SNPS_CLOCK_GATE_HIGH_dsram_mydesign_0_mydesign_1381' exists in Revised only. Skip it for hierarchical comparison
// Warning: Module 'SNPS_CLOCK_GATE_HIGH_dsram_mydesign_0_mydesign_1382' exists in Revised only. Skip it for hierarchical comparison
// Warning: Module 'SNPS_CLOCK_GATE_HIGH_dsram_mydesign_0_mydesign_1383' exists in Revised only. Skip it for hierarchical comparison
// Warning: Module 'SNPS_CLOCK_GATE_HIGH_dsram_mydesign_0_mydesign_1384' exists in Revised only. Skip it for hierarchical comparison
// Warning: Module 'SNPS_CLOCK_GATE_HIGH_dsram_mydesign_0_mydesign_1385' exists in Revised only. Skip it for hierarchical comparison
// Warning: Module 'SNPS_CLOCK_GATE_HIGH_dsram_mydesign_0_mydesign_1386' exists in Revised only. Skip it for hierarchical comparison
// Warning: Module 'SNPS_CLOCK_GATE_HIGH_dsram_mydesign_0_mydesign_1387' exists in Revised only. Skip it for hierarchical comparison
// Warning: Module 'SNPS_CLOCK_GATE_HIGH_dsram_mydesign_0_mydesign_1388' exists in Revised only. Skip it for hierarchical comparison
// Warning: Module 'SNPS_CLOCK_GATE_HIGH_dsram_mydesign_0_mydesign_1389' exists in Revised only. Skip it for hierarchical comparison
// Warning: Module 'SNPS_CLOCK_GATE_HIGH_dsram_mydesign_0_mydesign_1390' exists in Revised only. Skip it for hierarchical comparison
// Warning: Module 'SNPS_CLOCK_GATE_HIGH_dsram_mydesign_0_mydesign_1391' exists in Revised only. Skip it for hierarchical comparison
// Warning: Module 'SNPS_CLOCK_GATE_HIGH_dsram_mydesign_0_mydesign_1392' exists in Revised only. Skip it for hierarchical comparison
// Warning: Module 'SNPS_CLOCK_GATE_HIGH_dsram_mydesign_0_mydesign_1393' exists in Revised only. Skip it for hierarchical comparison
// Warning: Module 'SNPS_CLOCK_GATE_HIGH_dsram_mydesign_0_mydesign_1394' exists in Revised only. Skip it for hierarchical comparison
// Warning: Module 'SNPS_CLOCK_GATE_HIGH_dsram_mydesign_0_mydesign_1395' exists in Revised only. Skip it for hierarchical comparison
// Warning: Module 'SNPS_CLOCK_GATE_HIGH_dsram_mydesign_0_mydesign_1396' exists in Revised only. Skip it for hierarchical comparison
// Warning: Module 'SNPS_CLOCK_GATE_HIGH_dsram_mydesign_0_mydesign_1397' exists in Revised only. Skip it for hierarchical comparison
// Warning: Module 'SNPS_CLOCK_GATE_HIGH_dsram_mydesign_0_mydesign_1398' exists in Revised only. Skip it for hierarchical comparison
// Warning: Module 'SNPS_CLOCK_GATE_HIGH_dsram_mydesign_0_mydesign_1399' exists in Revised only. Skip it for hierarchical comparison
// Warning: Module 'SNPS_CLOCK_GATE_HIGH_dsram_mydesign_0_mydesign_1400' exists in Revised only. Skip it for hierarchical comparison
// Warning: Module 'SNPS_CLOCK_GATE_HIGH_dsram_mydesign_0_mydesign_1401' exists in Revised only. Skip it for hierarchical comparison
// Warning: Module 'SNPS_CLOCK_GATE_HIGH_dsram_mydesign_0_mydesign_1402' exists in Revised only. Skip it for hierarchical comparison
// Warning: Module 'SNPS_CLOCK_GATE_HIGH_dsram_mydesign_0_mydesign_1403' exists in Revised only. Skip it for hierarchical comparison
// Warning: Module 'SNPS_CLOCK_GATE_HIGH_dsram_mydesign_0_mydesign_1404' exists in Revised only. Skip it for hierarchical comparison
// Warning: Module 'SNPS_CLOCK_GATE_HIGH_dsram_mydesign_0_mydesign_1405' exists in Revised only. Skip it for hierarchical comparison
// Warning: Module 'SNPS_CLOCK_GATE_HIGH_dsram_mydesign_0_mydesign_1406' exists in Revised only. Skip it for hierarchical comparison
// Warning: Module 'SNPS_CLOCK_GATE_HIGH_dsram_mydesign_0_mydesign_1407' exists in Revised only. Skip it for hierarchical comparison
// Warning: Module 'SNPS_CLOCK_GATE_HIGH_dsram_mydesign_0_mydesign_1408' exists in Revised only. Skip it for hierarchical comparison
// Warning: Module 'SNPS_CLOCK_GATE_HIGH_dsram_mydesign_0_mydesign_1409' exists in Revised only. Skip it for hierarchical comparison
// Warning: Module 'SNPS_CLOCK_GATE_HIGH_dsram_mydesign_0_mydesign_1410' exists in Revised only. Skip it for hierarchical comparison
// Warning: Module 'SNPS_CLOCK_GATE_HIGH_dsram_mydesign_0_mydesign_1411' exists in Revised only. Skip it for hierarchical comparison
// Warning: Module 'SNPS_CLOCK_GATE_HIGH_dsram_mydesign_0_mydesign_1412' exists in Revised only. Skip it for hierarchical comparison
// Warning: Module 'SNPS_CLOCK_GATE_HIGH_dsram_mydesign_0_mydesign_1413' exists in Revised only. Skip it for hierarchical comparison
// Warning: Module 'SNPS_CLOCK_GATE_HIGH_dsram_mydesign_0_mydesign_1414' exists in Revised only. Skip it for hierarchical comparison
// Warning: Module 'SNPS_CLOCK_GATE_HIGH_dsram_mydesign_0_mydesign_1415' exists in Revised only. Skip it for hierarchical comparison
// Warning: Module 'SNPS_CLOCK_GATE_HIGH_dsram_mydesign_0_mydesign_1416' exists in Revised only. Skip it for hierarchical comparison
// Warning: Module 'SNPS_CLOCK_GATE_HIGH_dsram_mydesign_0_mydesign_1417' exists in Revised only. Skip it for hierarchical comparison
// Warning: Module 'SNPS_CLOCK_GATE_HIGH_dsram_mydesign_0_mydesign_1418' exists in Revised only. Skip it for hierarchical comparison
// Warning: Module 'SNPS_CLOCK_GATE_HIGH_dsram_mydesign_0_mydesign_1419' exists in Revised only. Skip it for hierarchical comparison
// Warning: Module 'SNPS_CLOCK_GATE_HIGH_dsram_mydesign_0_mydesign_1420' exists in Revised only. Skip it for hierarchical comparison
// Warning: Module 'SNPS_CLOCK_GATE_HIGH_dsram_mydesign_0_mydesign_1421' exists in Revised only. Skip it for hierarchical comparison
// Warning: Module 'SNPS_CLOCK_GATE_HIGH_dsram_mydesign_0_mydesign_1422' exists in Revised only. Skip it for hierarchical comparison
// Warning: Module 'SNPS_CLOCK_GATE_HIGH_dsram_mydesign_0_mydesign_1423' exists in Revised only. Skip it for hierarchical comparison
// Warning: Module 'SNPS_CLOCK_GATE_HIGH_dsram_mydesign_0_mydesign_1424' exists in Revised only. Skip it for hierarchical comparison
// Warning: Module 'SNPS_CLOCK_GATE_HIGH_dsram_mydesign_0_mydesign_1425' exists in Revised only. Skip it for hierarchical comparison
// Warning: Module 'SNPS_CLOCK_GATE_HIGH_dsram_mydesign_0_mydesign_1426' exists in Revised only. Skip it for hierarchical comparison
// Warning: Module 'SNPS_CLOCK_GATE_HIGH_dsram_mydesign_0_mydesign_1427' exists in Revised only. Skip it for hierarchical comparison
// Warning: Module 'SNPS_CLOCK_GATE_HIGH_dsram_mydesign_0_mydesign_1428' exists in Revised only. Skip it for hierarchical comparison
// Warning: Module 'SNPS_CLOCK_GATE_HIGH_dsram_mydesign_0_mydesign_1429' exists in Revised only. Skip it for hierarchical comparison
// Warning: Module 'SNPS_CLOCK_GATE_HIGH_dsram_mydesign_0_mydesign_1430' exists in Revised only. Skip it for hierarchical comparison
// Warning: Module 'SNPS_CLOCK_GATE_HIGH_dsram_mydesign_0_mydesign_1431' exists in Revised only. Skip it for hierarchical comparison
// Warning: Module 'SNPS_CLOCK_GATE_HIGH_dsram_mydesign_0_mydesign_1432' exists in Revised only. Skip it for hierarchical comparison
// Warning: Module 'SNPS_CLOCK_GATE_HIGH_dsram_mydesign_0_mydesign_1433' exists in Revised only. Skip it for hierarchical comparison
// Warning: Module 'SNPS_CLOCK_GATE_HIGH_dsram_mydesign_0_mydesign_1434' exists in Revised only. Skip it for hierarchical comparison
// Warning: Module 'SNPS_CLOCK_GATE_HIGH_dsram_mydesign_0_mydesign_1435' exists in Revised only. Skip it for hierarchical comparison
// Warning: Module 'SNPS_CLOCK_GATE_HIGH_dsram_mydesign_0_mydesign_1436' exists in Revised only. Skip it for hierarchical comparison
// Warning: Module 'SNPS_CLOCK_GATE_HIGH_dsram_mydesign_0_mydesign_1437' exists in Revised only. Skip it for hierarchical comparison
// Warning: Module 'SNPS_CLOCK_GATE_HIGH_dsram_mydesign_0_mydesign_1438' exists in Revised only. Skip it for hierarchical comparison
// Warning: Module 'SNPS_CLOCK_GATE_HIGH_dsram_mydesign_0_mydesign_1439' exists in Revised only. Skip it for hierarchical comparison
// Warning: Module 'SNPS_CLOCK_GATE_HIGH_dsram_mydesign_0_mydesign_1440' exists in Revised only. Skip it for hierarchical comparison
// Warning: Module 'SNPS_CLOCK_GATE_HIGH_dsram_mydesign_0_mydesign_1441' exists in Revised only. Skip it for hierarchical comparison
// Warning: Module 'SNPS_CLOCK_GATE_HIGH_dsram_mydesign_0_mydesign_1442' exists in Revised only. Skip it for hierarchical comparison
// Warning: Module 'SNPS_CLOCK_GATE_HIGH_dsram_mydesign_0_mydesign_1443' exists in Revised only. Skip it for hierarchical comparison
// Warning: Module 'SNPS_CLOCK_GATE_HIGH_dsram_mydesign_0_mydesign_1444' exists in Revised only. Skip it for hierarchical comparison
// Warning: Module 'SNPS_CLOCK_GATE_HIGH_dsram_mydesign_0_mydesign_1445' exists in Revised only. Skip it for hierarchical comparison
// Warning: Module 'SNPS_CLOCK_GATE_HIGH_dsram_mydesign_0_mydesign_1446' exists in Revised only. Skip it for hierarchical comparison
// Warning: Module 'SNPS_CLOCK_GATE_HIGH_dsram_mydesign_0_mydesign_1447' exists in Revised only. Skip it for hierarchical comparison
// Warning: Module 'SNPS_CLOCK_GATE_HIGH_dsram_mydesign_0_mydesign_1448' exists in Revised only. Skip it for hierarchical comparison
// Warning: Module 'SNPS_CLOCK_GATE_HIGH_dsram_mydesign_0_mydesign_1449' exists in Revised only. Skip it for hierarchical comparison
// Warning: Module 'SNPS_CLOCK_GATE_HIGH_dsram_mydesign_0_mydesign_1450' exists in Revised only. Skip it for hierarchical comparison
// Warning: Module 'SNPS_CLOCK_GATE_HIGH_dsram_mydesign_0_mydesign_1451' exists in Revised only. Skip it for hierarchical comparison
// Warning: Module 'SNPS_CLOCK_GATE_HIGH_dsram_mydesign_0_mydesign_1452' exists in Revised only. Skip it for hierarchical comparison
// Warning: Module 'SNPS_CLOCK_GATE_HIGH_dsram_mydesign_0_mydesign_1453' exists in Revised only. Skip it for hierarchical comparison
// Warning: Module 'SNPS_CLOCK_GATE_HIGH_dsram_mydesign_0_mydesign_1454' exists in Revised only. Skip it for hierarchical comparison
// Warning: Module 'SNPS_CLOCK_GATE_HIGH_dsram_mydesign_0_mydesign_1455' exists in Revised only. Skip it for hierarchical comparison
// Warning: Module 'SNPS_CLOCK_GATE_HIGH_dsram_mydesign_0_mydesign_1456' exists in Revised only. Skip it for hierarchical comparison
// Warning: Module 'SNPS_CLOCK_GATE_HIGH_dsram_mydesign_0_mydesign_1457' exists in Revised only. Skip it for hierarchical comparison
// Warning: Module 'SNPS_CLOCK_GATE_HIGH_dsram_mydesign_0_mydesign_1458' exists in Revised only. Skip it for hierarchical comparison
// Warning: Module 'SNPS_CLOCK_GATE_HIGH_dsram_mydesign_0_mydesign_1459' exists in Revised only. Skip it for hierarchical comparison
// Warning: Module 'SNPS_CLOCK_GATE_HIGH_dsram_mydesign_0_mydesign_1460' exists in Revised only. Skip it for hierarchical comparison
// Warning: Module 'SNPS_CLOCK_GATE_HIGH_dsram_mydesign_0_mydesign_1461' exists in Revised only. Skip it for hierarchical comparison
// Warning: Module 'SNPS_CLOCK_GATE_HIGH_dsram_mydesign_0_mydesign_1462' exists in Revised only. Skip it for hierarchical comparison
// Warning: Module 'SNPS_CLOCK_GATE_HIGH_dsram_mydesign_0_mydesign_1463' exists in Revised only. Skip it for hierarchical comparison
// Warning: Module 'SNPS_CLOCK_GATE_HIGH_dsram_mydesign_0_mydesign_1464' exists in Revised only. Skip it for hierarchical comparison
// Warning: Module 'SNPS_CLOCK_GATE_HIGH_dsram_mydesign_0_mydesign_1465' exists in Revised only. Skip it for hierarchical comparison
// Warning: Module 'SNPS_CLOCK_GATE_HIGH_dsram_mydesign_0_mydesign_1466' exists in Revised only. Skip it for hierarchical comparison
// Warning: Module 'SNPS_CLOCK_GATE_HIGH_dsram_mydesign_0_mydesign_1467' exists in Revised only. Skip it for hierarchical comparison
// Warning: Module 'SNPS_CLOCK_GATE_HIGH_dsram_mydesign_0_mydesign_1468' exists in Revised only. Skip it for hierarchical comparison
// Warning: Module 'SNPS_CLOCK_GATE_HIGH_dsram_mydesign_0_mydesign_1469' exists in Revised only. Skip it for hierarchical comparison
// Warning: Module 'SNPS_CLOCK_GATE_HIGH_dsram_mydesign_0_mydesign_1470' exists in Revised only. Skip it for hierarchical comparison
// Warning: Module 'SNPS_CLOCK_GATE_HIGH_dsram_mydesign_0_mydesign_1471' exists in Revised only. Skip it for hierarchical comparison
// Warning: Module 'SNPS_CLOCK_GATE_HIGH_dsram_mydesign_0_mydesign_1472' exists in Revised only. Skip it for hierarchical comparison
// Warning: Module 'SNPS_CLOCK_GATE_HIGH_dsram_mydesign_0_mydesign_1473' exists in Revised only. Skip it for hierarchical comparison
// Warning: Module 'SNPS_CLOCK_GATE_HIGH_dsram_mydesign_0_mydesign_1474' exists in Revised only. Skip it for hierarchical comparison
// Warning: Module 'SNPS_CLOCK_GATE_HIGH_dsram_mydesign_0_mydesign_1475' exists in Revised only. Skip it for hierarchical comparison
// Warning: Module 'SNPS_CLOCK_GATE_HIGH_dsram_mydesign_0_mydesign_1476' exists in Revised only. Skip it for hierarchical comparison
// Warning: Module 'SNPS_CLOCK_GATE_HIGH_dsram_mydesign_0_mydesign_1477' exists in Revised only. Skip it for hierarchical comparison
// Warning: Module 'SNPS_CLOCK_GATE_HIGH_dsram_mydesign_0_mydesign_1478' exists in Revised only. Skip it for hierarchical comparison
// Warning: Module 'SNPS_CLOCK_GATE_HIGH_dsram_mydesign_0_mydesign_1479' exists in Revised only. Skip it for hierarchical comparison
// Warning: Module 'SNPS_CLOCK_GATE_HIGH_dsram_mydesign_0_mydesign_1480' exists in Revised only. Skip it for hierarchical comparison
// Warning: Module 'SNPS_CLOCK_GATE_HIGH_dsram_mydesign_0_mydesign_1481' exists in Revised only. Skip it for hierarchical comparison
// Warning: Module 'SNPS_CLOCK_GATE_HIGH_dsram_mydesign_0_mydesign_1482' exists in Revised only. Skip it for hierarchical comparison
// Warning: Module 'SNPS_CLOCK_GATE_HIGH_dsram_mydesign_0_mydesign_1483' exists in Revised only. Skip it for hierarchical comparison
// Warning: Module 'SNPS_CLOCK_GATE_HIGH_dsram_mydesign_0_mydesign_1484' exists in Revised only. Skip it for hierarchical comparison
// Warning: Module 'SNPS_CLOCK_GATE_HIGH_dsram_mydesign_0_mydesign_1485' exists in Revised only. Skip it for hierarchical comparison
// Warning: Module 'SNPS_CLOCK_GATE_HIGH_dsram_mydesign_0_mydesign_1486' exists in Revised only. Skip it for hierarchical comparison
// Warning: Module 'SNPS_CLOCK_GATE_HIGH_dsram_mydesign_0_mydesign_1487' exists in Revised only. Skip it for hierarchical comparison
// Warning: Module 'SNPS_CLOCK_GATE_HIGH_dsram_mydesign_0_mydesign_1488' exists in Revised only. Skip it for hierarchical comparison
// Warning: Module 'SNPS_CLOCK_GATE_HIGH_dsram_mydesign_0_mydesign_1489' exists in Revised only. Skip it for hierarchical comparison
// Warning: Module 'SNPS_CLOCK_GATE_HIGH_dsram_mydesign_0_mydesign_1490' exists in Revised only. Skip it for hierarchical comparison
// Warning: Module 'SNPS_CLOCK_GATE_HIGH_dsram_mydesign_0_mydesign_1491' exists in Revised only. Skip it for hierarchical comparison
// Warning: Module 'SNPS_CLOCK_GATE_HIGH_dsram_mydesign_0_mydesign_1492' exists in Revised only. Skip it for hierarchical comparison
// Warning: Module 'SNPS_CLOCK_GATE_HIGH_dsram_mydesign_0_mydesign_1493' exists in Revised only. Skip it for hierarchical comparison
// Warning: Module 'SNPS_CLOCK_GATE_HIGH_dsram_mydesign_0_mydesign_1494' exists in Revised only. Skip it for hierarchical comparison
// Warning: Module 'SNPS_CLOCK_GATE_HIGH_dsram_mydesign_0_mydesign_1495' exists in Revised only. Skip it for hierarchical comparison
// Warning: Module 'SNPS_CLOCK_GATE_HIGH_dsram_mydesign_0_mydesign_1496' exists in Revised only. Skip it for hierarchical comparison
// Warning: Module 'SNPS_CLOCK_GATE_HIGH_dsram_mydesign_0_mydesign_1497' exists in Revised only. Skip it for hierarchical comparison
// Warning: Module 'SNPS_CLOCK_GATE_HIGH_dsram_mydesign_0_mydesign_1498' exists in Revised only. Skip it for hierarchical comparison
// Warning: Module 'SNPS_CLOCK_GATE_HIGH_dsram_mydesign_0_mydesign_1499' exists in Revised only. Skip it for hierarchical comparison
// Warning: Module 'SNPS_CLOCK_GATE_HIGH_dsram_mydesign_0_mydesign_1500' exists in Revised only. Skip it for hierarchical comparison
// Warning: Module 'SNPS_CLOCK_GATE_HIGH_dsram_mydesign_0_mydesign_1501' exists in Revised only. Skip it for hierarchical comparison
// Warning: Module 'SNPS_CLOCK_GATE_HIGH_dsram_mydesign_0_mydesign_1502' exists in Revised only. Skip it for hierarchical comparison
// Warning: Module 'SNPS_CLOCK_GATE_HIGH_dsram_mydesign_0_mydesign_1503' exists in Revised only. Skip it for hierarchical comparison
// Warning: Module 'SNPS_CLOCK_GATE_HIGH_dsram_mydesign_0_mydesign_1504' exists in Revised only. Skip it for hierarchical comparison
// Warning: Module 'SNPS_CLOCK_GATE_HIGH_dsram_mydesign_0_mydesign_1505' exists in Revised only. Skip it for hierarchical comparison
// Warning: Module 'SNPS_CLOCK_GATE_HIGH_dsram_mydesign_0_mydesign_1506' exists in Revised only. Skip it for hierarchical comparison
// Warning: Module 'SNPS_CLOCK_GATE_HIGH_dsram_mydesign_0_mydesign_1507' exists in Revised only. Skip it for hierarchical comparison
// Warning: Module 'SNPS_CLOCK_GATE_HIGH_dsram_mydesign_0_mydesign_1508' exists in Revised only. Skip it for hierarchical comparison
// Warning: Module 'SNPS_CLOCK_GATE_HIGH_dsram_mydesign_0_mydesign_1509' exists in Revised only. Skip it for hierarchical comparison
// Warning: Module 'SNPS_CLOCK_GATE_HIGH_dsram_mydesign_0_mydesign_1510' exists in Revised only. Skip it for hierarchical comparison
// Warning: Module 'SNPS_CLOCK_GATE_HIGH_dsram_mydesign_0_mydesign_1511' exists in Revised only. Skip it for hierarchical comparison
// Warning: Module 'SNPS_CLOCK_GATE_HIGH_dsram_mydesign_0_mydesign_1512' exists in Revised only. Skip it for hierarchical comparison
// Warning: Module 'SNPS_CLOCK_GATE_HIGH_dsram_mydesign_0_mydesign_1513' exists in Revised only. Skip it for hierarchical comparison
// Warning: Module 'SNPS_CLOCK_GATE_HIGH_dsram_mydesign_0_mydesign_1514' exists in Revised only. Skip it for hierarchical comparison
// Warning: Module 'SNPS_CLOCK_GATE_HIGH_dsram_mydesign_0_mydesign_1515' exists in Revised only. Skip it for hierarchical comparison
// Warning: Module 'SNPS_CLOCK_GATE_HIGH_dsram_mydesign_0_mydesign_1516' exists in Revised only. Skip it for hierarchical comparison
// Warning: Module 'SNPS_CLOCK_GATE_HIGH_dsram_mydesign_0_mydesign_1517' exists in Revised only. Skip it for hierarchical comparison
// Warning: Module 'SNPS_CLOCK_GATE_HIGH_dsram_mydesign_0_mydesign_1518' exists in Revised only. Skip it for hierarchical comparison
// Warning: Module 'SNPS_CLOCK_GATE_HIGH_dsram_mydesign_0_mydesign_1519' exists in Revised only. Skip it for hierarchical comparison
// Warning: Module 'SNPS_CLOCK_GATE_HIGH_dsram_mydesign_0_mydesign_1520' exists in Revised only. Skip it for hierarchical comparison
// Warning: Module 'SNPS_CLOCK_GATE_HIGH_dsram_mydesign_0_mydesign_1521' exists in Revised only. Skip it for hierarchical comparison
// Warning: Module 'SNPS_CLOCK_GATE_HIGH_dsram_mydesign_0_mydesign_1522' exists in Revised only. Skip it for hierarchical comparison
// Warning: Module 'SNPS_CLOCK_GATE_HIGH_dsram_mydesign_0_mydesign_1523' exists in Revised only. Skip it for hierarchical comparison
// Warning: Module 'SNPS_CLOCK_GATE_HIGH_dsram_mydesign_0_mydesign_1524' exists in Revised only. Skip it for hierarchical comparison
// Warning: Module 'SNPS_CLOCK_GATE_HIGH_dsram_mydesign_0_mydesign_1525' exists in Revised only. Skip it for hierarchical comparison
// Warning: Module 'SNPS_CLOCK_GATE_HIGH_dsram_mydesign_0_mydesign_1526' exists in Revised only. Skip it for hierarchical comparison
// Warning: Module 'SNPS_CLOCK_GATE_HIGH_dsram_mydesign_0_mydesign_1527' exists in Revised only. Skip it for hierarchical comparison
// Warning: Module 'SNPS_CLOCK_GATE_HIGH_dsram_mydesign_0_mydesign_1528' exists in Revised only. Skip it for hierarchical comparison
// Warning: Module 'SNPS_CLOCK_GATE_HIGH_dsram_mydesign_0_mydesign_1529' exists in Revised only. Skip it for hierarchical comparison
// Warning: Module 'SNPS_CLOCK_GATE_HIGH_dsram_mydesign_0_mydesign_1530' exists in Revised only. Skip it for hierarchical comparison
// Warning: Module 'SNPS_CLOCK_GATE_HIGH_dsram_mydesign_0_mydesign_1531' exists in Revised only. Skip it for hierarchical comparison
// Warning: Module 'SNPS_CLOCK_GATE_HIGH_dsram_mydesign_0_mydesign_1532' exists in Revised only. Skip it for hierarchical comparison
// Warning: Module 'SNPS_CLOCK_GATE_HIGH_dsram_mydesign_0_mydesign_1533' exists in Revised only. Skip it for hierarchical comparison
// Warning: Module 'SNPS_CLOCK_GATE_HIGH_dsram_mydesign_0_mydesign_1534' exists in Revised only. Skip it for hierarchical comparison
// Warning: Module 'SNPS_CLOCK_GATE_HIGH_dsram_mydesign_0_mydesign_1535' exists in Revised only. Skip it for hierarchical comparison
// Warning: Module 'SNPS_CLOCK_GATE_HIGH_dsram_mydesign_0_mydesign_1536' exists in Revised only. Skip it for hierarchical comparison
// Warning: Module 'SNPS_CLOCK_GATE_HIGH_dsram_mydesign_0_mydesign_1537' exists in Revised only. Skip it for hierarchical comparison
// Warning: Module 'SNPS_CLOCK_GATE_HIGH_dsram_mydesign_0_mydesign_1538' exists in Revised only. Skip it for hierarchical comparison
// Warning: Module 'SNPS_CLOCK_GATE_HIGH_dsram_mydesign_0_mydesign_1539' exists in Revised only. Skip it for hierarchical comparison
// Warning: Module 'SNPS_CLOCK_GATE_HIGH_dsram_mydesign_0_mydesign_1540' exists in Revised only. Skip it for hierarchical comparison
// Warning: Module 'SNPS_CLOCK_GATE_HIGH_dsram_mydesign_0_mydesign_1541' exists in Revised only. Skip it for hierarchical comparison
// Warning: Module 'SNPS_CLOCK_GATE_HIGH_dsram_mydesign_0_mydesign_1542' exists in Revised only. Skip it for hierarchical comparison
// Warning: Module 'SNPS_CLOCK_GATE_HIGH_dsram_mydesign_0_mydesign_1543' exists in Revised only. Skip it for hierarchical comparison
// Warning: Module 'SNPS_CLOCK_GATE_HIGH_dsram_mydesign_0_mydesign_1544' exists in Revised only. Skip it for hierarchical comparison
// Warning: Module 'SNPS_CLOCK_GATE_HIGH_dsram_mydesign_0_mydesign_1545' exists in Revised only. Skip it for hierarchical comparison
// Warning: Module 'SNPS_CLOCK_GATE_HIGH_dsram_mydesign_0_mydesign_1546' exists in Revised only. Skip it for hierarchical comparison
// Warning: Module 'SNPS_CLOCK_GATE_HIGH_dsram_mydesign_0_mydesign_1547' exists in Revised only. Skip it for hierarchical comparison
// Warning: Module 'SNPS_CLOCK_GATE_HIGH_dsram_mydesign_0_mydesign_1548' exists in Revised only. Skip it for hierarchical comparison
// Warning: Module 'SNPS_CLOCK_GATE_HIGH_dsram_mydesign_0_mydesign_1549' exists in Revised only. Skip it for hierarchical comparison
// Warning: Module 'SNPS_CLOCK_GATE_HIGH_dsram_mydesign_0_mydesign_1550' exists in Revised only. Skip it for hierarchical comparison
// Warning: Module 'SNPS_CLOCK_GATE_HIGH_dsram_mydesign_0_mydesign_1551' exists in Revised only. Skip it for hierarchical comparison
// Warning: Module 'SNPS_CLOCK_GATE_HIGH_dsram_mydesign_0_mydesign_1552' exists in Revised only. Skip it for hierarchical comparison
// Warning: Module 'SNPS_CLOCK_GATE_HIGH_dsram_mydesign_0_mydesign_1553' exists in Revised only. Skip it for hierarchical comparison
// Warning: Module 'SNPS_CLOCK_GATE_HIGH_dsram_mydesign_0_mydesign_1554' exists in Revised only. Skip it for hierarchical comparison
// Warning: Module 'SNPS_CLOCK_GATE_HIGH_dsram_mydesign_0_mydesign_1555' exists in Revised only. Skip it for hierarchical comparison
// Warning: Module 'SNPS_CLOCK_GATE_HIGH_dsram_mydesign_0_mydesign_1556' exists in Revised only. Skip it for hierarchical comparison
// Warning: Module 'SNPS_CLOCK_GATE_HIGH_dsram_mydesign_0_mydesign_1557' exists in Revised only. Skip it for hierarchical comparison
// Warning: Module 'SNPS_CLOCK_GATE_HIGH_dsram_mydesign_0_mydesign_1558' exists in Revised only. Skip it for hierarchical comparison
// Warning: Module 'SNPS_CLOCK_GATE_HIGH_dsram_mydesign_0_mydesign_1559' exists in Revised only. Skip it for hierarchical comparison
// Warning: Module 'SNPS_CLOCK_GATE_HIGH_dsram_mydesign_0_mydesign_1560' exists in Revised only. Skip it for hierarchical comparison
// Warning: Module 'SNPS_CLOCK_GATE_HIGH_dsram_mydesign_0_mydesign_1561' exists in Revised only. Skip it for hierarchical comparison
// Warning: Module 'SNPS_CLOCK_GATE_HIGH_dsram_mydesign_0_mydesign_1562' exists in Revised only. Skip it for hierarchical comparison
// Warning: Module 'SNPS_CLOCK_GATE_HIGH_dsram_mydesign_0_mydesign_1563' exists in Revised only. Skip it for hierarchical comparison
// Warning: Module 'SNPS_CLOCK_GATE_HIGH_dsram_mydesign_0_mydesign_1564' exists in Revised only. Skip it for hierarchical comparison
// Warning: Module 'SNPS_CLOCK_GATE_HIGH_dsram_mydesign_0_mydesign_1565' exists in Revised only. Skip it for hierarchical comparison
// Warning: Module 'SNPS_CLOCK_GATE_HIGH_dsram_mydesign_0_mydesign_1566' exists in Revised only. Skip it for hierarchical comparison
// Warning: Module 'SNPS_CLOCK_GATE_HIGH_dsram_mydesign_0_mydesign_1567' exists in Revised only. Skip it for hierarchical comparison
// Warning: Module 'SNPS_CLOCK_GATE_HIGH_dsram_mydesign_0_mydesign_1568' exists in Revised only. Skip it for hierarchical comparison
// Warning: Module 'SNPS_CLOCK_GATE_HIGH_dsram_mydesign_0_mydesign_1569' exists in Revised only. Skip it for hierarchical comparison
// Warning: Module 'SNPS_CLOCK_GATE_HIGH_dsram_mydesign_0_mydesign_1570' exists in Revised only. Skip it for hierarchical comparison
// Warning: Module 'SNPS_CLOCK_GATE_HIGH_dsram_mydesign_0_mydesign_1571' exists in Revised only. Skip it for hierarchical comparison
// Warning: Module 'SNPS_CLOCK_GATE_HIGH_dsram_mydesign_0_mydesign_1572' exists in Revised only. Skip it for hierarchical comparison
// Warning: Module 'SNPS_CLOCK_GATE_HIGH_dsram_mydesign_0_mydesign_1573' exists in Revised only. Skip it for hierarchical comparison
// Warning: Module 'SNPS_CLOCK_GATE_HIGH_dsram_mydesign_0_mydesign_1574' exists in Revised only. Skip it for hierarchical comparison
// Warning: Module 'SNPS_CLOCK_GATE_HIGH_dsram_mydesign_0_mydesign_1575' exists in Revised only. Skip it for hierarchical comparison
// Warning: Module 'SNPS_CLOCK_GATE_HIGH_dsram_mydesign_0_mydesign_1576' exists in Revised only. Skip it for hierarchical comparison
// Warning: Module 'SNPS_CLOCK_GATE_HIGH_dsram_mydesign_0_mydesign_1577' exists in Revised only. Skip it for hierarchical comparison
// Warning: Module 'SNPS_CLOCK_GATE_HIGH_dsram_mydesign_0_mydesign_1578' exists in Revised only. Skip it for hierarchical comparison
// Warning: Module 'SNPS_CLOCK_GATE_HIGH_dsram_mydesign_0_mydesign_1579' exists in Revised only. Skip it for hierarchical comparison
// Warning: Module 'SNPS_CLOCK_GATE_HIGH_dsram_mydesign_0_mydesign_1580' exists in Revised only. Skip it for hierarchical comparison
// Warning: Module 'SNPS_CLOCK_GATE_HIGH_dsram_mydesign_0_mydesign_1581' exists in Revised only. Skip it for hierarchical comparison
// Warning: Module 'SNPS_CLOCK_GATE_HIGH_dsram_mydesign_0_mydesign_1582' exists in Revised only. Skip it for hierarchical comparison
// Warning: Module 'SNPS_CLOCK_GATE_HIGH_dsram_mydesign_0_mydesign_1583' exists in Revised only. Skip it for hierarchical comparison
// Warning: Module 'SNPS_CLOCK_GATE_HIGH_dsram_mydesign_0_mydesign_1584' exists in Revised only. Skip it for hierarchical comparison
// Warning: Module 'SNPS_CLOCK_GATE_HIGH_dsram_mydesign_0_mydesign_1585' exists in Revised only. Skip it for hierarchical comparison
// Warning: Module 'SNPS_CLOCK_GATE_HIGH_dsram_mydesign_0_mydesign_1586' exists in Revised only. Skip it for hierarchical comparison
// Warning: Module 'SNPS_CLOCK_GATE_HIGH_dsram_mydesign_0_mydesign_1587' exists in Revised only. Skip it for hierarchical comparison
// Warning: Module 'SNPS_CLOCK_GATE_HIGH_dsram_mydesign_0_mydesign_1588' exists in Revised only. Skip it for hierarchical comparison
// Warning: Module 'SNPS_CLOCK_GATE_HIGH_dsram_mydesign_0_mydesign_1589' exists in Revised only. Skip it for hierarchical comparison
// Warning: Module 'SNPS_CLOCK_GATE_HIGH_dsram_mydesign_0_mydesign_1590' exists in Revised only. Skip it for hierarchical comparison
// Warning: Module 'SNPS_CLOCK_GATE_HIGH_dsram_mydesign_0_mydesign_1591' exists in Revised only. Skip it for hierarchical comparison
// Warning: Module 'SNPS_CLOCK_GATE_HIGH_dsram_mydesign_0_mydesign_1592' exists in Revised only. Skip it for hierarchical comparison
// Warning: Module 'SNPS_CLOCK_GATE_HIGH_dsram_mydesign_0_mydesign_1593' exists in Revised only. Skip it for hierarchical comparison
// Warning: Module 'SNPS_CLOCK_GATE_HIGH_dsram_mydesign_0_mydesign_1594' exists in Revised only. Skip it for hierarchical comparison
// Warning: Module 'SNPS_CLOCK_GATE_HIGH_dsram_mydesign_0_mydesign_1595' exists in Revised only. Skip it for hierarchical comparison
// Warning: Module 'SNPS_CLOCK_GATE_HIGH_dsram_mydesign_0_mydesign_1596' exists in Revised only. Skip it for hierarchical comparison
// Warning: Module 'SNPS_CLOCK_GATE_HIGH_dsram_mydesign_0_mydesign_1597' exists in Revised only. Skip it for hierarchical comparison
// Warning: Module 'SNPS_CLOCK_GATE_HIGH_dsram_mydesign_0_mydesign_1598' exists in Revised only. Skip it for hierarchical comparison
// Warning: Module 'SNPS_CLOCK_GATE_HIGH_dsram_mydesign_0_mydesign_1599' exists in Revised only. Skip it for hierarchical comparison
// Warning: Module 'SNPS_CLOCK_GATE_HIGH_dsram_mydesign_0_mydesign_1600' exists in Revised only. Skip it for hierarchical comparison
// Warning: Module 'SNPS_CLOCK_GATE_HIGH_dsram_mydesign_0_mydesign_1601' exists in Revised only. Skip it for hierarchical comparison
// Warning: Module 'SNPS_CLOCK_GATE_HIGH_dsram_mydesign_0_mydesign_1602' exists in Revised only. Skip it for hierarchical comparison
// Warning: Module 'SNPS_CLOCK_GATE_HIGH_dsram_mydesign_0_mydesign_1603' exists in Revised only. Skip it for hierarchical comparison
// Warning: Module 'SNPS_CLOCK_GATE_HIGH_dsram_mydesign_0_mydesign_1604' exists in Revised only. Skip it for hierarchical comparison
// Warning: Module 'SNPS_CLOCK_GATE_HIGH_dsram_mydesign_0_mydesign_1605' exists in Revised only. Skip it for hierarchical comparison
// Warning: Module 'SNPS_CLOCK_GATE_HIGH_dsram_mydesign_0_mydesign_1606' exists in Revised only. Skip it for hierarchical comparison
// Warning: Module 'SNPS_CLOCK_GATE_HIGH_dsram_mydesign_0_mydesign_1607' exists in Revised only. Skip it for hierarchical comparison
// Warning: Module 'SNPS_CLOCK_GATE_HIGH_dsram_mydesign_0_mydesign_1608' exists in Revised only. Skip it for hierarchical comparison
// Warning: Module 'SNPS_CLOCK_GATE_HIGH_dsram_mydesign_0_mydesign_1609' exists in Revised only. Skip it for hierarchical comparison
// Warning: Module 'SNPS_CLOCK_GATE_HIGH_dsram_mydesign_0_mydesign_1610' exists in Revised only. Skip it for hierarchical comparison
// Warning: Module 'SNPS_CLOCK_GATE_HIGH_dsram_mydesign_0_mydesign_1611' exists in Revised only. Skip it for hierarchical comparison
// Warning: Module 'SNPS_CLOCK_GATE_HIGH_dsram_mydesign_0_mydesign_1612' exists in Revised only. Skip it for hierarchical comparison
// Warning: Module 'SNPS_CLOCK_GATE_HIGH_dsram_mydesign_0_mydesign_1613' exists in Revised only. Skip it for hierarchical comparison
// Warning: Module 'SNPS_CLOCK_GATE_HIGH_dsram_mydesign_0_mydesign_1614' exists in Revised only. Skip it for hierarchical comparison
// Warning: Module 'SNPS_CLOCK_GATE_HIGH_dsram_mydesign_0_mydesign_1615' exists in Revised only. Skip it for hierarchical comparison
// Warning: Module 'SNPS_CLOCK_GATE_HIGH_dsram_mydesign_0_mydesign_1616' exists in Revised only. Skip it for hierarchical comparison
// Warning: Module 'SNPS_CLOCK_GATE_HIGH_dsram_mydesign_0_mydesign_1617' exists in Revised only. Skip it for hierarchical comparison
// Warning: Module 'SNPS_CLOCK_GATE_HIGH_dsram_mydesign_0_mydesign_1618' exists in Revised only. Skip it for hierarchical comparison
// Warning: Module 'SNPS_CLOCK_GATE_HIGH_dsram_mydesign_0_mydesign_1619' exists in Revised only. Skip it for hierarchical comparison
// Warning: Module 'SNPS_CLOCK_GATE_HIGH_dsram_mydesign_0_mydesign_1620' exists in Revised only. Skip it for hierarchical comparison
// Warning: Module 'SNPS_CLOCK_GATE_HIGH_dsram_mydesign_0_mydesign_1621' exists in Revised only. Skip it for hierarchical comparison
// Warning: Module 'SNPS_CLOCK_GATE_HIGH_dsram_mydesign_0_mydesign_1622' exists in Revised only. Skip it for hierarchical comparison
// Warning: Module 'SNPS_CLOCK_GATE_HIGH_dsram_mydesign_0_mydesign_1623' exists in Revised only. Skip it for hierarchical comparison
// Warning: Module 'SNPS_CLOCK_GATE_HIGH_dsram_mydesign_0_mydesign_1624' exists in Revised only. Skip it for hierarchical comparison
// Warning: Module 'SNPS_CLOCK_GATE_HIGH_dsram_mydesign_0_mydesign_1625' exists in Revised only. Skip it for hierarchical comparison
// Warning: Module 'SNPS_CLOCK_GATE_HIGH_dsram_mydesign_0_mydesign_1626' exists in Revised only. Skip it for hierarchical comparison
// Warning: Module 'SNPS_CLOCK_GATE_HIGH_dsram_mydesign_0_mydesign_1627' exists in Revised only. Skip it for hierarchical comparison
// Warning: Module 'SNPS_CLOCK_GATE_HIGH_dsram_mydesign_0_mydesign_1628' exists in Revised only. Skip it for hierarchical comparison
// Warning: Module 'SNPS_CLOCK_GATE_HIGH_dsram_mydesign_0_mydesign_1629' exists in Revised only. Skip it for hierarchical comparison
// Warning: Module 'SNPS_CLOCK_GATE_HIGH_dsram_mydesign_0_mydesign_1630' exists in Revised only. Skip it for hierarchical comparison
// Warning: Module 'SNPS_CLOCK_GATE_HIGH_dsram_mydesign_0_mydesign_1631' exists in Revised only. Skip it for hierarchical comparison
// Warning: Module 'SNPS_CLOCK_GATE_HIGH_dsram_mydesign_0_mydesign_1632' exists in Revised only. Skip it for hierarchical comparison
// Warning: Module 'SNPS_CLOCK_GATE_HIGH_dsram_mydesign_0_mydesign_1633' exists in Revised only. Skip it for hierarchical comparison
// Warning: Module 'SNPS_CLOCK_GATE_HIGH_dsram_mydesign_0_mydesign_1634' exists in Revised only. Skip it for hierarchical comparison
// Warning: Module 'SNPS_CLOCK_GATE_HIGH_dsram_mydesign_0_mydesign_1635' exists in Revised only. Skip it for hierarchical comparison
// Warning: Module 'SNPS_CLOCK_GATE_HIGH_dsram_mydesign_0_mydesign_1636' exists in Revised only. Skip it for hierarchical comparison
// Warning: Module 'SNPS_CLOCK_GATE_HIGH_dsram_mydesign_0_mydesign_1637' exists in Revised only. Skip it for hierarchical comparison
// Warning: Module 'SNPS_CLOCK_GATE_HIGH_dsram_mydesign_0_mydesign_1638' exists in Revised only. Skip it for hierarchical comparison
// Warning: Module 'SNPS_CLOCK_GATE_HIGH_dsram_mydesign_0_mydesign_1639' exists in Revised only. Skip it for hierarchical comparison
// Warning: Module 'SNPS_CLOCK_GATE_HIGH_dsram_mydesign_0_mydesign_1640' exists in Revised only. Skip it for hierarchical comparison
// Warning: Module 'SNPS_CLOCK_GATE_HIGH_dsram_mydesign_0_mydesign_1641' exists in Revised only. Skip it for hierarchical comparison
// Warning: Module 'SNPS_CLOCK_GATE_HIGH_dsram_mydesign_0_mydesign_1642' exists in Revised only. Skip it for hierarchical comparison
// Warning: Module 'SNPS_CLOCK_GATE_HIGH_dsram_mydesign_0_mydesign_1643' exists in Revised only. Skip it for hierarchical comparison
// Warning: Module 'SNPS_CLOCK_GATE_HIGH_dsram_mydesign_0_mydesign_1644' exists in Revised only. Skip it for hierarchical comparison
// Warning: Module 'SNPS_CLOCK_GATE_HIGH_dsram_mydesign_0_mydesign_1645' exists in Revised only. Skip it for hierarchical comparison
// Warning: Module 'SNPS_CLOCK_GATE_HIGH_dsram_mydesign_0_mydesign_1646' exists in Revised only. Skip it for hierarchical comparison
// Warning: Module 'SNPS_CLOCK_GATE_HIGH_dsram_mydesign_0_mydesign_1647' exists in Revised only. Skip it for hierarchical comparison
// Warning: Module 'SNPS_CLOCK_GATE_HIGH_dsram_mydesign_0_mydesign_1648' exists in Revised only. Skip it for hierarchical comparison
// Warning: Module 'SNPS_CLOCK_GATE_HIGH_dsram_mydesign_0_mydesign_1649' exists in Revised only. Skip it for hierarchical comparison
// Warning: Module 'SNPS_CLOCK_GATE_HIGH_dsram_mydesign_0_mydesign_1650' exists in Revised only. Skip it for hierarchical comparison
// Warning: Module 'SNPS_CLOCK_GATE_HIGH_dsram_mydesign_0_mydesign_1651' exists in Revised only. Skip it for hierarchical comparison
// Warning: Module 'SNPS_CLOCK_GATE_HIGH_dsram_mydesign_0_mydesign_1652' exists in Revised only. Skip it for hierarchical comparison
// Warning: Module 'SNPS_CLOCK_GATE_HIGH_dsram_mydesign_0_mydesign_1653' exists in Revised only. Skip it for hierarchical comparison
// Warning: Module 'SNPS_CLOCK_GATE_HIGH_dsram_mydesign_0_mydesign_1654' exists in Revised only. Skip it for hierarchical comparison
// Warning: Module 'SNPS_CLOCK_GATE_HIGH_dsram_mydesign_0_mydesign_1655' exists in Revised only. Skip it for hierarchical comparison
// Warning: Module 'SNPS_CLOCK_GATE_HIGH_dsram_mydesign_0_mydesign_1656' exists in Revised only. Skip it for hierarchical comparison
// Warning: Module 'SNPS_CLOCK_GATE_HIGH_dsram_mydesign_0_mydesign_1657' exists in Revised only. Skip it for hierarchical comparison
// Warning: Module 'SNPS_CLOCK_GATE_HIGH_dsram_mydesign_0_mydesign_1658' exists in Revised only. Skip it for hierarchical comparison
// Warning: Module 'SNPS_CLOCK_GATE_HIGH_dsram_mydesign_0_mydesign_1659' exists in Revised only. Skip it for hierarchical comparison
// Warning: Module 'SNPS_CLOCK_GATE_HIGH_dsram_mydesign_0_mydesign_1660' exists in Revised only. Skip it for hierarchical comparison
// Warning: Module 'SNPS_CLOCK_GATE_HIGH_dsram_mydesign_0_mydesign_1661' exists in Revised only. Skip it for hierarchical comparison
// Warning: Module 'SNPS_CLOCK_GATE_HIGH_dsram_mydesign_0_mydesign_1662' exists in Revised only. Skip it for hierarchical comparison
// Warning: Module 'SNPS_CLOCK_GATE_HIGH_dsram_mydesign_0_mydesign_1663' exists in Revised only. Skip it for hierarchical comparison
// Warning: Module 'SNPS_CLOCK_GATE_HIGH_dsram_mydesign_0_mydesign_1664' exists in Revised only. Skip it for hierarchical comparison
// Warning: Module 'SNPS_CLOCK_GATE_HIGH_dsram_mydesign_0_mydesign_1665' exists in Revised only. Skip it for hierarchical comparison
// Warning: Module 'SNPS_CLOCK_GATE_HIGH_dsram_mydesign_0_mydesign_1666' exists in Revised only. Skip it for hierarchical comparison
// Warning: Module 'SNPS_CLOCK_GATE_HIGH_dsram_mydesign_0_mydesign_1667' exists in Revised only. Skip it for hierarchical comparison
// Warning: Module 'SNPS_CLOCK_GATE_HIGH_dsram_mydesign_0_mydesign_1668' exists in Revised only. Skip it for hierarchical comparison
// Warning: Module 'SNPS_CLOCK_GATE_HIGH_dsram_mydesign_0_mydesign_1669' exists in Revised only. Skip it for hierarchical comparison
// Warning: Module 'SNPS_CLOCK_GATE_HIGH_dsram_mydesign_0_mydesign_1670' exists in Revised only. Skip it for hierarchical comparison
// Warning: Module 'SNPS_CLOCK_GATE_HIGH_dsram_mydesign_0_mydesign_1671' exists in Revised only. Skip it for hierarchical comparison
// Warning: Module 'SNPS_CLOCK_GATE_HIGH_dsram_mydesign_0_mydesign_1672' exists in Revised only. Skip it for hierarchical comparison
// Warning: Module 'SNPS_CLOCK_GATE_HIGH_dsram_mydesign_0_mydesign_1673' exists in Revised only. Skip it for hierarchical comparison
// Warning: Module 'SNPS_CLOCK_GATE_HIGH_dsram_mydesign_0_mydesign_1674' exists in Revised only. Skip it for hierarchical comparison
// Warning: Module 'SNPS_CLOCK_GATE_HIGH_dsram_mydesign_0_mydesign_1675' exists in Revised only. Skip it for hierarchical comparison
// Warning: Module 'SNPS_CLOCK_GATE_HIGH_dsram_mydesign_0_mydesign_1676' exists in Revised only. Skip it for hierarchical comparison
// Warning: Module 'SNPS_CLOCK_GATE_HIGH_dsram_mydesign_0_mydesign_1677' exists in Revised only. Skip it for hierarchical comparison
// Warning: Module 'SNPS_CLOCK_GATE_HIGH_dsram_mydesign_0_mydesign_1678' exists in Revised only. Skip it for hierarchical comparison
// Warning: Module 'SNPS_CLOCK_GATE_HIGH_dsram_mydesign_0_mydesign_1679' exists in Revised only. Skip it for hierarchical comparison
// Warning: Module 'SNPS_CLOCK_GATE_HIGH_dsram_mydesign_0_mydesign_1680' exists in Revised only. Skip it for hierarchical comparison
// Warning: Module 'SNPS_CLOCK_GATE_HIGH_dsram_mydesign_0_mydesign_1681' exists in Revised only. Skip it for hierarchical comparison
// Warning: Module 'SNPS_CLOCK_GATE_HIGH_dsram_mydesign_0_mydesign_1682' exists in Revised only. Skip it for hierarchical comparison
// Warning: Module 'SNPS_CLOCK_GATE_HIGH_dsram_mydesign_0_mydesign_1683' exists in Revised only. Skip it for hierarchical comparison
// Warning: Module 'SNPS_CLOCK_GATE_HIGH_dsram_mydesign_0_mydesign_1684' exists in Revised only. Skip it for hierarchical comparison
// Warning: Module 'SNPS_CLOCK_GATE_HIGH_dsram_mydesign_0_mydesign_1685' exists in Revised only. Skip it for hierarchical comparison
// Warning: Module 'SNPS_CLOCK_GATE_HIGH_dsram_mydesign_0_mydesign_1686' exists in Revised only. Skip it for hierarchical comparison
// Warning: Module 'SNPS_CLOCK_GATE_HIGH_dsram_mydesign_0_mydesign_1687' exists in Revised only. Skip it for hierarchical comparison
// Warning: Module 'SNPS_CLOCK_GATE_HIGH_dsram_mydesign_0_mydesign_1688' exists in Revised only. Skip it for hierarchical comparison
// Warning: Module 'SNPS_CLOCK_GATE_HIGH_dsram_mydesign_0_mydesign_1689' exists in Revised only. Skip it for hierarchical comparison
// Warning: Module 'SNPS_CLOCK_GATE_HIGH_dsram_mydesign_0_mydesign_1690' exists in Revised only. Skip it for hierarchical comparison
// Warning: Module 'SNPS_CLOCK_GATE_HIGH_dsram_mydesign_0_mydesign_1691' exists in Revised only. Skip it for hierarchical comparison
// Warning: Module 'SNPS_CLOCK_GATE_HIGH_dsram_mydesign_0_mydesign_1692' exists in Revised only. Skip it for hierarchical comparison
// Warning: Module 'SNPS_CLOCK_GATE_HIGH_dsram_mydesign_0_mydesign_1693' exists in Revised only. Skip it for hierarchical comparison
// Warning: Module 'SNPS_CLOCK_GATE_HIGH_dsram_mydesign_0_mydesign_1694' exists in Revised only. Skip it for hierarchical comparison
// Warning: Module 'SNPS_CLOCK_GATE_HIGH_dsram_mydesign_0_mydesign_1695' exists in Revised only. Skip it for hierarchical comparison
// Warning: Module 'SNPS_CLOCK_GATE_HIGH_dsram_mydesign_0_mydesign_1696' exists in Revised only. Skip it for hierarchical comparison
// Warning: Module 'SNPS_CLOCK_GATE_HIGH_dsram_mydesign_0_mydesign_1697' exists in Revised only. Skip it for hierarchical comparison
// Warning: Module 'SNPS_CLOCK_GATE_HIGH_dsram_mydesign_0_mydesign_1698' exists in Revised only. Skip it for hierarchical comparison
// Warning: Module 'SNPS_CLOCK_GATE_HIGH_dsram_mydesign_0_mydesign_1699' exists in Revised only. Skip it for hierarchical comparison
// Warning: Module 'SNPS_CLOCK_GATE_HIGH_dsram_mydesign_0_mydesign_1700' exists in Revised only. Skip it for hierarchical comparison
// Warning: Module 'SNPS_CLOCK_GATE_HIGH_dsram_mydesign_0_mydesign_1701' exists in Revised only. Skip it for hierarchical comparison
// Warning: Module 'SNPS_CLOCK_GATE_HIGH_dsram_mydesign_0_mydesign_1702' exists in Revised only. Skip it for hierarchical comparison
// Warning: Module 'SNPS_CLOCK_GATE_HIGH_dsram_mydesign_0_mydesign_1703' exists in Revised only. Skip it for hierarchical comparison
// Warning: Module 'SNPS_CLOCK_GATE_HIGH_dsram_mydesign_0_mydesign_1704' exists in Revised only. Skip it for hierarchical comparison
// Warning: Module 'SNPS_CLOCK_GATE_HIGH_dsram_mydesign_0_mydesign_1705' exists in Revised only. Skip it for hierarchical comparison
// Warning: Module 'SNPS_CLOCK_GATE_HIGH_dsram_mydesign_0_mydesign_1706' exists in Revised only. Skip it for hierarchical comparison
// Warning: Module 'SNPS_CLOCK_GATE_HIGH_dsram_mydesign_0_mydesign_1707' exists in Revised only. Skip it for hierarchical comparison
// Warning: Module 'SNPS_CLOCK_GATE_HIGH_dsram_mydesign_0_mydesign_1708' exists in Revised only. Skip it for hierarchical comparison
// Warning: Module 'SNPS_CLOCK_GATE_HIGH_dsram_mydesign_0_mydesign_1709' exists in Revised only. Skip it for hierarchical comparison
// Warning: Module 'SNPS_CLOCK_GATE_HIGH_dsram_mydesign_0_mydesign_1710' exists in Revised only. Skip it for hierarchical comparison
// Warning: Module 'SNPS_CLOCK_GATE_HIGH_dsram_mydesign_0_mydesign_1711' exists in Revised only. Skip it for hierarchical comparison
// Warning: Module 'SNPS_CLOCK_GATE_HIGH_dsram_mydesign_0_mydesign_1712' exists in Revised only. Skip it for hierarchical comparison
// Warning: Module 'SNPS_CLOCK_GATE_HIGH_dsram_mydesign_0_mydesign_1713' exists in Revised only. Skip it for hierarchical comparison
// Warning: Module 'SNPS_CLOCK_GATE_HIGH_dsram_mydesign_0_mydesign_1714' exists in Revised only. Skip it for hierarchical comparison
// Warning: Module 'SNPS_CLOCK_GATE_HIGH_dsram_mydesign_0_mydesign_1715' exists in Revised only. Skip it for hierarchical comparison
// Warning: Module 'SNPS_CLOCK_GATE_HIGH_dsram_mydesign_0_mydesign_1716' exists in Revised only. Skip it for hierarchical comparison
// Warning: Module 'SNPS_CLOCK_GATE_HIGH_dsram_mydesign_0_mydesign_1717' exists in Revised only. Skip it for hierarchical comparison
// Warning: Module 'SNPS_CLOCK_GATE_HIGH_dsram_mydesign_0_mydesign_1718' exists in Revised only. Skip it for hierarchical comparison
// Warning: Module 'SNPS_CLOCK_GATE_HIGH_dsram_mydesign_0_mydesign_1719' exists in Revised only. Skip it for hierarchical comparison
// Warning: Module 'SNPS_CLOCK_GATE_HIGH_dsram_mydesign_0_mydesign_1720' exists in Revised only. Skip it for hierarchical comparison
// Warning: Module 'SNPS_CLOCK_GATE_HIGH_dsram_mydesign_0_mydesign_1721' exists in Revised only. Skip it for hierarchical comparison
// Warning: Module 'SNPS_CLOCK_GATE_HIGH_dsram_mydesign_0_mydesign_1722' exists in Revised only. Skip it for hierarchical comparison
// Warning: Module 'SNPS_CLOCK_GATE_HIGH_dsram_mydesign_0_mydesign_1723' exists in Revised only. Skip it for hierarchical comparison
// Warning: Module 'SNPS_CLOCK_GATE_HIGH_dsram_mydesign_0_mydesign_1724' exists in Revised only. Skip it for hierarchical comparison
// Warning: Module 'SNPS_CLOCK_GATE_HIGH_dsram_mydesign_0_mydesign_1725' exists in Revised only. Skip it for hierarchical comparison
// Warning: Module 'SNPS_CLOCK_GATE_HIGH_dsram_mydesign_0_mydesign_1726' exists in Revised only. Skip it for hierarchical comparison
// Warning: Module 'SNPS_CLOCK_GATE_HIGH_dsram_mydesign_0_mydesign_1727' exists in Revised only. Skip it for hierarchical comparison
// Warning: Module 'SNPS_CLOCK_GATE_HIGH_dsram_mydesign_0_mydesign_1728' exists in Revised only. Skip it for hierarchical comparison
// Warning: Module 'SNPS_CLOCK_GATE_HIGH_dsram_mydesign_0_mydesign_1729' exists in Revised only. Skip it for hierarchical comparison
// Warning: Module 'SNPS_CLOCK_GATE_HIGH_dsram_mydesign_0_mydesign_1730' exists in Revised only. Skip it for hierarchical comparison
// Warning: Module 'SNPS_CLOCK_GATE_HIGH_dsram_mydesign_0_mydesign_1731' exists in Revised only. Skip it for hierarchical comparison
// Warning: Module 'SNPS_CLOCK_GATE_HIGH_dsram_mydesign_0_mydesign_1732' exists in Revised only. Skip it for hierarchical comparison
// Warning: Module 'SNPS_CLOCK_GATE_HIGH_dsram_mydesign_0_mydesign_1733' exists in Revised only. Skip it for hierarchical comparison
// Warning: Module 'SNPS_CLOCK_GATE_HIGH_dsram_mydesign_0_mydesign_1734' exists in Revised only. Skip it for hierarchical comparison
// Warning: Module 'SNPS_CLOCK_GATE_HIGH_dsram_mydesign_0_mydesign_1735' exists in Revised only. Skip it for hierarchical comparison
// Warning: Module 'SNPS_CLOCK_GATE_HIGH_dsram_mydesign_0_mydesign_1736' exists in Revised only. Skip it for hierarchical comparison
// Warning: Module 'SNPS_CLOCK_GATE_HIGH_dsram_mydesign_0_mydesign_1737' exists in Revised only. Skip it for hierarchical comparison
// Warning: Module 'SNPS_CLOCK_GATE_HIGH_dsram_mydesign_0_mydesign_1738' exists in Revised only. Skip it for hierarchical comparison
// Warning: Module 'SNPS_CLOCK_GATE_HIGH_dsram_mydesign_0_mydesign_1739' exists in Revised only. Skip it for hierarchical comparison
// Warning: Module 'SNPS_CLOCK_GATE_HIGH_dsram_mydesign_0_mydesign_1740' exists in Revised only. Skip it for hierarchical comparison
// Warning: Module 'SNPS_CLOCK_GATE_HIGH_dsram_mydesign_0_mydesign_1741' exists in Revised only. Skip it for hierarchical comparison
// Warning: Module 'SNPS_CLOCK_GATE_HIGH_dsram_mydesign_0_mydesign_1742' exists in Revised only. Skip it for hierarchical comparison
// Warning: Module 'SNPS_CLOCK_GATE_HIGH_dsram_mydesign_0_mydesign_1743' exists in Revised only. Skip it for hierarchical comparison
// Warning: Module 'SNPS_CLOCK_GATE_HIGH_dsram_mydesign_0_mydesign_1744' exists in Revised only. Skip it for hierarchical comparison
// Warning: Module 'SNPS_CLOCK_GATE_HIGH_dsram_mydesign_0_mydesign_1745' exists in Revised only. Skip it for hierarchical comparison
// Warning: Module 'SNPS_CLOCK_GATE_HIGH_dsram_mydesign_0_mydesign_1746' exists in Revised only. Skip it for hierarchical comparison
// Warning: Module 'SNPS_CLOCK_GATE_HIGH_dsram_mydesign_0_mydesign_1747' exists in Revised only. Skip it for hierarchical comparison
// Warning: Module 'SNPS_CLOCK_GATE_HIGH_dsram_mydesign_0_mydesign_1748' exists in Revised only. Skip it for hierarchical comparison
// Warning: Module 'SNPS_CLOCK_GATE_HIGH_dsram_mydesign_0_mydesign_1749' exists in Revised only. Skip it for hierarchical comparison
// Warning: Module 'SNPS_CLOCK_GATE_HIGH_dsram_mydesign_0_mydesign_1750' exists in Revised only. Skip it for hierarchical comparison
// Warning: Module 'SNPS_CLOCK_GATE_HIGH_dsram_mydesign_0_mydesign_1751' exists in Revised only. Skip it for hierarchical comparison
// Warning: Module 'SNPS_CLOCK_GATE_HIGH_dsram_mydesign_0_mydesign_1752' exists in Revised only. Skip it for hierarchical comparison
// Warning: Module 'SNPS_CLOCK_GATE_HIGH_dsram_mydesign_0_mydesign_1753' exists in Revised only. Skip it for hierarchical comparison
// Warning: Module 'SNPS_CLOCK_GATE_HIGH_dsram_mydesign_0_mydesign_1754' exists in Revised only. Skip it for hierarchical comparison
// Warning: Module 'SNPS_CLOCK_GATE_HIGH_dsram_mydesign_0_mydesign_1755' exists in Revised only. Skip it for hierarchical comparison
// Warning: Module 'SNPS_CLOCK_GATE_HIGH_dsram_mydesign_0_mydesign_1756' exists in Revised only. Skip it for hierarchical comparison
// Warning: Module 'SNPS_CLOCK_GATE_HIGH_dsram_mydesign_0_mydesign_1757' exists in Revised only. Skip it for hierarchical comparison
// Warning: Module 'SNPS_CLOCK_GATE_HIGH_dsram_mydesign_0_mydesign_1758' exists in Revised only. Skip it for hierarchical comparison
// Warning: Module 'SNPS_CLOCK_GATE_HIGH_dsram_mydesign_0_mydesign_1759' exists in Revised only. Skip it for hierarchical comparison
// Warning: Module 'SNPS_CLOCK_GATE_HIGH_dsram_mydesign_0_mydesign_1760' exists in Revised only. Skip it for hierarchical comparison
// Warning: Module 'SNPS_CLOCK_GATE_HIGH_dsram_mydesign_0_mydesign_1761' exists in Revised only. Skip it for hierarchical comparison
// Warning: Module 'SNPS_CLOCK_GATE_HIGH_dsram_mydesign_0_mydesign_1762' exists in Revised only. Skip it for hierarchical comparison
// Warning: Module 'SNPS_CLOCK_GATE_HIGH_dsram_mydesign_0_mydesign_1763' exists in Revised only. Skip it for hierarchical comparison
// Warning: Module 'SNPS_CLOCK_GATE_HIGH_dsram_mydesign_0_mydesign_1764' exists in Revised only. Skip it for hierarchical comparison
// Warning: Module 'SNPS_CLOCK_GATE_HIGH_dsram_mydesign_0_mydesign_1765' exists in Revised only. Skip it for hierarchical comparison
// Warning: Module 'SNPS_CLOCK_GATE_HIGH_dsram_mydesign_0_mydesign_1766' exists in Revised only. Skip it for hierarchical comparison
// Warning: Module 'SNPS_CLOCK_GATE_HIGH_dsram_mydesign_0_mydesign_1767' exists in Revised only. Skip it for hierarchical comparison
// Warning: Module 'SNPS_CLOCK_GATE_HIGH_dsram_mydesign_0_mydesign_1768' exists in Revised only. Skip it for hierarchical comparison
// Warning: Module 'SNPS_CLOCK_GATE_HIGH_dsram_mydesign_0_mydesign_1769' exists in Revised only. Skip it for hierarchical comparison
// Warning: Module 'SNPS_CLOCK_GATE_HIGH_dsram_mydesign_0_mydesign_1770' exists in Revised only. Skip it for hierarchical comparison
// Warning: Module 'SNPS_CLOCK_GATE_HIGH_dsram_mydesign_0_mydesign_1771' exists in Revised only. Skip it for hierarchical comparison
// Warning: Module 'SNPS_CLOCK_GATE_HIGH_dsram_mydesign_0_mydesign_1772' exists in Revised only. Skip it for hierarchical comparison
// Warning: Module 'SNPS_CLOCK_GATE_HIGH_dsram_mydesign_0_mydesign_1773' exists in Revised only. Skip it for hierarchical comparison
// Warning: Module 'SNPS_CLOCK_GATE_HIGH_dsram_mydesign_0_mydesign_1774' exists in Revised only. Skip it for hierarchical comparison
// Warning: Module 'SNPS_CLOCK_GATE_HIGH_dsram_mydesign_0_mydesign_1775' exists in Revised only. Skip it for hierarchical comparison
// Warning: Module 'SNPS_CLOCK_GATE_HIGH_dsram_mydesign_0_mydesign_1776' exists in Revised only. Skip it for hierarchical comparison
// Warning: Module 'SNPS_CLOCK_GATE_HIGH_dsram_mydesign_0_mydesign_1777' exists in Revised only. Skip it for hierarchical comparison
// Warning: Module 'SNPS_CLOCK_GATE_HIGH_dsram_mydesign_0_mydesign_1778' exists in Revised only. Skip it for hierarchical comparison
// Warning: Module 'SNPS_CLOCK_GATE_HIGH_dsram_mydesign_0_mydesign_1779' exists in Revised only. Skip it for hierarchical comparison
// Warning: Module 'SNPS_CLOCK_GATE_HIGH_dsram_mydesign_0_mydesign_1780' exists in Revised only. Skip it for hierarchical comparison
// Warning: Module 'SNPS_CLOCK_GATE_HIGH_dsram_mydesign_0_mydesign_1781' exists in Revised only. Skip it for hierarchical comparison
// Warning: Module 'SNPS_CLOCK_GATE_HIGH_dsram_mydesign_0_mydesign_1782' exists in Revised only. Skip it for hierarchical comparison
// Warning: Module 'SNPS_CLOCK_GATE_HIGH_dsram_mydesign_0_mydesign_1783' exists in Revised only. Skip it for hierarchical comparison
// Warning: Module 'SNPS_CLOCK_GATE_HIGH_dsram_mydesign_0_mydesign_1784' exists in Revised only. Skip it for hierarchical comparison
// Warning: Module 'SNPS_CLOCK_GATE_HIGH_dsram_mydesign_0_mydesign_1785' exists in Revised only. Skip it for hierarchical comparison
// Warning: Module 'SNPS_CLOCK_GATE_HIGH_dsram_mydesign_0_mydesign_1786' exists in Revised only. Skip it for hierarchical comparison
// Warning: Module 'SNPS_CLOCK_GATE_HIGH_dsram_mydesign_0_mydesign_1787' exists in Revised only. Skip it for hierarchical comparison
// Warning: Module 'SNPS_CLOCK_GATE_HIGH_dsram_mydesign_0_mydesign_1788' exists in Revised only. Skip it for hierarchical comparison
// Warning: Module 'SNPS_CLOCK_GATE_HIGH_dsram_mydesign_0_mydesign_1789' exists in Revised only. Skip it for hierarchical comparison
// Warning: Module 'SNPS_CLOCK_GATE_HIGH_dsram_mydesign_0_mydesign_1790' exists in Revised only. Skip it for hierarchical comparison
// Warning: Module 'SNPS_CLOCK_GATE_HIGH_dsram_mydesign_0_mydesign_1791' exists in Revised only. Skip it for hierarchical comparison
// Warning: Module 'SNPS_CLOCK_GATE_HIGH_dsram_mydesign_0_mydesign_1792' exists in Revised only. Skip it for hierarchical comparison
// Warning: Module 'SNPS_CLOCK_GATE_HIGH_dsram_mydesign_0_mydesign_1793' exists in Revised only. Skip it for hierarchical comparison
// Warning: Module 'SNPS_CLOCK_GATE_HIGH_dsram_mydesign_0_mydesign_1794' exists in Revised only. Skip it for hierarchical comparison
// Warning: Module 'SNPS_CLOCK_GATE_HIGH_dsram_mydesign_0_mydesign_1795' exists in Revised only. Skip it for hierarchical comparison
// Warning: Module 'SNPS_CLOCK_GATE_HIGH_dsram_mydesign_0_mydesign_1796' exists in Revised only. Skip it for hierarchical comparison
// Warning: Module 'SNPS_CLOCK_GATE_HIGH_dsram_mydesign_0_mydesign_1797' exists in Revised only. Skip it for hierarchical comparison
// Warning: Module 'SNPS_CLOCK_GATE_HIGH_dsram_mydesign_0_mydesign_1798' exists in Revised only. Skip it for hierarchical comparison
// Warning: Module 'SNPS_CLOCK_GATE_HIGH_dsram_mydesign_0_mydesign_1799' exists in Revised only. Skip it for hierarchical comparison
// Warning: Module 'SNPS_CLOCK_GATE_HIGH_dsram_mydesign_0_mydesign_1800' exists in Revised only. Skip it for hierarchical comparison
// Warning: Module 'SNPS_CLOCK_GATE_HIGH_dsram_mydesign_0_mydesign_1801' exists in Revised only. Skip it for hierarchical comparison
// Warning: Module 'SNPS_CLOCK_GATE_HIGH_dsram_mydesign_0_mydesign_1802' exists in Revised only. Skip it for hierarchical comparison
// Warning: Module 'SNPS_CLOCK_GATE_HIGH_dsram_mydesign_0_mydesign_1803' exists in Revised only. Skip it for hierarchical comparison
// Warning: Module 'SNPS_CLOCK_GATE_HIGH_dsram_mydesign_0_mydesign_1804' exists in Revised only. Skip it for hierarchical comparison
// Warning: Module 'SNPS_CLOCK_GATE_HIGH_dsram_mydesign_0_mydesign_1805' exists in Revised only. Skip it for hierarchical comparison
// Warning: Module 'SNPS_CLOCK_GATE_HIGH_dsram_mydesign_0_mydesign_1806' exists in Revised only. Skip it for hierarchical comparison
// Warning: Module 'SNPS_CLOCK_GATE_HIGH_dsram_mydesign_0_mydesign_1807' exists in Revised only. Skip it for hierarchical comparison
// Warning: Module 'SNPS_CLOCK_GATE_HIGH_dsram_mydesign_0_mydesign_1808' exists in Revised only. Skip it for hierarchical comparison
// Warning: Module 'SNPS_CLOCK_GATE_HIGH_dsram_mydesign_0_mydesign_1809' exists in Revised only. Skip it for hierarchical comparison
// Warning: Module 'SNPS_CLOCK_GATE_HIGH_dsram_mydesign_0_mydesign_1810' exists in Revised only. Skip it for hierarchical comparison
// Warning: Module 'SNPS_CLOCK_GATE_HIGH_dsram_mydesign_0_mydesign_1811' exists in Revised only. Skip it for hierarchical comparison
// Warning: Module 'SNPS_CLOCK_GATE_HIGH_dsram_mydesign_0_mydesign_1812' exists in Revised only. Skip it for hierarchical comparison
// Warning: Module 'SNPS_CLOCK_GATE_HIGH_dsram_mydesign_0_mydesign_1813' exists in Revised only. Skip it for hierarchical comparison
// Warning: Module 'SNPS_CLOCK_GATE_HIGH_dsram_mydesign_0_mydesign_1814' exists in Revised only. Skip it for hierarchical comparison
// Warning: Module 'SNPS_CLOCK_GATE_HIGH_dsram_mydesign_0_mydesign_1815' exists in Revised only. Skip it for hierarchical comparison
// Warning: Module 'SNPS_CLOCK_GATE_HIGH_dsram_mydesign_0_mydesign_1816' exists in Revised only. Skip it for hierarchical comparison
// Warning: Module 'SNPS_CLOCK_GATE_HIGH_dsram_mydesign_0_mydesign_1817' exists in Revised only. Skip it for hierarchical comparison
// Warning: Module 'SNPS_CLOCK_GATE_HIGH_dsram_mydesign_0_mydesign_1818' exists in Revised only. Skip it for hierarchical comparison
// Warning: Module 'SNPS_CLOCK_GATE_HIGH_dsram_mydesign_0_mydesign_1819' exists in Revised only. Skip it for hierarchical comparison
// Warning: Module 'SNPS_CLOCK_GATE_HIGH_dsram_mydesign_0_mydesign_1820' exists in Revised only. Skip it for hierarchical comparison
// Warning: Module 'SNPS_CLOCK_GATE_HIGH_dsram_mydesign_0_mydesign_1821' exists in Revised only. Skip it for hierarchical comparison
// Warning: Module 'SNPS_CLOCK_GATE_HIGH_dsram_mydesign_0_mydesign_1822' exists in Revised only. Skip it for hierarchical comparison
// Warning: Module 'SNPS_CLOCK_GATE_HIGH_dsram_mydesign_0_mydesign_1823' exists in Revised only. Skip it for hierarchical comparison
// Warning: Module 'SNPS_CLOCK_GATE_HIGH_dsram_mydesign_0_mydesign_1824' exists in Revised only. Skip it for hierarchical comparison
// Warning: Module 'SNPS_CLOCK_GATE_HIGH_dsram_mydesign_0_mydesign_1825' exists in Revised only. Skip it for hierarchical comparison
// Warning: Module 'SNPS_CLOCK_GATE_HIGH_dsram_mydesign_0_mydesign_1826' exists in Revised only. Skip it for hierarchical comparison
// Warning: Module 'SNPS_CLOCK_GATE_HIGH_dsram_mydesign_0_mydesign_1827' exists in Revised only. Skip it for hierarchical comparison
// Warning: Module 'SNPS_CLOCK_GATE_HIGH_dsram_mydesign_0_mydesign_1828' exists in Revised only. Skip it for hierarchical comparison
// Warning: Module 'SNPS_CLOCK_GATE_HIGH_dsram_mydesign_0_mydesign_1829' exists in Revised only. Skip it for hierarchical comparison
// Warning: Module 'SNPS_CLOCK_GATE_HIGH_dsram_mydesign_0_mydesign_1830' exists in Revised only. Skip it for hierarchical comparison
// Warning: Module 'SNPS_CLOCK_GATE_HIGH_dsram_mydesign_0_mydesign_1831' exists in Revised only. Skip it for hierarchical comparison
// Warning: Module 'SNPS_CLOCK_GATE_HIGH_dsram_mydesign_0_mydesign_1832' exists in Revised only. Skip it for hierarchical comparison
// Warning: Module 'SNPS_CLOCK_GATE_HIGH_dsram_mydesign_0_mydesign_1833' exists in Revised only. Skip it for hierarchical comparison
// Warning: Module 'SNPS_CLOCK_GATE_HIGH_dsram_mydesign_0_mydesign_1834' exists in Revised only. Skip it for hierarchical comparison
// Warning: Module 'SNPS_CLOCK_GATE_HIGH_dsram_mydesign_0_mydesign_1835' exists in Revised only. Skip it for hierarchical comparison
// Warning: Module 'SNPS_CLOCK_GATE_HIGH_dsram_mydesign_0_mydesign_1836' exists in Revised only. Skip it for hierarchical comparison
// Warning: Module 'SNPS_CLOCK_GATE_HIGH_dsram_mydesign_0_mydesign_1837' exists in Revised only. Skip it for hierarchical comparison
// Warning: Module 'SNPS_CLOCK_GATE_HIGH_dsram_mydesign_0_mydesign_1838' exists in Revised only. Skip it for hierarchical comparison
// Warning: Module 'SNPS_CLOCK_GATE_HIGH_dsram_mydesign_0_mydesign_1839' exists in Revised only. Skip it for hierarchical comparison
// Warning: Module 'SNPS_CLOCK_GATE_HIGH_dsram_mydesign_0_mydesign_1840' exists in Revised only. Skip it for hierarchical comparison
// Warning: Module 'SNPS_CLOCK_GATE_HIGH_dsram_mydesign_0_mydesign_1841' exists in Revised only. Skip it for hierarchical comparison
// Warning: Module 'SNPS_CLOCK_GATE_HIGH_dsram_mydesign_0_mydesign_1842' exists in Revised only. Skip it for hierarchical comparison
// Warning: Module 'SNPS_CLOCK_GATE_HIGH_dsram_mydesign_0_mydesign_1843' exists in Revised only. Skip it for hierarchical comparison
// Warning: Module 'SNPS_CLOCK_GATE_HIGH_dsram_mydesign_0_mydesign_1844' exists in Revised only. Skip it for hierarchical comparison
// Warning: Module 'SNPS_CLOCK_GATE_HIGH_dsram_mydesign_0_mydesign_1845' exists in Revised only. Skip it for hierarchical comparison
// Warning: Module 'SNPS_CLOCK_GATE_HIGH_dsram_mydesign_0_mydesign_1846' exists in Revised only. Skip it for hierarchical comparison
// Warning: Module 'SNPS_CLOCK_GATE_HIGH_dsram_mydesign_0_mydesign_1847' exists in Revised only. Skip it for hierarchical comparison
// Warning: Module 'SNPS_CLOCK_GATE_HIGH_dsram_mydesign_0_mydesign_1848' exists in Revised only. Skip it for hierarchical comparison
// Warning: Module 'SNPS_CLOCK_GATE_HIGH_dsram_mydesign_0_mydesign_1849' exists in Revised only. Skip it for hierarchical comparison
// Warning: Module 'SNPS_CLOCK_GATE_HIGH_dsram_mydesign_0_mydesign_1850' exists in Revised only. Skip it for hierarchical comparison
// Warning: Module 'SNPS_CLOCK_GATE_HIGH_dsram_mydesign_0_mydesign_1851' exists in Revised only. Skip it for hierarchical comparison
// Warning: Module 'SNPS_CLOCK_GATE_HIGH_dsram_mydesign_0_mydesign_1852' exists in Revised only. Skip it for hierarchical comparison
// Warning: Module 'SNPS_CLOCK_GATE_HIGH_dsram_mydesign_0_mydesign_1853' exists in Revised only. Skip it for hierarchical comparison
// Warning: Module 'SNPS_CLOCK_GATE_HIGH_dsram_mydesign_0_mydesign_1854' exists in Revised only. Skip it for hierarchical comparison
// Warning: Module 'SNPS_CLOCK_GATE_HIGH_dsram_mydesign_0_mydesign_1855' exists in Revised only. Skip it for hierarchical comparison
// Warning: Module 'SNPS_CLOCK_GATE_HIGH_dsram_mydesign_0_mydesign_1856' exists in Revised only. Skip it for hierarchical comparison
// Warning: Module 'SNPS_CLOCK_GATE_HIGH_dsram_mydesign_0_mydesign_1857' exists in Revised only. Skip it for hierarchical comparison
// Warning: Module 'SNPS_CLOCK_GATE_HIGH_dsram_mydesign_0_mydesign_1858' exists in Revised only. Skip it for hierarchical comparison
// Warning: Module 'SNPS_CLOCK_GATE_HIGH_dsram_mydesign_0_mydesign_1859' exists in Revised only. Skip it for hierarchical comparison
// Warning: Module 'SNPS_CLOCK_GATE_HIGH_dsram_mydesign_0_mydesign_1860' exists in Revised only. Skip it for hierarchical comparison
// Warning: Module 'SNPS_CLOCK_GATE_HIGH_dsram_mydesign_0_mydesign_1861' exists in Revised only. Skip it for hierarchical comparison
// Warning: Module 'SNPS_CLOCK_GATE_HIGH_dsram_mydesign_0_mydesign_1862' exists in Revised only. Skip it for hierarchical comparison
// Warning: Module 'SNPS_CLOCK_GATE_HIGH_dsram_mydesign_0_mydesign_1863' exists in Revised only. Skip it for hierarchical comparison
// Warning: Module 'SNPS_CLOCK_GATE_HIGH_dsram_mydesign_0_mydesign_1864' exists in Revised only. Skip it for hierarchical comparison
// Warning: Module 'SNPS_CLOCK_GATE_HIGH_dsram_mydesign_0_mydesign_1865' exists in Revised only. Skip it for hierarchical comparison
// Warning: Module 'SNPS_CLOCK_GATE_HIGH_dsram_mydesign_0_mydesign_1866' exists in Revised only. Skip it for hierarchical comparison
// Warning: Module 'SNPS_CLOCK_GATE_HIGH_dsram_mydesign_0_mydesign_1867' exists in Revised only. Skip it for hierarchical comparison
// Warning: Module 'SNPS_CLOCK_GATE_HIGH_dsram_mydesign_0_mydesign_1868' exists in Revised only. Skip it for hierarchical comparison
// Warning: Module 'SNPS_CLOCK_GATE_HIGH_dsram_mydesign_0_mydesign_1869' exists in Revised only. Skip it for hierarchical comparison
// Warning: Module 'SNPS_CLOCK_GATE_HIGH_dsram_mydesign_0_mydesign_1870' exists in Revised only. Skip it for hierarchical comparison
// Warning: Module 'SNPS_CLOCK_GATE_HIGH_dsram_mydesign_0_mydesign_1871' exists in Revised only. Skip it for hierarchical comparison
// Warning: Module 'SNPS_CLOCK_GATE_HIGH_dsram_mydesign_0_mydesign_1872' exists in Revised only. Skip it for hierarchical comparison
// Warning: Module 'SNPS_CLOCK_GATE_HIGH_dsram_mydesign_0_mydesign_1873' exists in Revised only. Skip it for hierarchical comparison
// Warning: Module 'SNPS_CLOCK_GATE_HIGH_dsram_mydesign_0_mydesign_1874' exists in Revised only. Skip it for hierarchical comparison
// Warning: Module 'SNPS_CLOCK_GATE_HIGH_dsram_mydesign_0_mydesign_1875' exists in Revised only. Skip it for hierarchical comparison
// Warning: Module 'SNPS_CLOCK_GATE_HIGH_dsram_mydesign_0_mydesign_1876' exists in Revised only. Skip it for hierarchical comparison
// Warning: Module 'SNPS_CLOCK_GATE_HIGH_dsram_mydesign_0_mydesign_1877' exists in Revised only. Skip it for hierarchical comparison
// Warning: Module 'SNPS_CLOCK_GATE_HIGH_dsram_mydesign_0_mydesign_1878' exists in Revised only. Skip it for hierarchical comparison
// Warning: Module 'SNPS_CLOCK_GATE_HIGH_dsram_mydesign_0_mydesign_1879' exists in Revised only. Skip it for hierarchical comparison
// Warning: Module 'SNPS_CLOCK_GATE_HIGH_dsram_mydesign_0_mydesign_1880' exists in Revised only. Skip it for hierarchical comparison
// Warning: Module 'SNPS_CLOCK_GATE_HIGH_dsram_mydesign_0_mydesign_1881' exists in Revised only. Skip it for hierarchical comparison
// Warning: Module 'SNPS_CLOCK_GATE_HIGH_dsram_mydesign_0_mydesign_1882' exists in Revised only. Skip it for hierarchical comparison
// Warning: Module 'SNPS_CLOCK_GATE_HIGH_dsram_mydesign_0_mydesign_1883' exists in Revised only. Skip it for hierarchical comparison
// Warning: Module 'SNPS_CLOCK_GATE_HIGH_dsram_mydesign_0_mydesign_1884' exists in Revised only. Skip it for hierarchical comparison
// Warning: Module 'SNPS_CLOCK_GATE_HIGH_dsram_mydesign_0_mydesign_1885' exists in Revised only. Skip it for hierarchical comparison
// Warning: Module 'SNPS_CLOCK_GATE_HIGH_dsram_mydesign_0_mydesign_1886' exists in Revised only. Skip it for hierarchical comparison
// Warning: Module 'SNPS_CLOCK_GATE_HIGH_dsram_mydesign_0_mydesign_1887' exists in Revised only. Skip it for hierarchical comparison
// Warning: Module 'SNPS_CLOCK_GATE_HIGH_dsram_mydesign_0_mydesign_1888' exists in Revised only. Skip it for hierarchical comparison
// Warning: Module 'SNPS_CLOCK_GATE_HIGH_dsram_mydesign_0_mydesign_1889' exists in Revised only. Skip it for hierarchical comparison
// Warning: Module 'SNPS_CLOCK_GATE_HIGH_dsram_mydesign_0_mydesign_1890' exists in Revised only. Skip it for hierarchical comparison
// Warning: Module 'SNPS_CLOCK_GATE_HIGH_dsram_mydesign_0_mydesign_1891' exists in Revised only. Skip it for hierarchical comparison
// Warning: Module 'SNPS_CLOCK_GATE_HIGH_dsram_mydesign_0_mydesign_1892' exists in Revised only. Skip it for hierarchical comparison
// Warning: Module 'SNPS_CLOCK_GATE_HIGH_dsram_mydesign_0_mydesign_1893' exists in Revised only. Skip it for hierarchical comparison
// Warning: Module 'SNPS_CLOCK_GATE_HIGH_dsram_mydesign_0_mydesign_1894' exists in Revised only. Skip it for hierarchical comparison
// Warning: Module 'SNPS_CLOCK_GATE_HIGH_dsram_mydesign_0_mydesign_1895' exists in Revised only. Skip it for hierarchical comparison
// Warning: Module 'SNPS_CLOCK_GATE_HIGH_dsram_mydesign_0_mydesign_1896' exists in Revised only. Skip it for hierarchical comparison
// Warning: Module 'SNPS_CLOCK_GATE_HIGH_dsram_mydesign_0_mydesign_1897' exists in Revised only. Skip it for hierarchical comparison
// Warning: Module 'SNPS_CLOCK_GATE_HIGH_dsram_mydesign_0_mydesign_1898' exists in Revised only. Skip it for hierarchical comparison
// Warning: Module 'SNPS_CLOCK_GATE_HIGH_dsram_mydesign_0_mydesign_1899' exists in Revised only. Skip it for hierarchical comparison
// Warning: Module 'SNPS_CLOCK_GATE_HIGH_dsram_mydesign_0_mydesign_1900' exists in Revised only. Skip it for hierarchical comparison
// Warning: Module 'SNPS_CLOCK_GATE_HIGH_dsram_mydesign_0_mydesign_1901' exists in Revised only. Skip it for hierarchical comparison
// Warning: Module 'SNPS_CLOCK_GATE_HIGH_dsram_mydesign_0_mydesign_1902' exists in Revised only. Skip it for hierarchical comparison
// Warning: Module 'SNPS_CLOCK_GATE_HIGH_dsram_mydesign_0_mydesign_1903' exists in Revised only. Skip it for hierarchical comparison
// Warning: Module 'SNPS_CLOCK_GATE_HIGH_dsram_mydesign_0_mydesign_1904' exists in Revised only. Skip it for hierarchical comparison
// Warning: Module 'SNPS_CLOCK_GATE_HIGH_dsram_mydesign_0_mydesign_1905' exists in Revised only. Skip it for hierarchical comparison
// Warning: Module 'SNPS_CLOCK_GATE_HIGH_dsram_mydesign_0_mydesign_1906' exists in Revised only. Skip it for hierarchical comparison
// Warning: Module 'SNPS_CLOCK_GATE_HIGH_dsram_mydesign_0_mydesign_1907' exists in Revised only. Skip it for hierarchical comparison
// Warning: Module 'SNPS_CLOCK_GATE_HIGH_dsram_mydesign_0_mydesign_1908' exists in Revised only. Skip it for hierarchical comparison
// Warning: Module 'SNPS_CLOCK_GATE_HIGH_dsram_mydesign_0_mydesign_1909' exists in Revised only. Skip it for hierarchical comparison
// Warning: Module 'SNPS_CLOCK_GATE_HIGH_dsram_mydesign_0_mydesign_1910' exists in Revised only. Skip it for hierarchical comparison
// Warning: Module 'SNPS_CLOCK_GATE_HIGH_dsram_mydesign_0_mydesign_1911' exists in Revised only. Skip it for hierarchical comparison
// Warning: Module 'SNPS_CLOCK_GATE_HIGH_dsram_mydesign_0_mydesign_1912' exists in Revised only. Skip it for hierarchical comparison
// Warning: Module 'SNPS_CLOCK_GATE_HIGH_dsram_mydesign_0_mydesign_1913' exists in Revised only. Skip it for hierarchical comparison
// Warning: Module 'SNPS_CLOCK_GATE_HIGH_dsram_mydesign_0_mydesign_1914' exists in Revised only. Skip it for hierarchical comparison
// Warning: Module 'SNPS_CLOCK_GATE_HIGH_dsram_mydesign_0_mydesign_1915' exists in Revised only. Skip it for hierarchical comparison
// Warning: Module 'SNPS_CLOCK_GATE_HIGH_dsram_mydesign_0_mydesign_1916' exists in Revised only. Skip it for hierarchical comparison
// Warning: Module 'SNPS_CLOCK_GATE_HIGH_dsram_mydesign_0_mydesign_1917' exists in Revised only. Skip it for hierarchical comparison
// Warning: Module 'SNPS_CLOCK_GATE_HIGH_dsram_mydesign_0_mydesign_1918' exists in Revised only. Skip it for hierarchical comparison
// Warning: Module 'SNPS_CLOCK_GATE_HIGH_dsram_mydesign_0_mydesign_1919' exists in Revised only. Skip it for hierarchical comparison
// Warning: Module 'SNPS_CLOCK_GATE_HIGH_dsram_mydesign_0_mydesign_1920' exists in Revised only. Skip it for hierarchical comparison
// Warning: Module 'SNPS_CLOCK_GATE_HIGH_dsram_mydesign_0_mydesign_1921' exists in Revised only. Skip it for hierarchical comparison
// Warning: Module 'SNPS_CLOCK_GATE_HIGH_dsram_mydesign_0_mydesign_1922' exists in Revised only. Skip it for hierarchical comparison
// Warning: Module 'SNPS_CLOCK_GATE_HIGH_dsram_mydesign_0_mydesign_1923' exists in Revised only. Skip it for hierarchical comparison
// Warning: Module 'SNPS_CLOCK_GATE_HIGH_dsram_mydesign_0_mydesign_1924' exists in Revised only. Skip it for hierarchical comparison
// Warning: Module 'SNPS_CLOCK_GATE_HIGH_dsram_mydesign_0_mydesign_1925' exists in Revised only. Skip it for hierarchical comparison
// Warning: Module 'SNPS_CLOCK_GATE_HIGH_dsram_mydesign_0_mydesign_1926' exists in Revised only. Skip it for hierarchical comparison
// Warning: Module 'SNPS_CLOCK_GATE_HIGH_dsram_mydesign_0_mydesign_1927' exists in Revised only. Skip it for hierarchical comparison
// Warning: Module 'SNPS_CLOCK_GATE_HIGH_dsram_mydesign_0_mydesign_1928' exists in Revised only. Skip it for hierarchical comparison
// Warning: Module 'SNPS_CLOCK_GATE_HIGH_dsram_mydesign_0_mydesign_1929' exists in Revised only. Skip it for hierarchical comparison
// Warning: Module 'SNPS_CLOCK_GATE_HIGH_dsram_mydesign_0_mydesign_1930' exists in Revised only. Skip it for hierarchical comparison
// Warning: Module 'SNPS_CLOCK_GATE_HIGH_dsram_mydesign_0_mydesign_1931' exists in Revised only. Skip it for hierarchical comparison
// Warning: Module 'SNPS_CLOCK_GATE_HIGH_dsram_mydesign_0_mydesign_1932' exists in Revised only. Skip it for hierarchical comparison
// Warning: Module 'SNPS_CLOCK_GATE_HIGH_dsram_mydesign_0_mydesign_1933' exists in Revised only. Skip it for hierarchical comparison
// Warning: Module 'SNPS_CLOCK_GATE_HIGH_dsram_mydesign_0_mydesign_1934' exists in Revised only. Skip it for hierarchical comparison
// Warning: Module 'SNPS_CLOCK_GATE_HIGH_dsram_mydesign_0_mydesign_1935' exists in Revised only. Skip it for hierarchical comparison
// Warning: Module 'SNPS_CLOCK_GATE_HIGH_dsram_mydesign_0_mydesign_1936' exists in Revised only. Skip it for hierarchical comparison
// Warning: Module 'SNPS_CLOCK_GATE_HIGH_dsram_mydesign_0_mydesign_1937' exists in Revised only. Skip it for hierarchical comparison
// Warning: Module 'SNPS_CLOCK_GATE_HIGH_dsram_mydesign_0_mydesign_1938' exists in Revised only. Skip it for hierarchical comparison
// Warning: Module 'SNPS_CLOCK_GATE_HIGH_dsram_mydesign_0_mydesign_1939' exists in Revised only. Skip it for hierarchical comparison
// Warning: Module 'SNPS_CLOCK_GATE_HIGH_dsram_mydesign_0_mydesign_1940' exists in Revised only. Skip it for hierarchical comparison
// Warning: Module 'SNPS_CLOCK_GATE_HIGH_dsram_mydesign_0_mydesign_1941' exists in Revised only. Skip it for hierarchical comparison
// Warning: Module 'SNPS_CLOCK_GATE_HIGH_dsram_mydesign_0_mydesign_1942' exists in Revised only. Skip it for hierarchical comparison
// Warning: Module 'SNPS_CLOCK_GATE_HIGH_dsram_mydesign_0_mydesign_1943' exists in Revised only. Skip it for hierarchical comparison
// Warning: Module 'SNPS_CLOCK_GATE_HIGH_dsram_mydesign_0_mydesign_1944' exists in Revised only. Skip it for hierarchical comparison
// Warning: Module 'SNPS_CLOCK_GATE_HIGH_dsram_mydesign_0_mydesign_1945' exists in Revised only. Skip it for hierarchical comparison
// Warning: Module 'SNPS_CLOCK_GATE_HIGH_dsram_mydesign_0_mydesign_1946' exists in Revised only. Skip it for hierarchical comparison
// Warning: Module 'SNPS_CLOCK_GATE_HIGH_dsram_mydesign_0_mydesign_1947' exists in Revised only. Skip it for hierarchical comparison
// Warning: Module 'SNPS_CLOCK_GATE_HIGH_dsram_mydesign_0_mydesign_1948' exists in Revised only. Skip it for hierarchical comparison
// Warning: Module 'SNPS_CLOCK_GATE_HIGH_dsram_mydesign_0_mydesign_1949' exists in Revised only. Skip it for hierarchical comparison
// Warning: Module 'SNPS_CLOCK_GATE_HIGH_dsram_mydesign_0_mydesign_1950' exists in Revised only. Skip it for hierarchical comparison
// Warning: Module 'SNPS_CLOCK_GATE_HIGH_dsram_mydesign_0_mydesign_1951' exists in Revised only. Skip it for hierarchical comparison
// Warning: Module 'SNPS_CLOCK_GATE_HIGH_dsram_mydesign_0_mydesign_1952' exists in Revised only. Skip it for hierarchical comparison
// Warning: Module 'SNPS_CLOCK_GATE_HIGH_dsram_mydesign_0_mydesign_1953' exists in Revised only. Skip it for hierarchical comparison
// Warning: Module 'SNPS_CLOCK_GATE_HIGH_dsram_mydesign_0_mydesign_1954' exists in Revised only. Skip it for hierarchical comparison
// Warning: Module 'SNPS_CLOCK_GATE_HIGH_dsram_mydesign_0_mydesign_1955' exists in Revised only. Skip it for hierarchical comparison
// Warning: Module 'SNPS_CLOCK_GATE_HIGH_dsram_mydesign_0_mydesign_1956' exists in Revised only. Skip it for hierarchical comparison
// Warning: Module 'SNPS_CLOCK_GATE_HIGH_dsram_mydesign_0_mydesign_1957' exists in Revised only. Skip it for hierarchical comparison
// Warning: Module 'SNPS_CLOCK_GATE_HIGH_dsram_mydesign_0_mydesign_1958' exists in Revised only. Skip it for hierarchical comparison
// Warning: Module 'SNPS_CLOCK_GATE_HIGH_dsram_mydesign_0_mydesign_1959' exists in Revised only. Skip it for hierarchical comparison
// Warning: Module 'SNPS_CLOCK_GATE_HIGH_dsram_mydesign_0_mydesign_1960' exists in Revised only. Skip it for hierarchical comparison
// Warning: Module 'SNPS_CLOCK_GATE_HIGH_dsram_mydesign_0_mydesign_1961' exists in Revised only. Skip it for hierarchical comparison
// Warning: Module 'SNPS_CLOCK_GATE_HIGH_dsram_mydesign_0_mydesign_1962' exists in Revised only. Skip it for hierarchical comparison
// Warning: Module 'SNPS_CLOCK_GATE_HIGH_dsram_mydesign_0_mydesign_1963' exists in Revised only. Skip it for hierarchical comparison
// Warning: Module 'SNPS_CLOCK_GATE_HIGH_dsram_mydesign_0_mydesign_1964' exists in Revised only. Skip it for hierarchical comparison
// Warning: Module 'SNPS_CLOCK_GATE_HIGH_dsram_mydesign_0_mydesign_1965' exists in Revised only. Skip it for hierarchical comparison
// Warning: Module 'SNPS_CLOCK_GATE_HIGH_dsram_mydesign_0_mydesign_1966' exists in Revised only. Skip it for hierarchical comparison
// Warning: Module 'SNPS_CLOCK_GATE_HIGH_dsram_mydesign_0_mydesign_1967' exists in Revised only. Skip it for hierarchical comparison
// Warning: Module 'SNPS_CLOCK_GATE_HIGH_dsram_mydesign_0_mydesign_1968' exists in Revised only. Skip it for hierarchical comparison
// Warning: Module 'SNPS_CLOCK_GATE_HIGH_dsram_mydesign_0_mydesign_1969' exists in Revised only. Skip it for hierarchical comparison
// Warning: Module 'SNPS_CLOCK_GATE_HIGH_dsram_mydesign_0_mydesign_1970' exists in Revised only. Skip it for hierarchical comparison
// Warning: Module 'SNPS_CLOCK_GATE_HIGH_dsram_mydesign_0_mydesign_1971' exists in Revised only. Skip it for hierarchical comparison
// Warning: Module 'SNPS_CLOCK_GATE_HIGH_dsram_mydesign_0_mydesign_1972' exists in Revised only. Skip it for hierarchical comparison
// Warning: Module 'SNPS_CLOCK_GATE_HIGH_dsram_mydesign_0_mydesign_1973' exists in Revised only. Skip it for hierarchical comparison
// Warning: Module 'SNPS_CLOCK_GATE_HIGH_dsram_mydesign_0_mydesign_1974' exists in Revised only. Skip it for hierarchical comparison
// Warning: Module 'SNPS_CLOCK_GATE_HIGH_dsram_mydesign_0_mydesign_1975' exists in Revised only. Skip it for hierarchical comparison
// Warning: Module 'SNPS_CLOCK_GATE_HIGH_dsram_mydesign_0_mydesign_1976' exists in Revised only. Skip it for hierarchical comparison
// Warning: Module 'SNPS_CLOCK_GATE_HIGH_dsram_mydesign_0_mydesign_1977' exists in Revised only. Skip it for hierarchical comparison
// Warning: Module 'SNPS_CLOCK_GATE_HIGH_dsram_mydesign_0_mydesign_1978' exists in Revised only. Skip it for hierarchical comparison
// Warning: Module 'SNPS_CLOCK_GATE_HIGH_dsram_mydesign_0_mydesign_1979' exists in Revised only. Skip it for hierarchical comparison
// Warning: Module 'SNPS_CLOCK_GATE_HIGH_dsram_mydesign_0_mydesign_1980' exists in Revised only. Skip it for hierarchical comparison
// Warning: Module 'SNPS_CLOCK_GATE_HIGH_dsram_mydesign_0_mydesign_1981' exists in Revised only. Skip it for hierarchical comparison
// Warning: Module 'SNPS_CLOCK_GATE_HIGH_dsram_mydesign_0_mydesign_1982' exists in Revised only. Skip it for hierarchical comparison
// Warning: Module 'SNPS_CLOCK_GATE_HIGH_dsram_mydesign_0_mydesign_1983' exists in Revised only. Skip it for hierarchical comparison
// Warning: Module 'SNPS_CLOCK_GATE_HIGH_dsram_mydesign_0_mydesign_1984' exists in Revised only. Skip it for hierarchical comparison
// Warning: Module 'SNPS_CLOCK_GATE_HIGH_dsram_mydesign_0_mydesign_1985' exists in Revised only. Skip it for hierarchical comparison
// Warning: Module 'SNPS_CLOCK_GATE_HIGH_dsram_mydesign_0_mydesign_1986' exists in Revised only. Skip it for hierarchical comparison
// Warning: Module 'SNPS_CLOCK_GATE_HIGH_dsram_mydesign_0_mydesign_1987' exists in Revised only. Skip it for hierarchical comparison
// Warning: Module 'SNPS_CLOCK_GATE_HIGH_dsram_mydesign_0_mydesign_1988' exists in Revised only. Skip it for hierarchical comparison
// Warning: Module 'SNPS_CLOCK_GATE_HIGH_dsram_mydesign_0_mydesign_1989' exists in Revised only. Skip it for hierarchical comparison
// Warning: Module 'SNPS_CLOCK_GATE_HIGH_dsram_mydesign_0_mydesign_1990' exists in Revised only. Skip it for hierarchical comparison
// Warning: Module 'SNPS_CLOCK_GATE_HIGH_dsram_mydesign_0_mydesign_1991' exists in Revised only. Skip it for hierarchical comparison
// Warning: Module 'SNPS_CLOCK_GATE_HIGH_dsram_mydesign_0_mydesign_1992' exists in Revised only. Skip it for hierarchical comparison
// Warning: Module 'SNPS_CLOCK_GATE_HIGH_dsram_mydesign_0_mydesign_1993' exists in Revised only. Skip it for hierarchical comparison
// Warning: Module 'SNPS_CLOCK_GATE_HIGH_dsram_mydesign_0_mydesign_1994' exists in Revised only. Skip it for hierarchical comparison
// Warning: Module 'SNPS_CLOCK_GATE_HIGH_dsram_mydesign_0_mydesign_1995' exists in Revised only. Skip it for hierarchical comparison
// Warning: Module 'SNPS_CLOCK_GATE_HIGH_dsram_mydesign_0_mydesign_1996' exists in Revised only. Skip it for hierarchical comparison
// Warning: Module 'SNPS_CLOCK_GATE_HIGH_dsram_mydesign_0_mydesign_1997' exists in Revised only. Skip it for hierarchical comparison
// Warning: Module 'SNPS_CLOCK_GATE_HIGH_dsram_mydesign_0_mydesign_1998' exists in Revised only. Skip it for hierarchical comparison
// Warning: Module 'SNPS_CLOCK_GATE_HIGH_dsram_mydesign_0_mydesign_1999' exists in Revised only. Skip it for hierarchical comparison
// Warning: Module 'SNPS_CLOCK_GATE_HIGH_dsram_mydesign_0_mydesign_2000' exists in Revised only. Skip it for hierarchical comparison
// Warning: Module 'SNPS_CLOCK_GATE_HIGH_dsram_mydesign_0_mydesign_2001' exists in Revised only. Skip it for hierarchical comparison
// Warning: Module 'SNPS_CLOCK_GATE_HIGH_dsram_mydesign_0_mydesign_2002' exists in Revised only. Skip it for hierarchical comparison
// Warning: Module 'SNPS_CLOCK_GATE_HIGH_dsram_mydesign_0_mydesign_2003' exists in Revised only. Skip it for hierarchical comparison
// Warning: Module 'SNPS_CLOCK_GATE_HIGH_dsram_mydesign_0_mydesign_2004' exists in Revised only. Skip it for hierarchical comparison
// Warning: Module 'SNPS_CLOCK_GATE_HIGH_dsram_mydesign_0_mydesign_2005' exists in Revised only. Skip it for hierarchical comparison
// Warning: Module 'SNPS_CLOCK_GATE_HIGH_dsram_mydesign_0_mydesign_2006' exists in Revised only. Skip it for hierarchical comparison
// Warning: Module 'SNPS_CLOCK_GATE_HIGH_dsram_mydesign_0_mydesign_2007' exists in Revised only. Skip it for hierarchical comparison
// Warning: Module 'SNPS_CLOCK_GATE_HIGH_dsram_mydesign_0_mydesign_2008' exists in Revised only. Skip it for hierarchical comparison
// Warning: Module 'SNPS_CLOCK_GATE_HIGH_dsram_mydesign_0_mydesign_2009' exists in Revised only. Skip it for hierarchical comparison
// Warning: Module 'SNPS_CLOCK_GATE_HIGH_dsram_mydesign_0_mydesign_2010' exists in Revised only. Skip it for hierarchical comparison
// Warning: Module 'SNPS_CLOCK_GATE_HIGH_dsram_mydesign_0_mydesign_2011' exists in Revised only. Skip it for hierarchical comparison
// Warning: Module 'SNPS_CLOCK_GATE_HIGH_dsram_mydesign_0_mydesign_2012' exists in Revised only. Skip it for hierarchical comparison
// Warning: Module 'SNPS_CLOCK_GATE_HIGH_dsram_mydesign_0_mydesign_2013' exists in Revised only. Skip it for hierarchical comparison
// Warning: Module 'SNPS_CLOCK_GATE_HIGH_dsram_mydesign_0_mydesign_2014' exists in Revised only. Skip it for hierarchical comparison
// Warning: Module 'SNPS_CLOCK_GATE_HIGH_dsram_mydesign_0_mydesign_2015' exists in Revised only. Skip it for hierarchical comparison
// Warning: Module 'SNPS_CLOCK_GATE_HIGH_dsram_mydesign_0_mydesign_2016' exists in Revised only. Skip it for hierarchical comparison
// Warning: Module 'SNPS_CLOCK_GATE_HIGH_dsram_mydesign_0_mydesign_2017' exists in Revised only. Skip it for hierarchical comparison
// Warning: Module 'SNPS_CLOCK_GATE_HIGH_dsram_mydesign_0_mydesign_2018' exists in Revised only. Skip it for hierarchical comparison
// Warning: Module 'SNPS_CLOCK_GATE_HIGH_dsram_mydesign_0_mydesign_2019' exists in Revised only. Skip it for hierarchical comparison
// Warning: Module 'SNPS_CLOCK_GATE_HIGH_dsram_mydesign_0_mydesign_2020' exists in Revised only. Skip it for hierarchical comparison
// Warning: Module 'SNPS_CLOCK_GATE_HIGH_dsram_mydesign_0_mydesign_2021' exists in Revised only. Skip it for hierarchical comparison
// Warning: Module 'SNPS_CLOCK_GATE_HIGH_dsram_mydesign_0_mydesign_2022' exists in Revised only. Skip it for hierarchical comparison
// Warning: Module 'SNPS_CLOCK_GATE_HIGH_dsram_mydesign_0_mydesign_2023' exists in Revised only. Skip it for hierarchical comparison
// Warning: Module 'SNPS_CLOCK_GATE_HIGH_dsram_mydesign_0_mydesign_2024' exists in Revised only. Skip it for hierarchical comparison
// Warning: Module 'SNPS_CLOCK_GATE_HIGH_dsram_mydesign_0_mydesign_2025' exists in Revised only. Skip it for hierarchical comparison
// Warning: Module 'SNPS_CLOCK_GATE_HIGH_dsram_mydesign_0_mydesign_2026' exists in Revised only. Skip it for hierarchical comparison
// Warning: Module 'SNPS_CLOCK_GATE_HIGH_dsram_mydesign_0_mydesign_2027' exists in Revised only. Skip it for hierarchical comparison
// Warning: Module 'SNPS_CLOCK_GATE_HIGH_dsram_mydesign_0_mydesign_2028' exists in Revised only. Skip it for hierarchical comparison
// Warning: Module 'SNPS_CLOCK_GATE_HIGH_dsram_mydesign_0_mydesign_2029' exists in Revised only. Skip it for hierarchical comparison
// Warning: Module 'SNPS_CLOCK_GATE_HIGH_dsram_mydesign_0_mydesign_2030' exists in Revised only. Skip it for hierarchical comparison
// Warning: Module 'SNPS_CLOCK_GATE_HIGH_dsram_mydesign_0_mydesign_2031' exists in Revised only. Skip it for hierarchical comparison
// Warning: Module 'SNPS_CLOCK_GATE_HIGH_dsram_mydesign_0_mydesign_2032' exists in Revised only. Skip it for hierarchical comparison
// Warning: Module 'SNPS_CLOCK_GATE_HIGH_dsram_mydesign_0_mydesign_2033' exists in Revised only. Skip it for hierarchical comparison
// Warning: Module 'SNPS_CLOCK_GATE_HIGH_dsram_mydesign_0_mydesign_2034' exists in Revised only. Skip it for hierarchical comparison
// Warning: Module 'SNPS_CLOCK_GATE_HIGH_dsram_mydesign_0_mydesign_2035' exists in Revised only. Skip it for hierarchical comparison
// Warning: Module 'SNPS_CLOCK_GATE_HIGH_dsram_mydesign_0_mydesign_2036' exists in Revised only. Skip it for hierarchical comparison
// Warning: Module 'SNPS_CLOCK_GATE_HIGH_dsram_mydesign_0_mydesign_2037' exists in Revised only. Skip it for hierarchical comparison
// Warning: Module 'SNPS_CLOCK_GATE_HIGH_dsram_mydesign_0_mydesign_2038' exists in Revised only. Skip it for hierarchical comparison
// Warning: Module 'SNPS_CLOCK_GATE_HIGH_dsram_mydesign_0_mydesign_2039' exists in Revised only. Skip it for hierarchical comparison
// Warning: Module 'SNPS_CLOCK_GATE_HIGH_dsram_mydesign_0_mydesign_2040' exists in Revised only. Skip it for hierarchical comparison
// Warning: Module 'SNPS_CLOCK_GATE_HIGH_dsram_mydesign_0_mydesign_2041' exists in Revised only. Skip it for hierarchical comparison
// Warning: Module 'SNPS_CLOCK_GATE_HIGH_dsram_mydesign_0_mydesign_2042' exists in Revised only. Skip it for hierarchical comparison
// Warning: Module 'SNPS_CLOCK_GATE_HIGH_dsram_mydesign_0_mydesign_2043' exists in Revised only. Skip it for hierarchical comparison
// Warning: Module 'SNPS_CLOCK_GATE_HIGH_dsram_mydesign_0_mydesign_2044' exists in Revised only. Skip it for hierarchical comparison
// Warning: Module 'SNPS_CLOCK_GATE_HIGH_dsram_mydesign_0_mydesign_2045' exists in Revised only. Skip it for hierarchical comparison
// Warning: Module 'SNPS_CLOCK_GATE_HIGH_dsram_mydesign_0_mydesign_2046' exists in Revised only. Skip it for hierarchical comparison
// Warning: Module 'SNPS_CLOCK_GATE_HIGH_dsram_mydesign_0_mydesign_2047' exists in Revised only. Skip it for hierarchical comparison
// Warning: Module 'SNPS_CLOCK_GATE_HIGH_dsram_mydesign_0_mydesign_2048' exists in Revised only. Skip it for hierarchical comparison
// Warning: Module 'SNPS_CLOCK_GATE_HIGH_dsram_mydesign_0_mydesign_2049' exists in Revised only. Skip it for hierarchical comparison
// Warning: Module 'SNPS_CLOCK_GATE_HIGH_dsram_mydesign_0_mydesign_2050' exists in Revised only. Skip it for hierarchical comparison
// Warning: Module 'SNPS_CLOCK_GATE_HIGH_dsram_mydesign_0_mydesign_2051' exists in Revised only. Skip it for hierarchical comparison
// Warning: Module 'SNPS_CLOCK_GATE_HIGH_dsram_mydesign_0_mydesign_2052' exists in Revised only. Skip it for hierarchical comparison
// Warning: Module 'SNPS_CLOCK_GATE_HIGH_dsram_mydesign_0_mydesign_2053' exists in Revised only. Skip it for hierarchical comparison
// Warning: Module 'SNPS_CLOCK_GATE_HIGH_dsram_mydesign_0_mydesign_2054' exists in Revised only. Skip it for hierarchical comparison
// Warning: Module 'SNPS_CLOCK_GATE_HIGH_dsram_mydesign_0_mydesign_2055' exists in Revised only. Skip it for hierarchical comparison
// Warning: Module 'SNPS_CLOCK_GATE_HIGH_IF_ID_mydesign_1' exists in Revised only. Skip it for hierarchical comparison
// Warning: Module 'SNPS_CLOCK_GATE_HIGH_IF_ID_mydesign_0' exists in Revised only. Skip it for hierarchical comparison
// Warning: Module 'SNPS_CLOCK_GATE_HIGH_regfile_mydesign_1' exists in Revised only. Skip it for hierarchical comparison
// Warning: Module 'SNPS_CLOCK_GATE_HIGH_regfile_mydesign_2' exists in Revised only. Skip it for hierarchical comparison
// Warning: Module 'SNPS_CLOCK_GATE_HIGH_regfile_mydesign_3' exists in Revised only. Skip it for hierarchical comparison
// Warning: Module 'SNPS_CLOCK_GATE_HIGH_regfile_mydesign_4' exists in Revised only. Skip it for hierarchical comparison
// Warning: Module 'SNPS_CLOCK_GATE_HIGH_regfile_mydesign_5' exists in Revised only. Skip it for hierarchical comparison
// Warning: Module 'SNPS_CLOCK_GATE_HIGH_regfile_mydesign_6' exists in Revised only. Skip it for hierarchical comparison
// Warning: Module 'SNPS_CLOCK_GATE_HIGH_regfile_mydesign_7' exists in Revised only. Skip it for hierarchical comparison
// Warning: Module 'SNPS_CLOCK_GATE_HIGH_regfile_mydesign_8' exists in Revised only. Skip it for hierarchical comparison
// Warning: Module 'SNPS_CLOCK_GATE_HIGH_regfile_mydesign_9' exists in Revised only. Skip it for hierarchical comparison
// Warning: Module 'SNPS_CLOCK_GATE_HIGH_regfile_mydesign_10' exists in Revised only. Skip it for hierarchical comparison
// Warning: Module 'SNPS_CLOCK_GATE_HIGH_regfile_mydesign_11' exists in Revised only. Skip it for hierarchical comparison
// Warning: Module 'SNPS_CLOCK_GATE_HIGH_regfile_mydesign_12' exists in Revised only. Skip it for hierarchical comparison
// Warning: Module 'SNPS_CLOCK_GATE_HIGH_regfile_mydesign_13' exists in Revised only. Skip it for hierarchical comparison
// Warning: Module 'SNPS_CLOCK_GATE_HIGH_regfile_mydesign_14' exists in Revised only. Skip it for hierarchical comparison
// Warning: Module 'SNPS_CLOCK_GATE_HIGH_regfile_mydesign_15' exists in Revised only. Skip it for hierarchical comparison
// Warning: Module 'SNPS_CLOCK_GATE_HIGH_regfile_mydesign_16' exists in Revised only. Skip it for hierarchical comparison
// Warning: Module 'SNPS_CLOCK_GATE_HIGH_regfile_mydesign_17' exists in Revised only. Skip it for hierarchical comparison
// Warning: Module 'SNPS_CLOCK_GATE_HIGH_regfile_mydesign_18' exists in Revised only. Skip it for hierarchical comparison
// Warning: Module 'SNPS_CLOCK_GATE_HIGH_regfile_mydesign_19' exists in Revised only. Skip it for hierarchical comparison
// Warning: Module 'SNPS_CLOCK_GATE_HIGH_regfile_mydesign_20' exists in Revised only. Skip it for hierarchical comparison
// Warning: Module 'SNPS_CLOCK_GATE_HIGH_regfile_mydesign_21' exists in Revised only. Skip it for hierarchical comparison
// Warning: Module 'SNPS_CLOCK_GATE_HIGH_regfile_mydesign_22' exists in Revised only. Skip it for hierarchical comparison
// Warning: Module 'SNPS_CLOCK_GATE_HIGH_regfile_mydesign_23' exists in Revised only. Skip it for hierarchical comparison
// Warning: Module 'SNPS_CLOCK_GATE_HIGH_regfile_mydesign_24' exists in Revised only. Skip it for hierarchical comparison
// Warning: Module 'SNPS_CLOCK_GATE_HIGH_regfile_mydesign_25' exists in Revised only. Skip it for hierarchical comparison
// Warning: Module 'SNPS_CLOCK_GATE_HIGH_regfile_mydesign_26' exists in Revised only. Skip it for hierarchical comparison
// Warning: Module 'SNPS_CLOCK_GATE_HIGH_regfile_mydesign_27' exists in Revised only. Skip it for hierarchical comparison
// Warning: Module 'SNPS_CLOCK_GATE_HIGH_regfile_mydesign_28' exists in Revised only. Skip it for hierarchical comparison
// Warning: Module 'SNPS_CLOCK_GATE_HIGH_regfile_mydesign_29' exists in Revised only. Skip it for hierarchical comparison
// Warning: Module 'SNPS_CLOCK_GATE_HIGH_regfile_mydesign_30' exists in Revised only. Skip it for hierarchical comparison
// Warning: Module 'SNPS_CLOCK_GATE_HIGH_regfile_mydesign_31' exists in Revised only. Skip it for hierarchical comparison
// Warning: Module 'SNPS_CLOCK_GATE_HIGH_regfile_mydesign_32' exists in Revised only. Skip it for hierarchical comparison
// Warning: Module 'SNPS_CLOCK_GATE_HIGH_regfile_mydesign_33' exists in Revised only. Skip it for hierarchical comparison
// Warning: Module 'SNPS_CLOCK_GATE_HIGH_regfile_mydesign_34' exists in Revised only. Skip it for hierarchical comparison
// Warning: Module 'SNPS_CLOCK_GATE_HIGH_regfile_mydesign_35' exists in Revised only. Skip it for hierarchical comparison
// Warning: Module 'SNPS_CLOCK_GATE_HIGH_regfile_mydesign_36' exists in Revised only. Skip it for hierarchical comparison
// Warning: Module 'SNPS_CLOCK_GATE_HIGH_regfile_mydesign_37' exists in Revised only. Skip it for hierarchical comparison
// Warning: Module 'SNPS_CLOCK_GATE_HIGH_regfile_mydesign_38' exists in Revised only. Skip it for hierarchical comparison
// Warning: Module 'SNPS_CLOCK_GATE_HIGH_regfile_mydesign_39' exists in Revised only. Skip it for hierarchical comparison
// Warning: Module 'SNPS_CLOCK_GATE_HIGH_regfile_mydesign_40' exists in Revised only. Skip it for hierarchical comparison
// Warning: Module 'SNPS_CLOCK_GATE_HIGH_regfile_mydesign_41' exists in Revised only. Skip it for hierarchical comparison
// Warning: Module 'SNPS_CLOCK_GATE_HIGH_regfile_mydesign_42' exists in Revised only. Skip it for hierarchical comparison
// Warning: Module 'SNPS_CLOCK_GATE_HIGH_regfile_mydesign_43' exists in Revised only. Skip it for hierarchical comparison
// Warning: Module 'SNPS_CLOCK_GATE_HIGH_regfile_mydesign_44' exists in Revised only. Skip it for hierarchical comparison
// Warning: Module 'SNPS_CLOCK_GATE_HIGH_regfile_mydesign_45' exists in Revised only. Skip it for hierarchical comparison
// Warning: Module 'SNPS_CLOCK_GATE_HIGH_regfile_mydesign_46' exists in Revised only. Skip it for hierarchical comparison
// Warning: Module 'SNPS_CLOCK_GATE_HIGH_regfile_mydesign_47' exists in Revised only. Skip it for hierarchical comparison
// Warning: Module 'SNPS_CLOCK_GATE_HIGH_regfile_mydesign_48' exists in Revised only. Skip it for hierarchical comparison
// Warning: Module 'SNPS_CLOCK_GATE_HIGH_regfile_mydesign_49' exists in Revised only. Skip it for hierarchical comparison
// Warning: Module 'SNPS_CLOCK_GATE_HIGH_regfile_mydesign_50' exists in Revised only. Skip it for hierarchical comparison
// Warning: Module 'SNPS_CLOCK_GATE_HIGH_regfile_mydesign_51' exists in Revised only. Skip it for hierarchical comparison
// Warning: Module 'SNPS_CLOCK_GATE_HIGH_regfile_mydesign_52' exists in Revised only. Skip it for hierarchical comparison
// Warning: Module 'SNPS_CLOCK_GATE_HIGH_regfile_mydesign_53' exists in Revised only. Skip it for hierarchical comparison
// Warning: Module 'SNPS_CLOCK_GATE_HIGH_regfile_mydesign_54' exists in Revised only. Skip it for hierarchical comparison
// Warning: Module 'SNPS_CLOCK_GATE_HIGH_regfile_mydesign_55' exists in Revised only. Skip it for hierarchical comparison
// Warning: Module 'SNPS_CLOCK_GATE_HIGH_regfile_mydesign_56' exists in Revised only. Skip it for hierarchical comparison
// Warning: Module 'SNPS_CLOCK_GATE_HIGH_regfile_mydesign_57' exists in Revised only. Skip it for hierarchical comparison
// Warning: Module 'SNPS_CLOCK_GATE_HIGH_regfile_mydesign_58' exists in Revised only. Skip it for hierarchical comparison
// Warning: Module 'SNPS_CLOCK_GATE_HIGH_regfile_mydesign_59' exists in Revised only. Skip it for hierarchical comparison
// Warning: Module 'SNPS_CLOCK_GATE_HIGH_regfile_mydesign_60' exists in Revised only. Skip it for hierarchical comparison
// Warning: Module 'SNPS_CLOCK_GATE_HIGH_regfile_mydesign_61' exists in Revised only. Skip it for hierarchical comparison
// Warning: Module 'SNPS_CLOCK_GATE_HIGH_regfile_mydesign_62' exists in Revised only. Skip it for hierarchical comparison
// Warning: Module 'SNPS_CLOCK_GATE_HIGH_regfile_mydesign_63' exists in Revised only. Skip it for hierarchical comparison
// Warning: Module 'SNPS_CLOCK_GATE_HIGH_regfile_mydesign_64' exists in Revised only. Skip it for hierarchical comparison
// Warning: Module 'SNPS_CLOCK_GATE_HIGH_regfile_mydesign_65' exists in Revised only. Skip it for hierarchical comparison
// Warning: Module 'SNPS_CLOCK_GATE_HIGH_regfile_mydesign_66' exists in Revised only. Skip it for hierarchical comparison
// Warning: Module 'SNPS_CLOCK_GATE_HIGH_regfile_mydesign_67' exists in Revised only. Skip it for hierarchical comparison
// Warning: Module 'SNPS_CLOCK_GATE_HIGH_regfile_mydesign_68' exists in Revised only. Skip it for hierarchical comparison
// Warning: Module 'SNPS_CLOCK_GATE_HIGH_regfile_mydesign_69' exists in Revised only. Skip it for hierarchical comparison
// Warning: Module 'SNPS_CLOCK_GATE_HIGH_regfile_mydesign_70' exists in Revised only. Skip it for hierarchical comparison
// Warning: Module 'SNPS_CLOCK_GATE_HIGH_regfile_mydesign_71' exists in Revised only. Skip it for hierarchical comparison
// Warning: Module 'SNPS_CLOCK_GATE_HIGH_regfile_mydesign_72' exists in Revised only. Skip it for hierarchical comparison
// Warning: Module 'SNPS_CLOCK_GATE_HIGH_regfile_mydesign_73' exists in Revised only. Skip it for hierarchical comparison
// Warning: Module 'SNPS_CLOCK_GATE_HIGH_regfile_mydesign_74' exists in Revised only. Skip it for hierarchical comparison
// Warning: Module 'SNPS_CLOCK_GATE_HIGH_regfile_mydesign_75' exists in Revised only. Skip it for hierarchical comparison
// Warning: Module 'SNPS_CLOCK_GATE_HIGH_regfile_mydesign_76' exists in Revised only. Skip it for hierarchical comparison
// Warning: Module 'SNPS_CLOCK_GATE_HIGH_regfile_mydesign_77' exists in Revised only. Skip it for hierarchical comparison
// Warning: Module 'SNPS_CLOCK_GATE_HIGH_regfile_mydesign_78' exists in Revised only. Skip it for hierarchical comparison
// Warning: Module 'SNPS_CLOCK_GATE_HIGH_regfile_mydesign_79' exists in Revised only. Skip it for hierarchical comparison
// Warning: Module 'SNPS_CLOCK_GATE_HIGH_regfile_mydesign_80' exists in Revised only. Skip it for hierarchical comparison
// Warning: Module 'SNPS_CLOCK_GATE_HIGH_regfile_mydesign_81' exists in Revised only. Skip it for hierarchical comparison
// Warning: Module 'SNPS_CLOCK_GATE_HIGH_regfile_mydesign_82' exists in Revised only. Skip it for hierarchical comparison
// Warning: Module 'SNPS_CLOCK_GATE_HIGH_regfile_mydesign_83' exists in Revised only. Skip it for hierarchical comparison
// Warning: Module 'SNPS_CLOCK_GATE_HIGH_regfile_mydesign_84' exists in Revised only. Skip it for hierarchical comparison
// Warning: Module 'SNPS_CLOCK_GATE_HIGH_regfile_mydesign_85' exists in Revised only. Skip it for hierarchical comparison
// Warning: Module 'SNPS_CLOCK_GATE_HIGH_regfile_mydesign_86' exists in Revised only. Skip it for hierarchical comparison
// Warning: Module 'SNPS_CLOCK_GATE_HIGH_regfile_mydesign_87' exists in Revised only. Skip it for hierarchical comparison
// Warning: Module 'SNPS_CLOCK_GATE_HIGH_regfile_mydesign_88' exists in Revised only. Skip it for hierarchical comparison
// Warning: Module 'SNPS_CLOCK_GATE_HIGH_regfile_mydesign_89' exists in Revised only. Skip it for hierarchical comparison
// Warning: Module 'SNPS_CLOCK_GATE_HIGH_regfile_mydesign_90' exists in Revised only. Skip it for hierarchical comparison
// Warning: Module 'SNPS_CLOCK_GATE_HIGH_regfile_mydesign_91' exists in Revised only. Skip it for hierarchical comparison
// Warning: Module 'SNPS_CLOCK_GATE_HIGH_regfile_mydesign_92' exists in Revised only. Skip it for hierarchical comparison
// Warning: Module 'SNPS_CLOCK_GATE_HIGH_regfile_mydesign_93' exists in Revised only. Skip it for hierarchical comparison
// Warning: Module 'SNPS_CLOCK_GATE_HIGH_regfile_mydesign_94' exists in Revised only. Skip it for hierarchical comparison
// Warning: Module 'SNPS_CLOCK_GATE_HIGH_regfile_mydesign_95' exists in Revised only. Skip it for hierarchical comparison
// Warning: Module 'SNPS_CLOCK_GATE_HIGH_regfile_mydesign_96' exists in Revised only. Skip it for hierarchical comparison
// Warning: Module 'SNPS_CLOCK_GATE_HIGH_regfile_mydesign_97' exists in Revised only. Skip it for hierarchical comparison
// Warning: Module 'SNPS_CLOCK_GATE_HIGH_regfile_mydesign_98' exists in Revised only. Skip it for hierarchical comparison
// Warning: Module 'SNPS_CLOCK_GATE_HIGH_regfile_mydesign_99' exists in Revised only. Skip it for hierarchical comparison
// Warning: Module 'SNPS_CLOCK_GATE_HIGH_regfile_mydesign_100' exists in Revised only. Skip it for hierarchical comparison
// Warning: Module 'SNPS_CLOCK_GATE_HIGH_regfile_mydesign_101' exists in Revised only. Skip it for hierarchical comparison
// Warning: Module 'SNPS_CLOCK_GATE_HIGH_regfile_mydesign_102' exists in Revised only. Skip it for hierarchical comparison
// Warning: Module 'SNPS_CLOCK_GATE_HIGH_regfile_mydesign_103' exists in Revised only. Skip it for hierarchical comparison
// Warning: Module 'SNPS_CLOCK_GATE_HIGH_regfile_mydesign_104' exists in Revised only. Skip it for hierarchical comparison
// Warning: Module 'SNPS_CLOCK_GATE_HIGH_regfile_mydesign_105' exists in Revised only. Skip it for hierarchical comparison
// Warning: Module 'SNPS_CLOCK_GATE_HIGH_regfile_mydesign_106' exists in Revised only. Skip it for hierarchical comparison
// Warning: Module 'SNPS_CLOCK_GATE_HIGH_regfile_mydesign_107' exists in Revised only. Skip it for hierarchical comparison
// Warning: Module 'SNPS_CLOCK_GATE_HIGH_regfile_mydesign_108' exists in Revised only. Skip it for hierarchical comparison
// Warning: Module 'SNPS_CLOCK_GATE_HIGH_regfile_mydesign_109' exists in Revised only. Skip it for hierarchical comparison
// Warning: Module 'SNPS_CLOCK_GATE_HIGH_regfile_mydesign_110' exists in Revised only. Skip it for hierarchical comparison
// Warning: Module 'SNPS_CLOCK_GATE_HIGH_regfile_mydesign_111' exists in Revised only. Skip it for hierarchical comparison
// Warning: Module 'SNPS_CLOCK_GATE_HIGH_regfile_mydesign_112' exists in Revised only. Skip it for hierarchical comparison
// Warning: Module 'SNPS_CLOCK_GATE_HIGH_regfile_mydesign_113' exists in Revised only. Skip it for hierarchical comparison
// Warning: Module 'SNPS_CLOCK_GATE_HIGH_regfile_mydesign_114' exists in Revised only. Skip it for hierarchical comparison
// Warning: Module 'SNPS_CLOCK_GATE_HIGH_regfile_mydesign_115' exists in Revised only. Skip it for hierarchical comparison
// Warning: Module 'SNPS_CLOCK_GATE_HIGH_regfile_mydesign_116' exists in Revised only. Skip it for hierarchical comparison
// Warning: Module 'SNPS_CLOCK_GATE_HIGH_regfile_mydesign_117' exists in Revised only. Skip it for hierarchical comparison
// Warning: Module 'SNPS_CLOCK_GATE_HIGH_regfile_mydesign_118' exists in Revised only. Skip it for hierarchical comparison
// Warning: Module 'SNPS_CLOCK_GATE_HIGH_regfile_mydesign_119' exists in Revised only. Skip it for hierarchical comparison
// Warning: Module 'SNPS_CLOCK_GATE_HIGH_regfile_mydesign_120' exists in Revised only. Skip it for hierarchical comparison
// Warning: Module 'SNPS_CLOCK_GATE_HIGH_regfile_mydesign_121' exists in Revised only. Skip it for hierarchical comparison
// Warning: Module 'SNPS_CLOCK_GATE_HIGH_regfile_mydesign_122' exists in Revised only. Skip it for hierarchical comparison
// Warning: Module 'SNPS_CLOCK_GATE_HIGH_regfile_mydesign_123' exists in Revised only. Skip it for hierarchical comparison
// Warning: Module 'SNPS_CLOCK_GATE_HIGH_regfile_mydesign_124' exists in Revised only. Skip it for hierarchical comparison
// Warning: Module 'SNPS_CLOCK_GATE_HIGH_regfile_mydesign_125' exists in Revised only. Skip it for hierarchical comparison
// Warning: Module 'SNPS_CLOCK_GATE_HIGH_regfile_mydesign_126' exists in Revised only. Skip it for hierarchical comparison
// Warning: Module 'SNPS_CLOCK_GATE_HIGH_regfile_mydesign_127' exists in Revised only. Skip it for hierarchical comparison
// Warning: Module 'SNPS_CLOCK_GATE_HIGH_regfile_mydesign_0' exists in Revised only. Skip it for hierarchical comparison
// Note: Writing hierarchical compare dofile ...
// Warning: Golden module 'controller' has extra pin(s)
// Warning: Revised module 'controller' has extra pin(s)
// Warning: Module 'controller' and 'controller' have mis-match ports
// Warning: Golden module 'alu' has extra pin(s)
// Warning: Module 'alu' and 'alu' have mis-match ports
// Warning: Golden module 'EXE_stage' has extra pin(s)
// Warning: Module 'EXE_stage' and 'EXE_stage' have mis-match ports
3 modules are not output for hierarchical compare due to mis-match ports 
10 modules are output for hierarchical compare
// Command: run hier_compare hier.do
// Running Module PC and PC
// Command: set root module PC -Golden
// Command: set root module PC -Revised
// Command: set module property -instance /top0/IF_stage/PC -Golden
// Command: set module property -instance /top0/IF_stage/PC -Revised
// Command: report black box -NOHidden
// Command: set system mode lec
// Processing Golden ...
// Modeling Golden ...
// Processing Revised ...
// Modeling Revised ...
// Balanced modeling (auto) mapped 36 out of 38 DFF/DLATs
// (F14) Remodeled 15 gated-clock DFF/DLAT(s)
// Warning: Golden and Revised have different numbers of key points:
// Golden  key points = 55
// Revised key points = 57
// Mapping key points ...
================================================================================
Mapped points: SYSTEM class
--------------------------------------------------------------------------------
Mapped points     PI     PO     DFF       Total   
--------------------------------------------------------------------------------
Golden            20     17     18        55      
--------------------------------------------------------------------------------
Revised           20     17     18        55      
================================================================================
Unmapped points:
================================================================================
Revised:
--------------------------------------------------------------------------------
Unmapped points   DLAT      Total   
--------------------------------------------------------------------------------
Unreachable       2         2       
================================================================================
// Command: analyze setup -verbose;     analyze datapath -module -resourcefile ../../syn/report/report_resources_top_pipe.out -effort medium -verbose;     analyze datapath -flowgraph -verbose;
// Note: Multithreaded module datapath analysis (MDP) is enabled
// Warning: No eligible datapath module in the design. Skip ...
// Command: add compared points -all
// 35 compared points added to compare list
// Command: compare -noneq_stop 1 -abort_stop 1 -threads 1,1
// Compare will stop on the 1st non-equivalent point
// Compare will stop on the 1st abort point
================================================================================
Compared points      PO     DFF       Total   
--------------------------------------------------------------------------------
Equivalent           17     18        35      
================================================================================
CPU time     : 3.57    seconds
Elapse time  : 12      seconds
Memory usage : 439.95  M bytes
// Command: analyze abort -compare
There is no abort/specified point to be analyzed.
// Command: save hier_compare result
// Command: set system mode setup
// Command: add black box PC -module -hier -Golden
// Command: add black box PC -module -hier -Revised
Processed 1 out of 10 module pairs	EQ: 1	NEQ: 0	ABORT: 0
// Running Module dsram_mydesign_1 and dsram_mydesign_1
// Command: set root module dsram_mydesign_1 -Golden
// Command: set root module dsram_mydesign_1 -Revised
// Command: set module property -instance /top0/IF_stage/icache -Golden
// Command: set module property -instance /top0/IF_stage/icache -Revised
// Command: report black box -NOHidden
// Command: set system mode lec
// Processing Golden ...
// Modeling Golden ...
// Processing Revised ...
// Modeling Revised ...
// Balanced modeling (auto) mapped 16448 out of 17476 DFF/DLATs
// (F14) Remodeled 8224 gated-clock DFF/DLAT(s)
CPU time     : 4.29    seconds
Elapse time  : 12      seconds
Memory usage : 478.54  M bytes
// Warning: Golden and Revised have different numbers of key points:
// Golden  key points = 8298
// Revised key points = 9326
// Mapping key points ...
================================================================================
Mapped points: SYSTEM class
--------------------------------------------------------------------------------
Mapped points     PI     PO     DFF       Total   
--------------------------------------------------------------------------------
Golden            42     32     8224      8298    
--------------------------------------------------------------------------------
Revised           42     32     8224      8298    
================================================================================
Unmapped points:
================================================================================
Revised:
--------------------------------------------------------------------------------
Unmapped points   DLAT      Total   
--------------------------------------------------------------------------------
Unreachable       1028      1028    
================================================================================
CPU time     : 4.85    seconds
Elapse time  : 13      seconds
Memory usage : 480.01  M bytes
// Command: analyze setup -verbose;     analyze datapath -module -resourcefile ../../syn/report/report_resources_top_pipe.out -effort medium -verbose;     analyze datapath -flowgraph -verbose;
// Note: Multithreaded module datapath analysis (MDP) is enabled
// Warning: No eligible datapath module in the design. Skip ...
CPU time     : 7.00    seconds
Elapse time  : 15      seconds
Memory usage : 520.66  M bytes
// Command: add compared points -all
// 8256 compared points added to compare list
// Command: compare -noneq_stop 1 -abort_stop 1 -threads 1,1
// Compare will stop on the 1st non-equivalent point
// Compare will stop on the 1st abort point
================================================================================
Compared points      PO     DFF       Total   
--------------------------------------------------------------------------------
Equivalent           32     8224      8256    
================================================================================
CPU time     : 18.98   seconds
Elapse time  : 30      seconds
Memory usage : 520.66  M bytes
// Command: analyze abort -compare
There is no abort/specified point to be analyzed.
// Command: save hier_compare result
// Command: set system mode setup
// Command: add black box dsram_mydesign_1 -module -hier -Golden
// Command: add black box dsram_mydesign_1 -module -hier -Revised
Processed 2 out of 10 module pairs	EQ: 2	NEQ: 0	ABORT: 0
// Running Module IF_stage and IF_stage
// Command: set root module IF_stage -Golden
// Warning: Total black box modules referenced in Golden = 2
// Command: set root module IF_stage -Revised
// Warning: Total black box modules referenced in Revised = 2
// Command: set module property -instance /top0/IF_stage -Golden
// Command: set module property -instance /top0/IF_stage -Revised
// Command: report black box -NOHidden
HIER: (R) dsram_mydesign_1
HIER: (G) dsram_mydesign_1
HIER: (G R) PC
// Command: set system mode lec
// Processing Golden ...
// Modeling Golden ...
// Processing Revised ...
// Modeling Revised ...
// Mapping key points ...
================================================================================
Mapped points: SYSTEM class
--------------------------------------------------------------------------------
Mapped points     PI     PO     BBOX      Total   
--------------------------------------------------------------------------------
Golden            61     49     2         112     
--------------------------------------------------------------------------------
Revised           61     49     2         112     
================================================================================
// Command: analyze setup -verbose;     analyze datapath -module -resourcefile ../../syn/report/report_resources_top_pipe.out -effort medium -verbose;     analyze datapath -flowgraph -verbose;
// Note: Multithreaded module datapath analysis (MDP) is enabled
// Warning: No eligible datapath module in the design. Skip ...
// Command: add compared points -all
// 51 compared points added to compare list
// Command: compare -noneq_stop 1 -abort_stop 1 -threads 1,1
// Compare will stop on the 1st non-equivalent point
// Compare will stop on the 1st abort point
================================================================================
Compared points      PO     BBOX      Total   
--------------------------------------------------------------------------------
Equivalent           49     2         51      
================================================================================
CPU time     : 20.95   seconds
Elapse time  : 39      seconds
Memory usage : 520.66  M bytes
// Command: analyze abort -compare
There is no abort/specified point to be analyzed.
// Command: save hier_compare result
// Command: set system mode setup
// Command: add black box IF_stage -module -hier -Golden
// Command: add black box IF_stage -module -hier -Revised
Processed 3 out of 10 module pairs	EQ: 3	NEQ: 0	ABORT: 0
// Running Module IF_ID and IF_ID
// Command: set root module IF_ID -Golden
// Command: set root module IF_ID -Revised
// Command: set module property -instance /top0/IF_ID -Golden
// Command: set module property -instance /top0/IF_ID -Revised
// Command: report black box -NOHidden
// Command: set system mode lec
// Processing Golden ...
// Modeling Golden ...
// Processing Revised ...
// Modeling Revised ...
// Balanced modeling (auto) mapped 96 out of 98 DFF/DLATs
// (F14) Remodeled 16 gated-clock DFF/DLAT(s)
// Warning: Golden and Revised have different numbers of key points:
// Golden  key points = 147
// Revised key points = 149
// Mapping key points ...
================================================================================
Mapped points: SYSTEM class
--------------------------------------------------------------------------------
Mapped points     PI     PO     DFF       Total   
--------------------------------------------------------------------------------
Golden            51     48     48        147     
--------------------------------------------------------------------------------
Revised           51     48     48        147     
================================================================================
Unmapped points:
================================================================================
Revised:
--------------------------------------------------------------------------------
Unmapped points   DLAT      Total   
--------------------------------------------------------------------------------
Unreachable       2         2       
================================================================================
// Command: analyze setup -verbose;     analyze datapath -module -resourcefile ../../syn/report/report_resources_top_pipe.out -effort medium -verbose;     analyze datapath -flowgraph -verbose;
// Note: Multithreaded module datapath analysis (MDP) is enabled
// Warning: No eligible datapath module in the design. Skip ...
// Command: add compared points -all
// 96 compared points added to compare list
// Command: compare -noneq_stop 1 -abort_stop 1 -threads 1,1
// Compare will stop on the 1st non-equivalent point
// Compare will stop on the 1st abort point
================================================================================
Compared points      PO     DFF       Total   
--------------------------------------------------------------------------------
Equivalent           48     48        96      
================================================================================
CPU time     : 21.96   seconds
Elapse time  : 45      seconds
Memory usage : 520.66  M bytes
// Command: analyze abort -compare
There is no abort/specified point to be analyzed.
// Command: save hier_compare result
// Command: set system mode setup
// Command: add black box IF_ID -module -hier -Golden
// Command: add black box IF_ID -module -hier -Revised
Processed 4 out of 10 module pairs	EQ: 4	NEQ: 0	ABORT: 0
// Running Module regfile and regfile
// Command: set root module regfile -Golden
// Command: set root module regfile -Revised
// Command: set module property -instance /top0/ID_stage/regfile -Golden
// Command: set module property -instance /top0/ID_stage/regfile -Revised
// Command: report black box -NOHidden
// Command: set system mode lec
// Processing Golden ...
// Modeling Golden ...
// Processing Revised ...
// Modeling Revised ...
// Balanced modeling (auto) mapped 2176 out of 2304 DFF/DLATs
// (F14) Remodeled 1024 gated-clock DFF/DLAT(s)
CPU time     : 22.09   seconds
Elapse time  : 45      seconds
Memory usage : 520.66  M bytes
// Warning: Golden and Revised have different numbers of key points:
// Golden  key points = 1234
// Revised key points = 1362
// Mapping key points ...
================================================================================
Mapped points: SYSTEM class
--------------------------------------------------------------------------------
Mapped points     PI     PO     DFF       Total   
--------------------------------------------------------------------------------
Golden            50     96     1088      1234    
--------------------------------------------------------------------------------
Revised           50     96     1088      1234    
================================================================================
Unmapped points:
================================================================================
Revised:
--------------------------------------------------------------------------------
Unmapped points   DLAT      Total   
--------------------------------------------------------------------------------
Unreachable       128       128     
================================================================================
// Command: analyze setup -verbose;     analyze datapath -module -resourcefile ../../syn/report/report_resources_top_pipe.out -effort medium -verbose;     analyze datapath -flowgraph -verbose;
// Note: Multithreaded module datapath analysis (MDP) is enabled
// Warning: No eligible datapath module in the design. Skip ...
CPU time     : 22.45   seconds
Elapse time  : 46      seconds
Memory usage : 520.66  M bytes
// Command: add compared points -all
// 1184 compared points added to compare list
// Command: compare -noneq_stop 1 -abort_stop 1 -threads 1,1
// Compare will stop on the 1st non-equivalent point
// Compare will stop on the 1st abort point
================================================================================
Compared points      PO     DFF       Total   
--------------------------------------------------------------------------------
Equivalent           96     1088      1184    
================================================================================
CPU time     : 25.53   seconds
Elapse time  : 56      seconds
Memory usage : 520.66  M bytes
// Command: analyze abort -compare
There is no abort/specified point to be analyzed.
// Command: save hier_compare result
// Command: set system mode setup
// Command: add black box regfile -module -hier -Golden
// Command: add black box regfile -module -hier -Revised
Processed 5 out of 10 module pairs	EQ: 5	NEQ: 0	ABORT: 0
// Running Module dsram_mydesign_0 and dsram_mydesign_0
// Command: set root module dsram_mydesign_0 -Golden
// Command: set root module dsram_mydesign_0 -Revised
// Command: set module property -instance /top0/ID_stage/dcache -Golden
// Command: set module property -instance /top0/ID_stage/dcache -Revised
// Command: report black box -NOHidden
// Command: set system mode lec
// Processing Golden ...
// Modeling Golden ...
// Processing Revised ...
// Modeling Revised ...
// Balanced modeling (auto) mapped 16448 out of 17476 DFF/DLATs
// (F14) Remodeled 8224 gated-clock DFF/DLAT(s)
CPU time     : 26.26   seconds
Elapse time  : 57      seconds
Memory usage : 520.66  M bytes
// Warning: Golden and Revised have different numbers of key points:
// Golden  key points = 8298
// Revised key points = 9326
// Mapping key points ...
================================================================================
Mapped points: SYSTEM class
--------------------------------------------------------------------------------
Mapped points     PI     PO     DFF       Total   
--------------------------------------------------------------------------------
Golden            42     32     8224      8298    
--------------------------------------------------------------------------------
Revised           42     32     8224      8298    
================================================================================
Unmapped points:
================================================================================
Revised:
--------------------------------------------------------------------------------
Unmapped points   DLAT      Total   
--------------------------------------------------------------------------------
Unreachable       1028      1028    
================================================================================
CPU time     : 26.81   seconds
Elapse time  : 58      seconds
Memory usage : 520.66  M bytes
// Command: analyze setup -verbose;     analyze datapath -module -resourcefile ../../syn/report/report_resources_top_pipe.out -effort medium -verbose;     analyze datapath -flowgraph -verbose;
// Note: Multithreaded module datapath analysis (MDP) is enabled
// Warning: No eligible datapath module in the design. Skip ...
CPU time     : 28.98   seconds
Elapse time  : 60      seconds
Memory usage : 522.61  M bytes
// Command: add compared points -all
// 8256 compared points added to compare list
// Command: compare -noneq_stop 1 -abort_stop 1 -threads 1,1
// Compare will stop on the 1st non-equivalent point
// Compare will stop on the 1st abort point
================================================================================
Compared points      PO     DFF       Total   
--------------------------------------------------------------------------------
Equivalent           32     8224      8256    
================================================================================
CPU time     : 42.70   seconds
Elapse time  : 75      seconds
Memory usage : 522.61  M bytes
// Command: analyze abort -compare
There is no abort/specified point to be analyzed.
// Command: save hier_compare result
// Command: set system mode setup
// Command: add black box dsram_mydesign_0 -module -hier -Golden
// Command: add black box dsram_mydesign_0 -module -hier -Revised
Processed 6 out of 10 module pairs	EQ: 6	NEQ: 0	ABORT: 0
// Running Module ID_stage and ID_stage
// Command: set root module ID_stage -Golden
// Warning: Total black box modules referenced in Golden = 2
// Command: set root module ID_stage -Revised
// Warning: Total black box modules referenced in Revised = 2
// Command: set module property -instance /top0/ID_stage -Golden
// Command: set module property -instance /top0/ID_stage -Revised
// Command: report black box -NOHidden
HIER: (R) dsram_mydesign_0
HIER: (G) dsram_mydesign_0
HIER: (G R) regfile
// Command: set system mode lec
// Processing Golden ...
// Modeling Golden ...
// Processing Revised ...
// Modeling Revised ...
// Mapping key points ...
================================================================================
Mapped points: SYSTEM class
--------------------------------------------------------------------------------
Mapped points     PI     PO     BBOX      Total   
--------------------------------------------------------------------------------
Golden            75     203    2         280     
--------------------------------------------------------------------------------
Revised           75     203    2         280     
================================================================================
// Command: analyze setup -verbose;     analyze datapath -module -resourcefile ../../syn/report/report_resources_top_pipe.out -effort medium -verbose;     analyze datapath -flowgraph -verbose;
// Note: Multithreaded module datapath analysis (MDP) is enabled
// Warning: No eligible datapath module in the design. Skip ...
// Command: add compared points -all
// 205 compared points added to compare list
// Command: compare -noneq_stop 1 -abort_stop 1 -threads 1,1
// Compare will stop on the 1st non-equivalent point
// Compare will stop on the 1st abort point
================================================================================
Compared points      PO     BBOX      Total   
--------------------------------------------------------------------------------
Equivalent           203    2         205     
================================================================================
CPU time     : 44.87   seconds
Elapse time  : 85      seconds
Memory usage : 522.61  M bytes
// Command: analyze abort -compare
There is no abort/specified point to be analyzed.
// Command: save hier_compare result
// Command: set system mode setup
// Command: add black box ID_stage -module -hier -Golden
// Command: add black box ID_stage -module -hier -Revised
Processed 7 out of 10 module pairs	EQ: 7	NEQ: 0	ABORT: 0
// Running Module ID_EXE and ID_EXE
// Command: set root module ID_EXE -Golden
// Command: set root module ID_EXE -Revised
// Command: set module property -instance /top0/ID_EXE -Golden
// Command: set module property -instance /top0/ID_EXE -Revised
// Command: report black box -NOHidden
// Command: set system mode lec
// Processing Golden ...
// Modeling Golden ...
// Processing Revised ...
// Modeling Revised ...
// Balanced modeling (auto) mapped 178 out of 178 DFF/DLATs
// Mapping key points ...
================================================================================
Mapped points: SYSTEM class
--------------------------------------------------------------------------------
Mapped points     PI     PO     DFF       Total   
--------------------------------------------------------------------------------
Golden            91     89     89        269     
--------------------------------------------------------------------------------
Revised           91     89     89        269     
================================================================================
// Command: analyze setup -verbose;     analyze datapath -module -resourcefile ../../syn/report/report_resources_top_pipe.out -effort medium -verbose;     analyze datapath -flowgraph -verbose;
// Note: Multithreaded module datapath analysis (MDP) is enabled
// Warning: No eligible datapath module in the design. Skip ...
// Command: add compared points -all
// 178 compared points added to compare list
// Command: compare -noneq_stop 1 -abort_stop 1 -threads 1,1
// Compare will stop on the 1st non-equivalent point
// Compare will stop on the 1st abort point
================================================================================
Compared points      PO     DFF       Total   
--------------------------------------------------------------------------------
Equivalent           89     89        178     
================================================================================
CPU time     : 46.31   seconds
Elapse time  : 91      seconds
Memory usage : 522.61  M bytes
// Command: analyze abort -compare
There is no abort/specified point to be analyzed.
// Command: save hier_compare result
// Command: set system mode setup
// Command: add black box ID_EXE -module -hier -Golden
// Command: add black box ID_EXE -module -hier -Revised
Processed 8 out of 10 module pairs	EQ: 8	NEQ: 0	ABORT: 0
// Running Module top and top
// Command: set root module top -Golden
// Warning: Total black box modules referenced in Golden = 8
// Command: set root module top -Revised
// Warning: Total black box modules referenced in Revised = 8
// Command: set module property -instance /top0 -Golden
// Command: set module property -instance /top0 -Revised
// Command: report black box -NOHidden
HIER: (G R) ID_EXE
HIER: (G R) ID_stage
HIER: (G R) IF_ID
HIER: (G R) IF_stage
// Command: set system mode lec
// Processing Golden ...
// Modeling Golden ...
// Processing Revised ...
// Modeling Revised ...
// Mapping key points ...
================================================================================
Mapped points: SYSTEM class
--------------------------------------------------------------------------------
Mapped points     PI     PO     BBOX      Total   
--------------------------------------------------------------------------------
Golden            44     33     4         81      
--------------------------------------------------------------------------------
Revised           44     33     4         81      
================================================================================
// Command: analyze setup -verbose;     analyze datapath -module -resourcefile ../../syn/report/report_resources_top_pipe.out -effort medium -verbose;     analyze datapath -flowgraph -verbose;
// Note: Multithreaded module datapath analysis (MDP) is enabled
// Warning: No eligible datapath module in the design. Skip ...
CPU time     : 46.61   seconds
Elapse time  : 92      seconds
Memory usage : 522.61  M bytes
// Command: add compared points -all
// 37 compared points added to compare list
// Command: compare -noneq_stop 1 -abort_stop 1 -threads 1,1
// Compare will stop on the 1st non-equivalent point
// Compare will stop on the 1st abort point
================================================================================
Compared points      PO     BBOX      Total   
--------------------------------------------------------------------------------
Equivalent           33     4         37      
================================================================================
CPU time     : 48.73   seconds
Elapse time  : 102     seconds
Memory usage : 522.61  M bytes
// Command: analyze abort -compare
There is no abort/specified point to be analyzed.
// Command: save hier_compare result
// Command: set system mode setup
// Command: add black box top -module -hier -Golden
// Command: add black box top -module -hier -Revised
Processed 9 out of 10 module pairs	EQ: 9	NEQ: 0	ABORT: 0
// Running Module top_pipe and top_pipe
// Command: set root module top_pipe -Golden
// Warning: Total black box modules referenced in Golden = 9
// Command: set root module top_pipe -Revised
// Warning: Total black box modules referenced in Revised = 9
// Command: set module property -instance / -Golden
// Command: set module property -instance / -Revised
// Command: report black box -NOHidden
HIER: (G R) top
// Command: set system mode lec
// Processing Golden ...
// Modeling Golden ...
// Processing Revised ...
// Modeling Revised ...
// Balanced modeling (auto) mapped 152 out of 152 DFF/DLATs
// Mapping key points ...
================================================================================
Mapped points: SYSTEM class
--------------------------------------------------------------------------------
Mapped points     PI     PO     DFF    BBOX      Total   
--------------------------------------------------------------------------------
Golden            44     33     76     1         154     
--------------------------------------------------------------------------------
Revised           44     33     76     1         154     
================================================================================
// Command: analyze setup -verbose;     analyze datapath -module -resourcefile ../../syn/report/report_resources_top_pipe.out -effort medium -verbose;     analyze datapath -flowgraph -verbose;
// Note: Multithreaded module datapath analysis (MDP) is enabled
// Warning: No eligible datapath module in the design. Skip ...
// Command: add compared points -all
// 110 compared points added to compare list
// Command: compare -noneq_stop 1  -threads 1,1
// Compare will stop on the 1st non-equivalent point
================================================================================
Compared points      PO     DFF    BBOX      Total   
--------------------------------------------------------------------------------
Equivalent           33     76     1         110     
================================================================================
// Command: analyze abort -compare
There is no abort/specified point to be analyzed.
// Command: save hier_compare result
// Command: set system mode setup
Processed 10 out of 10 module pairs	EQ: 10	NEQ: 0	ABORT: 0

================================================================================
Module Comparison Results
--------------------------------------------------------------------------------
Equivalent                     10
--------------------------------------------------------------------------------
Total                          10
--------------------------------------------------------------------------------
Hierarchical compare : Equivalent 
================================================================================
// Command: report verification
================================================================================
                            Verification Report
--------------------------------------------------------------------------------
Category                                                                  Count
--------------------------------------------------------------------------------
1. Non-standard modeling options used:                                      0
--------------------------------------------------------------------------------
2. Incomplete verification:                                                 0
--------------------------------------------------------------------------------
3. User modification to design:                                             0
--------------------------------------------------------------------------------
4. Conformal Constraint Designer clock domain crossing checks recommended:  0
--------------------------------------------------------------------------------
5. Design ambiguity:                                                        0
--------------------------------------------------------------------------------
6. Compare Results:                                                        PASS
================================================================================
// Command: save session DBS/lec_hier_compare
// Warning: Save session command only saves design data and will be obsolete in the future. Use the new "checkpoint" command to save complete process data.

// Note: Session saved
CPU time     : 53.31   seconds
Elapse time  : 106     seconds
Memory usage : 540.37  M bytes
// Command: exit -force
